"CPU Time Used","Estimated Training Performance","Wallclock Time","Incumbent ID","Automatic Configurator (CPU) Time","Configuration..."
0.000000, 2147483648.000000, 0.000558, 1, 0.000558, alpha='0.0040824718253228975',eta0='0.00044195488125554607'
0.031099, 0.500000, 0.032414, 1, 0.001315, alpha='0.0040824718253228975',eta0='0.00044195488125554607'
0.111118, 0.111100, 0.114536, 2, 0.003418, alpha='0.0007534803600179209',eta0='0.01638324291048883'
