{"cpu_time": 0.0, "wallclock_time": 0.0005581378936767578, "evaluations": 0, "cost": 2147483648.0, "incumbent": {"alpha": 0.0040824718253228975, "eta0": 0.00044195488125554607}, "budget": 0, "origin": "Sobol"}
{"cpu_time": 0.03109908103942871, "wallclock_time": 0.03241395950317383, "evaluations": 1, "cost": 0.5, "incumbent": {"alpha": 0.0040824718253228975, "eta0": 0.00044195488125554607}, "budget": 0, "origin": "Sobol"}
{"cpu_time": 0.11111807823181152, "wallclock_time": 0.11453580856323242, "evaluations": 4, "cost": 0.1111, "incumbent": {"alpha": 0.0007534803600179209, "eta0": 0.01638324291048883}, "budget": 0, "origin": "Sobol"}
