"CPU Time Used","Estimated Training Performance","Wallclock Time","Incumbent ID","Automatic Configurator (CPU) Time","Configuration..."
0.000000, 2147483648.000000, 0.000072, 1, 0.000072, C='1.0',gamma='0.1'
0.725581, 0.500000, 0.728982, 1, 0.003401, C='1.0',gamma='0.1'
2.218607, 0.478100, 2.260743, 2, 0.042136, C='1.9695969079413513',gamma='0.0066983131773587995'
2.850277, 0.068600, 2.982436, 3, 0.132159, C='679.0325401248423',gamma='0.0030357544050474464'
4.064801, 0.058200, 4.723371, 4, 0.658570, C='32.813454176385534',gamma='0.001178310423896086'
