"CPU Time Used","Estimated Training Performance","Wallclock Time","Incumbent ID","Automatic Configurator (CPU) Time","Configuration..."
0.000000, 2147483648.000000, 0.000567, 1, 0.000567, C='0.017961675793542162',gamma='0.9046232030638993'
0.410779, 0.900000, 0.412264, 1, 0.001485, C='0.017961675793542162',gamma='0.9046232030638993'
2.945735, 0.057600, 2.959479, 2, 0.013744, C='12.958180650233897',gamma='0.01207858159167579'
