{"cpu_time": 0.0, "wallclock_time": 0.0005669593811035156, "evaluations": 0, "cost": 2147483648.0, "incumbent": {"C": 0.017961675793542162, "gamma": 0.9046232030638993}, "budget": 0, "origin": "Sobol"}
{"cpu_time": 0.4107789993286133, "wallclock_time": 0.4122638702392578, "evaluations": 1, "cost": 0.9, "incumbent": {"C": 0.017961675793542162, "gamma": 0.9046232030638993}, "budget": 0, "origin": "Sobol"}
{"cpu_time": 2.945734977722168, "wallclock_time": 2.9594788551330566, "evaluations": 8, "cost": 0.0576, "incumbent": {"C": 12.958180650233897, "gamma": 0.01207858159167579}, "budget": 0, "origin": "Sobol"}
