{"cpu_time": 0.0, "wallclock_time": 0.0016558170318603516, "evaluations": 0, "cost": 2147483648.0, "incumbent": ["max_depth='2'", "max_features='0.4491682695224881'", "min_samples_leaf='1'", "min_samples_split='4'"], "origin": "Sobol"}
{"cpu_time": 0.28284692764282227, "wallclock_time": 0.28568100929260254, "evaluations": 1, "cost": 0.1406, "incumbent": ["max_depth='2'", "max_features='0.4491682695224881'", "min_samples_leaf='1'", "min_samples_split='4'"], "origin": "Sobol"}
{"cpu_time": 2.291658639907837, "wallclock_time": 2.2974698543548584, "evaluations": 4, "cost": 0.0454, "incumbent": ["max_depth='17'", "max_features='0.6137791713699698'", "min_samples_leaf='16'", "min_samples_split='18'"], "origin": "Sobol"}
{"cpu_time": 3.4513587951660156, "wallclock_time": 3.4591197967529297, "evaluations": 6, "cost": 0.0294, "incumbent": ["max_depth='10'", "max_features='0.5'", "min_samples_leaf='1'", "min_samples_split='32'"], "origin": null}
{"cpu_time": 29.969182014465332, "wallclock_time": 30.021056652069092, "evaluations": 37, "cost": 0.0261, "incumbent": ["max_depth='46'", "max_features='0.7485423665493727'", "min_samples_leaf='1'", "min_samples_split='7'"], "origin": "Sobol"}
