{
  "mean_cost": 0.23460515729860976,
  "finished_ta_runs": 2,
  "inc_changed": 1,
  "n_configs": 1,
  "submitted_ta_runs": 2,
  "ta_time_used": 39.39887571334839,
  "wallclock_time_used": 39.40151119232178,
  "dataset_id": 9910,
  "perf_time": 39.409887916000116
}