"CPU Time Used","Estimated Training Performance","Wallclock Time","Incumbent ID","Automatic Configurator (CPU) Time","Configuration..."
0.000000, 2147483648.000000, 0.000590, 1, 0.000590, C='0.08611366210550205',gamma='0.4942679928374453'
0.145955, 0.500000, 0.147334, 1, 0.001379, C='0.08611366210550205',gamma='0.4942679928374453'
1.108682, 0.415200, 1.116057, 2, 0.007375, C='69.38389384208695',gamma='0.0015531477828170245'
23.021874, 0.413400, 33.732293, 3, 10.710419, C='29.68105759352167',gamma='0.001950433755653711'
