{
  "mean_cost": 0.40555555555555556,
  "finished_ta_runs": 1,
  "inc_changed": 1,
  "n_configs": 1,
  "submitted_ta_runs": 1,
  "ta_time_used": 0.025645971298217773,
  "wallclock_time_used": 0.02701401710510254,
  "dataset_id": 10101,
  "perf_time": 0.035064499999862164
}