"CPU Time Used","Estimated Training Performance","Wallclock Time","Incumbent ID","Automatic Configurator (CPU) Time","Configuration..."
0.000000, 2147483648.000000, 0.000592, 1, 0.000592, C='0.017961675793542162',gamma='0.9046232030638993'
0.010698, 0.500000, 0.012051, 1, 0.001353, C='0.017961675793542162',gamma='0.9046232030638993'
0.034388, 0.481700, 0.037719, 2, 0.003331, C='61.71933670840937',gamma='1.0864412265106145'
0.047341, 0.440600, 0.052191, 3, 0.004850, C='1.0',gamma='0.1'
0.075358, 0.404400, 0.083217, 4, 0.007859, C='12.958180650233897',gamma='0.01207858159167579'
0.329781, 0.389200, 2.043577, 5, 1.713797, C='23.61384366698188',gamma='0.0117490787671065'
0.564219, 0.382200, 5.064834, 6, 4.500616, C='24.91009151243927',gamma='0.011752113050958973'
