"CPU Time Used","Estimated Training Performance","Wallclock Time","Incumbent ID","Automatic Configurator (CPU) Time","Configuration..."
0.000000, 2147483648.000000, 0.000549, 1, 0.000549, C='1.3600811985592882',gamma='0.09352602871548096'
0.117489, 0.165000, 0.118817, 1, 0.001328, C='1.3600811985592882',gamma='0.09352602871548096'
0.907282, 0.085000, 0.917994, 2, 0.010712, C='102.59827344587585',gamma='0.0039228031036218506'
2.299872, 0.069200, 2.332679, 3, 0.032807, C='4.729862452035014',gamma='0.0020153549174183696'
3.330563, 0.065200, 4.742893, 4, 1.412331, C='16.08196142180827',gamma='0.001012751162100806'
4.395011, 0.063200, 10.278785, 5, 5.883774, C='16.195338166898907',gamma='0.0010746845619076539'
4.498904, 0.061000, 10.394015, 6, 5.895111, C='17.266137520553222',gamma='0.0010724444488386835'
