{"cpu_time": 0.0, "wallclock_time": 0.0014538764953613281, "evaluations": 0, "cost": 2147483648.0, "incumbent": ["colsample_bytree='0.569966175314039'", "eta='0.009556882986489993'", "max_depth='3'", "reg_lambda='0.0020776820882921045'"], "origin": "Sobol"}
{"cpu_time": 1.2265710830688477, "wallclock_time": 1.2289679050445557, "evaluations": 1, "cost": 0.0973, "incumbent": ["colsample_bytree='0.569966175314039'", "eta='0.009556882986489993'", "max_depth='3'", "reg_lambda='0.0020776820882921045'"], "origin": "Sobol"}
{"cpu_time": 9.004406929016113, "wallclock_time": 9.012084007263184, "evaluations": 7, "cost": 0.0164, "incumbent": ["colsample_bytree='0.3878000834956765'", "eta='0.004721681612948408'", "max_depth='10'", "reg_lambda='0.09654112415362535'"], "origin": "Sobol"}
{"cpu_time": 29.17512536048889, "wallclock_time": 29.208688974380493, "evaluations": 28, "cost": 0.012, "incumbent": ["colsample_bytree='0.6345239883288741'", "eta='0.33181775125056084'", "max_depth='2'", "reg_lambda='0.043291333432912055'"], "origin": "Sobol"}
{"cpu_time": 63.02773118019104, "wallclock_time": 65.93512606620789, "evaluations": 68, "cost": 0.0113, "incumbent": ["colsample_bytree='0.10660293959157252'", "eta='0.05850589687484781'", "max_depth='6'", "reg_lambda='0.07960706560859532'"], "origin": "Local Search"}
{"cpu_time": 76.94313430786133, "wallclock_time": 84.81528878211975, "evaluations": 91, "cost": 0.0106, "incumbent": ["colsample_bytree='0.12053126081292306'", "eta='0.059040452390242505'", "max_depth='9'", "reg_lambda='0.20130097630620047'"], "origin": "Local Search"}
{"cpu_time": 121.27731728553772, "wallclock_time": 148.05729699134827, "evaluations": 153, "cost": 0.0095, "incumbent": ["colsample_bytree='0.1437433670037993'", "eta='0.02509896091881552'", "max_depth='9'", "reg_lambda='0.10268438093515947'"], "origin": "Local Search"}
{"cpu_time": 133.2125494480133, "wallclock_time": 165.16069412231445, "evaluations": 170, "cost": 0.0086, "incumbent": ["colsample_bytree='0.1034158902887599'", "eta='0.0894502903571839'", "max_depth='4'", "reg_lambda='0.07449158112763919'"], "origin": "Local Search"}
{"cpu_time": 135.02861833572388, "wallclock_time": 166.9974889755249, "evaluations": 175, "cost": 0.0083, "incumbent": ["colsample_bytree='0.10456157818920614'", "eta='0.08611828246493443'", "max_depth='4'", "reg_lambda='0.07375569135505125'"], "origin": "Local Search"}
