"CPU Time Used","Estimated Training Performance","Wallclock Time","Incumbent ID","Automatic Configurator (CPU) Time","Configuration..."
0.000000, 2147483648.000000, 0.001454, 1, 0.001454, colsample_bytree='0.569966175314039',eta='0.009556882986489993',max_depth='3',reg_lambda='0.0020776820882921045'
1.226571, 0.097300, 1.228968, 1, 0.002397, colsample_bytree='0.569966175314039',eta='0.009556882986489993',max_depth='3',reg_lambda='0.0020776820882921045'
9.004407, 0.016400, 9.012084, 2, 0.007677, colsample_bytree='0.3878000834956765',eta='0.004721681612948408',max_depth='10',reg_lambda='0.09654112415362535'
29.175125, 0.012000, 29.208689, 3, 0.033564, colsample_bytree='0.6345239883288741',eta='0.33181775125056084',max_depth='2',reg_lambda='0.043291333432912055'
63.027731, 0.011300, 65.935126, 4, 2.907395, colsample_bytree='0.10660293959157252',eta='0.05850589687484781',max_depth='6',reg_lambda='0.07960706560859532'
76.943134, 0.010600, 84.815289, 5, 7.872154, colsample_bytree='0.12053126081292306',eta='0.059040452390242505',max_depth='9',reg_lambda='0.20130097630620047'
121.277317, 0.009500, 148.057297, 6, 26.779980, colsample_bytree='0.1437433670037993',eta='0.02509896091881552',max_depth='9',reg_lambda='0.10268438093515947'
133.212549, 0.008600, 165.160694, 7, 31.948145, colsample_bytree='0.1034158902887599',eta='0.0894502903571839',max_depth='4',reg_lambda='0.07449158112763919'
135.028618, 0.008300, 166.997489, 8, 31.968871, colsample_bytree='0.10456157818920614',eta='0.08611828246493443',max_depth='4',reg_lambda='0.07375569135505125'
