"CPU Time Used","Estimated Training Performance","Wallclock Time","Incumbent ID","Automatic Configurator (CPU) Time","Configuration..."
0.000000, 2147483648.000000, 0.000549, 1, 0.000549, alpha='0.00011227070295712931',eta0='0.0029096933833365197'
0.038392, 0.478400, 0.039683, 1, 0.001291, alpha='0.00011227070295712931',eta0='0.0029096933833365197'
1.097418, 0.474300, 1.130364, 2, 0.032946, alpha='0.00022294150416561802',eta0='0.00019929399219757566'
2.199032, 0.473000, 4.473710, 3, 2.274678, alpha='0.00018789722030565286',eta0='0.000184449292345646'
2.477504, 0.469900, 6.089538, 4, 3.612034, alpha='0.00018782406403725587',eta0='0.00020434414806088782'
5.855508, 0.468600, 23.523886, 5, 17.668378, alpha='0.0014331400342494432',eta0='2.1352355593575186e-05'
