"CPU Time Used","Estimated Training Performance","Wallclock Time","Incumbent ID","Automatic Configurator (CPU) Time","Configuration..."
0.000000, 2147483648.000000, 0.000571, 1, 0.000571, alpha='0.0004126639093412234',eta0='0.0017613324954003418'
0.149658, 0.407200, 0.151015, 1, 0.001357, alpha='0.0004126639093412234',eta0='0.0017613324954003418'
2.285555, 0.329700, 2.301687, 2, 0.016132, alpha='0.0014439030581155858',eta0='2.6843996424460273e-05'
4.972344, 0.298300, 5.257515, 3, 0.285171, alpha='0.00012083020501240371',eta0='1.1003407749401088e-05'
7.609801, 0.297700, 9.581246, 4, 1.971445, alpha='6.0964180024119026e-05',eta0='1.049166982375662e-05'
14.206267, 0.296900, 20.498025, 5, 6.291758, alpha='1.002547290566335e-05',eta0='1.0060779719653381e-05'
