{
  "mean_cost": 0.4023208273208273,
  "finished_ta_runs": 2,
  "inc_changed": 1,
  "n_configs": 1,
  "submitted_ta_runs": 2,
  "ta_time_used": 0.48946309089660645,
  "wallclock_time_used": 0.49147915840148926,
  "dataset_id": 2079,
  "perf_time": 0.4970256669998889
}