{"cpu_time": 0.0, "wallclock_time": 0.0015130043029785156, "evaluations": 0, "cost": 2147483648.0, "incumbent": {"max_depth": 2, "max_features": 0.4491682695224881, "min_samples_leaf": 1, "min_samples_split": 4}, "budget": 0, "origin": "Sobol"}
{"cpu_time": 0.0870199203491211, "wallclock_time": 0.08946776390075684, "evaluations": 1, "cost": 0.5, "incumbent": {"max_depth": 2, "max_features": 0.4491682695224881, "min_samples_leaf": 1, "min_samples_split": 4}, "budget": 0, "origin": "Sobol"}
{"cpu_time": 1.9894804954528809, "wallclock_time": 2.0147387981414795, "evaluations": 24, "cost": 0.3401, "incumbent": {"max_depth": 7, "max_features": 0.8544756416231394, "min_samples_leaf": 3, "min_samples_split": 9}, "budget": 0, "origin": "Sobol"}
{"cpu_time": 9.904284477233887, "wallclock_time": 16.81539273262024, "evaluations": 103, "cost": 0.3392, "incumbent": {"max_depth": 7, "max_features": 0.7924696108196643, "min_samples_leaf": 4, "min_samples_split": 3}, "budget": 0, "origin": "Local Search"}
{"cpu_time": 13.02338171005249, "wallclock_time": 27.175386905670166, "evaluations": 133, "cost": 0.3376, "incumbent": {"max_depth": 4, "max_features": 0.7919911803403692, "min_samples_leaf": 1, "min_samples_split": 8}, "budget": 0, "origin": "Local Search"}
{"cpu_time": 15.264156818389893, "wallclock_time": 34.30572295188904, "evaluations": 154, "cost": 0.3359, "incumbent": {"max_depth": 4, "max_features": 0.7884211683527114, "min_samples_leaf": 2, "min_samples_split": 8}, "budget": 0, "origin": "Local Search"}
