"CPU Time Used","Estimated Training Performance","Wallclock Time","Incumbent ID","Automatic Configurator (CPU) Time","Configuration..."
0.000000, 2147483648.000000, 0.000038, 1, 0.000038, C='1.0',gamma='0.1'
0.077043, 0.758500, 0.077686, 1, 0.000643, C='1.0',gamma='0.1'
0.517106, 0.571100, 0.522703, 2, 0.005597, C='1.746441318982685',gamma='0.0022547265063997683'
1.550193, 0.562300, 1.573011, 3, 0.022818, C='13.010154284884432',gamma='0.006601784113304256'
5.541212, 0.537400, 5.709461, 4, 0.168249, C='100.57643058377906',gamma='0.0030099006283244942'
6.316972, 0.519800, 6.520411, 5, 0.203439, C='613.8366144551533',gamma='0.0010152179917278495'
22.955116, 0.515700, 24.933567, 6, 1.978451, C='185.10978854706818',gamma='0.001021895159741993'
