"CPU Time Used","Estimated Training Performance","Wallclock Time","Incumbent ID","Automatic Configurator (CPU) Time","Configuration..."
0.000000, 2147483648.000000, 0.000606, 1, 0.000606, C='0.017961675793542162',gamma='0.9046232030638993'
0.140729, 0.456900, 0.142193, 1, 0.001464, C='0.017961675793542162',gamma='0.9046232030638993'
0.601534, 0.132900, 0.605669, 2, 0.004135, C='61.71933670840937',gamma='1.0864412265106145'
6.627065, 0.132700, 8.381228, 3, 1.754163, C='54.12640150728043',gamma='1.026468796116658'
7.749231, 0.128600, 9.887040, 4, 2.137809, C='51.677126127315134',gamma='1.0031782522069075'
14.781207, 0.122600, 24.130041, 5, 9.348834, C='43.552597551227',gamma='0.5818203128840524'
19.593404, 0.121500, 35.812553, 6, 16.219149, C='43.834559679523956',gamma='0.5994037419594871'
20.311415, 0.120200, 36.545507, 7, 16.234092, C='43.772699884356385',gamma='0.6036366853492401'
