{
  "mean_cost": 0.04347458012666348,
  "finished_ta_runs": 300,
  "inc_changed": 5,
  "n_configs": 156,
  "submitted_ta_runs": 300,
  "ta_time_used": 23.698267221450806,
  "wallclock_time_used": 79.22811102867126,
  "dataset_id": 9946,
  "perf_time": 79.2387817079998
}