{
  "mean_cost": 0.04925091550959381,
  "finished_ta_runs": 300,
  "inc_changed": 8,
  "n_configs": 173,
  "submitted_ta_runs": 300,
  "ta_time_used": 92.00258231163025,
  "wallclock_time_used": 162.06667804718018,
  "dataset_id": 14952,
  "perf_time": 162.0832531670003
}