{
  "mean_cost": 0.38635373799725653,
  "finished_ta_runs": 600,
  "inc_changed": 6,
  "n_configs": 486,
  "submitted_ta_runs": 600,
  "ta_time_used": 40.10572075843811,
  "wallclock_time_used": 45.46991205215454,
  "dataset_id": 11,
  "perf_time": 45.486791791
}