{
  "mean_cost": 0.03649519154969296,
  "finished_ta_runs": 300,
  "inc_changed": 8,
  "n_configs": 216,
  "submitted_ta_runs": 300,
  "ta_time_used": 537.0722613334656,
  "wallclock_time_used": 619.6008598804474,
  "dataset_id": 32,
  "perf_time": 619.613797375001
}