"CPU Time Used","Estimated Training Performance","Wallclock Time","Incumbent ID","Automatic Configurator (CPU) Time","Configuration..."
0.000000, 2147483648.000000, 0.000568, 1, 0.000568, C='0.08611366210550205',gamma='0.4942679928374453'
0.124756, 0.051100, 0.126129, 1, 0.001373, C='0.08611366210550205',gamma='0.4942679928374453'
1.575811, 0.038500, 1.590466, 2, 0.014655, C='4.532544074901469',gamma='0.03382327396632573'
2.717573, 0.012900, 2.747733, 3, 0.030160, C='490.89071375229827',gamma='0.4114559193983836'
3.822547, 0.008600, 3.872755, 4, 0.050208, C='76.5060885254147',gamma='0.08851540004701101'
5.986264, 0.008500, 10.790353, 5, 4.804090, C='76.5060885254147',gamma='0.04054071995582028'
