{
  "mean_cost": 0.11648533179779036,
  "finished_ta_runs": 300,
  "inc_changed": 7,
  "n_configs": 192,
  "submitted_ta_runs": 300,
  "ta_time_used": 102.87886071205139,
  "wallclock_time_used": 181.82462096214294,
  "dataset_id": 167140,
  "perf_time": 181.83994762500515
}