{"cpu_time": 0.0, "wallclock_time": 0.0030260086059570312, "evaluations": 0, "cost": 2147483648.0, "incumbent": {"C": 0.08611366210550205, "gamma": 0.4942679928374453}, "budget": 0, "origin": "Sobol"}
{"cpu_time": 45.329113245010376, "wallclock_time": 45.33375811576843, "evaluations": 1, "cost": 0.5, "incumbent": {"C": 0.08611366210550205, "gamma": 0.4942679928374453}, "budget": 0, "origin": "Sobol"}
{"cpu_time": 458.63237977027893, "wallclock_time": 458.6491620540619, "evaluations": 8, "cost": 0.4644, "incumbent": {"C": 69.38389384208695, "gamma": 0.0015531477828170245}, "budget": 0, "origin": "Sobol"}
