"CPU Time Used","Estimated Training Performance","Wallclock Time","Incumbent ID","Automatic Configurator (CPU) Time","Configuration..."
0.000000, 2147483648.000000, 0.003026, 1, 0.003026, C='0.08611366210550205',gamma='0.4942679928374453'
45.329113, 0.500000, 45.333758, 1, 0.004645, C='0.08611366210550205',gamma='0.4942679928374453'
458.632380, 0.464400, 458.649162, 2, 0.016782, C='69.38389384208695',gamma='0.0015531477828170245'
