{
  "mean_cost": 0.6391730703402635,
  "finished_ta_runs": 1092,
  "inc_changed": 8,
  "n_configs": 1035,
  "submitted_ta_runs": 1092,
  "ta_time_used": 100.43346929550171,
  "wallclock_time_used": 120.00440287590027,
  "dataset_id": 146821
}