{
  "mean_cost": 0.5923122764888858,
  "finished_ta_runs": 1295,
  "inc_changed": 5,
  "n_configs": 1164,
  "submitted_ta_runs": 1295,
  "ta_time_used": 89.5022439956665,
  "wallclock_time_used": 120.06104612350464,
  "dataset_id": 23
}