{
  "mean_cost": 0.5009363295880149,
  "finished_ta_runs": 1,
  "inc_changed": 1,
  "n_configs": 1,
  "submitted_ta_runs": 1,
  "ta_time_used": 0.13860106468200684,
  "wallclock_time_used": 0.1403062343597412,
  "dataset_id": 9978,
  "perf_time": 0.14700854200009417
}