"CPU Time Used","Estimated Training Performance","Wallclock Time","Incumbent ID","Automatic Configurator (CPU) Time","Configuration..."
0.000000, 2147483648.000000, 0.000279, 1, 0.000279, colsample_bytree='0.569966175314039',eta='0.009556882986489993',max_depth='3',reg_lambda='0.0020776820882921045'
2.755555, 0.187000, 2.756491, 1, 0.000936, colsample_bytree='0.569966175314039',eta='0.009556882986489993',max_depth='3',reg_lambda='0.0020776820882921045'
