"CPU Time Used","Estimated Training Performance","Wallclock Time","Incumbent ID","Automatic Configurator (CPU) Time","Configuration..."
0.000000, 2147483648.000000, 0.000462, 1, 0.000462, C='0.08611366210550205',gamma='0.4942679928374453'
44.491908, 0.500000, 44.493311, 1, 0.001403, C='0.08611366210550205',gamma='0.4942679928374453'
