{
  "mean_cost": 0.4628550883891999,
  "finished_ta_runs": 1249,
  "inc_changed": 6,
  "n_configs": 1115,
  "submitted_ta_runs": 1249,
  "ta_time_used": 96.69750022888184,
  "wallclock_time_used": 120.03447413444519,
  "dataset_id": 146819
}