{
  "mean_cost": 0.03378508271319569,
  "finished_ta_runs": 1,
  "inc_changed": 1,
  "n_configs": 1,
  "submitted_ta_runs": 1,
  "ta_time_used": 4.258207082748413,
  "wallclock_time_used": 4.259692907333374,
  "dataset_id": 125922,
  "perf_time": 4.265504875000261
}