"CPU Time Used","Estimated Training Performance","Wallclock Time","Incumbent ID","Automatic Configurator (CPU) Time","Configuration..."
0.000000, 2147483648.000000, 0.001389, 1, 0.001389, colsample_bytree='0.569966175314039',eta='0.009556882986489993',max_depth='3',reg_lambda='0.0020776820882921045'
0.349746, 0.053400, 0.352084, 1, 0.002338, colsample_bytree='0.569966175314039',eta='0.009556882986489993',max_depth='3',reg_lambda='0.0020776820882921045'
2.385549, 0.042300, 2.394484, 2, 0.008935, colsample_bytree='0.3878000834956765',eta='0.004721681612948408',max_depth='10',reg_lambda='0.09654112415362535'
3.894439, 0.008700, 3.906364, 3, 0.011925, colsample_bytree='1.0',eta='0.3',max_depth='10',reg_lambda='1.0'
9.243537, 0.007900, 9.302670, 4, 0.059133, colsample_bytree='0.9323523727245628',eta='0.2476536704910154',max_depth='9',reg_lambda='0.0035770621836229634'
12.144653, 0.007100, 13.650157, 5, 1.505504, colsample_bytree='0.9227606232273438',eta='0.40407635974663814',max_depth='7',reg_lambda='0.04745831907678659'
15.512273, 0.007100, 18.923630, 6, 3.411357, colsample_bytree='0.9882516528229532',eta='0.34503419063385615',max_depth='7',reg_lambda='0.013571338724865416'
16.904235, 0.006300, 20.328288, 7, 3.424053, colsample_bytree='0.9940036267060504',eta='0.31792284494300227',max_depth='7',reg_lambda='0.010194908141348987'
27.981573, 0.006000, 38.985247, 8, 11.003674, colsample_bytree='0.9980640561349247',eta='0.3153041762852671',max_depth='7',reg_lambda='0.010544203217892855'
