{"cpu_time": 0.0, "wallclock_time": 0.0013890266418457031, "evaluations": 0, "cost": 2147483648.0, "incumbent": ["colsample_bytree='0.569966175314039'", "eta='0.009556882986489993'", "max_depth='3'", "reg_lambda='0.0020776820882921045'"], "origin": "Sobol"}
{"cpu_time": 0.3497457504272461, "wallclock_time": 0.3520839214324951, "evaluations": 1, "cost": 0.0534, "incumbent": ["colsample_bytree='0.569966175314039'", "eta='0.009556882986489993'", "max_depth='3'", "reg_lambda='0.0020776820882921045'"], "origin": "Sobol"}
{"cpu_time": 2.3855485916137695, "wallclock_time": 2.394483804702759, "evaluations": 7, "cost": 0.0423, "incumbent": ["colsample_bytree='0.3878000834956765'", "eta='0.004721681612948408'", "max_depth='10'", "reg_lambda='0.09654112415362535'"], "origin": "Sobol"}
{"cpu_time": 3.894439220428467, "wallclock_time": 3.9063639640808105, "evaluations": 10, "cost": 0.0087, "incumbent": ["colsample_bytree='1.0'", "eta='0.3'", "max_depth='10'", "reg_lambda='1.0'"], "origin": null}
{"cpu_time": 9.243537187576294, "wallclock_time": 9.302670001983643, "evaluations": 45, "cost": 0.0079, "incumbent": ["colsample_bytree='0.9323523727245628'", "eta='0.2476536704910154'", "max_depth='9'", "reg_lambda='0.0035770621836229634'"], "origin": "Sobol"}
{"cpu_time": 12.144653081893921, "wallclock_time": 13.65015697479248, "evaluations": 64, "cost": 0.0071, "incumbent": ["colsample_bytree='0.9227606232273438'", "eta='0.40407635974663814'", "max_depth='7'", "reg_lambda='0.04745831907678659'"], "origin": "Local Search"}
{"cpu_time": 15.512273073196411, "wallclock_time": 18.923629999160767, "evaluations": 78, "cost": 0.0071, "incumbent": ["colsample_bytree='0.9882516528229532'", "eta='0.34503419063385615'", "max_depth='7'", "reg_lambda='0.013571338724865416'"], "origin": "Local Search"}
{"cpu_time": 16.904235124588013, "wallclock_time": 20.328287839889526, "evaluations": 83, "cost": 0.0063, "incumbent": ["colsample_bytree='0.9940036267060504'", "eta='0.31792284494300227'", "max_depth='7'", "reg_lambda='0.010194908141348987'"], "origin": "Local Search"}
{"cpu_time": 27.981573343276978, "wallclock_time": 38.985246896743774, "evaluations": 127, "cost": 0.006, "incumbent": ["colsample_bytree='0.9980640561349247'", "eta='0.3153041762852671'", "max_depth='7'", "reg_lambda='0.010544203217892855'"], "origin": "Local Search"}
