"CPU Time Used","Estimated Training Performance","Wallclock Time","Incumbent ID","Automatic Configurator (CPU) Time","Configuration..."
0.000000, 2147483648.000000, 0.000557, 1, 0.000557, C='1.3600811985592882',gamma='0.09352602871548096'
1.275765, 0.480800, 1.277055, 1, 0.001290, C='1.3600811985592882',gamma='0.09352602871548096'
26.653271, 0.472300, 26.668829, 2, 0.015558, C='102.59827344587585',gamma='0.0039228031036218506'
84.944702, 0.470900, 85.671860, 3, 0.727158, C='350.1897635276803',gamma='0.0041230337950815855'
94.787140, 0.464100, 95.928789, 4, 1.141649, C='382.9459328339275',gamma='0.05805830310380096'
