{
  "mean_cost": 0.3243636947309175,
  "finished_ta_runs": 300,
  "inc_changed": 4,
  "n_configs": 98,
  "submitted_ta_runs": 300,
  "ta_time_used": 4.281158685684204,
  "wallclock_time_used": 23.47286105155945,
  "dataset_id": 29,
  "perf_time": 23.48589416699997
}