{"cpu_time": 0.0, "wallclock_time": 4.410743713378906e-05, "evaluations": 0, "cost": 2147483648.0, "incumbent": ["colsample_bytree='1.0'", "eta='0.3'", "max_depth='10'", "reg_lambda='1.0'"], "origin": "Default"}
{"cpu_time": 3.241838216781616, "wallclock_time": 3.24251127243042, "evaluations": 1, "cost": 0.0136, "incumbent": ["colsample_bytree='1.0'", "eta='0.3'", "max_depth='10'", "reg_lambda='1.0'"], "origin": "Default"}
{"cpu_time": 10.04205846786499, "wallclock_time": 10.045542240142822, "evaluations": 4, "cost": 0.0115, "incumbent": ["colsample_bytree='0.8787311974598232'", "eta='0.5789811375409207'", "max_depth='5'", "reg_lambda='0.0011373846877749554'"], "origin": "Random Search"}
{"cpu_time": 28.011715173721313, "wallclock_time": 28.021974086761475, "evaluations": 11, "cost": 0.01, "incumbent": ["colsample_bytree='0.944553396390592'", "eta='0.7771105186723747'", "max_depth='4'", "reg_lambda='6.037064981686672'"], "origin": "Random Search"}
{"cpu_time": 75.77539324760437, "wallclock_time": 75.82808709144592, "evaluations": 39, "cost": 0.0095, "incumbent": ["colsample_bytree='0.2506889768715913'", "eta='0.708593676386889'", "max_depth='4'", "reg_lambda='0.023304087624423705'"], "origin": "Random Search"}
{"cpu_time": 126.63701033592224, "wallclock_time": 126.75164699554443, "evaluations": 67, "cost": 0.0088, "incumbent": ["colsample_bytree='0.5569725902137237'", "eta='0.43617660629602417'", "max_depth='5'", "reg_lambda='0.3490054055185923'"], "origin": "Random Search"}
