"CPU Time Used","Estimated Training Performance","Wallclock Time","Incumbent ID","Automatic Configurator (CPU) Time","Configuration..."
0.000000, 2147483648.000000, 0.000049, 1, 0.000049, alpha='0.001',eta0='0.01'
0.042464, 0.500000, 0.043241, 1, 0.000777, alpha='0.001',eta0='0.01'
1.093606, 0.491400, 1.142097, 2, 0.048491, alpha='0.00709694490052734',eta0='0.0007010272514373521'
2.073076, 0.486400, 2.178793, 3, 0.105717, alpha='2.7335319104944513e-05',eta0='1.1848235705025143e-05'
2.371035, 0.483900, 2.498078, 4, 0.127043, alpha='0.06729854087998395',eta0='4.3514122346961986e-05'
4.094095, 0.472400, 4.391083, 5, 0.296988, alpha='0.0009596468978754763',eta0='0.002857444586104751'
