{"cpu_time": 0.0, "wallclock_time": 0.0014660358428955078, "evaluations": 0, "cost": 2147483648.0, "incumbent": ["colsample_bytree='0.569966175314039'", "eta='0.009556882986489993'", "max_depth='3'", "reg_lambda='0.0020776820882921045'"], "origin": "Sobol"}
{"cpu_time": 0.21169209480285645, "wallclock_time": 0.21412420272827148, "evaluations": 1, "cost": 0.4798, "incumbent": ["colsample_bytree='0.569966175314039'", "eta='0.009556882986489993'", "max_depth='3'", "reg_lambda='0.0020776820882921045'"], "origin": "Sobol"}
{"cpu_time": 2.0773324966430664, "wallclock_time": 2.0849180221557617, "evaluations": 7, "cost": 0.4676, "incumbent": ["colsample_bytree='0.3878000834956765'", "eta='0.004721681612948408'", "max_depth='10'", "reg_lambda='0.09654112415362535'"], "origin": "Sobol"}
{"cpu_time": 3.865638494491577, "wallclock_time": 3.8760201930999756, "evaluations": 10, "cost": 0.4392, "incumbent": ["colsample_bytree='1.0'", "eta='0.3'", "max_depth='10'", "reg_lambda='1.0'"], "origin": null}
{"cpu_time": 4.86615777015686, "wallclock_time": 4.881680011749268, "evaluations": 15, "cost": 0.4248, "incumbent": ["colsample_bytree='0.7997161545790732'", "eta='0.8167090504942917'", "max_depth='1'", "reg_lambda='7.369638786139326'"], "origin": "Sobol"}
{"cpu_time": 15.875361919403076, "wallclock_time": 17.009953022003174, "evaluations": 66, "cost": 0.42, "incumbent": ["colsample_bytree='0.8667772587625112'", "eta='0.9914777532670659'", "max_depth='1'", "reg_lambda='0.3941160747468725'"], "origin": "Local Search"}
{"cpu_time": 23.050415515899658, "wallclock_time": 34.50477123260498, "evaluations": 112, "cost": 0.4183, "incumbent": ["colsample_bytree='0.8415575329419841'", "eta='0.9914777532670659'", "max_depth='2'", "reg_lambda='0.007582304089586869'"], "origin": "Local Search"}
{"cpu_time": 24.74269938468933, "wallclock_time": 36.67952013015747, "evaluations": 118, "cost": 0.4119, "incumbent": ["colsample_bytree='0.988134898992355'", "eta='0.9975169584017815'", "max_depth='10'", "reg_lambda='0.007113926457044286'"], "origin": "Local Search"}
{"cpu_time": 27.527488946914673, "wallclock_time": 41.74680829048157, "evaluations": 132, "cost": 0.4002, "incumbent": ["colsample_bytree='0.8577655251540646'", "eta='0.9975169584017815'", "max_depth='4'", "reg_lambda='0.014524166034568211'"], "origin": "Local Search"}
{"cpu_time": 32.20606231689453, "wallclock_time": 51.608798027038574, "evaluations": 152, "cost": 0.3951, "incumbent": ["colsample_bytree='0.8562330425016872'", "eta='0.9978381566582631'", "max_depth='4'", "reg_lambda='0.017377948946105264'"], "origin": "Local Search"}
{"cpu_time": 40.82672333717346, "wallclock_time": 72.39371919631958, "evaluations": 190, "cost": 0.3915, "incumbent": ["colsample_bytree='0.8512614537648221'", "eta='0.9996615988955634'", "max_depth='4'", "reg_lambda='0.005660273234106352'"], "origin": "Local Search"}
{"cpu_time": 42.05953860282898, "wallclock_time": 73.64819407463074, "evaluations": 195, "cost": 0.3895, "incumbent": ["colsample_bytree='0.8526499674200384'", "eta='0.9997124781194944'", "max_depth='4'", "reg_lambda='0.00566040558326479'"], "origin": "Local Search"}
{"cpu_time": 60.190083742141724, "wallclock_time": 115.73187017440796, "evaluations": 258, "cost": 0.3891, "incumbent": ["colsample_bytree='0.8534152451956571'", "eta='0.9996615988955634'", "max_depth='4'", "reg_lambda='0.005623779950788676'"], "origin": "Local Search"}
