{
  "mean_cost": 0.04488425925925921,
  "finished_ta_runs": 1,
  "inc_changed": 1,
  "n_configs": 1,
  "submitted_ta_runs": 1,
  "ta_time_used": 0.04928016662597656,
  "wallclock_time_used": 0.05084967613220215,
  "dataset_id": 9946,
  "perf_time": 0.06659129099989514
}