"CPU Time Used","Estimated Training Performance","Wallclock Time","Incumbent ID","Automatic Configurator (CPU) Time","Configuration..."
0.000000, 2147483648.000000, 0.000040, 1, 0.000040, C='1.0',gamma='0.1'
0.121969, 0.192900, 0.122653, 1, 0.000684, C='1.0',gamma='0.1'
0.541289, 0.185000, 0.548736, 2, 0.007447, C='167.43465269107315',gamma='0.010473312293162985'
1.375803, 0.135400, 1.386665, 3, 0.010862, C='131.61290023311957',gamma='0.649856834080378'
3.401592, 0.126400, 3.427280, 4, 0.025688, C='41.45456008096363',gamma='1.356609008584969'
