{
  "mean_cost": 0.4326823884220071,
  "finished_ta_runs": 300,
  "inc_changed": 8,
  "n_configs": 185,
  "submitted_ta_runs": 300,
  "ta_time_used": 71.59458327293396,
  "wallclock_time_used": 237.73901867866516,
  "dataset_id": 9978,
  "perf_time": 237.75161737500002
}