"CPU Time Used","Estimated Training Performance","Wallclock Time","Incumbent ID","Automatic Configurator (CPU) Time","Configuration..."
0.000000, 2147483648.000000, 0.000681, 1, 0.000681, alpha='0.0040824718253228975',eta0='0.00044195488125554607'
2.479159, 0.037500, 2.480852, 1, 0.001693, alpha='0.0040824718253228975',eta0='0.00044195488125554607'
77.503801, 0.036700, 78.293162, 2, 0.789361, alpha='0.0027738059988682167',eta0='0.00043305445746165134'
