{"cpu_time": 0.0, "wallclock_time": 0.0006809234619140625, "evaluations": 0, "cost": 2147483648.0, "incumbent": ["alpha='0.0040824718253228975'", "eta0='0.00044195488125554607'"], "origin": "Sobol"}
{"cpu_time": 2.479158878326416, "wallclock_time": 2.480851888656616, "evaluations": 1, "cost": 0.0375, "incumbent": ["alpha='0.0040824718253228975'", "eta0='0.00044195488125554607'"], "origin": "Sobol"}
{"cpu_time": 77.50380110740662, "wallclock_time": 78.29316186904907, "evaluations": 31, "cost": 0.0367, "incumbent": ["alpha='0.0027738059988682167'", "eta0='0.00043305445746165134'"], "origin": "Random Search (sorted)"}
