{
  "mean_cost": 0.4637521184223206,
  "finished_ta_runs": 237,
  "inc_changed": 5,
  "n_configs": 218,
  "submitted_ta_runs": 237,
  "ta_time_used": 119.539870262146,
  "wallclock_time_used": 120.54885387420654,
  "dataset_id": 9978
}