{
  "mean_cost": 0.13168321295879784,
  "finished_ta_runs": 300,
  "inc_changed": 4,
  "n_configs": 86,
  "submitted_ta_runs": 300,
  "ta_time_used": 8.776107549667358,
  "wallclock_time_used": 31.551148891448975,
  "dataset_id": 3549,
  "perf_time": 31.56322158400144
}