"CPU Time Used","Estimated Training Performance","Wallclock Time","Incumbent ID","Automatic Configurator (CPU) Time","Configuration..."
0.000000, 2147483648.000000, 0.001425, 1, 0.001425, colsample_bytree='0.3908073678612709',eta='0.02197006114591668',max_depth='1',reg_lambda='0.025956378731779545'
0.137942, 0.100700, 0.140318, 1, 0.002376, colsample_bytree='0.3908073678612709',eta='0.02197006114591668',max_depth='1',reg_lambda='0.025956378731779545'
1.984338, 0.035700, 1.989394, 2, 0.005056, colsample_bytree='0.7864414579235017',eta='0.06876373473778273',max_depth='5',reg_lambda='2.180661802430785'
14.605453, 0.035700, 14.636848, 3, 0.031395, colsample_bytree='0.34836309412494304',eta='0.26655395384050556',max_depth='6',reg_lambda='0.1036182343546856'
57.974620, 0.034800, 74.411134, 4, 16.436514, colsample_bytree='0.7225747592539411',eta='0.37154330807725544',max_depth='9',reg_lambda='0.001061396980401251'
60.992848, 0.032200, 79.412909, 5, 18.420061, colsample_bytree='0.34987486720293803',eta='0.10491280829109759',max_depth='4',reg_lambda='0.0010908974577813592'
71.962490, 0.031700, 100.407533, 6, 28.445043, colsample_bytree='0.3169827588609928',eta='0.1021158897658575',max_depth='4',reg_lambda='0.001084643715302695'
89.811314, 0.031300, 132.203478, 7, 42.392164, colsample_bytree='0.31582704610006934',eta='0.0997255420666858',max_depth='4',reg_lambda='0.003104991016998558'
