{
  "mean_cost": 0.5482226301562214,
  "finished_ta_runs": 300,
  "inc_changed": 12,
  "n_configs": 93,
  "submitted_ta_runs": 300,
  "ta_time_used": 29.64387822151184,
  "wallclock_time_used": 51.47387480735779,
  "dataset_id": 18,
  "perf_time": 51.485417457995936
}