"CPU Time Used","Estimated Training Performance","Wallclock Time","Incumbent ID","Automatic Configurator (CPU) Time","Configuration..."
0.000000, 2147483648.000000, 0.000539, 1, 0.000539, C='0.08611366210550205',gamma='0.4942679928374453'
0.016653, 0.833300, 0.017884, 1, 0.001231, C='0.08611366210550205',gamma='0.4942679928374453'
0.056108, 0.791600, 0.059536, 2, 0.003428, C='19.433598606658386',gamma='9.232350409327609'
0.080078, 0.764600, 0.084942, 3, 0.004864, C='1.0',gamma='0.1'
0.454192, 0.733800, 0.483008, 4, 0.028816, C='76.5060885254147',gamma='0.08851540004701101'
4.128230, 0.732500, 16.515865, 5, 12.387635, C='158.1804416851426',gamma='0.045291896667417446'
5.035702, 0.722400, 20.257532, 6, 15.221830, C='162.8768154400146',gamma='0.04554787659115261'
5.585079, 0.720100, 22.673428, 7, 17.088349, C='164.8313292393366',gamma='0.05077644804197226'
8.915788, 0.718500, 35.795485, 8, 26.879697, C='176.24836440944816',gamma='0.05075079926700077'
