{
  "mean_cost": 0.40362667112299466,
  "finished_ta_runs": 600,
  "inc_changed": 5,
  "n_configs": 552,
  "submitted_ta_runs": 600,
  "ta_time_used": 40.41460967063904,
  "wallclock_time_used": 45.881882667541504,
  "dataset_id": 10101,
  "perf_time": 45.90207145800014
}