"CPU Time Used","Estimated Training Performance","Wallclock Time","Incumbent ID","Automatic Configurator (CPU) Time","Configuration..."
0.000000, 2147483648.000000, 0.000885, 1, 0.000885, C='0.08611366210550205',gamma='0.4942679928374453'
0.010717, 0.500000, 0.012420, 1, 0.001703, C='0.08611366210550205',gamma='0.4942679928374453'
0.081843, 0.058200, 0.088479, 2, 0.006635, C='69.38389384208695',gamma='0.0015531477828170245'
0.883241, 0.055600, 7.551067, 3, 6.667826, C='0.30008567180056334',gamma='0.0012559736561471066'
1.188543, 0.050400, 10.900042, 4, 9.711498, C='0.2912151372083667',gamma='0.001220840038773288'
