"CPU Time Used","Estimated Training Performance","Wallclock Time","Incumbent ID","Automatic Configurator (CPU) Time","Configuration..."
0.000000, 2147483648.000000, 0.000708, 1, 0.000708, C='0.08611366210550205',gamma='0.4942679928374453'
0.055582, 0.900000, 0.057274, 1, 0.001692, C='0.08611366210550205',gamma='0.4942679928374453'
0.239531, 0.886700, 0.244010, 2, 0.004479, C='19.433598606658386',gamma='9.232350409327609'
0.379942, 0.758500, 0.386295, 3, 0.006353, C='1.0',gamma='0.1'
0.723587, 0.529700, 0.734438, 4, 0.010851, C='69.38389384208695',gamma='0.0015531477828170245'
4.084490, 0.526000, 9.533856, 5, 5.449367, C='72.36097173688731',gamma='0.001261281078449268'
4.873500, 0.518900, 11.416171, 6, 6.542671, C='163.61456976343962',gamma='0.0012317134104680278'
