{
  "mean_cost": 0.4734218861209653,
  "finished_ta_runs": 300,
  "inc_changed": 8,
  "n_configs": 98,
  "submitted_ta_runs": 300,
  "ta_time_used": 512.0962898731232,
  "wallclock_time_used": 535.7841651439667,
  "dataset_id": 3904,
  "perf_time": 535.8159223749999
}