{
  "mean_cost": 0.36542943250532545,
  "finished_ta_runs": 1,
  "inc_changed": 1,
  "n_configs": 1,
  "submitted_ta_runs": 1,
  "ta_time_used": 0.2921440601348877,
  "wallclock_time_used": 0.2937288284301758,
  "dataset_id": 9910,
  "perf_time": 0.3006530420002491
}