"CPU Time Used","Estimated Training Performance","Wallclock Time","Incumbent ID","Automatic Configurator (CPU) Time","Configuration..."
0.000000, 2147483648.000000, 0.000571, 1, 0.000571, alpha='0.0004126639093412234',eta0='0.0017613324954003418'
0.151658, 0.693100, 0.153712, 1, 0.002054, alpha='0.0004126639093412234',eta0='0.0017613324954003418'
1.965480, 0.696400, 1.980511, 2, 0.015031, alpha='1.3751027885583958e-05',eta0='0.0001426968473177047'
9.993338, 0.684200, 17.190296, 3, 7.196958, alpha='0.00045280421510382035',eta0='1.4955213214357983e-05'
15.072031, 0.677900, 26.821665, 4, 11.749635, alpha='0.0004473210758288418',eta0='1.4906877548572006e-05'
38.829658, 0.671800, 82.500481, 5, 43.670823, alpha='0.0024784961228586986',eta0='0.00018587731872161066'
