{
  "mean_cost": 0.0548729272103885,
  "finished_ta_runs": 2,
  "inc_changed": 1,
  "n_configs": 1,
  "submitted_ta_runs": 2,
  "ta_time_used": 5.125006437301636,
  "wallclock_time_used": 5.127089977264404,
  "dataset_id": 16,
  "perf_time": 5.132598708000046
}