{
  "mean_cost": 0.46880761626507567,
  "finished_ta_runs": 798,
  "inc_changed": 7,
  "n_configs": 748,
  "submitted_ta_runs": 798,
  "ta_time_used": 110.49527788162231,
  "wallclock_time_used": 120.13678407669067,
  "dataset_id": 3918
}