"CPU Time Used","Estimated Training Performance","Wallclock Time","Incumbent ID","Automatic Configurator (CPU) Time","Configuration..."
0.000000, 2147483648.000000, 0.000603, 1, 0.000603, alpha='0.0004126639093412234',eta0='0.0017613324954003418'
6.664161, 0.044600, 6.665707, 1, 0.001546, alpha='0.0004126639093412234',eta0='0.0017613324954003418'
45.920516, 0.026000, 45.929211, 2, 0.008696, alpha='0.10693804138470717',eta0='1.4701197301483249e-05'
208.496700, 0.026000, 208.596272, 3, 0.099573, alpha='0.2222611632956835',eta0='7.173240601211391e-05'
469.545166, 0.025100, 475.329202, 4, 5.784036, alpha='0.13196971757030196',eta0='9.777979244338747e-05'
632.852761, 0.025100, 640.535658, 5, 7.682897, alpha='0.1129423129152727',eta0='7.759729541699617e-05'
972.193378, 0.024600, 985.132675, 6, 12.939297, alpha='0.13172113260189522',eta0='7.206375545645785e-05'
