{"cpu_time": 0.0, "wallclock_time": 0.0006031990051269531, "evaluations": 0, "cost": 2147483648.0, "incumbent": ["alpha='0.0004126639093412234'", "eta0='0.0017613324954003418'"], "origin": "Sobol"}
{"cpu_time": 6.664160966873169, "wallclock_time": 6.665707111358643, "evaluations": 1, "cost": 0.0446, "incumbent": ["alpha='0.0004126639093412234'", "eta0='0.0017613324954003418'"], "origin": "Sobol"}
{"cpu_time": 45.92051553726196, "wallclock_time": 45.929211139678955, "evaluations": 7, "cost": 0.026, "incumbent": ["alpha='0.10693804138470717'", "eta0='1.4701197301483249e-05'"], "origin": "Sobol"}
{"cpu_time": 208.4966995716095, "wallclock_time": 208.59627223014832, "evaluations": 33, "cost": 0.026, "incumbent": ["alpha='0.2222611632956835'", "eta0='7.173240601211391e-05'"], "origin": "Random Search"}
{"cpu_time": 469.5451662540436, "wallclock_time": 475.3292021751404, "evaluations": 73, "cost": 0.0251, "incumbent": ["alpha='0.13196971757030196'", "eta0='9.777979244338747e-05'"], "origin": "Local Search"}
{"cpu_time": 632.8527610301971, "wallclock_time": 640.535658121109, "evaluations": 98, "cost": 0.0251, "incumbent": ["alpha='0.1129423129152727'", "eta0='7.759729541699617e-05'"], "origin": "Random Search (sorted)"}
{"cpu_time": 972.1933779716492, "wallclock_time": 985.1326751708984, "evaluations": 150, "cost": 0.0246, "incumbent": ["alpha='0.13172113260189522'", "eta0='7.206375545645785e-05'"], "origin": "Local Search"}
