{
  "data": [
    [
      [
        1,
        null,
        379248293,
        0.0
      ],
      [
        0.6416756048554435,
        0.10770606994628906,
        {
          "__enum__": "StatusType.SUCCESS"
        },
        1674410469.476794,
        1674410469.584507,
        {}
      ]
    ]
  ],
  "config_origins": {
    "1": "Sobol"
  },
  "configs": {
    "1": {
      "max_depth": 2,
      "max_features": 0.4491682695224881,
      "min_samples_leaf": 1,
      "min_samples_split": 4
    }
  }
}