{
  "mean_cost": 0.4592500497943133,
  "finished_ta_runs": 151,
  "inc_changed": 4,
  "n_configs": 134,
  "submitted_ta_runs": 151,
  "ta_time_used": 120.32789397239685,
  "wallclock_time_used": 121.05691695213318,
  "dataset_id": 14965
}