{
  "mean_cost": 0.5434240434718303,
  "finished_ta_runs": 600,
  "inc_changed": 4,
  "n_configs": 544,
  "submitted_ta_runs": 600,
  "ta_time_used": 45.653751373291016,
  "wallclock_time_used": 50.921454191207886,
  "dataset_id": 23,
  "perf_time": 50.93793891600035
}