{
  "mean_cost": 0.5,
  "finished_ta_runs": 1,
  "inc_changed": 1,
  "n_configs": 1,
  "submitted_ta_runs": 1,
  "ta_time_used": 0.43352675437927246,
  "wallclock_time_used": 0.4349861145019531,
  "dataset_id": 146820,
  "perf_time": 0.440585624999585
}