{
  "mean_cost": 0.11786631711982942,
  "finished_ta_runs": 1,
  "inc_changed": 1,
  "n_configs": 1,
  "submitted_ta_runs": 1,
  "ta_time_used": 24.522910833358765,
  "wallclock_time_used": 24.52523112297058
}