"CPU Time Used","Estimated Training Performance","Wallclock Time","Incumbent ID","Automatic Configurator (CPU) Time","Configuration..."
0.000000, 2147483648.000000, 0.000684, 1, 0.000684, alpha='0.00011227070295712931',eta0='0.0029096933833365197'
0.040408, 0.235500, 0.042017, 1, 0.001609, alpha='0.00011227070295712931',eta0='0.0029096933833365197'
0.420564, 0.250300, 0.433147, 2, 0.012583, alpha='0.0025540066964094537',eta0='1.2228344859878906e-05'
1.425233, 0.249800, 4.745270, 3, 3.320037, alpha='7.86569924218199e-05',eta0='1.0694429162999693e-05'
1.673018, 0.248300, 5.690169, 4, 4.017151, alpha='8.835478757587923e-05',eta0='1.0357513070213181e-05'
2.393628, 0.248200, 9.511808, 5, 7.118180, alpha='0.0033805830993792973',eta0='1.1733640911857729e-05'
3.228064, 0.247100, 12.546955, 6, 9.318891, alpha='0.0010977391226601658',eta0='1.17805521579042e-05'
4.086356, 0.247000, 15.441822, 7, 11.355466, alpha='0.0029404162244236875',eta0='1.1834723939525745e-05'
