"CPU Time Used","Estimated Training Performance","Wallclock Time","Incumbent ID","Automatic Configurator (CPU) Time","Configuration..."
0.000000, 2147483648.000000, 0.000036, 1, 0.000036, alpha='0.001',eta0='0.01'
3.149687, 0.697900, 3.150354, 1, 0.000667, alpha='0.001',eta0='0.01'
40.759111, 0.708600, 40.770988, 2, 0.011877, alpha='0.002374055867675844',eta0='5.8767874739523716e-05'
97.183952, 0.706600, 97.221202, 3, 0.037250, alpha='2.7423705205440404e-05',eta0='0.00014858639283758796'
116.029772, 0.702900, 116.076237, 4, 0.046465, alpha='0.00047563268189094034',eta0='2.3569613209121685e-05'
194.669510, 0.701000, 194.768636, 5, 0.099126, alpha='3.430011414292949e-05',eta0='0.0013113059220184247'
555.610689, 0.700900, 556.150296, 6, 0.539608, alpha='2.9621223328881812e-05',eta0='0.0014122852459007543'
649.738251, 0.700800, 650.435360, 7, 0.697109, alpha='1.2723491458504375e-05',eta0='0.0008244129501503123'
