{"cpu_time": 0.0, "wallclock_time": 3.62396240234375e-05, "evaluations": 0, "cost": 2147483648.0, "incumbent": ["alpha='0.001'", "eta0='0.01'"], "origin": "Default"}
{"cpu_time": 3.1496870517730713, "wallclock_time": 3.1503539085388184, "evaluations": 1, "cost": 0.6979, "incumbent": ["alpha='0.001'", "eta0='0.01'"], "origin": "Default"}
{"cpu_time": 40.75911092758179, "wallclock_time": 40.77098822593689, "evaluations": 13, "cost": 0.7086, "incumbent": ["alpha='0.002374055867675844'", "eta0='5.8767874739523716e-05'"], "origin": "Random Search"}
{"cpu_time": 97.18395161628723, "wallclock_time": 97.22120189666748, "evaluations": 31, "cost": 0.7066, "incumbent": ["alpha='2.7423705205440404e-05'", "eta0='0.00014858639283758796'"], "origin": "Random Search"}
{"cpu_time": 116.02977180480957, "wallclock_time": 116.07623720169067, "evaluations": 37, "cost": 0.7029, "incumbent": ["alpha='0.00047563268189094034'", "eta0='2.3569613209121685e-05'"], "origin": "Random Search"}
{"cpu_time": 194.6695098876953, "wallclock_time": 194.76863598823547, "evaluations": 62, "cost": 0.701, "incumbent": ["alpha='3.430011414292949e-05'", "eta0='0.0013113059220184247'"], "origin": "Random Search"}
{"cpu_time": 555.6106886863708, "wallclock_time": 556.1502962112427, "evaluations": 177, "cost": 0.7009, "incumbent": ["alpha='2.9621223328881812e-05'", "eta0='0.0014122852459007543'"], "origin": "Random Search"}
{"cpu_time": 649.7382509708405, "wallclock_time": 650.4353601932526, "evaluations": 207, "cost": 0.7008, "incumbent": ["alpha='1.2723491458504375e-05'", "eta0='0.0008244129501503123'"], "origin": "Random Search"}
