"CPU Time Used","Estimated Training Performance","Wallclock Time","Incumbent ID","Automatic Configurator (CPU) Time","Configuration..."
0.000000, 2147483648.000000, 0.001626, 1, 0.001626, colsample_bytree='0.3908073678612709',eta='0.02197006114591668',max_depth='1',reg_lambda='0.025956378731779545'
0.039182, 0.353100, 0.041996, 1, 0.002814, colsample_bytree='0.3908073678612709',eta='0.02197006114591668',max_depth='1',reg_lambda='0.025956378731779545'
0.447523, 0.255100, 0.453101, 2, 0.005578, colsample_bytree='0.7864414579235017',eta='0.06876373473778273',max_depth='5',reg_lambda='2.180661802430785'
0.900488, 0.213200, 0.907874, 3, 0.007386, colsample_bytree='1.0',eta='0.3',max_depth='10',reg_lambda='1.0'
5.720209, 0.198000, 5.800699, 4, 0.080490, colsample_bytree='0.4922324874438345',eta='0.39601017651408665',max_depth='2',reg_lambda='8.543281263627263'
6.154355, 0.197200, 7.987098, 5, 1.832743, colsample_bytree='0.494152224154241',eta='0.4005248877721142',max_depth='2',reg_lambda='8.321898039832298'
8.179625, 0.194400, 24.278463, 6, 16.098838, colsample_bytree='0.49318811873610824',eta='0.4005248877721142',max_depth='2',reg_lambda='8.454918178385794'
13.622474, 0.191700, 77.798991, 7, 64.176517, colsample_bytree='0.4931386440372798',eta='0.4005248877721142',max_depth='2',reg_lambda='8.36723107476728'
16.206889, 0.185900, 105.605886, 8, 89.398997, colsample_bytree='0.4936594281389697',eta='0.4005248877721142',max_depth='2',reg_lambda='8.36134369705499'
