"CPU Time Used","Estimated Training Performance","Wallclock Time","Incumbent ID","Automatic Configurator (CPU) Time","Configuration..."
0.000000, 2147483648.000000, 0.000641, 1, 0.000641, alpha='0.0004126639093412234',eta0='0.0017613324954003418'
0.468503, 0.143100, 0.470048, 1, 0.001545, alpha='0.0004126639093412234',eta0='0.0017613324954003418'
5.213186, 0.156200, 5.225355, 2, 0.012170, alpha='1.3751027885583958e-05',eta0='0.0001426968473177047'
9.907377, 0.135400, 9.933098, 3, 0.025721, alpha='0.0014439030581155858',eta0='2.6843996424460273e-05'
31.258224, 0.134900, 37.466537, 4, 6.208313, alpha='0.00013450558495130664',eta0='2.6871911770567413e-05'
33.421538, 0.134600, 39.642510, 5, 6.220973, alpha='0.00014675048724117708',eta0='2.7221362257728337e-05'
40.556479, 0.134400, 48.492817, 6, 7.936338, alpha='4.858079344701659e-05',eta0='2.1921543186966176e-05'
