{
  "mean_cost": 0.1454376702116114,
  "finished_ta_runs": 300,
  "inc_changed": 5,
  "n_configs": 142,
  "submitted_ta_runs": 300,
  "ta_time_used": 21.40022087097168,
  "wallclock_time_used": 68.04005789756775,
  "dataset_id": 29,
  "perf_time": 68.05090999999993
}