"CPU Time Used","Estimated Training Performance","Wallclock Time","Incumbent ID","Automatic Configurator (CPU) Time","Configuration..."
0.000000, 2147483648.000000, 0.000560, 1, 0.000560, C='1.3600811985592882',gamma='0.09352602871548096'
0.005243, 0.500000, 0.006494, 1, 0.001251, C='1.3600811985592882',gamma='0.09352602871548096'
0.111300, 0.166700, 0.127796, 2, 0.016497, C='102.59827344587585',gamma='0.0039228031036218506'
0.253297, 0.119600, 0.662383, 3, 0.409087, C='115.58047738413707',gamma='0.006821065454235623'
0.320117, 0.115400, 2.224973, 4, 1.904857, C='226.1919353978963',gamma='0.007555621032844635'
