{
  "mean_cost": 0.5691577221152051,
  "finished_ta_runs": 87,
  "inc_changed": 1,
  "n_configs": 83,
  "submitted_ta_runs": 87,
  "ta_time_used": 120.35749125480652,
  "wallclock_time_used": 120.56677722930908,
  "dataset_id": 9985
}