"CPU Time Used","Estimated Training Performance","Wallclock Time","Incumbent ID","Automatic Configurator (CPU) Time","Configuration..."
0.000000, 2147483648.000000, 0.000039, 1, 0.000039, C='1.0',gamma='0.1'
0.018836, 0.500000, 0.019447, 1, 0.000611, C='1.0',gamma='0.1'
0.090802, 0.322800, 0.097062, 2, 0.006260, C='1.746441318982685',gamma='0.0022547265063997683'
1.792849, 0.301500, 2.341536, 3, 0.548687, C='9.487691972636018',gamma='0.0011871610916139818'
1.982969, 0.265600, 2.630817, 4, 0.647848, C='1.615262735912209',gamma='0.001514183364965906'
4.213759, 0.260900, 6.501472, 5, 2.287713, C='2.349243982889509',gamma='0.0010148124925972325'
5.518458, 0.253700, 9.093722, 6, 3.575264, C='1.627567363502447',gamma='0.0009984555283235937'
