{
  "mean_cost": 0.11840065894186436,
  "finished_ta_runs": 1,
  "inc_changed": 1,
  "n_configs": 1,
  "submitted_ta_runs": 1,
  "ta_time_used": 16.411444902420044,
  "wallclock_time_used": 16.413218021392822
}