"CPU Time Used","Estimated Training Performance","Wallclock Time","Incumbent ID","Automatic Configurator (CPU) Time","Configuration..."
0.000000, 2147483648.000000, 0.000589, 1, 0.000589, alpha='0.0004126639093412234',eta0='0.0017613324954003418'
1.162256, 0.443900, 1.163733, 1, 0.001477, alpha='0.0004126639093412234',eta0='0.0017613324954003418'
23.649931, 0.425300, 23.672195, 2, 0.022264, alpha='0.00014331222076014103',eta0='0.0006285756509200554'
41.470657, 0.419100, 41.802182, 3, 0.331526, alpha='1.1800158610290777e-05',eta0='0.0007667120956098254'
144.031802, 0.417100, 165.594275, 4, 21.562473, alpha='1.0515605041774239e-05',eta0='0.0024200187010397878'
