{"cpu_time": 0.0, "wallclock_time": 0.0002808570861816406, "evaluations": 0, "cost": 2147483648.0, "incumbent": ["C='0.08611366210550205'", "gamma='0.4942679928374453'"], "origin": "Sobol"}
{"cpu_time": 30.11183500289917, "wallclock_time": 30.112989902496338, "evaluations": 1, "cost": 0.1501, "incumbent": ["C='0.08611366210550205'", "gamma='0.4942679928374453'"], "origin": "Sobol"}
