{"cpu_time": 0.0, "wallclock_time": 7.414817810058594e-05, "evaluations": 0, "cost": 2147483648.0, "incumbent": ["colsample_bytree='1.0'", "eta='0.3'", "max_depth='10'", "reg_lambda='1.0'"], "origin": "Default"}
{"cpu_time": 1.1912450790405273, "wallclock_time": 1.1928179264068604, "evaluations": 1, "cost": 0.008, "incumbent": ["colsample_bytree='1.0'", "eta='0.3'", "max_depth='10'", "reg_lambda='1.0'"], "origin": "Default"}
{"cpu_time": 4.167377948760986, "wallclock_time": 4.175872802734375, "evaluations": 7, "cost": 0.0015, "incumbent": ["colsample_bytree='0.1477517486203504'", "eta='0.1656158608211872'", "max_depth='2'", "reg_lambda='0.008238286081969528'"], "origin": "Random Search"}
{"cpu_time": 10.881553649902344, "wallclock_time": 10.930739164352417, "evaluations": 36, "cost": 0.0, "incumbent": ["colsample_bytree='0.36447875060490353'", "eta='0.7189111591973525'", "max_depth='2'", "reg_lambda='223.0397889334059'"], "origin": "Random Search"}
