"CPU Time Used","Estimated Training Performance","Wallclock Time","Incumbent ID","Automatic Configurator (CPU) Time","Configuration..."
0.000000, 2147483648.000000, 0.000036, 1, 0.000036, C='1.0',gamma='0.1'
0.047647, 0.488900, 0.048283, 1, 0.000636, C='1.0',gamma='0.1'
0.344250, 0.467300, 0.350257, 2, 0.006007, C='52.455931369707116',gamma='0.0011373846877749554'
0.560498, 0.461100, 0.573217, 3, 0.012718, C='7.615166584313989',gamma='0.10560628945782698'
