{
  "mean_cost": 0.19176378817643547,
  "finished_ta_runs": 1,
  "inc_changed": 1,
  "n_configs": 1,
  "submitted_ta_runs": 1,
  "ta_time_used": 7.09142804145813,
  "wallclock_time_used": 7.092962026596069,
  "dataset_id": 167125,
  "perf_time": 7.098909917000128
}