{"cpu_time": 0.0, "wallclock_time": 4.291534423828125e-05, "evaluations": 0, "cost": 2147483648.0, "incumbent": {"alpha": 0.001, "eta0": 0.01}, "budget": 0, "origin": "Default"}
{"cpu_time": 3.1576650142669678, "wallclock_time": 3.158473014831543, "evaluations": 1, "cost": 0.7187, "incumbent": {"alpha": 0.001, "eta0": 0.01}, "budget": 0, "origin": "Default"}
{"cpu_time": 87.25279498100281, "wallclock_time": 87.28864097595215, "evaluations": 28, "cost": 0.7065, "incumbent": {"alpha": 0.00010338971252634734, "eta0": 0.00012997194084303965}, "budget": 0, "origin": "Random Search"}
{"cpu_time": 112.14639639854431, "wallclock_time": 112.1950089931488, "evaluations": 36, "cost": 0.7029, "incumbent": {"alpha": 0.00027413255540362463, "eta0": 2.5353007616912505e-05}, "budget": 0, "origin": "Random Search"}
{"cpu_time": 155.7632761001587, "wallclock_time": 155.8365499973297, "evaluations": 50, "cost": 0.7022, "incumbent": {"alpha": 0.0003607178387172493, "eta0": 0.002092258613023033}, "budget": 0, "origin": "Random Search"}
{"cpu_time": 255.59846949577332, "wallclock_time": 255.7523798942566, "evaluations": 82, "cost": 0.7022, "incumbent": {"alpha": 0.00044527225733839314, "eta0": 0.0018301099966696653}, "budget": 0, "origin": "Random Search"}
{"cpu_time": 340.27640867233276, "wallclock_time": 340.5189640522003, "evaluations": 109, "cost": 0.7016, "incumbent": {"alpha": 0.00017099338001247289, "eta0": 0.0028878764510635742}, "budget": 0, "origin": "Random Search"}
{"cpu_time": 521.4289290904999, "wallclock_time": 521.9258291721344, "evaluations": 167, "cost": 0.6995, "incumbent": {"alpha": 5.127588562429307e-05, "eta0": 0.0013542251609721572}, "budget": 0, "origin": "Random Search"}
