"CPU Time Used","Estimated Training Performance","Wallclock Time","Incumbent ID","Automatic Configurator (CPU) Time","Configuration..."
0.000000, 2147483648.000000, 0.000043, 1, 0.000043, alpha='0.001',eta0='0.01'
3.157665, 0.718700, 3.158473, 1, 0.000808, alpha='0.001',eta0='0.01'
87.252795, 0.706500, 87.288641, 2, 0.035846, alpha='0.00010338971252634734',eta0='0.00012997194084303965'
112.146396, 0.702900, 112.195009, 3, 0.048613, alpha='0.00027413255540362463',eta0='2.5353007616912505e-05'
155.763276, 0.702200, 155.836550, 4, 0.073274, alpha='0.0003607178387172493',eta0='0.002092258613023033'
255.598469, 0.702200, 255.752380, 5, 0.153910, alpha='0.00044527225733839314',eta0='0.0018301099966696653'
340.276409, 0.701600, 340.518964, 6, 0.242555, alpha='0.00017099338001247289',eta0='0.0028878764510635742'
521.428929, 0.699500, 521.925829, 7, 0.496900, alpha='5.127588562429307e-05',eta0='0.0013542251609721572'
