{
  "mean_cost": 0.4489675976854763,
  "finished_ta_runs": 300,
  "inc_changed": 7,
  "n_configs": 261,
  "submitted_ta_runs": 300,
  "ta_time_used": 3720.613588809967,
  "wallclock_time_used": 3848.7753381729126,
  "dataset_id": 14969,
  "perf_time": 3848.790928208
}