"CPU Time Used","Estimated Training Performance","Wallclock Time","Incumbent ID","Automatic Configurator (CPU) Time","Configuration..."
0.000000, 2147483648.000000, 0.000039, 1, 0.000039, alpha='0.001',eta0='0.01'
0.079639, 0.438700, 0.080293, 1, 0.000654, alpha='0.001',eta0='0.01'
0.286379, 0.350600, 0.289552, 2, 0.003173, alpha='0.21197489574168019',eta0='0.4034540937214564'
0.853411, 0.363900, 0.862632, 3, 0.009221, alpha='0.01706942529044376',eta0='0.0004888683437126603'
7.707096, 0.372800, 7.889139, 4, 0.182043, alpha='0.051600048754509666',eta0='0.00017484833042861745'
18.887427, 0.369300, 19.725563, 5, 0.838136, alpha='0.000219269601261329',eta0='0.04321820424735066'
22.121461, 0.367600, 23.230515, 6, 1.109054, alpha='0.003688774231174306',eta0='0.0016096210593183472'
27.818605, 0.365800, 29.515919, 7, 1.697314, alpha='0.0007556853287329872',eta0='0.0030417560932299824'
