"CPU Time Used","Estimated Training Performance","Wallclock Time","Incumbent ID","Automatic Configurator (CPU) Time","Configuration..."
0.000000, 2147483648.000000, 0.001587, 1, 0.001587, colsample_bytree='0.3908073678612709',eta='0.02197006114591668',max_depth='1',reg_lambda='0.025956378731779545'
0.029338, 0.500000, 0.032141, 1, 0.002803, colsample_bytree='0.3908073678612709',eta='0.02197006114591668',max_depth='1',reg_lambda='0.025956378731779545'
0.291953, 0.128300, 0.297524, 2, 0.005571, colsample_bytree='0.7864414579235017',eta='0.06876373473778273',max_depth='5',reg_lambda='2.180661802430785'
0.573475, 0.058800, 0.580767, 3, 0.007292, colsample_bytree='1.0',eta='0.3',max_depth='10',reg_lambda='1.0'
2.358430, 0.049200, 2.394522, 4, 0.036092, colsample_bytree='0.8665420586243272',eta='0.19437543650629796',max_depth='4',reg_lambda='0.002771788600998199'
4.157187, 0.049000, 4.910775, 5, 0.753589, colsample_bytree='0.9603452596351654',eta='0.19323378041579065',max_depth='4',reg_lambda='0.001960936208171192'
5.014348, 0.044900, 7.287892, 6, 2.273545, colsample_bytree='0.8627430803100327',eta='0.22905174268195969',max_depth='5',reg_lambda='0.0020919109558624736'
18.069919, 0.042900, 65.638434, 7, 47.568515, colsample_bytree='0.8650949232173644',eta='0.2290539877231336',max_depth='5',reg_lambda='0.002845247083045766'
