{
  "mean_cost": 0.45418927826696365,
  "finished_ta_runs": 300,
  "inc_changed": 6,
  "n_configs": 98,
  "submitted_ta_runs": 300,
  "ta_time_used": 5.946800708770752,
  "wallclock_time_used": 27.23014211654663,
  "dataset_id": 31,
  "perf_time": 27.24211641700822
}