"CPU Time Used","Estimated Training Performance","Wallclock Time","Incumbent ID","Automatic Configurator (CPU) Time","Configuration..."
0.000000, 2147483648.000000, 0.000562, 1, 0.000562, C='0.017961675793542162',gamma='0.9046232030638993'
0.719802, 0.666700, 0.721235, 1, 0.001433, C='0.017961675793542162',gamma='0.9046232030638993'
2.929321, 0.569400, 2.934250, 2, 0.004929, C='61.71933670840937',gamma='1.0864412265106145'
4.404284, 0.435000, 4.411638, 3, 0.007354, C='1.0',gamma='0.1'
6.111301, 0.037300, 6.123756, 4, 0.012455, C='12.958180650233897',gamma='0.01207858159167579'
19.652792, 0.036300, 19.991763, 5, 0.338971, C='757.7854874480706',gamma='0.009602356559190985'
36.060469, 0.035400, 42.039504, 6, 5.979035, C='757.7854874480706',gamma='0.009303446105948552'
