{
  "mean_cost": 0.9,
  "finished_ta_runs": 1,
  "inc_changed": 1,
  "n_configs": 1,
  "submitted_ta_runs": 1,
  "ta_time_used": 0.06267809867858887,
  "wallclock_time_used": 0.06406211853027344,
  "dataset_id": 18,
  "perf_time": 0.10883845800071867
}