{
  "mean_cost": 0.29955407060305017,
  "finished_ta_runs": 2,
  "inc_changed": 1,
  "n_configs": 1,
  "submitted_ta_runs": 2,
  "ta_time_used": 1.9604592323303223,
  "wallclock_time_used": 1.9635310173034668,
  "dataset_id": 9976,
  "perf_time": 1.9690252079999482
}