{
  "mean_cost": 0.08935786435786441,
  "finished_ta_runs": 2,
  "inc_changed": 1,
  "n_configs": 1,
  "submitted_ta_runs": 2,
  "ta_time_used": 0.7285723686218262,
  "wallclock_time_used": 0.7307310104370117,
  "dataset_id": 3022,
  "perf_time": 0.7364355839999916
}