{
  "mean_cost": 0.7713548650422776,
  "finished_ta_runs": 300,
  "inc_changed": 4,
  "n_configs": 188,
  "submitted_ta_runs": 300,
  "ta_time_used": 124.55390405654907,
  "wallclock_time_used": 185.72572898864746,
  "dataset_id": 146817,
  "perf_time": 185.73939454200445
}