{
  "mean_cost": 0.1322304436620142,
  "finished_ta_runs": 1,
  "inc_changed": 1,
  "n_configs": 1,
  "submitted_ta_runs": 1,
  "ta_time_used": 0.5505311489105225,
  "wallclock_time_used": 0.5523478984832764,
  "dataset_id": 28,
  "perf_time": 0.5625152090001393
}