"CPU Time Used","Estimated Training Performance","Wallclock Time","Incumbent ID","Automatic Configurator (CPU) Time","Configuration..."
0.000000, 2147483648.000000, 0.003663, 1, 0.003663, colsample_bytree='0.2890479595400393',eta='0.02972240058848022',max_depth='1',reg_lambda='0.23594281684827217'
0.009952, 0.475400, 0.014607, 1, 0.004655, colsample_bytree='0.2890479595400393',eta='0.02972240058848022',max_depth='1',reg_lambda='0.23594281684827217'
0.068709, 0.455600, 0.075663, 2, 0.006954, colsample_bytree='0.839533680677414',eta='0.03178815964339868',max_depth='7',reg_lambda='260.08137409645684'
0.147699, 0.378300, 0.156175, 3, 0.008476, colsample_bytree='1.0',eta='0.3',max_depth='10',reg_lambda='1.0'
1.439249, 0.366900, 4.434300, 4, 2.995051, colsample_bytree='0.9997511982533204',eta='0.3160969885089659',max_depth='8',reg_lambda='0.0023030814265513023'
5.553593, 0.365700, 72.744412, 5, 67.190819, colsample_bytree='0.9996396050780589',eta='0.31598280445612775',max_depth='7',reg_lambda='0.0022295153722111305'
5.737555, 0.364300, 74.187817, 6, 68.450262, colsample_bytree='0.9996955822728584',eta='0.31598280445612775',max_depth='7',reg_lambda='0.002220174127902745'
