{"cpu_time": 0.0, "wallclock_time": 0.0036630630493164062, "evaluations": 0, "cost": 2147483648.0, "incumbent": ["colsample_bytree='0.2890479595400393'", "eta='0.02972240058848022'", "max_depth='1'", "reg_lambda='0.23594281684827217'"], "origin": "Sobol"}
{"cpu_time": 0.00995182991027832, "wallclock_time": 0.014606952667236328, "evaluations": 1, "cost": 0.4754, "incumbent": ["colsample_bytree='0.2890479595400393'", "eta='0.02972240058848022'", "max_depth='1'", "reg_lambda='0.23594281684827217'"], "origin": "Sobol"}
{"cpu_time": 0.06870865821838379, "wallclock_time": 0.07566308975219727, "evaluations": 4, "cost": 0.4556, "incumbent": ["colsample_bytree='0.839533680677414'", "eta='0.03178815964339868'", "max_depth='7'", "reg_lambda='260.08137409645684'"], "origin": "Sobol"}
{"cpu_time": 0.14769887924194336, "wallclock_time": 0.156174898147583, "evaluations": 6, "cost": 0.3783, "incumbent": ["colsample_bytree='1.0'", "eta='0.3'", "max_depth='10'", "reg_lambda='1.0'"], "origin": null}
{"cpu_time": 1.4392485618591309, "wallclock_time": 4.434299945831299, "evaluations": 69, "cost": 0.3669, "incumbent": ["colsample_bytree='0.9997511982533204'", "eta='0.3160969885089659'", "max_depth='8'", "reg_lambda='0.0023030814265513023'"], "origin": "Local Search"}
{"cpu_time": 5.553593158721924, "wallclock_time": 72.74441194534302, "evaluations": 199, "cost": 0.3657, "incumbent": ["colsample_bytree='0.9996396050780589'", "eta='0.31598280445612775'", "max_depth='7'", "reg_lambda='0.0022295153722111305'"], "origin": "Local Search"}
{"cpu_time": 5.737555027008057, "wallclock_time": 74.18781685829163, "evaluations": 205, "cost": 0.3643, "incumbent": ["colsample_bytree='0.9996955822728584'", "eta='0.31598280445612775'", "max_depth='7'", "reg_lambda='0.002220174127902745'"], "origin": "Local Search"}
