{"cpu_time": 0.0, "wallclock_time": 0.0016162395477294922, "evaluations": 0, "cost": 2147483648.0, "incumbent": {"max_depth": 6, "max_features": 0.3290755869820714, "min_samples_leaf": 11, "min_samples_split": 2}, "budget": 0, "origin": "Sobol"}
{"cpu_time": 0.07677698135375977, "wallclock_time": 0.07934999465942383, "evaluations": 1, "cost": 0.2868, "incumbent": {"max_depth": 6, "max_features": 0.3290755869820714, "min_samples_leaf": 11, "min_samples_split": 2}, "budget": 0, "origin": "Sobol"}
{"cpu_time": 0.2693629264831543, "wallclock_time": 0.274507999420166, "evaluations": 4, "cost": 0.2868, "incumbent": {"max_depth": 1, "max_features": 0.5880181882530451, "min_samples_leaf": 7, "min_samples_split": 124}, "budget": 0, "origin": "Sobol"}
{"cpu_time": 1.94889497756958, "wallclock_time": 1.983067274093628, "evaluations": 28, "cost": 0.2727, "incumbent": {"max_depth": 14, "max_features": 0.1785462163388729, "min_samples_leaf": 2, "min_samples_split": 10}, "budget": 0, "origin": "Sobol"}
{"cpu_time": 6.301321506500244, "wallclock_time": 11.081552267074585, "evaluations": 86, "cost": 0.2678, "incumbent": {"max_depth": 14, "max_features": 0.7395405798726669, "min_samples_leaf": 1, "min_samples_split": 14}, "budget": 0, "origin": "Local Search"}
{"cpu_time": 8.505257844924927, "wallclock_time": 19.171107053756714, "evaluations": 110, "cost": 0.2656, "incumbent": {"max_depth": 30, "max_features": 0.7399715832439413, "min_samples_leaf": 1, "min_samples_split": 14}, "budget": 0, "origin": "Local Search"}
{"cpu_time": 14.360503435134888, "wallclock_time": 41.68964409828186, "evaluations": 173, "cost": 0.2545, "incumbent": {"max_depth": 29, "max_features": 0.7399715832439413, "min_samples_leaf": 2, "min_samples_split": 3}, "budget": 0, "origin": "Local Search"}
{"cpu_time": 15.953012704849243, "wallclock_time": 47.412166118621826, "evaluations": 190, "cost": 0.2371, "incumbent": {"max_depth": 46, "max_features": 0.7392697254235051, "min_samples_leaf": 1, "min_samples_split": 2}, "budget": 0, "origin": "Local Search"}
{"cpu_time": 18.28096604347229, "wallclock_time": 56.29143404960632, "evaluations": 215, "cost": 0.2265, "incumbent": {"max_depth": 12, "max_features": 0.7387682219456353, "min_samples_leaf": 1, "min_samples_split": 2}, "budget": 0, "origin": "Local Search"}
