"CPU Time Used","Estimated Training Performance","Wallclock Time","Incumbent ID","Automatic Configurator (CPU) Time","Configuration..."
0.000000, 2147483648.000000, 0.000582, 1, 0.000582, alpha='0.0004126639093412234',eta0='0.0017613324954003418'
0.069913, 0.482100, 0.071263, 1, 0.001350, alpha='0.0004126639093412234',eta0='0.0017613324954003418'
0.556992, 0.488500, 0.563842, 2, 0.006850, alpha='0.10693804138470717',eta0='1.4701197301483249e-05'
1.311672, 0.483300, 1.329696, 3, 0.018024, alpha='1.3751027885583958e-05',eta0='0.0001426968473177047'
2.144652, 0.483300, 2.177689, 4, 0.033037, alpha='0.0014439030581155858',eta0='2.6843996424460273e-05'
3.677248, 0.481300, 3.744986, 5, 0.067738, alpha='0.0003176176432525431',eta0='6.415790095453975e-05'
5.310549, 0.480400, 8.106612, 6, 2.796063, alpha='3.887059812302436e-05',eta0='0.004139837988067277'
12.054030, 0.476300, 30.427715, 7, 18.373685, alpha='4.743234583526492e-05',eta0='0.00028687319007431847'
