{"cpu_time": 0.0, "wallclock_time": 0.0005819797515869141, "evaluations": 0, "cost": 2147483648.0, "incumbent": ["alpha='0.0004126639093412234'", "eta0='0.0017613324954003418'"], "origin": "Sobol"}
{"cpu_time": 0.06991314888000488, "wallclock_time": 0.07126307487487793, "evaluations": 1, "cost": 0.4821, "incumbent": ["alpha='0.0004126639093412234'", "eta0='0.0017613324954003418'"], "origin": "Sobol"}
{"cpu_time": 0.5569918155670166, "wallclock_time": 0.5638418197631836, "evaluations": 8, "cost": 0.4885, "incumbent": ["alpha='0.10693804138470717'", "eta0='1.4701197301483249e-05'"], "origin": "Sobol"}
{"cpu_time": 1.3116717338562012, "wallclock_time": 1.3296959400177002, "evaluations": 20, "cost": 0.4833, "incumbent": ["alpha='1.3751027885583958e-05'", "eta0='0.0001426968473177047'"], "origin": "Sobol"}
{"cpu_time": 2.1446518898010254, "wallclock_time": 2.1776888370513916, "evaluations": 33, "cost": 0.4833, "incumbent": ["alpha='0.0014439030581155858'", "eta0='2.6843996424460273e-05'"], "origin": "Sobol"}
{"cpu_time": 3.6772477626800537, "wallclock_time": 3.744985818862915, "evaluations": 57, "cost": 0.4813, "incumbent": ["alpha='0.0003176176432525431'", "eta0='6.415790095453975e-05'"], "origin": "Sobol"}
{"cpu_time": 5.310549020767212, "wallclock_time": 8.106611967086792, "evaluations": 82, "cost": 0.4804, "incumbent": ["alpha='3.887059812302436e-05'", "eta0='0.004139837988067277'"], "origin": "Random Search (sorted)"}
{"cpu_time": 12.054029703140259, "wallclock_time": 30.427714824676514, "evaluations": 187, "cost": 0.4763, "incumbent": ["alpha='4.743234583526492e-05'", "eta0='0.00028687319007431847'"], "origin": "Local Search"}
