{
  "mean_cost": 0.1404129160138241,
  "finished_ta_runs": 207,
  "inc_changed": 3,
  "n_configs": 195,
  "submitted_ta_runs": 207,
  "ta_time_used": 119.4775218963623,
  "wallclock_time_used": 120.30760502815247,
  "dataset_id": 2074
}