"CPU Time Used","Estimated Training Performance","Wallclock Time","Incumbent ID","Automatic Configurator (CPU) Time","Configuration..."
0.000000, 2147483648.000000, 0.000036, 1, 0.000036, C='1.0',gamma='0.1'
2.658334, 0.897300, 2.658963, 1, 0.000629, C='1.0',gamma='0.1'
13.426766, 0.021000, 13.434690, 2, 0.007924, C='52.455931369707116',gamma='0.0011373846877749554'
329.412217, 0.016600, 329.904312, 3, 0.492095, C='2.8009492907098563',gamma='0.001081407053553846'
