"CPU Time Used","Estimated Training Performance","Wallclock Time","Incumbent ID","Automatic Configurator (CPU) Time","Configuration..."
0.000000, 2147483648.000000, 0.000555, 1, 0.000555, C='1.3600811985592882',gamma='0.09352602871548096'
0.024860, 0.500000, 0.026124, 1, 0.001264, C='1.3600811985592882',gamma='0.09352602871548096'
0.312649, 0.462500, 0.330329, 2, 0.017680, C='102.59827344587585',gamma='0.0039228031036218506'
0.771223, 0.459200, 1.603259, 3, 0.832036, C='97.69240591830966',gamma='0.004373817897849492'
0.915169, 0.449700, 2.303791, 4, 1.388622, C='89.47726527100401',gamma='0.005032157814716671'
1.094078, 0.446500, 3.417362, 5, 2.323284, C='87.8363942019368',gamma='0.0052821799561069095'
1.533546, 0.443300, 5.871184, 6, 4.337638, C='88.13843236724495',gamma='0.005455221928236213'
