{"cpu_time": 0.0, "wallclock_time": 0.0005550384521484375, "evaluations": 0, "cost": 2147483648.0, "incumbent": ["C='1.3600811985592882'", "gamma='0.09352602871548096'"], "origin": "Sobol"}
{"cpu_time": 0.024859905242919922, "wallclock_time": 0.026124000549316406, "evaluations": 1, "cost": 0.5, "incumbent": ["C='1.3600811985592882'", "gamma='0.09352602871548096'"], "origin": "Sobol"}
{"cpu_time": 0.3126492500305176, "wallclock_time": 0.33032917976379395, "evaluations": 19, "cost": 0.4625, "incumbent": ["C='102.59827344587585'", "gamma='0.0039228031036218506'"], "origin": "Sobol"}
{"cpu_time": 0.7712233066558838, "wallclock_time": 1.6032588481903076, "evaluations": 45, "cost": 0.4592, "incumbent": ["C='97.69240591830966'", "gamma='0.004373817897849492'"], "origin": "Random Search (sorted)"}
{"cpu_time": 0.9151694774627686, "wallclock_time": 2.3037912845611572, "evaluations": 52, "cost": 0.4497, "incumbent": ["C='89.47726527100401'", "gamma='0.005032157814716671'"], "origin": "Random Search (sorted)"}
{"cpu_time": 1.0940780639648438, "wallclock_time": 3.4173619747161865, "evaluations": 60, "cost": 0.4465, "incumbent": ["C='87.8363942019368'", "gamma='0.0052821799561069095'"], "origin": "Local Search"}
{"cpu_time": 1.5335462093353271, "wallclock_time": 5.8711841106414795, "evaluations": 83, "cost": 0.4433, "incumbent": ["C='88.13843236724495'", "gamma='0.005455221928236213'"], "origin": "Local Search"}
