"CPU Time Used","Estimated Training Performance","Wallclock Time","Incumbent ID","Automatic Configurator (CPU) Time","Configuration..."
0.000000, 2147483648.000000, 0.000620, 1, 0.000620, C='0.017961675793542162',gamma='0.9046232030638993'
0.036267, 0.500000, 0.037762, 1, 0.001496, C='0.017961675793542162',gamma='0.9046232030638993'
0.141885, 0.480500, 0.145898, 2, 0.004013, C='61.71933670840937',gamma='1.0864412265106145'
0.226520, 0.474600, 0.232303, 3, 0.005784, C='1.0',gamma='0.1'
0.730125, 0.467000, 0.751884, 4, 0.021759, C='198.6613474689375',gamma='0.09318781769031856'
