{"cpu_time": 0.0, "wallclock_time": 0.00024008750915527344, "evaluations": 0, "cost": 2147483648.0, "incumbent": ["alpha='0.0004126639093412234'", "eta0='0.0017613324954003418'"], "origin": "Sobol"}
{"cpu_time": 3.208042860031128, "wallclock_time": 3.2090232372283936, "evaluations": 1, "cost": 0.6902, "incumbent": ["alpha='0.0004126639093412234'", "eta0='0.0017613324954003418'"], "origin": "Sobol"}
