"CPU Time Used","Estimated Training Performance","Wallclock Time","Incumbent ID","Automatic Configurator (CPU) Time","Configuration..."
0.000000, 2147483648.000000, 0.000240, 1, 0.000240, alpha='0.0004126639093412234',eta0='0.0017613324954003418'
3.208043, 0.690200, 3.209023, 1, 0.000980, alpha='0.0004126639093412234',eta0='0.0017613324954003418'
