"CPU Time Used","Estimated Training Performance","Wallclock Time","Incumbent ID","Automatic Configurator (CPU) Time","Configuration..."
0.000000, 2147483648.000000, 0.000050, 1, 0.000050, colsample_bytree='1.0',eta='0.3',max_depth='10',reg_lambda='1.0'
0.176471, 0.141700, 0.177170, 1, 0.000699, colsample_bytree='1.0',eta='0.3',max_depth='10',reg_lambda='1.0'
1.100449, 0.135300, 1.106435, 2, 0.005986, colsample_bytree='0.6817994018422264',eta='0.010155350414863052',max_depth='8',reg_lambda='3.9659151741281455'
1.691678, 0.132000, 1.702635, 3, 0.010957, colsample_bytree='0.944553396390592',eta='0.7771105186723747',max_depth='4',reg_lambda='6.037064981686672'
3.007645, 0.121600, 3.031947, 4, 0.024302, colsample_bytree='0.6131928580216325',eta='0.012616624620088758',max_depth='8',reg_lambda='0.2225750471432824'
3.628720, 0.118300, 3.667859, 5, 0.039139, colsample_bytree='0.7598355216694087',eta='0.2559408304244787',max_depth='1',reg_lambda='0.020661816810732182'
4.215107, 0.114100, 4.267406, 6, 0.052299, colsample_bytree='0.5820572934334015',eta='0.004126418848652557',max_depth='5',reg_lambda='0.0057370345194513945'
5.769007, 0.108200, 5.880337, 7, 0.111330, colsample_bytree='0.5459653760496205',eta='0.3325425569944614',max_depth='1',reg_lambda='1.7195333620611977'
9.326276, 0.107000, 9.581094, 8, 0.254819, colsample_bytree='0.41955788512925385',eta='0.005534706500761164',max_depth='9',reg_lambda='0.030362113579915955'
