{"cpu_time": 0.0, "wallclock_time": 4.982948303222656e-05, "evaluations": 0, "cost": 2147483648.0, "incumbent": ["colsample_bytree='1.0'", "eta='0.3'", "max_depth='10'", "reg_lambda='1.0'"], "origin": "Default"}
{"cpu_time": 0.17647099494934082, "wallclock_time": 0.1771700382232666, "evaluations": 1, "cost": 0.1417, "incumbent": ["colsample_bytree='1.0'", "eta='0.3'", "max_depth='10'", "reg_lambda='1.0'"], "origin": "Default"}
{"cpu_time": 1.1004486083984375, "wallclock_time": 1.1064350605010986, "evaluations": 7, "cost": 0.1353, "incumbent": ["colsample_bytree='0.6817994018422264'", "eta='0.010155350414863052'", "max_depth='8'", "reg_lambda='3.9659151741281455'"], "origin": "Random Search"}
{"cpu_time": 1.6916778087615967, "wallclock_time": 1.7026350498199463, "evaluations": 12, "cost": 0.132, "incumbent": ["colsample_bytree='0.944553396390592'", "eta='0.7771105186723747'", "max_depth='4'", "reg_lambda='6.037064981686672'"], "origin": "Random Search"}
{"cpu_time": 3.0076448917388916, "wallclock_time": 3.031947135925293, "evaluations": 23, "cost": 0.1216, "incumbent": ["colsample_bytree='0.6131928580216325'", "eta='0.012616624620088758'", "max_depth='8'", "reg_lambda='0.2225750471432824'"], "origin": "Random Search"}
{"cpu_time": 3.6287200450897217, "wallclock_time": 3.6678590774536133, "evaluations": 33, "cost": 0.1183, "incumbent": ["colsample_bytree='0.7598355216694087'", "eta='0.2559408304244787'", "max_depth='1'", "reg_lambda='0.020661816810732182'"], "origin": "Random Search"}
{"cpu_time": 4.215107202529907, "wallclock_time": 4.267406225204468, "evaluations": 41, "cost": 0.1141, "incumbent": ["colsample_bytree='0.5820572934334015'", "eta='0.004126418848652557'", "max_depth='5'", "reg_lambda='0.0057370345194513945'"], "origin": "Random Search"}
{"cpu_time": 5.769007444381714, "wallclock_time": 5.880337238311768, "evaluations": 70, "cost": 0.1082, "incumbent": ["colsample_bytree='0.5459653760496205'", "eta='0.3325425569944614'", "max_depth='1'", "reg_lambda='1.7195333620611977'"], "origin": "Random Search"}
{"cpu_time": 9.32627558708191, "wallclock_time": 9.58109426498413, "evaluations": 115, "cost": 0.107, "incumbent": ["colsample_bytree='0.41955788512925385'", "eta='0.005534706500761164'", "max_depth='9'", "reg_lambda='0.030362113579915955'"], "origin": "Random Search"}
