{"cpu_time": 0.0, "wallclock_time": 0.0005691051483154297, "evaluations": 0, "cost": 2147483648.0, "incumbent": {"C": 0.017961675793542162, "gamma": 0.9046232030638993}, "budget": 0, "origin": "Sobol"}
{"cpu_time": 0.005753755569458008, "wallclock_time": 0.007034778594970703, "evaluations": 1, "cost": 0.5, "incumbent": {"C": 0.017961675793542162, "gamma": 0.9046232030638993}, "budget": 0, "origin": "Sobol"}
{"cpu_time": 0.02425980567932129, "wallclock_time": 0.027637958526611328, "evaluations": 4, "cost": 0.3375, "incumbent": {"C": 61.71933670840937, "gamma": 1.0864412265106145}, "budget": 0, "origin": "Sobol"}
{"cpu_time": 0.10760140419006348, "wallclock_time": 0.12170290946960449, "evaluations": 18, "cost": 0.1326, "incumbent": {"C": 198.6613474689375, "gamma": 0.09318781769031856}, "budget": 0, "origin": "Sobol"}
{"cpu_time": 0.19502830505371094, "wallclock_time": 0.22467899322509766, "evaluations": 33, "cost": 0.1111, "incumbent": {"C": 176.75556488562856, "gamma": 0.002712060563487799}, "budget": 0, "origin": "Sobol"}
