"CPU Time Used","Estimated Training Performance","Wallclock Time","Incumbent ID","Automatic Configurator (CPU) Time","Configuration..."
0.000000, 2147483648.000000, 0.000569, 1, 0.000569, C='0.017961675793542162',gamma='0.9046232030638993'
0.005754, 0.500000, 0.007035, 1, 0.001281, C='0.017961675793542162',gamma='0.9046232030638993'
0.024260, 0.337500, 0.027638, 2, 0.003378, C='61.71933670840937',gamma='1.0864412265106145'
0.107601, 0.132600, 0.121703, 3, 0.014102, C='198.6613474689375',gamma='0.09318781769031856'
0.195028, 0.111100, 0.224679, 4, 0.029651, C='176.75556488562856',gamma='0.002712060563487799'
