{
  "mean_cost": 0.04831588936533381,
  "finished_ta_runs": 300,
  "inc_changed": 8,
  "n_configs": 112,
  "submitted_ta_runs": 300,
  "ta_time_used": 310.55465054512024,
  "wallclock_time_used": 381.1173689365387,
  "dataset_id": 9960,
  "perf_time": 381.1302056250024
}