"CPU Time Used","Estimated Training Performance","Wallclock Time","Incumbent ID","Automatic Configurator (CPU) Time","Configuration..."
0.000000, 2147483648.000000, 0.000209, 1, 0.000209, alpha='0.0004126639093412234',eta0='0.0017613324954003418'
0.405047, 0.437900, 0.405870, 1, 0.000823, alpha='0.0004126639093412234',eta0='0.0017613324954003418'
