"CPU Time Used","Estimated Training Performance","Wallclock Time","Incumbent ID","Automatic Configurator (CPU) Time","Configuration..."
0.000000, 2147483648.000000, 0.000569, 1, 0.000569, alpha='0.00011227070295712931',eta0='0.0029096933833365197'
0.256334, 0.533800, 0.257668, 1, 0.001334, alpha='0.00011227070295712931',eta0='0.0029096933833365197'
3.788442, 0.425300, 3.804894, 2, 0.016452, alpha='2.9848599322377e-05',eta0='0.022418115180003955'
30.009798, 0.424500, 40.683273, 3, 10.673475, alpha='3.1414907690139395e-05',eta0='0.023856496123631256'
57.506142, 0.419800, 90.455451, 4, 32.949308, alpha='1.610409633267967e-05',eta0='0.026829764564277603'
69.428886, 0.419200, 116.477477, 5, 47.048591, alpha='1.0971782605977241e-05',eta0='0.02732292321898812'
