"CPU Time Used","Estimated Training Performance","Wallclock Time","Incumbent ID","Automatic Configurator (CPU) Time","Configuration..."
0.000000, 2147483648.000000, 0.000252, 1, 0.000252, C='0.08611366210550205',gamma='0.4942679928374453'
0.038612, 0.666700, 0.039540, 1, 0.000928, C='0.08611366210550205',gamma='0.4942679928374453'
