"CPU Time Used","Estimated Training Performance","Wallclock Time","Incumbent ID","Automatic Configurator (CPU) Time","Configuration..."
0.000000, 2147483648.000000, 0.000037, 1, 0.000037, C='1.0',gamma='0.1'
0.027420, 0.185500, 0.028046, 1, 0.000626, C='1.0',gamma='0.1'
0.125538, 0.131800, 0.131329, 2, 0.005791, C='1.746441318982685',gamma='0.0022547265063997683'
0.390173, 0.122500, 0.412107, 3, 0.021934, C='13.010154284884432',gamma='0.006601784113304256'
1.743031, 0.117100, 1.899070, 4, 0.156039, C='7.829253805572137',gamma='0.021189374499696167'
4.360705, 0.117000, 5.103366, 5, 0.742661, C='5.347089054952993',gamma='0.004294527101635599'
6.756428, 0.116000, 8.325671, 6, 1.569243, C='3.140473751621147',gamma='0.001262596394451821'
9.516499, 0.112000, 12.445027, 7, 2.928528, C='7.466676535646674',gamma='0.02027381761933508'
10.165177, 0.109300, 13.471908, 8, 3.306731, C='3.350958083174427',gamma='0.013273280511462144'
