{
  "mean_cost": 0.5500272659555949,
  "finished_ta_runs": 189,
  "inc_changed": 6,
  "n_configs": 122,
  "submitted_ta_runs": 189,
  "ta_time_used": 11.355489253997803,
  "wallclock_time_used": 61.25829720497131,
  "dataset_id": 23
}