"CPU Time Used","Estimated Training Performance","Wallclock Time","Incumbent ID","Automatic Configurator (CPU) Time","Configuration..."
0.000000, 2147483648.000000, 0.001472, 1, 0.001472, colsample_bytree='0.2890479595400393',eta='0.02972240058848022',max_depth='1',reg_lambda='0.23594281684827217'
0.044242, 0.462800, 0.046681, 1, 0.002439, colsample_bytree='0.2890479595400393',eta='0.02972240058848022',max_depth='1',reg_lambda='0.23594281684827217'
0.816280, 0.331300, 0.821189, 2, 0.004909, colsample_bytree='0.839533680677414',eta='0.03178815964339868',max_depth='7',reg_lambda='260.08137409645684'
2.080074, 0.148700, 2.086850, 3, 0.006776, colsample_bytree='1.0',eta='0.3',max_depth='10',reg_lambda='1.0'
12.092934, 0.144300, 12.167095, 4, 0.074161, colsample_bytree='0.6734632510691881',eta='0.10315263155687314',max_depth='10',reg_lambda='19.10353112100786'
17.056789, 0.137300, 21.077622, 5, 4.020833, colsample_bytree='0.9774021709546001',eta='0.12734576564660188',max_depth='4',reg_lambda='5.290212666353635'
30.385457, 0.136900, 50.457689, 6, 20.072232, colsample_bytree='0.9760634165461053',eta='0.03385430490656327',max_depth='5',reg_lambda='0.04618387324654914'
32.122066, 0.135000, 52.210950, 7, 20.088885, colsample_bytree='0.9758198831370731',eta='0.034177503982304736',max_depth='5',reg_lambda='0.04632680735941468'
86.082256, 0.134800, 183.113994, 8, 97.031739, colsample_bytree='0.9977943202077296',eta='0.0511510905437809',max_depth='5',reg_lambda='0.022420596988334922'
