"CPU Time Used","Estimated Training Performance","Wallclock Time","Incumbent ID","Automatic Configurator (CPU) Time","Configuration..."
0.000000, 2147483648.000000, 0.001596, 1, 0.001596, alpha='0.00011227070295712931',eta0='0.0029096933833365197'
4.331265, 0.119700, 4.334931, 1, 0.003666, alpha='0.00011227070295712931',eta0='0.0029096933833365197'
30.719470, 0.106800, 30.728617, 2, 0.009147, alpha='0.026542866188361353',eta0='8.075114966892127e-05'
71.070786, 0.083000, 71.091343, 3, 0.020557, alpha='0.0025540066964094537',eta0='1.2228344859878906e-05'
153.987767, 0.081800, 154.329769, 4, 0.342002, alpha='0.02918064377331517',eta0='1.0154265058188405e-05'
304.529964, 0.081800, 311.154397, 5, 6.624433, alpha='0.04934864411876914',eta0='1.0179063427300679e-05'
385.230840, 0.081700, 394.125231, 6, 8.894390, alpha='0.06269465650190968',eta0='1.0141280581117473e-05'
678.592610, 0.081700, 707.583109, 7, 28.990499, alpha='0.048855892215771246',eta0='1.0152123927479439e-05'
