"CPU Time Used","Estimated Training Performance","Wallclock Time","Incumbent ID","Automatic Configurator (CPU) Time","Configuration..."
0.000000, 2147483648.000000, 0.000047, 1, 0.000047, alpha='0.001',eta0='0.01'
0.981206, 0.104000, 0.981994, 1, 0.000788, alpha='0.001',eta0='0.01'
14.590388, 0.087400, 14.607459, 2, 0.017071, alpha='0.002374055867675844',eta0='5.8767874739523716e-05'
37.211113, 0.085400, 37.268022, 3, 0.056909, alpha='0.0017967930358939118',eta0='7.299469686226166e-05'
123.606073, 0.084700, 123.986273, 4, 0.380200, alpha='2.549647933057201e-05',eta0='0.000823347624662049'
131.832987, 0.081900, 132.253587, 5, 0.420600, alpha='1.4380458439471012e-05',eta0='0.0014746515022720163'
