{
  "mean_cost": 0.5561363615228939,
  "finished_ta_runs": 300,
  "inc_changed": 7,
  "n_configs": 97,
  "submitted_ta_runs": 300,
  "ta_time_used": 29.109341621398926,
  "wallclock_time_used": 51.934802770614624,
  "dataset_id": 18,
  "perf_time": 51.947475625012885
}