{"cpu_time": 0.0, "wallclock_time": 0.0005640983581542969, "evaluations": 0, "cost": 2147483648.0, "incumbent": {"alpha": 0.00011227070295712931, "eta0": 0.0029096933833365197}, "budget": 0, "origin": "Sobol"}
{"cpu_time": 0.03269386291503906, "wallclock_time": 0.034002065658569336, "evaluations": 1, "cost": 0.1111, "incumbent": {"alpha": 0.00011227070295712931, "eta0": 0.0029096933833365197}, "budget": 0, "origin": "Sobol"}
