"CPU Time Used","Estimated Training Performance","Wallclock Time","Incumbent ID","Automatic Configurator (CPU) Time","Configuration..."
0.000000, 2147483648.000000, 0.000564, 1, 0.000564, alpha='0.00011227070295712931',eta0='0.0029096933833365197'
0.032694, 0.111100, 0.034002, 1, 0.001308, alpha='0.00011227070295712931',eta0='0.0029096933833365197'
