{
  "mean_cost": 0.4327455819917572,
  "finished_ta_runs": 600,
  "inc_changed": 4,
  "n_configs": 572,
  "submitted_ta_runs": 600,
  "ta_time_used": 70.52409219741821,
  "wallclock_time_used": 76.17083477973938,
  "dataset_id": 3902,
  "perf_time": 76.18805950000024
}