{
  "data": [
    [
      [
        1,
        null,
        330054389,
        0.0
      ],
      [
        0.12220893141945766,
        0.08676934242248535,
        {
          "__enum__": "StatusType.SUCCESS"
        },
        1674419268.8610508,
        1674419268.9478242,
        {}
      ]
    ]
  ],
  "config_origins": {
    "1": "Sobol"
  },
  "configs": {
    "1": {
      "colsample_bytree": 0.569966175314039,
      "eta": 0.009556882986489993,
      "max_depth": 3,
      "reg_lambda": 0.0020776820882921045
    }
  }
}