"CPU Time Used","Estimated Training Performance","Wallclock Time","Incumbent ID","Automatic Configurator (CPU) Time","Configuration..."
0.000000, 2147483648.000000, 0.000563, 1, 0.000563, C='1.3600811985592882',gamma='0.09352602871548096'
0.494395, 0.257200, 0.495721, 1, 0.001326, C='1.3600811985592882',gamma='0.09352602871548096'
5.078962, 0.130200, 5.090442, 2, 0.011480, C='102.59827344587585',gamma='0.0039228031036218506'
14.717210, 0.124800, 15.273427, 3, 0.556217, C='41.894737902093304',gamma='0.00361966211980503'
16.489293, 0.123300, 17.280407, 4, 0.791114, C='26.079458057519393',gamma='0.002992898334336433'
17.956021, 0.113800, 19.157713, 5, 1.201692, C='30.043909533713826',gamma='0.0014262558172906676'
19.541119, 0.111500, 21.007960, 6, 1.466841, C='32.67358229194796',gamma='0.001302132047817399'
26.668968, 0.109500, 30.674857, 7, 4.005889, C='33.181518495015645',gamma='0.0013598146328475018'
