{"cpu_time": 0.0, "wallclock_time": 2.9802322387695312e-05, "evaluations": 0, "cost": 2147483648.0, "incumbent": ["C='1.0'", "gamma='0.1'"], "origin": "Default"}
{"cpu_time": 0.023679018020629883, "wallclock_time": 0.024274826049804688, "evaluations": 1, "cost": 0.7402, "incumbent": ["C='1.0'", "gamma='0.1'"], "origin": "Default"}
