{"cpu_time": 0.0, "wallclock_time": 5.507469177246094e-05, "evaluations": 0, "cost": 2147483648.0, "incumbent": {"colsample_bytree": 1.0, "eta": 0.3, "max_depth": 10, "reg_lambda": 1.0}, "budget": 0, "origin": "Default"}
{"cpu_time": 4.990553855895996, "wallclock_time": 4.9913389682769775, "evaluations": 1, "cost": 0.0896, "incumbent": {"colsample_bytree": 1.0, "eta": 0.3, "max_depth": 10, "reg_lambda": 1.0}, "budget": 0, "origin": "Default"}
{"cpu_time": 48.74630689620972, "wallclock_time": 48.76035976409912, "evaluations": 10, "cost": 0.0786, "incumbent": {"colsample_bytree": 0.9735460407805239, "eta": 0.3678418820983057, "max_depth": 10, "reg_lambda": 21.683858388188526}, "budget": 0, "origin": "Random Search"}
{"cpu_time": 82.13378310203552, "wallclock_time": 82.1716639995575, "evaluations": 23, "cost": 0.0757, "incumbent": {"colsample_bytree": 0.2488155558599327, "eta": 0.08201490626432502, "max_depth": 5, "reg_lambda": 0.03918996312483979}, "budget": 0, "origin": "Random Search"}
{"cpu_time": 152.93855905532837, "wallclock_time": 153.04701900482178, "evaluations": 52, "cost": 0.0701, "incumbent": {"colsample_bytree": 0.1281153583856482, "eta": 0.07230601407124619, "max_depth": 4, "reg_lambda": 0.021189374499696167}, "budget": 0, "origin": "Random Search"}
{"cpu_time": 911.8622634410858, "wallclock_time": 914.9661779403687, "evaluations": 389, "cost": 0.0687, "incumbent": {"colsample_bytree": 0.12151835293916947, "eta": 0.12433628517162032, "max_depth": 9, "reg_lambda": 1.536301933817422}, "budget": 0, "origin": "Random Search"}
