"CPU Time Used","Estimated Training Performance","Wallclock Time","Incumbent ID","Automatic Configurator (CPU) Time","Configuration..."
0.000000, 2147483648.000000, 0.000534, 1, 0.000534, alpha='0.00011227070295712931',eta0='0.0029096933833365197'
1.136398, 0.403900, 1.137650, 1, 0.001252, alpha='0.00011227070295712931',eta0='0.0029096933833365197'
41.321853, 0.396500, 41.867039, 2, 0.545187, alpha='2.9777470074950207e-05',eta0='0.0029593763427610293'
52.768046, 0.393300, 53.874052, 3, 1.106006, alpha='3.3465865260124874e-05',eta0='0.004665942659280105'
77.764773, 0.391700, 83.146578, 4, 5.381805, alpha='1.1952262874733637e-05',eta0='0.003514057694411134'
204.867219, 0.391600, 238.397847, 5, 33.530628, alpha='1.1778884169357412e-05',eta0='0.0035259168568727243'
