{
  "mean_cost": 0.19783632502545043,
  "finished_ta_runs": 300,
  "inc_changed": 11,
  "n_configs": 177,
  "submitted_ta_runs": 300,
  "ta_time_used": 442.7498128414154,
  "wallclock_time_used": 602.4404022693634,
  "dataset_id": 22,
  "perf_time": 602.4484431669998
}