{
  "mean_cost": 0.16607833222372412,
  "finished_ta_runs": 115,
  "inc_changed": 2,
  "n_configs": 93,
  "submitted_ta_runs": 115,
  "ta_time_used": 46.670220136642456,
  "wallclock_time_used": 60.776992082595825,
  "dataset_id": 9960
}