{
  "mean_cost": 0.06205687830687834,
  "finished_ta_runs": 1,
  "inc_changed": 1,
  "n_configs": 1,
  "submitted_ta_runs": 1,
  "ta_time_used": 0.07742691040039062,
  "wallclock_time_used": 0.0788578987121582,
  "dataset_id": 9946,
  "perf_time": 0.08664687499958745
}