"CPU Time Used","Estimated Training Performance","Wallclock Time","Incumbent ID","Automatic Configurator (CPU) Time","Configuration..."
0.000000, 2147483648.000000, 0.004901, 1, 0.004901, alpha='0.00011227070295712931',eta0='0.0029096933833365197'
3.226380, 0.033700, 3.238709, 1, 0.012329, alpha='0.00011227070295712931',eta0='0.0029096933833365197'
45.392463, 0.035200, 45.420347, 2, 0.027884, alpha='0.0025540066964094537',eta0='1.2228344859878906e-05'
115.514911, 0.029500, 115.587061, 3, 0.072150, alpha='8.493190945563282e-05',eta0='3.713240341799095e-05'
211.810624, 0.028500, 217.095292, 4, 5.284668, alpha='8.583012381471333e-05',eta0='5.053583790909339e-05'
557.877976, 0.026300, 599.691682, 5, 41.813706, alpha='8.629988501515655e-05',eta0='7.465940489226669e-05'
