"CPU Time Used","Estimated Training Performance","Wallclock Time","Incumbent ID","Automatic Configurator (CPU) Time","Configuration..."
0.000000, 2147483648.000000, 0.000601, 1, 0.000601, C='0.017961675793542162',gamma='0.9046232030638993'
0.952600, 0.833300, 0.954047, 1, 0.001447, C='0.017961675793542162',gamma='0.9046232030638993'
4.570910, 0.588300, 4.574910, 2, 0.004000, C='61.71933670840937',gamma='1.0864412265106145'
6.189540, 0.583200, 6.195297, 3, 0.005757, C='1.0',gamma='0.1'
17.276357, 0.542300, 17.295268, 4, 0.018911, C='198.6613474689375',gamma='0.09318781769031856'
37.329955, 0.541300, 38.051548, 5, 0.721593, C='190.89801380506609',gamma='0.08637526439813209'
42.738781, 0.539900, 44.068233, 6, 1.329452, C='190.41599180032182',gamma='0.08798505008246875'
48.791691, 0.539100, 50.712487, 7, 1.920796, C='185.25324806013546',gamma='0.09041254853913114'
59.422045, 0.538800, 62.914017, 8, 3.491972, C='181.7049729073548',gamma='0.08994356145192982'
