"CPU Time Used","Estimated Training Performance","Wallclock Time","Incumbent ID","Automatic Configurator (CPU) Time","Configuration..."
0.000000, 2147483648.000000, 0.000547, 1, 0.000547, C='0.08611366210550205',gamma='0.4942679928374453'
0.148513, 0.500000, 0.149818, 1, 0.001305, C='0.08611366210550205',gamma='0.4942679928374453'
1.120721, 0.415200, 1.127673, 2, 0.006952, C='69.38389384208695',gamma='0.0015531477828170245'
9.444570, 0.414300, 14.662390, 3, 5.217820, C='6.227217571724279',gamma='0.001643715050467672'
