{
  "mean_cost": 0.012066654329982976,
  "finished_ta_runs": 811,
  "inc_changed": 2,
  "n_configs": 748,
  "submitted_ta_runs": 811,
  "ta_time_used": 109.97873401641846,
  "wallclock_time_used": 120.10340285301208,
  "dataset_id": 10093
}