{"cpu_time": 0.0, "wallclock_time": 0.000537872314453125, "evaluations": 0, "cost": 2147483648.0, "incumbent": ["C='1.3600811985592882'", "gamma='0.09352602871548096'"], "origin": "Sobol"}
{"cpu_time": 0.04973292350769043, "wallclock_time": 0.0510249137878418, "evaluations": 1, "cost": 0.475, "incumbent": ["C='1.3600811985592882'", "gamma='0.09352602871548096'"], "origin": "Sobol"}
{"cpu_time": 0.5339267253875732, "wallclock_time": 0.5447838306427002, "evaluations": 13, "cost": 0.4611, "incumbent": ["C='102.59827344587585'", "gamma='0.0039228031036218506'"], "origin": "Sobol"}
