"CPU Time Used","Estimated Training Performance","Wallclock Time","Incumbent ID","Automatic Configurator (CPU) Time","Configuration..."
0.000000, 2147483648.000000, 0.000538, 1, 0.000538, C='1.3600811985592882',gamma='0.09352602871548096'
0.049733, 0.475000, 0.051025, 1, 0.001292, C='1.3600811985592882',gamma='0.09352602871548096'
0.533927, 0.461100, 0.544784, 2, 0.010857, C='102.59827344587585',gamma='0.0039228031036218506'
