{
  "mean_cost": 0.07764321384633883,
  "finished_ta_runs": 300,
  "inc_changed": 3,
  "n_configs": 118,
  "submitted_ta_runs": 300,
  "ta_time_used": 8.770572185516357,
  "wallclock_time_used": 44.9922890663147,
  "dataset_id": 146800,
  "perf_time": 45.004616291989805
}