{
  "mean_cost": 0.4609410998513742,
  "finished_ta_runs": 188,
  "inc_changed": 6,
  "n_configs": 126,
  "submitted_ta_runs": 188,
  "ta_time_used": 19.40876293182373,
  "wallclock_time_used": 60.20970177650452,
  "dataset_id": 3918
}