{
  "mean_cost": 0.4751426787943642,
  "finished_ta_runs": 2,
  "inc_changed": 1,
  "n_configs": 1,
  "submitted_ta_runs": 2,
  "ta_time_used": 0.6500599384307861,
  "wallclock_time_used": 0.6521546840667725,
  "dataset_id": 9978,
  "perf_time": 0.6576596669997343
}