"CPU Time Used","Estimated Training Performance","Wallclock Time","Incumbent ID","Automatic Configurator (CPU) Time","Configuration..."
0.000000, 2147483648.000000, 0.000577, 1, 0.000577, alpha='0.0040824718253228975',eta0='0.00044195488125554607'
3.029516, 0.061700, 3.031014, 1, 0.001498, alpha='0.0040824718253228975',eta0='0.00044195488125554607'
21.285884, 0.028700, 21.299233, 2, 0.013349, alpha='2.1186147948258377e-05',eta0='8.558614272324676e-05'
301.781629, 0.028000, 310.796801, 3, 9.015172, alpha='0.002152478126862092',eta0='1.3231056554152877e-05'
1073.393982, 0.027300, 1131.804947, 4, 58.410964, alpha='3.0384001591067012e-05',eta0='1.0391097627275245e-05'
