{"cpu_time": 0.0, "wallclock_time": 0.0015842914581298828, "evaluations": 0, "cost": 2147483648.0, "incumbent": {"colsample_bytree": 0.569966175314039, "eta": 0.009556882986489993, "max_depth": 3, "reg_lambda": 0.0020776820882921045}, "budget": 0, "origin": "Sobol"}
{"cpu_time": 0.23251891136169434, "wallclock_time": 0.23525309562683105, "evaluations": 1, "cost": 0.4671, "incumbent": {"colsample_bytree": 0.569966175314039, "eta": 0.009556882986489993, "max_depth": 3, "reg_lambda": 0.0020776820882921045}, "budget": 0, "origin": "Sobol"}
{"cpu_time": 3.017087697982788, "wallclock_time": 3.0252113342285156, "evaluations": 7, "cost": 0.4409, "incumbent": {"colsample_bytree": 0.3878000834956765, "eta": 0.004721681612948408, "max_depth": 10, "reg_lambda": 0.09654112415362535}, "budget": 0, "origin": "Sobol"}
{"cpu_time": 6.994506359100342, "wallclock_time": 7.005451202392578, "evaluations": 10, "cost": 0.3923, "incumbent": {"colsample_bytree": 1.0, "eta": 0.3, "max_depth": 10, "reg_lambda": 1.0}, "budget": 0, "origin": null}
{"cpu_time": 38.47872066497803, "wallclock_time": 46.85174822807312, "evaluations": 71, "cost": 0.3921, "incumbent": {"colsample_bytree": 1.0, "eta": 0.30171502456441107, "max_depth": 10, "reg_lambda": 0.9919212590888056}, "budget": 0, "origin": "Local Search"}
{"cpu_time": 46.557701587677, "wallclock_time": 56.20692300796509, "evaluations": 78, "cost": 0.3872, "incumbent": {"colsample_bytree": 1.0, "eta": 0.9522314062907146, "max_depth": 10, "reg_lambda": 0.9919212590888056}, "budget": 0, "origin": "Local Search"}
{"cpu_time": 55.15608310699463, "wallclock_time": 67.8245141506195, "evaluations": 88, "cost": 0.374, "incumbent": {"colsample_bytree": 1.0, "eta": 0.9601835649967148, "max_depth": 10, "reg_lambda": 0.039610524244343887}, "budget": 0, "origin": "Local Search"}
{"cpu_time": 83.87521815299988, "wallclock_time": 110.67338395118713, "evaluations": 114, "cost": 0.3732, "incumbent": {"colsample_bytree": 1.0, "eta": 0.9601835649967148, "max_depth": 10, "reg_lambda": 0.04008591076166206}, "budget": 0, "origin": "Local Search"}
{"cpu_time": 99.25126051902771, "wallclock_time": 134.79819130897522, "evaluations": 131, "cost": 0.373, "incumbent": {"colsample_bytree": 1.0, "eta": 0.9601835649967148, "max_depth": 10, "reg_lambda": 0.04005618472185626}, "budget": 0, "origin": "Local Search"}
{"cpu_time": 132.66585993766785, "wallclock_time": 189.55243802070618, "evaluations": 165, "cost": 0.3707, "incumbent": {"colsample_bytree": 1.0, "eta": 0.960457551131034, "max_depth": 10, "reg_lambda": 0.04005618472185626}, "budget": 0, "origin": "Local Search"}
{"cpu_time": 139.01660227775574, "wallclock_time": 195.923828125, "evaluations": 170, "cost": 0.3687, "incumbent": {"colsample_bytree": 1.0, "eta": 0.9601835649967148, "max_depth": 10, "reg_lambda": 0.040078189600505555}, "budget": 0, "origin": "Local Search"}
