{"cpu_time": 0.0, "wallclock_time": 0.0015110969543457031, "evaluations": 0, "cost": 2147483648.0, "incumbent": ["max_depth='1'", "max_features='0.49276944529265165'", "min_samples_leaf='4'", "min_samples_split='9'"], "origin": "Sobol"}
{"cpu_time": 0.0693662166595459, "wallclock_time": 0.07173609733581543, "evaluations": 1, "cost": 0.653, "incumbent": ["max_depth='1'", "max_features='0.49276944529265165'", "min_samples_leaf='4'", "min_samples_split='9'"], "origin": "Sobol"}
{"cpu_time": 0.27077722549438477, "wallclock_time": 0.27568912506103516, "evaluations": 4, "cost": 0.5347, "incumbent": ["max_depth='22'", "max_features='0.502463330514729'", "min_samples_leaf='18'", "min_samples_split='83'"], "origin": "Sobol"}
{"cpu_time": 0.42546916007995605, "wallclock_time": 0.4321019649505615, "evaluations": 6, "cost": 0.3974, "incumbent": ["max_depth='10'", "max_features='0.5'", "min_samples_leaf='1'", "min_samples_split='32'"], "origin": null}
{"cpu_time": 1.615490198135376, "wallclock_time": 1.6328179836273193, "evaluations": 17, "cost": 0.3633, "incumbent": ["max_depth='11'", "max_features='0.9135355520993471'", "min_samples_leaf='2'", "min_samples_split='4'"], "origin": "Sobol"}
{"cpu_time": 6.057235479354858, "wallclock_time": 10.915706872940063, "evaluations": 66, "cost": 0.3616, "incumbent": ["max_depth='7'", "max_features='0.8873865815136682'", "min_samples_leaf='2'", "min_samples_split='32'"], "origin": "Local Search"}
{"cpu_time": 7.4255290031433105, "wallclock_time": 15.761282205581665, "evaluations": 77, "cost": 0.3522, "incumbent": ["max_depth='8'", "max_features='0.8891750907186781'", "min_samples_leaf='2'", "min_samples_split='7'"], "origin": "Local Search"}
{"cpu_time": 9.614953756332397, "wallclock_time": 23.645081043243408, "evaluations": 94, "cost": 0.3493, "incumbent": ["max_depth='8'", "max_features='0.8911236316890081'", "min_samples_leaf='3'", "min_samples_split='14'"], "origin": "Local Search"}
{"cpu_time": 25.826335430145264, "wallclock_time": 132.7717661857605, "evaluations": 224, "cost": 0.3473, "incumbent": ["max_depth='8'", "max_features='0.888779289928435'", "min_samples_leaf='1'", "min_samples_split='14'"], "origin": "Local Search"}
