"CPU Time Used","Estimated Training Performance","Wallclock Time","Incumbent ID","Automatic Configurator (CPU) Time","Configuration..."
0.000000, 2147483648.000000, 0.001476, 1, 0.001476, colsample_bytree='0.2890479595400393',eta='0.02972240058848022',max_depth='1',reg_lambda='0.23594281684827217'
0.575423, 0.132200, 0.578083, 1, 0.002660, colsample_bytree='0.2890479595400393',eta='0.02972240058848022',max_depth='1',reg_lambda='0.23594281684827217'
13.714125, 0.057900, 13.720499, 2, 0.006374, colsample_bytree='0.839533680677414',eta='0.03178815964339868',max_depth='7',reg_lambda='260.08137409645684'
22.838670, 0.020400, 22.850669, 3, 0.011999, colsample_bytree='1.0',eta='0.3',max_depth='10',reg_lambda='1.0'
41.309451, 0.015900, 41.331699, 4, 0.022248, colsample_bytree='0.5235572370700539',eta='0.1863242307845216',max_depth='3',reg_lambda='4.4461461740589225'
85.683224, 0.015000, 85.746381, 5, 0.063157, colsample_bytree='0.4696397740393877',eta='0.16644532888250615',max_depth='6',reg_lambda='0.015660421770666632'
154.596153, 0.013200, 155.758715, 6, 1.162562, colsample_bytree='0.29826133935010785',eta='0.21376708010409964',max_depth='5',reg_lambda='13.918968509931002'
445.585887, 0.013000, 505.736534, 7, 60.150647, colsample_bytree='0.25408093484789696',eta='0.2155698262465519',max_depth='4',reg_lambda='0.006768392504922115'
