{
  "mean_cost": 0.2348752012882448,
  "finished_ta_runs": 2,
  "inc_changed": 1,
  "n_configs": 1,
  "submitted_ta_runs": 2,
  "ta_time_used": 0.14920616149902344,
  "wallclock_time_used": 0.15142202377319336,
  "dataset_id": 14954,
  "perf_time": 0.1568565419997867
}