"CPU Time Used","Estimated Training Performance","Wallclock Time","Incumbent ID","Automatic Configurator (CPU) Time","Configuration..."
0.000000, 2147483648.000000, 0.000077, 1, 0.000077, alpha='0.001',eta0='0.01'
0.443929, 0.444900, 0.444879, 1, 0.000951, alpha='0.001',eta0='0.01'
14.477264, 0.426800, 14.528309, 2, 0.051045, alpha='0.0013088121300544602',eta0='0.0027912063175679425'
18.064726, 0.413400, 18.131736, 3, 0.067011, alpha='0.0003607178387172493',eta0='0.002092258613023033'
39.391345, 0.408900, 39.605574, 4, 0.214229, alpha='0.00017099338001247289',eta0='0.0028878764510635742'
