"CPU Time Used","Estimated Training Performance","Wallclock Time","Incumbent ID","Automatic Configurator (CPU) Time","Configuration..."
0.000000, 2147483648.000000, 0.000550, 1, 0.000550, alpha='0.0004126639093412234',eta0='0.0017613324954003418'
0.040498, 0.491500, 0.041811, 1, 0.001313, alpha='0.0004126639093412234',eta0='0.0017613324954003418'
0.875908, 0.455100, 0.897582, 2, 0.021674, alpha='2.6979332069179497e-05',eta0='0.03342560639959951'
1.422253, 0.450400, 1.465219, 3, 0.042966, alpha='0.0003176176432525431',eta0='6.415790095453975e-05'
4.735484, 0.438700, 13.690238, 4, 8.954754, alpha='0.00019043394470991636',eta0='1.3692991582899998e-05'
7.872227, 0.435900, 38.736919, 5, 30.864692, alpha='0.00028503925005975595',eta0='1.316387646865593e-05'
