"CPU Time Used","Estimated Training Performance","Wallclock Time","Incumbent ID","Automatic Configurator (CPU) Time","Configuration..."
0.000000, 2147483648.000000, 0.000259, 1, 0.000259, C='0.08611366210550205',gamma='0.4942679928374453'
0.018576, 0.750000, 0.019563, 1, 0.000987, C='0.08611366210550205',gamma='0.4942679928374453'
