{"cpu_time": 0.0, "wallclock_time": 0.0002589225769042969, "evaluations": 0, "cost": 2147483648.0, "incumbent": ["C='0.08611366210550205'", "gamma='0.4942679928374453'"], "origin": "Sobol"}
{"cpu_time": 0.01857614517211914, "wallclock_time": 0.019562959671020508, "evaluations": 1, "cost": 0.75, "incumbent": ["C='0.08611366210550205'", "gamma='0.4942679928374453'"], "origin": "Sobol"}
