{"cpu_time": 0.0, "wallclock_time": 0.0005161762237548828, "evaluations": 0, "cost": 2147483648.0, "incumbent": ["C='1.3600811985592882'", "gamma='0.09352602871548096'"], "origin": "Sobol"}
{"cpu_time": 0.010786056518554688, "wallclock_time": 0.011966943740844727, "evaluations": 1, "cost": 0.5, "incumbent": ["C='1.3600811985592882'", "gamma='0.09352602871548096'"], "origin": "Sobol"}
{"cpu_time": 1.2449452877044678, "wallclock_time": 5.519315958023071, "evaluations": 179, "cost": 0.4833, "incumbent": ["C='23.42210080110841'", "gamma='0.00146182392526575'"], "origin": "Random Search (sorted)"}
