"CPU Time Used","Estimated Training Performance","Wallclock Time","Incumbent ID","Automatic Configurator (CPU) Time","Configuration..."
0.000000, 2147483648.000000, 0.000549, 1, 0.000549, alpha='0.0040824718253228975',eta0='0.00044195488125554607'
0.040769, 0.443000, 0.042063, 1, 0.001294, alpha='0.0040824718253228975',eta0='0.00044195488125554607'
2.163606, 0.474900, 3.826864, 2, 1.663258, alpha='1.4230872500070733e-05',eta0='0.007267125133560276'
2.953947, 0.473100, 8.111073, 3, 5.157126, alpha='1.3962290303053351e-05',eta0='0.006586084326250911'
6.414963, 0.472000, 31.750264, 4, 25.335301, alpha='1.4262776407733457e-05',eta0='0.005913324694329865'
7.017973, 0.466100, 35.777301, 5, 28.759328, alpha='3.530476673889891e-05',eta0='0.1475105080059927'
10.210227, 0.465700, 66.266640, 6, 56.056412, alpha='3.384613003466229e-05',eta0='0.1533403449255543'
