"CPU Time Used","Estimated Training Performance","Wallclock Time","Incumbent ID","Automatic Configurator (CPU) Time","Configuration..."
0.000000, 2147483648.000000, 0.001571, 1, 0.001571, colsample_bytree='0.3908073678612709',eta='0.02197006114591668',max_depth='1',reg_lambda='0.025956378731779545'
0.016381, 0.500000, 0.018868, 1, 0.002487, colsample_bytree='0.3908073678612709',eta='0.02197006114591668',max_depth='1',reg_lambda='0.025956378731779545'
0.081252, 0.380400, 0.086063, 2, 0.004811, colsample_bytree='0.7864414579235017',eta='0.06876373473778273',max_depth='5',reg_lambda='2.180661802430785'
0.166893, 0.322600, 0.173482, 3, 0.006589, colsample_bytree='1.0',eta='0.3',max_depth='10',reg_lambda='1.0'
1.370762, 0.295500, 4.644472, 4, 3.273710, colsample_bytree='1.0',eta='0.43603483452185665',max_depth='10',reg_lambda='0.217644943870573'
