{"cpu_time": 0.0, "wallclock_time": 0.0015707015991210938, "evaluations": 0, "cost": 2147483648.0, "incumbent": {"colsample_bytree": 0.3908073678612709, "eta": 0.02197006114591668, "max_depth": 1, "reg_lambda": 0.025956378731779545}, "budget": 0, "origin": "Sobol"}
{"cpu_time": 0.016381263732910156, "wallclock_time": 0.018867969512939453, "evaluations": 1, "cost": 0.5, "incumbent": {"colsample_bytree": 0.3908073678612709, "eta": 0.02197006114591668, "max_depth": 1, "reg_lambda": 0.025956378731779545}, "budget": 0, "origin": "Sobol"}
{"cpu_time": 0.0812523365020752, "wallclock_time": 0.08606290817260742, "evaluations": 4, "cost": 0.3804, "incumbent": {"colsample_bytree": 0.7864414579235017, "eta": 0.06876373473778273, "max_depth": 5, "reg_lambda": 2.180661802430785}, "budget": 0, "origin": "Sobol"}
{"cpu_time": 0.16689252853393555, "wallclock_time": 0.17348194122314453, "evaluations": 6, "cost": 0.3226, "incumbent": {"colsample_bytree": 1.0, "eta": 0.3, "max_depth": 10, "reg_lambda": 1.0}, "budget": 0, "origin": null}
{"cpu_time": 1.3707618713378906, "wallclock_time": 4.644471645355225, "evaluations": 58, "cost": 0.2955, "incumbent": {"colsample_bytree": 1.0, "eta": 0.43603483452185665, "max_depth": 10, "reg_lambda": 0.217644943870573}, "budget": 0, "origin": "Local Search"}
