"CPU Time Used","Estimated Training Performance","Wallclock Time","Incumbent ID","Automatic Configurator (CPU) Time","Configuration..."
0.000000, 2147483648.000000, 0.000071, 1, 0.000071, colsample_bytree='1.0',eta='0.3',max_depth='10',reg_lambda='1.0'
1.025674, 0.038400, 1.027175, 1, 0.001501, colsample_bytree='1.0',eta='0.3',max_depth='10',reg_lambda='1.0'
2.008901, 0.035500, 2.015119, 2, 0.006218, colsample_bytree='0.8824354449539316',eta='0.0031981000666476914',max_depth='7',reg_lambda='0.649856834080378'
2.062176, 0.027800, 2.072377, 3, 0.010201, colsample_bytree='0.1477517486203504',eta='0.1656158608211872',max_depth='2',reg_lambda='0.008238286081969528'
2.704957, 0.027900, 2.732964, 4, 0.028007, colsample_bytree='0.42816060059538674',eta='0.17717734495116833',max_depth='1',reg_lambda='0.025171171245609827'
2.985311, 0.023500, 3.044127, 5, 0.058816, colsample_bytree='0.26315082135305257',eta='0.00919162641130799',max_depth='10',reg_lambda='0.019532202976770125'
3.336225, 0.022600, 3.444139, 6, 0.107914, colsample_bytree='0.7010581107616777',eta='0.9434459383873505',max_depth='1',reg_lambda='47.50452475568605'
3.671760, 0.018900, 3.845385, 7, 0.173625, colsample_bytree='0.36509921871028417',eta='0.02645086996123796',max_depth='3',reg_lambda='0.10843928641112655'
11.068197, 0.018600, 15.835674, 8, 4.767477, colsample_bytree='0.943213735653707',eta='0.15166524901569362',max_depth='9',reg_lambda='3.2935216996388794'
