"CPU Time Used","Estimated Training Performance","Wallclock Time","Incumbent ID","Automatic Configurator (CPU) Time","Configuration..."
0.000000, 2147483648.000000, 0.000558, 1, 0.000558, C='1.3600811985592882',gamma='0.09352602871548096'
0.015266, 0.498400, 0.016542, 1, 0.001276, C='1.3600811985592882',gamma='0.09352602871548096'
0.134726, 0.310900, 0.144680, 2, 0.009954, C='102.59827344587585',gamma='0.0039228031036218506'
0.326742, 0.304300, 0.362971, 3, 0.036229, C='4.729862452035014',gamma='0.0020153549174183696'
0.711163, 0.302800, 4.013080, 4, 3.301918, C='5.7454960450644155',gamma='0.002023992808422162'
1.859911, 0.297000, 12.662018, 5, 10.802107, C='5.488580705593575',gamma='0.0020289009485845557'
