{
  "mean_cost": 0.2793911154205272,
  "finished_ta_runs": 1,
  "inc_changed": 1,
  "n_configs": 1,
  "submitted_ta_runs": 1,
  "ta_time_used": 0.12778902053833008,
  "wallclock_time_used": 0.12939906120300293
}