{
  "mean_cost": 0.1779311169649274,
  "finished_ta_runs": 28,
  "inc_changed": 2,
  "n_configs": 18,
  "submitted_ta_runs": 28,
  "ta_time_used": 122.41098856925964,
  "wallclock_time_used": 122.45985984802246,
  "dataset_id": 9976
}