"CPU Time Used","Estimated Training Performance","Wallclock Time","Incumbent ID","Automatic Configurator (CPU) Time","Configuration..."
0.000000, 2147483648.000000, 0.001481, 1, 0.001481, colsample_bytree='0.2890479595400393',eta='0.02972240058848022',max_depth='1',reg_lambda='0.23594281684827217'
0.613189, 0.121700, 0.615706, 1, 0.002517, colsample_bytree='0.2890479595400393',eta='0.02972240058848022',max_depth='1',reg_lambda='0.23594281684827217'
14.692028, 0.055200, 14.699668, 2, 0.007640, colsample_bytree='0.839533680677414',eta='0.03178815964339868',max_depth='7',reg_lambda='260.08137409645684'
23.537562, 0.035600, 23.549818, 3, 0.012256, colsample_bytree='1.0',eta='0.3',max_depth='10',reg_lambda='1.0'
43.317694, 0.026500, 43.341807, 4, 0.024112, colsample_bytree='0.5235572370700539',eta='0.1863242307845216',max_depth='3',reg_lambda='4.4461461740589225'
64.085410, 0.024600, 64.127683, 5, 0.042273, colsample_bytree='0.20247186589986088',eta='0.002723251592783366',max_depth='4',reg_lambda='0.011323464555277515'
121.622021, 0.021600, 121.725214, 6, 0.103193, colsample_bytree='0.14388876901939512',eta='0.011121334227289502',max_depth='8',reg_lambda='1.3793522611585929'
195.901439, 0.018700, 203.005943, 7, 7.104504, colsample_bytree='0.11280562599173437',eta='0.0013714375034243613',max_depth='9',reg_lambda='0.0057111910680884845'
309.142953, 0.018700, 337.762642, 8, 28.619689, colsample_bytree='0.21639879567647083',eta='0.002126527318334043',max_depth='10',reg_lambda='0.005165163031232777'
