{
  "mean_cost": 0.45581716670420835,
  "finished_ta_runs": 283,
  "inc_changed": 6,
  "n_configs": 209,
  "submitted_ta_runs": 283,
  "ta_time_used": 120.24979138374329,
  "wallclock_time_used": 121.5900149345398,
  "dataset_id": 9978
}