"CPU Time Used","Estimated Training Performance","Wallclock Time","Incumbent ID","Automatic Configurator (CPU) Time","Configuration..."
0.000000, 2147483648.000000, 0.001524, 1, 0.001524, colsample_bytree='0.569966175314039',eta='0.009556882986489993',max_depth='3',reg_lambda='0.0020776820882921045'
0.530403, 0.263800, 0.532965, 1, 0.002562, colsample_bytree='0.569966175314039',eta='0.009556882986489993',max_depth='3',reg_lambda='0.0020776820882921045'
4.933571, 0.193300, 4.942687, 2, 0.009116, colsample_bytree='0.3878000834956765',eta='0.004721681612948408',max_depth='10',reg_lambda='0.09654112415362535'
8.857404, 0.161400, 8.869428, 3, 0.012024, colsample_bytree='1.0',eta='0.3',max_depth='10',reg_lambda='1.0'
15.168673, 0.152500, 15.191159, 4, 0.022486, colsample_bytree='0.5071276918053628',eta='0.18054041228993647',max_depth='4',reg_lambda='0.7014077911957106'
133.898936, 0.148700, 174.373002, 5, 40.474066, colsample_bytree='0.9939169406657519',eta='0.10340412801218593',max_depth='5',reg_lambda='0.0011628934448647467'
