"CPU Time Used","Estimated Training Performance","Wallclock Time","Incumbent ID","Automatic Configurator (CPU) Time","Configuration..."
0.000000, 2147483648.000000, 0.000034, 1, 0.000034, alpha='0.001',eta0='0.01'
0.104525, 0.473500, 0.105214, 1, 0.000689, alpha='0.001',eta0='0.01'
0.523008, 0.493200, 0.526319, 2, 0.003311, alpha='0.2222611632956835',eta0='7.173240601211391e-05'
1.329285, 0.365300, 1.338885, 3, 0.009600, alpha='1.8419909509685855e-05',eta0='0.05046106065359831'
2.413741, 0.329800, 2.431480, 4, 0.017739, alpha='0.002374055867675844',eta0='5.8767874739523716e-05'
6.461144, 0.322500, 6.528740, 5, 0.067595, alpha='9.399424143105853e-05',eta0='2.1264709675175496e-05'
8.482953, 0.315600, 8.586407, 6, 0.103454, alpha='8.319323152546776e-05',eta0='0.000244478036339581'
17.002891, 0.307900, 17.305071, 7, 0.302180, alpha='0.0008979784103930562',eta0='1.0555299750248877e-05'
48.380434, 0.306300, 50.262988, 8, 1.882554, alpha='3.073557788124289e-05',eta0='0.0002784173118412193'
