{
  "mean_cost": 0.423759657243512,
  "finished_ta_runs": 300,
  "inc_changed": 3,
  "n_configs": 155,
  "submitted_ta_runs": 300,
  "ta_time_used": 15.005779504776001,
  "wallclock_time_used": 99.19817113876343,
  "dataset_id": 49,
  "perf_time": 99.21470012499958
}