"CPU Time Used","Estimated Training Performance","Wallclock Time","Incumbent ID","Automatic Configurator (CPU) Time","Configuration..."
0.000000, 2147483648.000000, 0.000042, 1, 0.000042, alpha='0.001',eta0='0.01'
0.481508, 0.450000, 0.482245, 1, 0.000737, alpha='0.001',eta0='0.01'
2.576573, 0.445400, 2.582689, 2, 0.006116, alpha='0.005024635265504522',eta0='2.0035124286213127e-05'
4.268729, 0.442900, 4.279493, 3, 0.010764, alpha='1.0455662723206625e-05',eta0='0.001729647929337629'
9.133797, 0.438200, 9.159801, 4, 0.026004, alpha='0.0003942900369463765',eta0='0.00020341740105548015'
34.611571, 0.434800, 34.802286, 5, 0.190715, alpha='0.0001253091200652776',eta0='0.13340213128703046'
