"CPU Time Used","Estimated Training Performance","Wallclock Time","Incumbent ID","Automatic Configurator (CPU) Time","Configuration..."
0.000000, 2147483648.000000, 0.000576, 1, 0.000576, alpha='0.00011227070295712931',eta0='0.0029096933833365197'
0.086406, 0.395600, 0.087777, 1, 0.001371, alpha='0.00011227070295712931',eta0='0.0029096933833365197'
0.576175, 0.404500, 0.582451, 2, 0.006276, alpha='0.026542866188361353',eta0='8.075114966892127e-05'
1.056093, 0.411800, 1.068272, 3, 0.012179, alpha='0.0004927044981701337',eta0='0.12537334481910992'
2.042500, 0.399700, 2.067499, 4, 0.024999, alpha='1.715136253541309e-05',eta0='0.0001288871339815063'
2.104242, 0.399300, 2.130630, 5, 0.026388, alpha='0.001',eta0='0.01'
3.578034, 0.394100, 3.630564, 6, 0.052530, alpha='0.0003190060877215472',eta0='0.031153070612166146'
25.959817, 0.386700, 77.368910, 7, 51.409093, alpha='0.00030746104066862074',eta0='0.1678989739825951'
