{"cpu_time": 0.0, "wallclock_time": 0.00964808464050293, "evaluations": 0, "cost": 2147483648.0, "incumbent": ["alpha='0.0004126639093412234'", "eta0='0.0017613324954003418'"], "origin": "Sobol"}
{"cpu_time": 4.710721015930176, "wallclock_time": 4.7224280834198, "evaluations": 1, "cost": 0.1356, "incumbent": ["alpha='0.0004126639093412234'", "eta0='0.0017613324954003418'"], "origin": "Sobol"}
