{
  "mean_cost": 0.07958699182688311,
  "finished_ta_runs": 300,
  "inc_changed": 13,
  "n_configs": 165,
  "submitted_ta_runs": 300,
  "ta_time_used": 185.25929951667786,
  "wallclock_time_used": 237.6437907218933,
  "dataset_id": 125922,
  "perf_time": 237.6545909580018
}