{
  "mean_cost": 0.5144345800437813,
  "finished_ta_runs": 1,
  "inc_changed": 1,
  "n_configs": 1,
  "submitted_ta_runs": 1,
  "ta_time_used": 0.16514205932617188,
  "wallclock_time_used": 0.16697311401367188
}