{"cpu_time": 0.0, "wallclock_time": 0.0005819797515869141, "evaluations": 0, "cost": 2147483648.0, "incumbent": {"C": 1.3600811985592882, "gamma": 0.09352602871548096}, "budget": 0, "origin": "Sobol"}
{"cpu_time": 0.18334674835205078, "wallclock_time": 0.18470406532287598, "evaluations": 1, "cost": 0.1115, "incumbent": {"C": 1.3600811985592882, "gamma": 0.09352602871548096}, "budget": 0, "origin": "Sobol"}
{"cpu_time": 18.012147426605225, "wallclock_time": 18.767077922821045, "evaluations": 32, "cost": 0.1093, "incumbent": {"C": 3.5806013370538667, "gamma": 0.08830979649943048}, "budget": 0, "origin": "Random Search (sorted)"}
{"cpu_time": 19.639394521713257, "wallclock_time": 20.670276880264282, "evaluations": 41, "cost": 0.1064, "incumbent": {"C": 4.213562687896746, "gamma": 0.0881190649735002}, "budget": 0, "origin": "Local Search"}
{"cpu_time": 23.909048795700073, "wallclock_time": 26.30548405647278, "evaluations": 52, "cost": 0.1059, "incumbent": {"C": 4.3907252738331, "gamma": 0.0881190649735002}, "budget": 0, "origin": "Local Search"}
{"cpu_time": 33.08946418762207, "wallclock_time": 38.99344182014465, "evaluations": 95, "cost": 0.0951, "incumbent": {"C": 10.011726986209197, "gamma": 0.14432951982428288}, "budget": 0, "origin": "Random Search"}
{"cpu_time": 41.17123055458069, "wallclock_time": 50.148640155792236, "evaluations": 111, "cost": 0.0947, "incumbent": {"C": 12.531586590402517, "gamma": 0.14430271760934474}, "budget": 0, "origin": "Local Search"}
{"cpu_time": 42.56879448890686, "wallclock_time": 51.90993690490723, "evaluations": 117, "cost": 0.093, "incumbent": {"C": 69.06946714864519, "gamma": 0.14430271760934474}, "budget": 0, "origin": "Local Search"}
{"cpu_time": 56.318520069122314, "wallclock_time": 70.63575983047485, "evaluations": 140, "cost": 0.0921, "incumbent": {"C": 69.72576550756114, "gamma": 0.14028135554537463}, "budget": 0, "origin": "Local Search"}
{"cpu_time": 69.68398427963257, "wallclock_time": 90.43100810050964, "evaluations": 193, "cost": 0.092, "incumbent": {"C": 69.58224659181658, "gamma": 0.1361598312634833}, "budget": 0, "origin": "Local Search"}
{"cpu_time": 78.42578220367432, "wallclock_time": 105.78044080734253, "evaluations": 217, "cost": 0.0915, "incumbent": {"C": 70.30662719551309, "gamma": 0.1361536093693918}, "budget": 0, "origin": "Local Search"}
{"cpu_time": 95.83793878555298, "wallclock_time": 136.53561305999756, "evaluations": 279, "cost": 0.0915, "incumbent": {"C": 70.25390211677862, "gamma": 0.19553877319765878}, "budget": 0, "origin": "Local Search"}
