{
  "mean_cost": 0.01163067343096583,
  "finished_ta_runs": 300,
  "inc_changed": 1,
  "n_configs": 90,
  "submitted_ta_runs": 300,
  "ta_time_used": 101.91474294662476,
  "wallclock_time_used": 134.2696738243103,
  "dataset_id": 3549,
  "perf_time": 134.280925209001
}