{
  "mean_cost": 0.3215536918402476,
  "finished_ta_runs": 2,
  "inc_changed": 1,
  "n_configs": 1,
  "submitted_ta_runs": 2,
  "ta_time_used": 66.82924294471741,
  "wallclock_time_used": 66.83155822753906,
  "dataset_id": 146195,
  "perf_time": 66.83776862499985
}