{
  "mean_cost": 0.5625111504394675,
  "finished_ta_runs": 1,
  "inc_changed": 1,
  "n_configs": 1,
  "submitted_ta_runs": 1,
  "ta_time_used": 0.2861928939819336,
  "wallclock_time_used": 0.28794074058532715
}