"CPU Time Used","Estimated Training Performance","Wallclock Time","Incumbent ID","Automatic Configurator (CPU) Time","Configuration..."
0.000000, 2147483648.000000, 0.000041, 1, 0.000041, alpha='0.001',eta0='0.01'
3.250025, 0.770000, 3.250813, 1, 0.000787, alpha='0.001',eta0='0.01'
35.084523, 0.685200, 35.094653, 2, 0.010130, alpha='1.8419909509685855e-05',eta0='0.05046106065359831'
631.840050, 0.685200, 632.529515, 3, 0.689465, alpha='1.2274896128632242e-05',eta0='0.0834016150910079'
923.969907, 0.684800, 925.386121, 4, 1.416214, alpha='1.1692695306776415e-05',eta0='0.1571740598567174'
1251.057568, 0.684800, 1253.467443, 5, 2.409875, alpha='1.0647649912830236e-05',eta0='0.033495614074799764'
