{
  "mean_cost": 0.44243199923165444,
  "finished_ta_runs": 1,
  "inc_changed": 1,
  "n_configs": 1,
  "submitted_ta_runs": 1,
  "ta_time_used": 0.2565290927886963,
  "wallclock_time_used": 0.25809311866760254
}