"CPU Time Used","Estimated Training Performance","Wallclock Time","Incumbent ID","Automatic Configurator (CPU) Time","Configuration..."
0.000000, 2147483648.000000, 0.000553, 1, 0.000553, C='1.3600811985592882',gamma='0.09352602871548096'
0.025978, 0.735300, 0.027259, 1, 0.001281, C='1.3600811985592882',gamma='0.09352602871548096'
0.290560, 0.408400, 0.303117, 2, 0.012557, C='102.59827344587585',gamma='0.0039228031036218506'
0.596553, 0.372100, 0.630445, 3, 0.033892, C='0.6293526165094239',gamma='0.0012324628012758837'
0.716078, 0.338600, 0.762093, 4, 0.046015, C='4.729862452035014',gamma='0.0020153549174183696'
0.851008, 0.320200, 1.201217, 5, 0.350209, C='4.6672506141258445',gamma='0.0013343032922157843'
0.928544, 0.315900, 1.286210, 6, 0.357666, C='4.797094334308619',gamma='0.0012351699876949006'
1.023868, 0.306800, 1.692698, 7, 0.668830, C='4.830537330308202',gamma='0.001004151161433556'
