"CPU Time Used","Estimated Training Performance","Wallclock Time","Incumbent ID","Automatic Configurator (CPU) Time","Configuration..."
0.000000, 2147483648.000000, 0.000591, 1, 0.000591, C='0.017961675793542162',gamma='0.9046232030638993'
0.018471, 0.500000, 0.019810, 1, 0.001339, C='0.017961675793542162',gamma='0.9046232030638993'
0.987841, 0.488700, 1.071057, 2, 0.083216, C='176.75556488562856',gamma='0.002712060563487799'
1.241179, 0.484000, 1.746812, 3, 0.505634, C='64.22551601342187',gamma='0.0014375177226035863'
1.657390, 0.479000, 3.781860, 4, 2.124470, C='98.65428819425192',gamma='0.001136248267554353'
1.869721, 0.468800, 5.467642, 5, 3.597921, C='26.51140044815264',gamma='0.0011364031427491287'
2.265666, 0.465700, 8.117668, 6, 5.852002, C='22.697788223266375',gamma='0.0011393545016949009'
