{
  "mean_cost": 0.14464181286549715,
  "finished_ta_runs": 300,
  "inc_changed": 4,
  "n_configs": 102,
  "submitted_ta_runs": 300,
  "ta_time_used": 1.7755279541015625,
  "wallclock_time_used": 28.39548897743225,
  "dataset_id": 146819,
  "perf_time": 28.40886020900507
}