{"cpu_time": 0.0, "wallclock_time": 0.0015730857849121094, "evaluations": 0, "cost": 2147483648.0, "incumbent": {"max_depth": 1, "max_features": 0.49276944529265165, "min_samples_leaf": 4, "min_samples_split": 9}, "budget": 0, "origin": "Sobol"}
{"cpu_time": 0.06865501403808594, "wallclock_time": 0.07112812995910645, "evaluations": 1, "cost": 0.6477, "incumbent": {"max_depth": 1, "max_features": 0.49276944529265165, "min_samples_leaf": 4, "min_samples_split": 9}, "budget": 0, "origin": "Sobol"}
{"cpu_time": 0.2758595943450928, "wallclock_time": 0.2807769775390625, "evaluations": 4, "cost": 0.5206, "incumbent": {"max_depth": 22, "max_features": 0.502463330514729, "min_samples_leaf": 18, "min_samples_split": 83}, "budget": 0, "origin": "Sobol"}
{"cpu_time": 0.43312549591064453, "wallclock_time": 0.43976402282714844, "evaluations": 6, "cost": 0.5039, "incumbent": {"max_depth": 10, "max_features": 0.5, "min_samples_leaf": 1, "min_samples_split": 32}, "budget": 0, "origin": null}
{"cpu_time": 2.743574619293213, "wallclock_time": 2.7836520671844482, "evaluations": 35, "cost": 0.4766, "incumbent": {"max_depth": 17, "max_features": 0.9866730123758316, "min_samples_leaf": 13, "min_samples_split": 6}, "budget": 0, "origin": "Sobol"}
{"cpu_time": 3.706716537475586, "wallclock_time": 3.7660868167877197, "evaluations": 47, "cost": 0.4717, "incumbent": {"max_depth": 35, "max_features": 0.653578007593751, "min_samples_leaf": 3, "min_samples_split": 2}, "budget": 0, "origin": "Sobol"}
{"cpu_time": 7.10017466545105, "wallclock_time": 14.057896852493286, "evaluations": 85, "cost": 0.4702, "incumbent": {"max_depth": 12, "max_features": 0.7523607788336918, "min_samples_leaf": 3, "min_samples_split": 5}, "budget": 0, "origin": "Random Search"}
{"cpu_time": 7.975449562072754, "wallclock_time": 16.671844005584717, "evaluations": 94, "cost": 0.4639, "incumbent": {"max_depth": 12, "max_features": 0.6488618271052268, "min_samples_leaf": 3, "min_samples_split": 2}, "budget": 0, "origin": "Local Search"}
