"CPU Time Used","Estimated Training Performance","Wallclock Time","Incumbent ID","Automatic Configurator (CPU) Time","Configuration..."
0.000000, 2147483648.000000, 0.000036, 1, 0.000036, alpha='0.001',eta0='0.01'
0.147490, 0.464900, 0.148112, 1, 0.000622, alpha='0.001',eta0='0.01'
0.614526, 0.435300, 0.617654, 2, 0.003129, alpha='3.649484911512686e-05',eta0='1.2652165208090965e-05'
