"CPU Time Used","Estimated Training Performance","Wallclock Time","Incumbent ID","Automatic Configurator (CPU) Time","Configuration..."
0.000000, 2147483648.000000, 0.000540, 1, 0.000540, C='1.3600811985592882',gamma='0.09352602871548096'
0.024625, 0.500000, 0.025868, 1, 0.001243, C='1.3600811985592882',gamma='0.09352602871548096'
0.312353, 0.462500, 0.331890, 2, 0.019537, C='102.59827344587585',gamma='0.0039228031036218506'
0.683783, 0.456000, 0.985201, 3, 0.301418, C='981.3127402417894',gamma='0.004625325391192906'
1.250598, 0.451600, 5.789764, 4, 4.539166, C='981.6617161368033',gamma='0.005602440734530582'
1.714349, 0.443300, 8.114135, 5, 6.399786, C='982.1978799063388',gamma='0.005563358727444095'
