{
  "mean_cost": 0.0714862523172546,
  "finished_ta_runs": 167,
  "inc_changed": 3,
  "n_configs": 91,
  "submitted_ta_runs": 167,
  "ta_time_used": 33.66189098358154,
  "wallclock_time_used": 60.10845398902893,
  "dataset_id": 146822
}