{
  "mean_cost": 0.28707655022927686,
  "finished_ta_runs": 600,
  "inc_changed": 4,
  "n_configs": 570,
  "submitted_ta_runs": 600,
  "ta_time_used": 112.81187844276428,
  "wallclock_time_used": 118.34256196022034,
  "dataset_id": 45,
  "perf_time": 118.36068779099969
}