{"cpu_time": 0.0, "wallclock_time": 0.0015671253204345703, "evaluations": 0, "cost": 2147483648.0, "incumbent": {"max_depth": 6, "max_features": 0.3290755869820714, "min_samples_leaf": 11, "min_samples_split": 2}, "budget": 0, "origin": "Sobol"}
{"cpu_time": 0.10352110862731934, "wallclock_time": 0.10607719421386719, "evaluations": 1, "cost": 0.283, "incumbent": {"max_depth": 6, "max_features": 0.3290755869820714, "min_samples_leaf": 11, "min_samples_split": 2}, "budget": 0, "origin": "Sobol"}
{"cpu_time": 1.168412208557129, "wallclock_time": 1.1787631511688232, "evaluations": 10, "cost": 0.2574, "incumbent": {"max_depth": 18, "max_features": 0.9707894120365381, "min_samples_leaf": 5, "min_samples_split": 26}, "budget": 0, "origin": "Sobol"}
{"cpu_time": 3.4246065616607666, "wallclock_time": 3.4665379524230957, "evaluations": 36, "cost": 0.2455, "incumbent": {"max_depth": 39, "max_features": 0.3087822897359729, "min_samples_leaf": 3, "min_samples_split": 7}, "budget": 0, "origin": "Sobol"}
{"cpu_time": 5.485410213470459, "wallclock_time": 6.133584260940552, "evaluations": 61, "cost": 0.2408, "incumbent": {"max_depth": 19, "max_features": 0.1609297013967179, "min_samples_leaf": 2, "min_samples_split": 6}, "budget": 0, "origin": "Local Search"}
{"cpu_time": 11.054663181304932, "wallclock_time": 26.376376152038574, "evaluations": 112, "cost": 0.225, "incumbent": {"max_depth": 25, "max_features": 0.6351100261439697, "min_samples_leaf": 1, "min_samples_split": 2}, "budget": 0, "origin": "Local Search"}
{"cpu_time": 22.818360805511475, "wallclock_time": 59.01057410240173, "evaluations": 207, "cost": 0.2238, "incumbent": {"max_depth": 18, "max_features": 0.5933294590351306, "min_samples_leaf": 1, "min_samples_split": 2}, "budget": 0, "origin": "Local Search"}
