{
  "mean_cost": 0.5167279942279943,
  "finished_ta_runs": 1,
  "inc_changed": 1,
  "n_configs": 1,
  "submitted_ta_runs": 1,
  "ta_time_used": 0.14089083671569824,
  "wallclock_time_used": 0.14246821403503418
}