{
  "mean_cost": 0.42992277027364745,
  "finished_ta_runs": 1,
  "inc_changed": 1,
  "n_configs": 1,
  "submitted_ta_runs": 1,
  "ta_time_used": 0.10258793830871582,
  "wallclock_time_used": 0.10407471656799316,
  "dataset_id": 45,
  "perf_time": 0.1099356669997178
}