{
  "mean_cost": 0.23937258130451708,
  "finished_ta_runs": 23,
  "inc_changed": 2,
  "n_configs": 18,
  "submitted_ta_runs": 23,
  "ta_time_used": 122.56666874885559,
  "wallclock_time_used": 122.60851502418518,
  "dataset_id": 9910
}