{"cpu_time": 0.0, "wallclock_time": 8.606910705566406e-05, "evaluations": 0, "cost": 2147483648.0, "incumbent": {"colsample_bytree": 1.0, "eta": 0.3, "max_depth": 10, "reg_lambda": 1.0}, "budget": 0, "origin": "Default"}
{"cpu_time": 3.2497260570526123, "wallclock_time": 3.250692129135132, "evaluations": 1, "cost": 0.0136, "incumbent": {"colsample_bytree": 1.0, "eta": 0.3, "max_depth": 10, "reg_lambda": 1.0}, "budget": 0, "origin": "Default"}
{"cpu_time": 41.165745973587036, "wallclock_time": 41.18562984466553, "evaluations": 16, "cost": 0.0112, "incumbent": {"colsample_bytree": 0.42779910928331233, "eta": 0.13140302375308188, "max_depth": 4, "reg_lambda": 1.351829952028138}, "budget": 0, "origin": "Random Search"}
{"cpu_time": 101.18833541870117, "wallclock_time": 101.30861210823059, "evaluations": 60, "cost": 0.0108, "incumbent": {"colsample_bytree": 0.5049196144615989, "eta": 0.496305504707424, "max_depth": 3, "reg_lambda": 4.951142992489962}, "budget": 0, "origin": "Random Search"}
{"cpu_time": 280.92764043807983, "wallclock_time": 281.51545810699463, "evaluations": 169, "cost": 0.0103, "incumbent": {"colsample_bytree": 0.8774778852715822, "eta": 0.3906034629169626, "max_depth": 3, "reg_lambda": 2.221915425164145}, "budget": 0, "origin": "Random Search"}
{"cpu_time": 489.54775857925415, "wallclock_time": 491.1364459991455, "evaluations": 299, "cost": 0.0098, "incumbent": {"colsample_bytree": 0.32984913411020594, "eta": 0.4855562202716006, "max_depth": 5, "reg_lambda": 0.015206286693145662}, "budget": 0, "origin": "Random Search"}
