"CPU Time Used","Estimated Training Performance","Wallclock Time","Incumbent ID","Automatic Configurator (CPU) Time","Configuration..."
0.000000, 2147483648.000000, 0.000086, 1, 0.000086, colsample_bytree='1.0',eta='0.3',max_depth='10',reg_lambda='1.0'
3.249726, 0.013600, 3.250692, 1, 0.000966, colsample_bytree='1.0',eta='0.3',max_depth='10',reg_lambda='1.0'
41.165746, 0.011200, 41.185630, 2, 0.019884, colsample_bytree='0.42779910928331233',eta='0.13140302375308188',max_depth='4',reg_lambda='1.351829952028138'
101.188335, 0.010800, 101.308612, 3, 0.120277, colsample_bytree='0.5049196144615989',eta='0.496305504707424',max_depth='3',reg_lambda='4.951142992489962'
280.927640, 0.010300, 281.515458, 4, 0.587818, colsample_bytree='0.8774778852715822',eta='0.3906034629169626',max_depth='3',reg_lambda='2.221915425164145'
489.547759, 0.009800, 491.136446, 5, 1.588687, colsample_bytree='0.32984913411020594',eta='0.4855562202716006',max_depth='5',reg_lambda='0.015206286693145662'
