{"cpu_time": 0.0, "wallclock_time": 4.506111145019531e-05, "evaluations": 0, "cost": 2147483648.0, "incumbent": {"colsample_bytree": 1.0, "eta": 0.3, "max_depth": 10, "reg_lambda": 1.0}, "budget": 0, "origin": "Default"}
{"cpu_time": 0.25816965103149414, "wallclock_time": 0.2588369846343994, "evaluations": 1, "cost": 0.3307, "incumbent": {"colsample_bytree": 1.0, "eta": 0.3, "max_depth": 10, "reg_lambda": 1.0}, "budget": 0, "origin": "Default"}
{"cpu_time": 9.135840892791748, "wallclock_time": 9.490715265274048, "evaluations": 131, "cost": 0.3285, "incumbent": {"colsample_bytree": 0.27388109579717784, "eta": 0.5636480296353139, "max_depth": 7, "reg_lambda": 0.00948558289519892}, "budget": 0, "origin": "Random Search"}
{"cpu_time": 12.625078916549683, "wallclock_time": 13.211803913116455, "evaluations": 176, "cost": 0.3273, "incumbent": {"colsample_bytree": 0.7864832835073964, "eta": 0.25666499068809123, "max_depth": 7, "reg_lambda": 0.0650356602498041}, "budget": 0, "origin": "Random Search"}
{"cpu_time": 20.024997234344482, "wallclock_time": 21.54828405380249, "evaluations": 300, "cost": 0.327, "incumbent": {"colsample_bytree": 0.23651200991753063, "eta": 0.2766746536334043, "max_depth": 8, "reg_lambda": 0.19625936389969345}, "budget": 0, "origin": "Random Search"}
{"cpu_time": 24.413849592208862, "wallclock_time": 26.57738184928894, "evaluations": 364, "cost": 0.3265, "incumbent": {"colsample_bytree": 0.7522689292827262, "eta": 0.31249691315924466, "max_depth": 7, "reg_lambda": 0.09295697050773519}, "budget": 0, "origin": "Random Search"}
{"cpu_time": 35.931065797805786, "wallclock_time": 40.41500401496887, "evaluations": 543, "cost": 0.3243, "incumbent": {"colsample_bytree": 0.993457950511159, "eta": 0.7086731157616925, "max_depth": 5, "reg_lambda": 3.546827620383909}, "budget": 0, "origin": "Random Search"}
