"CPU Time Used","Estimated Training Performance","Wallclock Time","Incumbent ID","Automatic Configurator (CPU) Time","Configuration..."
0.000000, 2147483648.000000, 0.000531, 1, 0.000531, alpha='0.0040824718253228975',eta0='0.00044195488125554607'
0.087602, 0.311900, 0.088791, 1, 0.001189, alpha='0.0040824718253228975',eta0='0.00044195488125554607'
0.285994, 0.315400, 0.289350, 2, 0.003356, alpha='0.0007534803600179209',eta0='0.01638324291048883'
1.360832, 0.368700, 1.376508, 3, 0.015676, alpha='8.740778541533059e-05',eta0='0.35545691961437276'
3.108958, 0.368400, 3.153871, 4, 0.044912, alpha='1.5453619743711834e-05',eta0='0.0020987569216046422'
5.422863, 0.363600, 8.026014, 5, 2.603151, alpha='0.2389918433667326',eta0='0.00012951786958771355'
10.053709, 0.358500, 19.328265, 6, 9.274556, alpha='0.2839465161721007',eta0='0.0001671373922835128'
11.812024, 0.351200, 23.635173, 7, 11.823149, alpha='0.0001105546512896845',eta0='0.8185778774942938'
16.966866, 0.345600, 40.251392, 8, 23.284526, alpha='9.718135864651941e-05',eta0='0.9117929856465972'
