"CPU Time Used","Estimated Training Performance","Wallclock Time","Incumbent ID","Automatic Configurator (CPU) Time","Configuration..."
0.000000, 2147483648.000000, 0.000750, 1, 0.000750, alpha='0.0004126639093412234',eta0='0.0017613324954003418'
5.143006, 0.498400, 5.144747, 1, 0.001741, alpha='0.0004126639093412234',eta0='0.0017613324954003418'
144.303670, 0.495700, 144.335804, 2, 0.032134, alpha='0.00014331222076014103',eta0='0.0006285756509200554'
373.474757, 0.493400, 381.315676, 3, 7.840919, alpha='0.00018262148239235168',eta0='0.010992530086993213'
