"CPU Time Used","Estimated Training Performance","Wallclock Time","Incumbent ID","Automatic Configurator (CPU) Time","Configuration..."
0.000000, 2147483648.000000, 0.000044, 1, 0.000044, alpha='0.001',eta0='0.01'
0.182882, 0.787800, 0.184095, 1, 0.001213, alpha='0.001',eta0='0.01'
0.991737, 0.714600, 0.999440, 2, 0.007704, alpha='0.08477318530405828',eta0='1.1349690026383863e-05'
5.510717, 0.704000, 5.571780, 3, 0.061063, alpha='0.00027413255540362463',eta0='2.5353007616912505e-05'
11.733422, 0.694300, 11.905238, 4, 0.171816, alpha='2.237464795788003e-05',eta0='2.787974578815287e-05'
29.074887, 0.685600, 29.867048, 5, 0.792161, alpha='0.00040843004478741845',eta0='0.00011503415138289761'
