"CPU Time Used","Estimated Training Performance","Wallclock Time","Incumbent ID","Automatic Configurator (CPU) Time","Configuration..."
0.000000, 2147483648.000000, 0.000574, 1, 0.000574, alpha='0.0040824718253228975',eta0='0.00044195488125554607'
0.032370, 0.500000, 0.033749, 1, 0.001379, alpha='0.0040824718253228975',eta0='0.00044195488125554607'
0.575844, 0.378100, 0.603359, 2, 0.027515, alpha='5.872228902171585e-05',eta0='0.00027724604623741747'
