{"cpu_time": 0.0, "wallclock_time": 0.00029587745666503906, "evaluations": 0, "cost": 2147483648.0, "incumbent": {"max_depth": 2, "max_features": 0.4491682695224881, "min_samples_leaf": 1, "min_samples_split": 4}, "budget": 0, "origin": "Sobol"}
{"cpu_time": 0.07228684425354004, "wallclock_time": 0.07323217391967773, "evaluations": 1, "cost": 0.3594, "incumbent": {"max_depth": 2, "max_features": 0.4491682695224881, "min_samples_leaf": 1, "min_samples_split": 4}, "budget": 0, "origin": "Sobol"}
