"CPU Time Used","Estimated Training Performance","Wallclock Time","Incumbent ID","Automatic Configurator (CPU) Time","Configuration..."
0.000000, 2147483648.000000, 0.001409, 1, 0.001409, colsample_bytree='0.3908073678612709',eta='0.02197006114591668',max_depth='1',reg_lambda='0.025956378731779545'
0.020936, 0.270500, 0.023275, 1, 0.002339, colsample_bytree='0.3908073678612709',eta='0.02197006114591668',max_depth='1',reg_lambda='0.025956378731779545'
0.110452, 0.221400, 0.115209, 2, 0.004757, colsample_bytree='0.7864414579235017',eta='0.06876373473778273',max_depth='5',reg_lambda='2.180661802430785'
1.159236, 0.202600, 1.203214, 3, 0.043978, colsample_bytree='0.9384917790070176',eta='0.0010440472213029146',max_depth='7',reg_lambda='0.013769361653309416'
