"CPU Time Used","Estimated Training Performance","Wallclock Time","Incumbent ID","Automatic Configurator (CPU) Time","Configuration..."
0.000000, 2147483648.000000, 0.000623, 1, 0.000623, alpha='0.0004126639093412234',eta0='0.0017613324954003418'
0.684546, 0.233000, 0.686069, 1, 0.001523, alpha='0.0004126639093412234',eta0='0.0017613324954003418'
4.663045, 0.177500, 4.669764, 2, 0.006719, alpha='0.10693804138470717',eta0='1.4701197301483249e-05'
11.062678, 0.165200, 11.079623, 3, 0.016945, alpha='1.3751027885583958e-05',eta0='0.0001426968473177047'
19.498724, 0.156400, 19.531801, 4, 0.033077, alpha='0.0014439030581155858',eta0='2.6843996424460273e-05'
48.947034, 0.156000, 55.720154, 5, 6.773120, alpha='0.001433066103706718',eta0='2.6154682847477727e-05'
63.762881, 0.155200, 73.262296, 6, 9.499414, alpha='6.957080872649492e-05',eta0='2.6441316136650434e-05'
