{
  "mean_cost": 0.05274543927962588,
  "finished_ta_runs": 148,
  "inc_changed": 4,
  "n_configs": 84,
  "submitted_ta_runs": 148,
  "ta_time_used": 38.48442029953003,
  "wallclock_time_used": 60.00397992134094,
  "dataset_id": 45
}