{"cpu_time": 0.0, "wallclock_time": 0.0005609989166259766, "evaluations": 0, "cost": 2147483648.0, "incumbent": {"C": 0.08611366210550205, "gamma": 0.4942679928374453}, "budget": 0, "origin": "Sobol"}
{"cpu_time": 0.026088953018188477, "wallclock_time": 0.0274200439453125, "evaluations": 1, "cost": 0.5, "incumbent": {"C": 0.08611366210550205, "gamma": 0.4942679928374453}, "budget": 0, "origin": "Sobol"}
{"cpu_time": 0.08108639717102051, "wallclock_time": 0.08470296859741211, "evaluations": 4, "cost": 0.4484, "incumbent": {"C": 19.433598606658386, "gamma": 9.232350409327609}, "budget": 0, "origin": "Sobol"}
