"CPU Time Used","Estimated Training Performance","Wallclock Time","Incumbent ID","Automatic Configurator (CPU) Time","Configuration..."
0.000000, 2147483648.000000, 0.000561, 1, 0.000561, C='0.08611366210550205',gamma='0.4942679928374453'
0.026089, 0.500000, 0.027420, 1, 0.001331, C='0.08611366210550205',gamma='0.4942679928374453'
0.081086, 0.448400, 0.084703, 2, 0.003617, C='19.433598606658386',gamma='9.232350409327609'
