{
  "mean_cost": 0.457175586162941,
  "finished_ta_runs": 745,
  "inc_changed": 7,
  "n_configs": 690,
  "submitted_ta_runs": 745,
  "ta_time_used": 111.11603426933289,
  "wallclock_time_used": 120.00850200653076,
  "dataset_id": 146820
}