{"cpu_time": 0.0, "wallclock_time": 4.982948303222656e-05, "evaluations": 0, "cost": 2147483648.0, "incumbent": ["colsample_bytree='1.0'", "eta='0.3'", "max_depth='10'", "reg_lambda='1.0'"], "origin": "Default"}
{"cpu_time": 4.982426166534424, "wallclock_time": 4.983262777328491, "evaluations": 1, "cost": 0.0896, "incumbent": ["colsample_bytree='1.0'", "eta='0.3'", "max_depth='10'", "reg_lambda='1.0'"], "origin": "Default"}
{"cpu_time": 44.70627784729004, "wallclock_time": 44.71859812736511, "evaluations": 10, "cost": 0.0795, "incumbent": ["colsample_bytree='0.944553396390592'", "eta='0.7771105186723747'", "max_depth='4'", "reg_lambda='6.037064981686672'"], "origin": "Random Search"}
{"cpu_time": 81.9871916770935, "wallclock_time": 82.03448796272278, "evaluations": 28, "cost": 0.0772, "incumbent": ["colsample_bytree='0.16449721057219574'", "eta='0.04533633244107264'", "max_depth='4'", "reg_lambda='0.021269078015159353'"], "origin": "Random Search"}
{"cpu_time": 212.7000994682312, "wallclock_time": 212.922189950943, "evaluations": 79, "cost": 0.0661, "incumbent": ["colsample_bytree='0.1409480675268526'", "eta='0.06524487600591164'", "max_depth='10'", "reg_lambda='0.3463662867261738'"], "origin": "Random Search"}
