"CPU Time Used","Estimated Training Performance","Wallclock Time","Incumbent ID","Automatic Configurator (CPU) Time","Configuration..."
0.000000, 2147483648.000000, 0.000561, 1, 0.000561, alpha='0.0004126639093412234',eta0='0.0017613324954003418'
3.156418, 0.690200, 3.157770, 1, 0.001352, alpha='0.0004126639093412234',eta0='0.0017613324954003418'
31.843632, 0.691600, 31.852929, 2, 0.009297, alpha='6.675963694532246e-05',eta0='0.13455959491033861'
88.647506, 0.689900, 88.679228, 3, 0.031722, alpha='0.00014331222076014103',eta0='0.0006285756509200554'
479.777291, 0.689700, 497.729550, 4, 17.952259, alpha='0.00015802146069945997',eta0='0.0006658869390423136'
