"CPU Time Used","Estimated Training Performance","Wallclock Time","Incumbent ID","Automatic Configurator (CPU) Time","Configuration..."
0.000000, 2147483648.000000, 0.001371, 1, 0.001371, colsample_bytree='0.2890479595400393',eta='0.02972240058848022',max_depth='1',reg_lambda='0.23594281684827217'
0.013924, 0.500000, 0.016215, 1, 0.002291, colsample_bytree='0.2890479595400393',eta='0.02972240058848022',max_depth='1',reg_lambda='0.23594281684827217'
0.051831, 0.493900, 0.056521, 2, 0.004690, colsample_bytree='0.839533680677414',eta='0.03178815964339868',max_depth='7',reg_lambda='260.08137409645684'
0.121112, 0.386800, 0.127453, 3, 0.006341, colsample_bytree='1.0',eta='0.3',max_depth='10',reg_lambda='1.0'
0.251186, 0.372100, 0.263692, 4, 0.012506, colsample_bytree='0.5235572370700539',eta='0.1863242307845216',max_depth='3',reg_lambda='4.4461461740589225'
0.328456, 0.314200, 0.348024, 5, 0.019567, colsample_bytree='0.6967330143786967',eta='0.5491817241792905',max_depth='1',reg_lambda='0.02427911263315825'
0.461958, 0.298200, 0.491874, 6, 0.029916, colsample_bytree='0.9814464318566024',eta='0.37123837434896595',max_depth='2',reg_lambda='12.502183486957058'
