{
  "mean_cost": 0.48474720424482237,
  "finished_ta_runs": 300,
  "inc_changed": 5,
  "n_configs": 121,
  "submitted_ta_runs": 300,
  "ta_time_used": 9.609808206558228,
  "wallclock_time_used": 47.13583827018738,
  "dataset_id": 23,
  "perf_time": 47.14823391700338
}