{
  "mean_cost": 0.28665839713736635,
  "finished_ta_runs": 192,
  "inc_changed": 6,
  "n_configs": 97,
  "submitted_ta_runs": 192,
  "ta_time_used": 27.712541580200195,
  "wallclock_time_used": 60.142695903778076,
  "dataset_id": 18
}