"CPU Time Used","Estimated Training Performance","Wallclock Time","Incumbent ID","Automatic Configurator (CPU) Time","Configuration..."
0.000000, 2147483648.000000, 0.000590, 1, 0.000590, C='1.3600811985592882',gamma='0.09352602871548096'
0.013117, 0.500000, 0.014476, 1, 0.001359, C='1.3600811985592882',gamma='0.09352602871548096'
0.174978, 0.450000, 0.191767, 2, 0.016789, C='102.59827344587585',gamma='0.0039228031036218506'
0.348695, 0.433500, 0.390526, 3, 0.041831, C='4.729862452035014',gamma='0.0020153549174183696'
0.431878, 0.405700, 0.773414, 4, 0.341536, C='852.0600303443208',gamma='0.001356984965261705'
0.711963, 0.392700, 3.103239, 5, 2.391275, C='680.6307830362778',gamma='0.001132683931438498'
0.763151, 0.389500, 3.164478, 6, 2.401327, C='1019.6790662946325',gamma='0.000989895473130904'
