{"cpu_time": 0.0, "wallclock_time": 0.0014951229095458984, "evaluations": 0, "cost": 2147483648.0, "incumbent": ["colsample_bytree='0.2890479595400393'", "eta='0.02972240058848022'", "max_depth='1'", "reg_lambda='0.23594281684827217'"], "origin": "Sobol"}
{"cpu_time": 1.3392479419708252, "wallclock_time": 1.3420641422271729, "evaluations": 1, "cost": 0.6566, "incumbent": ["colsample_bytree='0.2890479595400393'", "eta='0.02972240058848022'", "max_depth='1'", "reg_lambda='0.23594281684827217'"], "origin": "Sobol"}
{"cpu_time": 24.434903621673584, "wallclock_time": 24.441534996032715, "evaluations": 4, "cost": 0.573, "incumbent": ["colsample_bytree='0.839533680677414'", "eta='0.03178815964339868'", "max_depth='7'", "reg_lambda='260.08137409645684'"], "origin": "Sobol"}
{"cpu_time": 58.5740807056427, "wallclock_time": 58.582762002944946, "evaluations": 6, "cost": 0.3751, "incumbent": ["colsample_bytree='1.0'", "eta='0.3'", "max_depth='10'", "reg_lambda='1.0'"], "origin": null}
{"cpu_time": 347.9346754550934, "wallclock_time": 349.6264052391052, "evaluations": 55, "cost": 0.3708, "incumbent": ["colsample_bytree='1.0'", "eta='0.4222132250745174'", "max_depth='10'", "reg_lambda='1.250044338792396'"], "origin": "Local Search"}
{"cpu_time": 598.7593564987183, "wallclock_time": 605.6110272407532, "evaluations": 75, "cost": 0.3701, "incumbent": ["colsample_bytree='1.0'", "eta='0.4196140102836914'", "max_depth='10'", "reg_lambda='1.250044338792396'"], "origin": "Local Search"}
{"cpu_time": 944.3062288761139, "wallclock_time": 960.4013061523438, "evaluations": 100, "cost": 0.3664, "incumbent": ["colsample_bytree='1.0'", "eta='0.4202942523682887'", "max_depth='9'", "reg_lambda='1.1812481637919134'"], "origin": "Local Search"}
{"cpu_time": 1108.8026492595673, "wallclock_time": 1128.475652217865, "evaluations": 111, "cost": 0.3662, "incumbent": ["colsample_bytree='1.0'", "eta='0.4196140102836914'", "max_depth='9'", "reg_lambda='1.0243800139727084'"], "origin": "Local Search"}
