{
  "mean_cost": 0.49843965890145203,
  "finished_ta_runs": 1,
  "inc_changed": 1,
  "n_configs": 1,
  "submitted_ta_runs": 1,
  "ta_time_used": 4.983947992324829,
  "wallclock_time_used": 4.98541784286499,
  "dataset_id": 167119,
  "perf_time": 4.991075457999614
}