{
  "mean_cost": 0.053669990177921956,
  "finished_ta_runs": 1,
  "inc_changed": 1,
  "n_configs": 1,
  "submitted_ta_runs": 1,
  "ta_time_used": 0.3687758445739746,
  "wallclock_time_used": 0.37037014961242676,
  "dataset_id": 45,
  "perf_time": 0.3785010419996979
}