"CPU Time Used","Estimated Training Performance","Wallclock Time","Incumbent ID","Automatic Configurator (CPU) Time","Configuration..."
0.000000, 2147483648.000000, 0.000048, 1, 0.000048, colsample_bytree='1.0',eta='0.3',max_depth='10',reg_lambda='1.0'
0.740883, 0.064800, 0.741599, 1, 0.000716, colsample_bytree='1.0',eta='0.3',max_depth='10',reg_lambda='1.0'
23.592407, 0.063100, 23.686192, 2, 0.093785, colsample_bytree='0.580351551034581',eta='0.4313368436612933',max_depth='4',reg_lambda='41.86020328617718'
39.454421, 0.060600, 39.659417, 3, 0.204996, colsample_bytree='0.41955788512925385',eta='0.005534706500761164',max_depth='9',reg_lambda='0.030362113579915955'
66.706314, 0.059300, 67.239410, 4, 0.533096, colsample_bytree='0.38458875256195446',eta='0.0026292055639351797',max_depth='9',reg_lambda='0.00435706228184645'
