{"cpu_time": 0.0, "wallclock_time": 4.792213439941406e-05, "evaluations": 0, "cost": 2147483648.0, "incumbent": {"colsample_bytree": 1.0, "eta": 0.3, "max_depth": 10, "reg_lambda": 1.0}, "budget": 0, "origin": "Default"}
{"cpu_time": 0.7408828735351562, "wallclock_time": 0.7415988445281982, "evaluations": 1, "cost": 0.0648, "incumbent": {"colsample_bytree": 1.0, "eta": 0.3, "max_depth": 10, "reg_lambda": 1.0}, "budget": 0, "origin": "Default"}
{"cpu_time": 23.59240698814392, "wallclock_time": 23.68619203567505, "evaluations": 54, "cost": 0.0631, "incumbent": {"colsample_bytree": 0.580351551034581, "eta": 0.4313368436612933, "max_depth": 4, "reg_lambda": 41.86020328617718}, "budget": 0, "origin": "Random Search"}
{"cpu_time": 39.454421281814575, "wallclock_time": 39.659416913986206, "evaluations": 92, "cost": 0.0606, "incumbent": {"colsample_bytree": 0.41955788512925385, "eta": 0.005534706500761164, "max_depth": 9, "reg_lambda": 0.030362113579915955}, "budget": 0, "origin": "Random Search"}
{"cpu_time": 66.70631384849548, "wallclock_time": 67.23940992355347, "evaluations": 165, "cost": 0.0593, "incumbent": {"colsample_bytree": 0.38458875256195446, "eta": 0.0026292055639351797, "max_depth": 9, "reg_lambda": 0.00435706228184645}, "budget": 0, "origin": "Random Search"}
