{
  "mean_cost": 0.11649281788170676,
  "finished_ta_runs": 28,
  "inc_changed": 2,
  "n_configs": 18,
  "submitted_ta_runs": 28,
  "ta_time_used": 65.61848974227905,
  "wallclock_time_used": 65.67818880081177,
  "dataset_id": 9981
}