{
  "mean_cost": 0.4636848702345807,
  "finished_ta_runs": 300,
  "inc_changed": 11,
  "n_configs": 135,
  "submitted_ta_runs": 300,
  "ta_time_used": 1024.656052827835,
  "wallclock_time_used": 1121.8721327781677,
  "dataset_id": 14969,
  "perf_time": 1121.871652834001
}