"CPU Time Used","Estimated Training Performance","Wallclock Time","Incumbent ID","Automatic Configurator (CPU) Time","Configuration..."
0.000000, 2147483648.000000, 0.000547, 1, 0.000547, C='0.08611366210550205',gamma='0.4942679928374453'
0.010785, 0.500000, 0.012008, 1, 0.001223, C='0.08611366210550205',gamma='0.4942679928374453'
0.065840, 0.438500, 0.071820, 2, 0.005980, C='69.38389384208695',gamma='0.0015531477828170245'
0.138955, 0.427000, 0.155346, 3, 0.016391, C='4.532544074901469',gamma='0.03382327396632573'
0.284038, 0.420600, 0.855425, 4, 0.571388, C='5.3966448485085206',gamma='0.030340865474099005'
0.416992, 0.414200, 2.205032, 5, 1.788040, C='6.0642327598447',gamma='0.030451716268092795'
