"CPU Time Used","Estimated Training Performance","Wallclock Time","Incumbent ID","Automatic Configurator (CPU) Time","Configuration..."
0.000000, 2147483648.000000, 0.000651, 1, 0.000651, alpha='0.00011227070295712931',eta0='0.0029096933833365197'
0.482402, 0.125100, 0.484029, 1, 0.001627, alpha='0.00011227070295712931',eta0='0.0029096933833365197'
6.109655, 0.168800, 6.123179, 2, 0.013524, alpha='0.0025540066964094537',eta0='1.2228344859878906e-05'
25.238567, 0.163900, 32.363078, 3, 7.124511, alpha='1.721105342582752e-05',eta0='1.1356741887433703e-05'
28.253847, 0.161600, 35.913296, 4, 7.659449, alpha='1.717259235183869e-05',eta0='1.0635937740706059e-05'
91.373295, 0.161600, 162.293029, 5, 70.919734, alpha='0.00023311637808880807',eta0='1.0807014541880534e-05'
