"CPU Time Used","Estimated Training Performance","Wallclock Time","Incumbent ID","Automatic Configurator (CPU) Time","Configuration..."
0.000000, 2147483648.000000, 0.000037, 1, 0.000037, C='1.0',gamma='0.1'
0.043305, 0.488900, 0.043950, 1, 0.000645, C='1.0',gamma='0.1'
0.273843, 0.475000, 0.279287, 2, 0.005445, C='1.746441318982685',gamma='0.0022547265063997683'
0.729912, 0.461100, 0.747116, 3, 0.017205, C='16.640050128980878',gamma='0.02787815770602151'
