"CPU Time Used","Estimated Training Performance","Wallclock Time","Incumbent ID","Automatic Configurator (CPU) Time","Configuration..."
0.000000, 2147483648.000000, 0.000544, 1, 0.000544, alpha='0.0004126639093412234',eta0='0.0017613324954003418'
0.146997, 0.478800, 0.148253, 1, 0.001256, alpha='0.0004126639093412234',eta0='0.0017613324954003418'
1.422634, 0.468700, 1.431174, 2, 0.008540, alpha='6.675963694532246e-05',eta0='0.13455959491033861'
4.208318, 0.465200, 4.244225, 3, 0.035907, alpha='0.00014331222076014103',eta0='0.0006285756509200554'
14.167826, 0.456500, 19.246118, 4, 5.078292, alpha='0.00018919503058020272',eta0='0.0006067995618719918'
17.629290, 0.442700, 26.091874, 5, 8.462584, alpha='0.00010914235654688424',eta0='0.0006042903855824227'
24.806077, 0.440000, 41.260590, 6, 16.454512, alpha='0.00010872510811573762',eta0='2.891329974096796e-05'
39.625064, 0.433500, 79.689943, 7, 40.064879, alpha='1.1709094590191337e-05',eta0='2.764235943938022e-05'
