"CPU Time Used","Estimated Training Performance","Wallclock Time","Incumbent ID","Automatic Configurator (CPU) Time","Configuration..."
0.000000, 2147483648.000000, 0.001508, 1, 0.001508, colsample_bytree='0.3908073678612709',eta='0.02197006114591668',max_depth='1',reg_lambda='0.025956378731779545'
0.016369, 0.381900, 0.018919, 1, 0.002549, colsample_bytree='0.3908073678612709',eta='0.02197006114591668',max_depth='1',reg_lambda='0.025956378731779545'
0.121431, 0.365400, 0.126724, 2, 0.005293, colsample_bytree='0.7864414579235017',eta='0.06876373473778273',max_depth='5',reg_lambda='2.180661802430785'
0.233155, 0.341500, 0.240396, 3, 0.007241, colsample_bytree='1.0',eta='0.3',max_depth='10',reg_lambda='1.0'
0.542010, 0.334600, 0.560345, 4, 0.018335, colsample_bytree='0.6266065758652986',eta='0.3646935062279739',max_depth='1',reg_lambda='0.2818207552142512'
1.168259, 0.331700, 1.224127, 5, 0.055868, colsample_bytree='0.5481296327896417',eta='0.608797375855971',max_depth='1',reg_lambda='1.1244959152470722'
1.450183, 0.285000, 1.527045, 6, 0.076862, colsample_bytree='0.7050256938673556',eta='0.8105600352594424',max_depth='8',reg_lambda='26.591563225527754'
3.606482, 0.280800, 23.848276, 7, 20.241794, colsample_bytree='0.663498535876751',eta='0.8105540819444854',max_depth='7',reg_lambda='38.88769255680873'
5.548679, 0.279100, 53.869376, 8, 48.320697, colsample_bytree='0.5929745782091168',eta='0.819874369013287',max_depth='7',reg_lambda='41.911194681250464'
