{
  "mean_cost": 0.07059691639379138,
  "finished_ta_runs": 300,
  "inc_changed": 9,
  "n_configs": 140,
  "submitted_ta_runs": 300,
  "ta_time_used": 122.45548701286316,
  "wallclock_time_used": 221.86011481285095,
  "dataset_id": 146800,
  "perf_time": 221.87371558400264
}