"CPU Time Used","Estimated Training Performance","Wallclock Time","Incumbent ID","Automatic Configurator (CPU) Time","Configuration..."
0.000000, 2147483648.000000, 0.000532, 1, 0.000532, alpha='0.0040824718253228975',eta0='0.00044195488125554607'
4.182610, 0.114400, 4.183861, 1, 0.001251, alpha='0.0040824718253228975',eta0='0.00044195488125554607'
28.836349, 0.099200, 28.843626, 2, 0.007277, alpha='2.1186147948258377e-05',eta0='8.558614272324676e-05'
68.317735, 0.094500, 68.335794, 3, 0.018059, alpha='0.14798430619583566',eta0='3.173402502821644e-05'
131.884181, 0.083700, 131.923915, 4, 0.039734, alpha='0.0021527079620027524',eta0='1.2132210994601314e-05'
225.359175, 0.083700, 227.678119, 5, 2.318944, alpha='0.01343286762296177',eta0='1.0294745003395421e-05'
265.795486, 0.082900, 269.219441, 6, 3.423955, alpha='0.005537305087205852',eta0='1.0524799348545056e-05'
