{
  "mean_cost": 0.022632236341913803,
  "finished_ta_runs": 1,
  "inc_changed": 1,
  "n_configs": 1,
  "submitted_ta_runs": 1,
  "ta_time_used": 0.03715991973876953,
  "wallclock_time_used": 0.038449764251708984,
  "dataset_id": 15,
  "perf_time": 0.0443976249998741
}