"CPU Time Used","Estimated Training Performance","Wallclock Time","Incumbent ID","Automatic Configurator (CPU) Time","Configuration..."
0.000000, 2147483648.000000, 0.000575, 1, 0.000575, C='0.08611366210550205',gamma='0.4942679928374453'
0.020060, 0.021700, 0.021401, 1, 0.001341, C='0.08611366210550205',gamma='0.4942679928374453'
0.096508, 0.000000, 0.102162, 2, 0.005654, C='69.38389384208695',gamma='0.0015531477828170245'
