{"cpu_time": 0.0, "wallclock_time": 0.0005750656127929688, "evaluations": 0, "cost": 2147483648.0, "incumbent": ["C='0.08611366210550205'", "gamma='0.4942679928374453'"], "origin": "Sobol"}
{"cpu_time": 0.020059823989868164, "wallclock_time": 0.021401166915893555, "evaluations": 1, "cost": 0.0217, "incumbent": ["C='0.08611366210550205'", "gamma='0.4942679928374453'"], "origin": "Sobol"}
{"cpu_time": 0.09650802612304688, "wallclock_time": 0.10216212272644043, "evaluations": 7, "cost": 0.0, "incumbent": ["C='69.38389384208695'", "gamma='0.0015531477828170245'"], "origin": "Sobol"}
