"CPU Time Used","Estimated Training Performance","Wallclock Time","Incumbent ID","Automatic Configurator (CPU) Time","Configuration..."
0.000000, 2147483648.000000, 0.000586, 1, 0.000586, alpha='0.0040824718253228975',eta0='0.00044195488125554607'
6.638835, 0.036100, 6.640423, 1, 0.001588, alpha='0.0040824718253228975',eta0='0.00044195488125554607'
85.239666, 0.023100, 85.256305, 2, 0.016639, alpha='0.14798430619583566',eta0='3.173402502821644e-05'
