{"cpu_time": 0.0, "wallclock_time": 0.0005860328674316406, "evaluations": 0, "cost": 2147483648.0, "incumbent": {"alpha": 0.0040824718253228975, "eta0": 0.00044195488125554607}, "budget": 0, "origin": "Sobol"}
{"cpu_time": 6.638835191726685, "wallclock_time": 6.640423059463501, "evaluations": 1, "cost": 0.0361, "incumbent": {"alpha": 0.0040824718253228975, "eta0": 0.00044195488125554607}, "budget": 0, "origin": "Sobol"}
{"cpu_time": 85.23966598510742, "wallclock_time": 85.25630497932434, "evaluations": 13, "cost": 0.0231, "incumbent": {"alpha": 0.14798430619583566, "eta0": 3.173402502821644e-05}, "budget": 0, "origin": "Sobol"}
