{
  "mean_cost": 0.5167279942279943,
  "finished_ta_runs": 1,
  "inc_changed": 1,
  "n_configs": 1,
  "submitted_ta_runs": 1,
  "ta_time_used": 0.13972687721252441,
  "wallclock_time_used": 0.1413440704345703
}