"CPU Time Used","Estimated Training Performance","Wallclock Time","Incumbent ID","Automatic Configurator (CPU) Time","Configuration..."
0.000000, 2147483648.000000, 0.000333, 1, 0.000333, C='0.08611366210550205',gamma='0.4942679928374453'
7.155534, 0.500000, 7.156577, 1, 0.001043, C='0.08611366210550205',gamma='0.4942679928374453'
