{
  "mean_cost": 0.22373349741503765,
  "finished_ta_runs": 300,
  "inc_changed": 9,
  "n_configs": 176,
  "submitted_ta_runs": 300,
  "ta_time_used": 155.08171582221985,
  "wallclock_time_used": 211.17285799980164,
  "dataset_id": 22,
  "perf_time": 211.1917302500001
}