"CPU Time Used","Estimated Training Performance","Wallclock Time","Incumbent ID","Automatic Configurator (CPU) Time","Configuration..."
0.000000, 2147483648.000000, 0.000561, 1, 0.000561, C='1.3600811985592882',gamma='0.09352602871548096'
0.037404, 0.750000, 0.038725, 1, 0.001321, C='1.3600811985592882',gamma='0.09352602871548096'
0.578060, 0.617000, 0.593491, 2, 0.015431, C='102.59827344587585',gamma='0.0039228031036218506'
1.105862, 0.014400, 1.141115, 3, 0.035253, C='0.6293526165094239',gamma='0.0012324628012758837'
1.509969, 0.008000, 2.291160, 4, 0.781191, C='0.7017220162553032',gamma='0.0011945175027100296'
