{"cpu_time": 0.0, "wallclock_time": 4.1961669921875e-05, "evaluations": 0, "cost": 2147483648.0, "incumbent": {"alpha": 0.001, "eta0": 0.01}, "budget": 0, "origin": "Default"}
{"cpu_time": 0.061823129653930664, "wallclock_time": 0.0629723072052002, "evaluations": 1, "cost": 0.0277, "incumbent": {"alpha": 0.001, "eta0": 0.01}, "budget": 0, "origin": "Default"}
