{
  "mean_cost": 0.75,
  "finished_ta_runs": 1,
  "inc_changed": 1,
  "n_configs": 1,
  "submitted_ta_runs": 1,
  "ta_time_used": 0.038392066955566406,
  "wallclock_time_used": 0.039743900299072266,
  "dataset_id": 3549,
  "perf_time": 0.06407233299978543
}