{
  "mean_cost": 0.13363228649848155,
  "finished_ta_runs": 300,
  "inc_changed": 4,
  "n_configs": 284,
  "submitted_ta_runs": 300,
  "ta_time_used": 651.8565769195557,
  "wallclock_time_used": 778.2730062007904,
  "dataset_id": 2074,
  "perf_time": 778.2800947920005
}