{
  "mean_cost": 0.430291129622012,
  "finished_ta_runs": 600,
  "inc_changed": 6,
  "n_configs": 556,
  "submitted_ta_runs": 600,
  "ta_time_used": 9.04685664176941,
  "wallclock_time_used": 14.288311958312988,
  "dataset_id": 10101,
  "perf_time": 14.30808933300068
}