"CPU Time Used","Estimated Training Performance","Wallclock Time","Incumbent ID","Automatic Configurator (CPU) Time","Configuration..."
0.000000, 2147483648.000000, 0.001450, 1, 0.001450, colsample_bytree='0.569966175314039',eta='0.009556882986489993',max_depth='3',reg_lambda='0.0020776820882921045'
0.035405, 0.500000, 0.037815, 1, 0.002410, colsample_bytree='0.569966175314039',eta='0.009556882986489993',max_depth='3',reg_lambda='0.0020776820882921045'
0.328880, 0.337500, 0.341041, 2, 0.012161, colsample_bytree='0.7997161545790732',eta='0.8167090504942917',max_depth='1',reg_lambda='7.369638786139326'
0.455140, 0.286200, 0.471311, 3, 0.016171, colsample_bytree='1.0',eta='0.3',max_depth='10',reg_lambda='1.0'
0.820936, 0.254200, 0.860995, 4, 0.040059, colsample_bytree='0.12470506532117726',eta='0.3768585089263951',max_depth='1',reg_lambda='0.008781008183885218'
1.396211, 0.236700, 1.945626, 5, 0.549415, colsample_bytree='0.11636611157827154',eta='0.27599601409895536',max_depth='1',reg_lambda='0.030828114811900124'
1.819599, 0.220800, 8.247163, 6, 6.427563, colsample_bytree='0.11525909193566435',eta='0.37036330150094887',max_depth='1',reg_lambda='0.1415215770177683'
2.004477, 0.187500, 10.417282, 7, 8.412805, colsample_bytree='0.11488678945317034',eta='0.36691755357062017',max_depth='1',reg_lambda='0.1749921772249517'
4.700883, 0.171700, 52.229309, 8, 47.528426, colsample_bytree='0.38091852545467575',eta='0.7392321566195705',max_depth='1',reg_lambda='0.0013383532601661302'
