{"cpu_time": 0.0, "wallclock_time": 0.0014500617980957031, "evaluations": 0, "cost": 2147483648.0, "incumbent": ["colsample_bytree='0.569966175314039'", "eta='0.009556882986489993'", "max_depth='3'", "reg_lambda='0.0020776820882921045'"], "origin": "Sobol"}
{"cpu_time": 0.03540492057800293, "wallclock_time": 0.037815093994140625, "evaluations": 1, "cost": 0.5, "incumbent": ["colsample_bytree='0.569966175314039'", "eta='0.009556882986489993'", "max_depth='3'", "reg_lambda='0.0020776820882921045'"], "origin": "Sobol"}
{"cpu_time": 0.32888031005859375, "wallclock_time": 0.34104084968566895, "evaluations": 13, "cost": 0.3375, "incumbent": ["colsample_bytree='0.7997161545790732'", "eta='0.8167090504942917'", "max_depth='1'", "reg_lambda='7.369638786139326'"], "origin": "Sobol"}
{"cpu_time": 0.4551403522491455, "wallclock_time": 0.4713108539581299, "evaluations": 17, "cost": 0.2862, "incumbent": ["colsample_bytree='1.0'", "eta='0.3'", "max_depth='10'", "reg_lambda='1.0'"], "origin": null}
{"cpu_time": 0.8209359645843506, "wallclock_time": 0.860994815826416, "evaluations": 36, "cost": 0.2542, "incumbent": ["colsample_bytree='0.12470506532117726'", "eta='0.3768585089263951'", "max_depth='1'", "reg_lambda='0.008781008183885218'"], "origin": "Sobol"}
{"cpu_time": 1.3962106704711914, "wallclock_time": 1.9456257820129395, "evaluations": 63, "cost": 0.2367, "incumbent": ["colsample_bytree='0.11636611157827154'", "eta='0.27599601409895536'", "max_depth='1'", "reg_lambda='0.030828114811900124'"], "origin": "Random Search (sorted)"}
{"cpu_time": 1.8195993900299072, "wallclock_time": 8.247162818908691, "evaluations": 87, "cost": 0.2208, "incumbent": ["colsample_bytree='0.11525909193566435'", "eta='0.37036330150094887'", "max_depth='1'", "reg_lambda='0.1415215770177683'"], "origin": "Local Search"}
{"cpu_time": 2.004477024078369, "wallclock_time": 10.417282104492188, "evaluations": 100, "cost": 0.1875, "incumbent": ["colsample_bytree='0.11488678945317034'", "eta='0.36691755357062017'", "max_depth='1'", "reg_lambda='0.1749921772249517'"], "origin": "Local Search"}
{"cpu_time": 4.700883150100708, "wallclock_time": 52.22930884361267, "evaluations": 260, "cost": 0.1717, "incumbent": ["colsample_bytree='0.38091852545467575'", "eta='0.7392321566195705'", "max_depth='1'", "reg_lambda='0.0013383532601661302'"], "origin": "Local Search"}
