{
  "mean_cost": 0.47883597883597895,
  "finished_ta_runs": 1,
  "inc_changed": 1,
  "n_configs": 1,
  "submitted_ta_runs": 1,
  "ta_time_used": 0.4251980781555176,
  "wallclock_time_used": 0.42670512199401855,
  "dataset_id": 9978,
  "perf_time": 0.43369091600015963
}