{
  "mean_cost": 0.09165534490774647,
  "finished_ta_runs": 99,
  "inc_changed": 4,
  "n_configs": 82,
  "submitted_ta_runs": 99,
  "ta_time_used": 58.33556818962097,
  "wallclock_time_used": 60.446306228637695,
  "dataset_id": 3
}