{
  "data": [
    [
      [
        1,
        null,
        379248293,
        0.0
      ],
      [
        0.36542943250532545,
        0.2921440601348877,
        {
          "__enum__": "StatusType.SUCCESS"
        },
        1674410376.580012,
        1674410376.872162,
        {}
      ]
    ]
  ],
  "config_origins": {
    "1": "Sobol"
  },
  "configs": {
    "1": {
      "max_depth": 2,
      "max_features": 0.4491682695224881,
      "min_samples_leaf": 1,
      "min_samples_split": 4
    }
  }
}