{
  "mean_cost": 0.4439309764309764,
  "finished_ta_runs": 300,
  "inc_changed": 6,
  "n_configs": 120,
  "submitted_ta_runs": 300,
  "ta_time_used": 56.38548016548157,
  "wallclock_time_used": 115.25470304489136,
  "dataset_id": 3918,
  "perf_time": 115.26770162499452
}