"CPU Time Used","Estimated Training Performance","Wallclock Time","Incumbent ID","Automatic Configurator (CPU) Time","Configuration..."
0.000000, 2147483648.000000, 0.005084, 1, 0.005084, alpha='0.0004126639093412234',eta0='0.0017613324954003418'
0.066941, 0.461400, 0.074680, 1, 0.007739, alpha='0.0004126639093412234',eta0='0.0017613324954003418'
0.346347, 0.378400, 0.363880, 2, 0.017533, alpha='0.10693804138470717',eta0='1.4701197301483249e-05'
1.284654, 0.387400, 1.767041, 3, 0.482387, alpha='0.0014437528472202655',eta0='1.6394764680314223e-05'
1.694093, 0.386600, 2.947627, 4, 1.253534, alpha='0.00034461400981404316',eta0='1.2904330221346756e-05'
1.912374, 0.381200, 3.496808, 5, 1.584434, alpha='9.45967848235265e-05',eta0='1.165048404412991e-05'
2.097883, 0.380300, 3.690116, 6, 1.592232, alpha='0.00010561728931569129',eta0='1.0068948216139615e-05'
3.439420, 0.380300, 9.150262, 7, 5.710843, alpha='0.0003089035183235598',eta0='1.0983170067264844e-05'
5.590333, 0.379300, 18.451382, 8, 12.861049, alpha='0.0019788580203815827',eta0='1.0942782779187115e-05'
