{"cpu_time": 0.0, "wallclock_time": 0.005084037780761719, "evaluations": 0, "cost": 2147483648.0, "incumbent": ["alpha='0.0004126639093412234'", "eta0='0.0017613324954003418'"], "origin": "Sobol"}
{"cpu_time": 0.0669407844543457, "wallclock_time": 0.07467985153198242, "evaluations": 1, "cost": 0.4614, "incumbent": ["alpha='0.0004126639093412234'", "eta0='0.0017613324954003418'"], "origin": "Sobol"}
{"cpu_time": 0.3463473320007324, "wallclock_time": 0.363879919052124, "evaluations": 7, "cost": 0.3784, "incumbent": ["alpha='0.10693804138470717'", "eta0='1.4701197301483249e-05'"], "origin": "Sobol"}
{"cpu_time": 1.284654140472412, "wallclock_time": 1.7670412063598633, "evaluations": 36, "cost": 0.3874, "incumbent": ["alpha='0.0014437528472202655'", "eta0='1.6394764680314223e-05'"], "origin": "Random Search (sorted)"}
{"cpu_time": 1.6940932273864746, "wallclock_time": 2.947627067565918, "evaluations": 47, "cost": 0.3866, "incumbent": ["alpha='0.00034461400981404316'", "eta0='1.2904330221346756e-05'"], "origin": "Random Search (sorted)"}
{"cpu_time": 1.912374496459961, "wallclock_time": 3.4968080520629883, "evaluations": 53, "cost": 0.3812, "incumbent": ["alpha='9.45967848235265e-05'", "eta0='1.165048404412991e-05'"], "origin": "Random Search (sorted)"}
{"cpu_time": 2.097883462905884, "wallclock_time": 3.6901159286499023, "evaluations": 58, "cost": 0.3803, "incumbent": ["alpha='0.00010561728931569129'", "eta0='1.0068948216139615e-05'"], "origin": "Random Search (sorted)"}
{"cpu_time": 3.4394195079803467, "wallclock_time": 9.150262117385864, "evaluations": 90, "cost": 0.3803, "incumbent": ["alpha='0.0003089035183235598'", "eta0='1.0983170067264844e-05'"], "origin": "Random Search (sorted)"}
{"cpu_time": 5.590332746505737, "wallclock_time": 18.451382160186768, "evaluations": 143, "cost": 0.3793, "incumbent": ["alpha='0.0019788580203815827'", "eta0='1.0942782779187115e-05'"], "origin": "Local Search"}
