"CPU Time Used","Estimated Training Performance","Wallclock Time","Incumbent ID","Automatic Configurator (CPU) Time","Configuration..."
0.000000, 2147483648.000000, 0.003566, 1, 0.003566, colsample_bytree='0.3908073678612709',eta='0.02197006114591668',max_depth='1',reg_lambda='0.025956378731779545'
0.518576, 0.781300, 0.523158, 1, 0.004582, colsample_bytree='0.3908073678612709',eta='0.02197006114591668',max_depth='1',reg_lambda='0.025956378731779545'
11.129975, 0.571200, 11.137365, 2, 0.007390, colsample_bytree='0.7864414579235017',eta='0.06876373473778273',max_depth='5',reg_lambda='2.180661802430785'
36.675003, 0.523800, 36.684363, 3, 0.009360, colsample_bytree='1.0',eta='0.3',max_depth='10',reg_lambda='1.0'
174.880180, 0.514000, 174.940555, 4, 0.060375, colsample_bytree='0.7050256938673556',eta='0.8105600352594424',max_depth='8',reg_lambda='26.591563225527754'
434.937415, 0.508100, 448.472427, 5, 13.535012, colsample_bytree='0.8254413910097667',eta='0.864405642941487',max_depth='9',reg_lambda='39.61302848109458'
538.319458, 0.506700, 554.756214, 6, 16.436756, colsample_bytree='0.816433612029626',eta='0.6118377499449187',max_depth='10',reg_lambda='31.709353872657477'
596.192109, 0.504600, 612.642750, 7, 16.450641, colsample_bytree='0.8123154660131504',eta='0.5929691730427736',max_depth='10',reg_lambda='27.236698261182923'
2156.994534, 0.501200, 2232.006028, 8, 75.011494, colsample_bytree='0.4496791537967435',eta='0.6090450336938569',max_depth='10',reg_lambda='26.586620753527544'
