{"cpu_time": 0.0, "wallclock_time": 3.361701965332031e-05, "evaluations": 0, "cost": 2147483648.0, "incumbent": ["C='1.0'", "gamma='0.1'"], "origin": "Default"}
{"cpu_time": 0.15891695022583008, "wallclock_time": 0.1595137119293213, "evaluations": 1, "cost": 0.8762, "incumbent": ["C='1.0'", "gamma='0.1'"], "origin": "Default"}
