{
  "mean_cost": 0.11405483667852438,
  "finished_ta_runs": 264,
  "inc_changed": 5,
  "n_configs": 244,
  "submitted_ta_runs": 264,
  "ta_time_used": 118.7840645313263,
  "wallclock_time_used": 120.11649107933044,
  "dataset_id": 14952
}