"CPU Time Used","Estimated Training Performance","Wallclock Time","Incumbent ID","Automatic Configurator (CPU) Time","Configuration..."
0.000000, 2147483648.000000, 0.000593, 1, 0.000593, alpha='0.0004126639093412234',eta0='0.0017613324954003418'
2.000832, 0.054800, 2.002323, 1, 0.001491, alpha='0.0004126639093412234',eta0='0.0017613324954003418'
13.587895, 0.049300, 13.595221, 2, 0.007326, alpha='0.10693804138470717',eta0='1.4701197301483249e-05'
36.551432, 0.046600, 36.571136, 3, 0.019704, alpha='0.011093798215005723',eta0='0.0001899065880253528'
80.433170, 0.038900, 80.485290, 4, 0.052120, alpha='0.11597801330394517',eta0='0.0004221998477853003'
