{
  "mean_cost": 0.4787081196726002,
  "finished_ta_runs": 300,
  "inc_changed": 8,
  "n_configs": 119,
  "submitted_ta_runs": 300,
  "ta_time_used": 18.86611819267273,
  "wallclock_time_used": 57.488271951675415,
  "dataset_id": 3902,
  "perf_time": 57.50329337500443
}