"CPU Time Used","Estimated Training Performance","Wallclock Time","Incumbent ID","Automatic Configurator (CPU) Time","Configuration..."
0.000000, 2147483648.000000, 0.000042, 1, 0.000042, alpha='0.001',eta0='0.01'
2.613089, 0.256400, 2.613767, 1, 0.000678, alpha='0.001',eta0='0.01'
91.461937, 0.249100, 91.510558, 2, 0.048620, alpha='0.0013088121300544602',eta0='0.0027912063175679425'
120.120533, 0.245400, 120.189245, 3, 0.068712, alpha='2.2820115411688363e-05',eta0='0.005866860318194866'
248.149381, 0.243600, 248.342988, 4, 0.193607, alpha='4.887750094997393e-05',eta0='0.006138733021416111'
