{"cpu_time": 0.0, "wallclock_time": 0.0015370845794677734, "evaluations": 0, "cost": 2147483648.0, "incumbent": ["max_depth='6'", "max_features='0.3290755869820714'", "min_samples_leaf='11'", "min_samples_split='2'"], "origin": "Sobol"}
{"cpu_time": 0.08122587203979492, "wallclock_time": 0.08364105224609375, "evaluations": 1, "cost": 0.4498, "incumbent": ["max_depth='6'", "max_features='0.3290755869820714'", "min_samples_leaf='11'", "min_samples_split='2'"], "origin": "Sobol"}
{"cpu_time": 0.8031949996948242, "wallclock_time": 0.8136041164398193, "evaluations": 10, "cost": 0.4416, "incumbent": ["max_depth='18'", "max_features='0.9707894120365381'", "min_samples_leaf='5'", "min_samples_split='26'"], "origin": "Sobol"}
{"cpu_time": 2.0149118900299072, "wallclock_time": 2.0428411960601807, "evaluations": 26, "cost": 0.4148, "incumbent": ["max_depth='14'", "max_features='0.1785462163388729'", "min_samples_leaf='2'", "min_samples_split='10'"], "origin": "Sobol"}
{"cpu_time": 2.9436113834381104, "wallclock_time": 2.989964008331299, "evaluations": 38, "cost": 0.4132, "incumbent": ["max_depth='8'", "max_features='0.8408462973311543'", "min_samples_leaf='8'", "min_samples_split='5'"], "origin": "Sobol"}
{"cpu_time": 5.93891453742981, "wallclock_time": 9.403209924697876, "evaluations": 77, "cost": 0.4059, "incumbent": ["max_depth='29'", "max_features='0.961191001418022'", "min_samples_leaf='12'", "min_samples_split='10'"], "origin": "Local Search"}
