{
  "mean_cost": 0.38185343463121246,
  "finished_ta_runs": 1,
  "inc_changed": 1,
  "n_configs": 1,
  "submitted_ta_runs": 1,
  "ta_time_used": 0.02640366554260254,
  "wallclock_time_used": 0.02788686752319336,
  "dataset_id": 11,
  "perf_time": 0.062918959000001
}