{
  "mean_cost": 0.42528232261565596,
  "finished_ta_runs": 300,
  "inc_changed": 5,
  "n_configs": 97,
  "submitted_ta_runs": 300,
  "ta_time_used": 2.437910318374634,
  "wallclock_time_used": 23.231075048446655,
  "dataset_id": 125920,
  "perf_time": 23.240825165999922
}