{
  "mean_cost": 0.3977221093159586,
  "finished_ta_runs": 300,
  "inc_changed": 10,
  "n_configs": 207,
  "submitted_ta_runs": 300,
  "ta_time_used": 52.937259912490845,
  "wallclock_time_used": 133.01964783668518,
  "dataset_id": 3903,
  "perf_time": 133.0295294589996
}