{
  "mean_cost": 0.3846577601410935,
  "finished_ta_runs": 300,
  "inc_changed": 15,
  "n_configs": 147,
  "submitted_ta_runs": 300,
  "ta_time_used": 21.549784183502197,
  "wallclock_time_used": 141.0907211303711,
  "dataset_id": 2079,
  "perf_time": 141.10029937500076
}