{
  "mean_cost": 0.09897654814321481,
  "finished_ta_runs": 6,
  "inc_changed": 3,
  "n_configs": 3,
  "submitted_ta_runs": 6,
  "ta_time_used": 74.42834949493408,
  "wallclock_time_used": 74.44537210464478,
  "dataset_id": 9964
}