{
  "mean_cost": 0.20753715281966045,
  "finished_ta_runs": 1,
  "inc_changed": 1,
  "n_configs": 1,
  "submitted_ta_runs": 1,
  "ta_time_used": 0.1191558837890625,
  "wallclock_time_used": 0.12054014205932617,
  "dataset_id": 14,
  "perf_time": 0.12629424999977346
}