{"cpu_time": 0.0, "wallclock_time": 0.0007741451263427734, "evaluations": 0, "cost": 2147483648.0, "incumbent": ["alpha='0.0040824718253228975'", "eta0='0.00044195488125554607'"], "origin": "Sobol"}
{"cpu_time": 0.046147823333740234, "wallclock_time": 0.04827404022216797, "evaluations": 1, "cost": 0.4592, "incumbent": ["alpha='0.0040824718253228975'", "eta0='0.00044195488125554607'"], "origin": "Sobol"}
{"cpu_time": 9.323165655136108, "wallclock_time": 76.04005217552185, "evaluations": 285, "cost": 0.4628, "incumbent": ["alpha='0.0002414042156524939'", "eta0='0.023302497382990613'"], "origin": "Local Search"}
