"CPU Time Used","Estimated Training Performance","Wallclock Time","Incumbent ID","Automatic Configurator (CPU) Time","Configuration..."
0.000000, 2147483648.000000, 0.000774, 1, 0.000774, alpha='0.0040824718253228975',eta0='0.00044195488125554607'
0.046148, 0.459200, 0.048274, 1, 0.002126, alpha='0.0040824718253228975',eta0='0.00044195488125554607'
9.323166, 0.462800, 76.040052, 2, 66.716887, alpha='0.0002414042156524939',eta0='0.023302497382990613'
