{
  "mean_cost": 0.08330397944471117,
  "finished_ta_runs": 1763,
  "inc_changed": 5,
  "n_configs": 1441,
  "submitted_ta_runs": 1763,
  "ta_time_used": 76.0591356754303,
  "wallclock_time_used": 120.09176206588745,
  "dataset_id": 15
}