"CPU Time Used","Estimated Training Performance","Wallclock Time","Incumbent ID","Automatic Configurator (CPU) Time","Configuration..."
0.000000, 2147483648.000000, 0.000067, 1, 0.000067, alpha='0.001',eta0='0.01'
0.137768, 0.793600, 0.140078, 1, 0.002310, alpha='0.001',eta0='0.01'
1.138102, 0.732100, 1.150724, 2, 0.012622, alpha='1.8419909509685855e-05',eta0='0.05046106065359831'
3.530304, 0.712200, 3.568744, 3, 0.038440, alpha='2.7423705205440404e-05',eta0='0.00014858639283758796'
4.899463, 0.696300, 4.956730, 4, 0.057267, alpha='2.2549688115947852e-05',eta0='0.04153687300299965'
13.500345, 0.695300, 13.745120, 5, 0.244776, alpha='0.0040767428452907935',eta0='2.093295210879335e-05'
29.083337, 0.687200, 29.879820, 6, 0.796483, alpha='0.003988302483276155',eta0='1.0915126394459524e-05'
47.422120, 0.681900, 49.397591, 7, 1.975471, alpha='0.018991144346975207',eta0='3.942679871985179e-05'
71.597168, 0.673600, 75.845206, 8, 4.248038, alpha='0.000439789100214798',eta0='0.000190797676608367'
