{
  "mean_cost": 0.3867687051510581,
  "finished_ta_runs": 2,
  "inc_changed": 1,
  "n_configs": 1,
  "submitted_ta_runs": 2,
  "ta_time_used": 0.0836176872253418,
  "wallclock_time_used": 0.08551287651062012,
  "dataset_id": 10101,
  "perf_time": 0.09621654199986551
}