{
  "mean_cost": 0.44345839345839355,
  "finished_ta_runs": 1,
  "inc_changed": 1,
  "n_configs": 1,
  "submitted_ta_runs": 1,
  "ta_time_used": 0.08341693878173828,
  "wallclock_time_used": 0.08492588996887207,
  "dataset_id": 3022,
  "perf_time": 0.09044695799991587
}