{
  "mean_cost": 0.3048489566077327,
  "finished_ta_runs": 300,
  "inc_changed": 15,
  "n_configs": 170,
  "submitted_ta_runs": 300,
  "ta_time_used": 52.242817640304565,
  "wallclock_time_used": 179.16096830368042,
  "dataset_id": 3902,
  "perf_time": 179.17556954199972
}