"CPU Time Used","Estimated Training Performance","Wallclock Time","Incumbent ID","Automatic Configurator (CPU) Time","Configuration..."
0.000000, 2147483648.000000, 0.000695, 1, 0.000695, alpha='0.0040824718253228975',eta0='0.00044195488125554607'
0.146597, 0.472500, 0.148239, 1, 0.001642, alpha='0.0040824718253228975',eta0='0.00044195488125554607'
3.778081, 0.297900, 3.815864, 2, 0.037782, alpha='0.0021527079620027524',eta0='1.2132210994601314e-05'
10.251812, 0.293500, 15.803852, 3, 5.552040, alpha='0.011430515025184771',eta0='1.0753318192039967e-05'
11.261534, 0.292600, 17.638776, 4, 6.377242, alpha='0.011795686229720288',eta0='1.0524045220345187e-05'
12.124529, 0.291500, 18.901632, 5, 6.777103, alpha='0.00112125539121668',eta0='1.0958128536396378e-05'
12.882885, 0.289200, 19.671911, 6, 6.789026, alpha='0.001119274270655595',eta0='1.0786137900207542e-05'
