"CPU Time Used","Estimated Training Performance","Wallclock Time","Incumbent ID","Automatic Configurator (CPU) Time","Configuration..."
0.000000, 2147483648.000000, 0.000695, 1, 0.000695, alpha='0.0040824718253228975',eta0='0.00044195488125554607'
0.146597, 0.472500, 0.148239, 1, 0.001642, alpha='0.0040824718253228975',eta0='0.00044195488125554607'
3.778081, 0.297900, 3.815864, 2, 0.037782, alpha='0.0021527079620027524',eta0='1.2132210994601314e-05'
