{
  "mean_cost": 0.33305555555555555,
  "finished_ta_runs": 1,
  "inc_changed": 1,
  "n_configs": 1,
  "submitted_ta_runs": 1,
  "ta_time_used": 0.14042401313781738,
  "wallclock_time_used": 0.14201712608337402
}