"CPU Time Used","Estimated Training Performance","Wallclock Time","Incumbent ID","Automatic Configurator (CPU) Time","Configuration..."
0.000000, 2147483648.000000, 0.001018, 1, 0.001018, alpha='0.00011227070295712931',eta0='0.0029096933833365197'
5.705776, 0.040000, 5.707919, 1, 0.002143, alpha='0.00011227070295712931',eta0='0.0029096933833365197'
39.901860, 0.036200, 39.910295, 2, 0.008435, alpha='0.026542866188361353',eta0='8.075114966892127e-05'
171.138961, 0.033200, 171.180209, 3, 0.041248, alpha='8.493190945563282e-05',eta0='3.713240341799095e-05'
311.644164, 0.033100, 313.998701, 4, 2.354537, alpha='0.0003829039779545282',eta0='4.5297306018169006e-05'
1021.907248, 0.033100, 1048.350192, 5, 26.442944, alpha='0.00023608687560904416',eta0='1.6541377702425386e-05'
