{
  "mean_cost": 0.7801595842429175,
  "finished_ta_runs": 300,
  "inc_changed": 4,
  "n_configs": 150,
  "submitted_ta_runs": 300,
  "ta_time_used": 48.03029775619507,
  "wallclock_time_used": 122.60686016082764,
  "dataset_id": 3560,
  "perf_time": 122.61681416600186
}