"CPU Time Used","Estimated Training Performance","Wallclock Time","Incumbent ID","Automatic Configurator (CPU) Time","Configuration..."
0.000000, 2147483648.000000, 0.001425, 1, 0.001425, colsample_bytree='0.569966175314039',eta='0.009556882986489993',max_depth='3',reg_lambda='0.0020776820882921045'
3.044082, 0.604500, 3.046503, 1, 0.002421, colsample_bytree='0.569966175314039',eta='0.009556882986489993',max_depth='3',reg_lambda='0.0020776820882921045'
34.896353, 0.479900, 34.904181, 2, 0.007828, colsample_bytree='0.3878000834956765',eta='0.004721681612948408',max_depth='10',reg_lambda='0.09654112415362535'
86.134797, 0.375100, 86.145847, 3, 0.011050, colsample_bytree='1.0',eta='0.3',max_depth='10',reg_lambda='1.0'
362.640343, 0.368700, 364.370257, 4, 1.729913, colsample_bytree='1.0',eta='0.5855258015148699',max_depth='10',reg_lambda='0.7516227527903161'
582.741541, 0.368600, 589.560213, 5, 6.818672, colsample_bytree='1.0',eta='0.5859169242274065',max_depth='10',reg_lambda='0.7516227527903161'
1225.620065, 0.367700, 1253.753472, 6, 28.133407, colsample_bytree='1.0',eta='0.6594998687230765',max_depth='10',reg_lambda='0.7516227527903161'
1417.084288, 0.361600, 1448.974535, 7, 31.890247, colsample_bytree='1.0',eta='0.6550539961926974',max_depth='10',reg_lambda='0.7516227527903161'
2398.912050, 0.361200, 2473.084253, 8, 74.172203, colsample_bytree='1.0',eta='0.5874445770628777',max_depth='10',reg_lambda='0.7516227527903161'
