"CPU Time Used","Estimated Training Performance","Wallclock Time","Incumbent ID","Automatic Configurator (CPU) Time","Configuration..."
0.000000, 2147483648.000000, 0.000064, 1, 0.000064, C='1.0',gamma='0.1'
0.273984, 0.482000, 0.274806, 1, 0.000822, C='1.0',gamma='0.1'
1.027364, 0.110400, 1.035460, 2, 0.008097, C='1.746441318982685',gamma='0.0022547265063997683'
15.277147, 0.096900, 15.454810, 3, 0.177663, C='613.8366144551533',gamma='0.0010152179917278495'
31.915285, 0.077100, 32.517820, 4, 0.602535, C='9.487691972636018',gamma='0.0011871610916139818'
53.600067, 0.073200, 55.086770, 5, 1.486703, C='3.140473751621147',gamma='0.001262596394451821'
68.723978, 0.070500, 71.124152, 6, 2.400174, C='2.349243982889509',gamma='0.0010148124925972325'
