{
  "mean_cost": 0.4770114969254013,
  "finished_ta_runs": 300,
  "inc_changed": 14,
  "n_configs": 189,
  "submitted_ta_runs": 300,
  "ta_time_used": 43.40180516242981,
  "wallclock_time_used": 208.89349675178528,
  "dataset_id": 23,
  "perf_time": 208.9074320840009
}