"CPU Time Used","Estimated Training Performance","Wallclock Time","Incumbent ID","Automatic Configurator (CPU) Time","Configuration..."
0.000000, 2147483648.000000, 0.000222, 1, 0.000222, alpha='0.0004126639093412234',eta0='0.0017613324954003418'
0.311603, 0.804800, 0.312444, 1, 0.000841, alpha='0.0004126639093412234',eta0='0.0017613324954003418'
