{
  "mean_cost": 0.010331487650674,
  "finished_ta_runs": 300,
  "inc_changed": 2,
  "n_configs": 95,
  "submitted_ta_runs": 300,
  "ta_time_used": 15.590900182723999,
  "wallclock_time_used": 41.59516191482544,
  "dataset_id": 10093,
  "perf_time": 41.60608712499379
}