{
  "mean_cost": 0.2642302455170103,
  "finished_ta_runs": 300,
  "inc_changed": 6,
  "n_configs": 158,
  "submitted_ta_runs": 300,
  "ta_time_used": 34.31113243103027,
  "wallclock_time_used": 84.97486805915833,
  "dataset_id": 53,
  "perf_time": 84.98727191699982
}