{
  "mean_cost": 0.36834259259259267,
  "finished_ta_runs": 300,
  "inc_changed": 4,
  "n_configs": 168,
  "submitted_ta_runs": 300,
  "ta_time_used": 7.247837781906128,
  "wallclock_time_used": 112.82910585403442,
  "dataset_id": 3913,
  "perf_time": 112.83945674999995
}