"CPU Time Used","Estimated Training Performance","Wallclock Time","Incumbent ID","Automatic Configurator (CPU) Time","Configuration..."
0.000000, 2147483648.000000, 0.001527, 1, 0.001527, colsample_bytree='0.2890479595400393',eta='0.02972240058848022',max_depth='1',reg_lambda='0.23594281684827217'
0.062346, 0.500000, 0.064956, 1, 0.002610, colsample_bytree='0.2890479595400393',eta='0.02972240058848022',max_depth='1',reg_lambda='0.23594281684827217'
1.226153, 0.479800, 1.231329, 2, 0.005176, colsample_bytree='0.839533680677414',eta='0.03178815964339868',max_depth='7',reg_lambda='260.08137409645684'
2.430729, 0.439200, 2.437715, 3, 0.006986, colsample_bytree='1.0',eta='0.3',max_depth='10',reg_lambda='1.0'
4.504388, 0.424300, 4.519307, 4, 0.014919, colsample_bytree='0.5235572370700539',eta='0.1863242307845216',max_depth='3',reg_lambda='4.4461461740589225'
22.346419, 0.422100, 29.367826, 5, 7.021407, colsample_bytree='0.8304528994194773',eta='0.19397331390047784',max_depth='10',reg_lambda='11.346147780527762'
41.981641, 0.417000, 68.646640, 6, 26.664999, colsample_bytree='0.4123268404734779',eta='0.3855991006182632',max_depth='2',reg_lambda='0.0011563564801870647'
65.817260, 0.410600, 118.341241, 7, 52.523982, colsample_bytree='0.9978604172105385',eta='0.8915443054005361',max_depth='2',reg_lambda='1.3927695712573491'
82.808838, 0.408800, 159.402911, 8, 76.594073, colsample_bytree='0.9978604172105385',eta='0.8915443054005361',max_depth='2',reg_lambda='1.390240256265373'
