{"cpu_time": 0.0, "wallclock_time": 0.0015270709991455078, "evaluations": 0, "cost": 2147483648.0, "incumbent": ["colsample_bytree='0.2890479595400393'", "eta='0.02972240058848022'", "max_depth='1'", "reg_lambda='0.23594281684827217'"], "origin": "Sobol"}
{"cpu_time": 0.06234598159790039, "wallclock_time": 0.0649561882019043, "evaluations": 1, "cost": 0.5, "incumbent": ["colsample_bytree='0.2890479595400393'", "eta='0.02972240058848022'", "max_depth='1'", "reg_lambda='0.23594281684827217'"], "origin": "Sobol"}
{"cpu_time": 1.2261531352996826, "wallclock_time": 1.2313289642333984, "evaluations": 4, "cost": 0.4798, "incumbent": ["colsample_bytree='0.839533680677414'", "eta='0.03178815964339868'", "max_depth='7'", "reg_lambda='260.08137409645684'"], "origin": "Sobol"}
{"cpu_time": 2.4307291507720947, "wallclock_time": 2.4377150535583496, "evaluations": 6, "cost": 0.4392, "incumbent": ["colsample_bytree='1.0'", "eta='0.3'", "max_depth='10'", "reg_lambda='1.0'"], "origin": null}
{"cpu_time": 4.504388093948364, "wallclock_time": 4.519306898117065, "evaluations": 13, "cost": 0.4243, "incumbent": ["colsample_bytree='0.5235572370700539'", "eta='0.1863242307845216'", "max_depth='3'", "reg_lambda='4.4461461740589225'"], "origin": "Sobol"}
{"cpu_time": 22.34641933441162, "wallclock_time": 29.367825984954834, "evaluations": 81, "cost": 0.4221, "incumbent": ["colsample_bytree='0.8304528994194773'", "eta='0.19397331390047784'", "max_depth='10'", "reg_lambda='11.346147780527762'"], "origin": "Local Search"}
{"cpu_time": 41.98164081573486, "wallclock_time": 68.64664006233215, "evaluations": 142, "cost": 0.417, "incumbent": ["colsample_bytree='0.4123268404734779'", "eta='0.3855991006182632'", "max_depth='2'", "reg_lambda='0.0011563564801870647'"], "origin": "Local Search"}
{"cpu_time": 65.8172595500946, "wallclock_time": 118.34124112129211, "evaluations": 213, "cost": 0.4106, "incumbent": ["colsample_bytree='0.9978604172105385'", "eta='0.8915443054005361'", "max_depth='2'", "reg_lambda='1.3927695712573491'"], "origin": "Local Search"}
{"cpu_time": 82.80883836746216, "wallclock_time": 159.40291094779968, "evaluations": 278, "cost": 0.4088, "incumbent": ["colsample_bytree='0.9978604172105385'", "eta='0.8915443054005361'", "max_depth='2'", "reg_lambda='1.390240256265373'"], "origin": "Local Search"}
