{
  "mean_cost": 0.35753961769326353,
  "finished_ta_runs": 600,
  "inc_changed": 3,
  "n_configs": 554,
  "submitted_ta_runs": 600,
  "ta_time_used": 579.0708513259888,
  "wallclock_time_used": 584.611673116684,
  "dataset_id": 146800,
  "perf_time": 584.6326481249998
}