"CPU Time Used","Estimated Training Performance","Wallclock Time","Incumbent ID","Automatic Configurator (CPU) Time","Configuration..."
0.000000, 2147483648.000000, 0.000570, 1, 0.000570, C='0.017961675793542162',gamma='0.9046232030638993'
0.031773, 0.750000, 0.033100, 1, 0.001327, C='0.017961675793542162',gamma='0.9046232030638993'
0.554772, 0.008000, 0.571369, 2, 0.016597, C='0.7731863785266639',gamma='0.0012442315522724887'
