"CPU Time Used","Estimated Training Performance","Wallclock Time","Incumbent ID","Automatic Configurator (CPU) Time","Configuration..."
0.000000, 2147483648.000000, 0.000043, 1, 0.000043, alpha='0.001',eta0='0.01'
0.360047, 0.835400, 0.360815, 1, 0.000768, alpha='0.001',eta0='0.01'
6.882933, 0.828700, 6.910725, 2, 0.027792, alpha='3.802084885425103e-05',eta0='0.9268259705128266'
12.846586, 0.798600, 12.903928, 3, 0.057342, alpha='0.00010338971252634734',eta0='0.00012997194084303965'
23.154289, 0.785400, 23.271527, 4, 0.117238, alpha='2.4963195458628125e-05',eta0='0.00024478027536705115'
37.615933, 0.771700, 37.855421, 5, 0.239488, alpha='0.0011592414721191937',eta0='7.953442579430926e-05'
