{
  "mean_cost": 0.0916776688409612,
  "finished_ta_runs": 209,
  "inc_changed": 6,
  "n_configs": 183,
  "submitted_ta_runs": 209,
  "ta_time_used": 119.20365071296692,
  "wallclock_time_used": 120.05294799804688,
  "dataset_id": 3
}