"CPU Time Used","Estimated Training Performance","Wallclock Time","Incumbent ID","Automatic Configurator (CPU) Time","Configuration..."
0.000000, 2147483648.000000, 0.002678, 1, 0.002678, C='0.017961675793542162',gamma='0.9046232030638993'
0.154732, 0.500000, 0.158208, 1, 0.003476, C='0.017961675793542162',gamma='0.9046232030638993'
0.628647, 0.023500, 0.634535, 2, 0.005888, C='61.71933670840937',gamma='1.0864412265106145'
1.955275, 0.012500, 1.974739, 3, 0.019464, C='198.6613474689375',gamma='0.09318781769031856'
2.867156, 0.010000, 2.899084, 4, 0.031928, C='2.574588067340684',gamma='0.2803288729873386'
3.989484, 0.010000, 4.040085, 5, 0.050601, C='17.734802574793306',gamma='0.06491208861327971'
6.092449, 0.007100, 9.297737, 6, 3.205288, C='17.220478733805006',gamma='0.07095175719599107'
11.164140, 0.005700, 24.525593, 7, 13.361454, C='17.19366430423832',gamma='0.1179213539112118'
