{"cpu_time": 0.0, "wallclock_time": 0.010571718215942383, "evaluations": 0, "cost": 2147483648.0, "incumbent": ["colsample_bytree='0.569966175314039'", "eta='0.009556882986489993'", "max_depth='3'", "reg_lambda='0.0020776820882921045'"], "origin": "Sobol"}
{"cpu_time": 0.28015804290771484, "wallclock_time": 0.29192495346069336, "evaluations": 1, "cost": 0.2199, "incumbent": ["colsample_bytree='0.569966175314039'", "eta='0.009556882986489993'", "max_depth='3'", "reg_lambda='0.0020776820882921045'"], "origin": "Sobol"}
{"cpu_time": 2.3438305854797363, "wallclock_time": 2.3607449531555176, "evaluations": 7, "cost": 0.0668, "incumbent": ["colsample_bytree='0.3878000834956765'", "eta='0.004721681612948408'", "max_depth='10'", "reg_lambda='0.09654112415362535'"], "origin": "Sobol"}
{"cpu_time": 14.99524450302124, "wallclock_time": 16.178606748580933, "evaluations": 57, "cost": 0.0637, "incumbent": ["colsample_bytree='0.49985008439610945'", "eta='0.17146684329738957'", "max_depth='4'", "reg_lambda='0.3520479332212941'"], "origin": "Random Search (sorted)"}
{"cpu_time": 19.057339191436768, "wallclock_time": 21.41079092025757, "evaluations": 66, "cost": 0.0552, "incumbent": ["colsample_bytree='0.5005383844894246'", "eta='0.027954008438441605'", "max_depth='10'", "reg_lambda='0.0707705526244049'"], "origin": "Local Search"}
{"cpu_time": 57.05769753456116, "wallclock_time": 94.26949667930603, "evaluations": 141, "cost": 0.0537, "incumbent": ["colsample_bytree='0.4955568462534028'", "eta='0.1517699813234689'", "max_depth='9'", "reg_lambda='0.026073801675383812'"], "origin": "Local Search"}
{"cpu_time": 72.15309047698975, "wallclock_time": 127.3190279006958, "evaluations": 178, "cost": 0.0513, "incumbent": ["colsample_bytree='0.3340077339498084'", "eta='0.029791869198241578'", "max_depth='9'", "reg_lambda='0.00099046096900334'"], "origin": "Local Search"}
{"cpu_time": 76.97317051887512, "wallclock_time": 137.83840990066528, "evaluations": 190, "cost": 0.0485, "incumbent": ["colsample_bytree='0.3701036117244473'", "eta='0.06563450611572369'", "max_depth='10'", "reg_lambda='0.0009880926982129444'"], "origin": "Local Search"}
{"cpu_time": 96.9126398563385, "wallclock_time": 199.39002776145935, "evaluations": 240, "cost": 0.0483, "incumbent": ["colsample_bytree='0.3939853162489977'", "eta='0.06507414658129415'", "max_depth='10'", "reg_lambda='0.0009828211602139'"], "origin": "Local Search"}
{"cpu_time": 105.91894030570984, "wallclock_time": 235.63844990730286, "evaluations": 265, "cost": 0.048, "incumbent": ["colsample_bytree='0.36091573819585765'", "eta='0.06246662831713453'", "max_depth='9'", "reg_lambda='0.0011856612760514338'"], "origin": "Local Search"}
