"CPU Time Used","Estimated Training Performance","Wallclock Time","Incumbent ID","Automatic Configurator (CPU) Time","Configuration..."
0.000000, 2147483648.000000, 0.000527, 1, 0.000527, C='0.08611366210550205',gamma='0.4942679928374453'
0.016713, 0.500000, 0.017906, 1, 0.001193, C='0.08611366210550205',gamma='0.4942679928374453'
0.092589, 0.312600, 0.098499, 2, 0.005910, C='69.38389384208695',gamma='0.0015531477828170245'
0.390288, 0.303200, 0.733176, 3, 0.342888, C='110.04476518088224',gamma='0.0010265210648371732'
0.529104, 0.297600, 1.706727, 4, 1.177623, C='101.10453284465473',gamma='0.0009905947712035147'
