{"cpu_time": 0.0, "wallclock_time": 0.0005269050598144531, "evaluations": 0, "cost": 2147483648.0, "incumbent": {"C": 0.08611366210550205, "gamma": 0.4942679928374453}, "budget": 0, "origin": "Sobol"}
{"cpu_time": 0.01671314239501953, "wallclock_time": 0.01790618896484375, "evaluations": 1, "cost": 0.5, "incumbent": {"C": 0.08611366210550205, "gamma": 0.4942679928374453}, "budget": 0, "origin": "Sobol"}
{"cpu_time": 0.09258866310119629, "wallclock_time": 0.09849905967712402, "evaluations": 8, "cost": 0.3126, "incumbent": {"C": 69.38389384208695, "gamma": 0.0015531477828170245}, "budget": 0, "origin": "Sobol"}
{"cpu_time": 0.3902883529663086, "wallclock_time": 0.7331759929656982, "evaluations": 35, "cost": 0.3032, "incumbent": {"C": 110.04476518088224, "gamma": 0.0010265210648371732}, "budget": 0, "origin": "Random Search (sorted)"}
{"cpu_time": 0.5291042327880859, "wallclock_time": 1.7067270278930664, "evaluations": 45, "cost": 0.2976, "incumbent": {"C": 101.10453284465473, "gamma": 0.0009905947712035147}, "budget": 0, "origin": "Local Search"}
