"CPU Time Used","Estimated Training Performance","Wallclock Time","Incumbent ID","Automatic Configurator (CPU) Time","Configuration..."
0.000000, 2147483648.000000, 0.000251, 1, 0.000251, alpha='0.0004126639093412234',eta0='0.0017613324954003418'
0.109203, 0.693100, 0.110109, 1, 0.000906, alpha='0.0004126639093412234',eta0='0.0017613324954003418'
