"CPU Time Used","Estimated Training Performance","Wallclock Time","Incumbent ID","Automatic Configurator (CPU) Time","Configuration..."
0.000000, 2147483648.000000, 0.000227, 1, 0.000227, alpha='0.0004126639093412234',eta0='0.0017613324954003418'
1.689593, 0.424200, 1.690461, 1, 0.000868, alpha='0.0004126639093412234',eta0='0.0017613324954003418'
