{
  "mean_cost": 0.10980987859118689,
  "finished_ta_runs": 190,
  "inc_changed": 9,
  "n_configs": 94,
  "submitted_ta_runs": 190,
  "ta_time_used": 29.383777856826782,
  "wallclock_time_used": 60.23537611961365,
  "dataset_id": 146821
}