"CPU Time Used","Estimated Training Performance","Wallclock Time","Incumbent ID","Automatic Configurator (CPU) Time","Configuration..."
0.000000, 2147483648.000000, 0.000039, 1, 0.000039, alpha='0.001',eta0='0.01'
0.080146, 0.357200, 0.080823, 1, 0.000677, alpha='0.001',eta0='0.01'
0.518712, 0.314500, 0.522325, 2, 0.003613, alpha='0.2222611632956835',eta0='7.173240601211391e-05'
2.119419, 0.326700, 2.134034, 3, 0.014615, alpha='0.002374055867675844',eta0='5.8767874739523716e-05'
3.437746, 0.287100, 3.466663, 4, 0.028917, alpha='0.005552327829437055',eta0='4.9488396977195885e-05'
