{
  "mean_cost": 0.3226160935838355,
  "finished_ta_runs": 2,
  "inc_changed": 1,
  "n_configs": 1,
  "submitted_ta_runs": 2,
  "ta_time_used": 0.09092116355895996,
  "wallclock_time_used": 0.09290504455566406,
  "dataset_id": 9971,
  "perf_time": 0.09835887500003082
}