{
  "mean_cost": 0.27673677320254697,
  "finished_ta_runs": 1,
  "inc_changed": 1,
  "n_configs": 1,
  "submitted_ta_runs": 1,
  "ta_time_used": 4.31848669052124,
  "wallclock_time_used": 4.32041597366333,
  "dataset_id": 9910,
  "perf_time": 4.327355874999739
}