{
  "mean_cost": 0.14655068167752228,
  "finished_ta_runs": 1,
  "inc_changed": 1,
  "n_configs": 1,
  "submitted_ta_runs": 1,
  "ta_time_used": 0.7952351570129395,
  "wallclock_time_used": 0.7970418930053711
}