{"cpu_time": 0.0, "wallclock_time": 0.0015211105346679688, "evaluations": 0, "cost": 2147483648.0, "incumbent": ["max_depth='6'", "max_features='0.3290755869820714'", "min_samples_leaf='11'", "min_samples_split='2'"], "origin": "Sobol"}
{"cpu_time": 0.17379474639892578, "wallclock_time": 0.17622923851013184, "evaluations": 1, "cost": 0.5, "incumbent": ["max_depth='6'", "max_features='0.3290755869820714'", "min_samples_leaf='11'", "min_samples_split='2'"], "origin": "Sobol"}
{"cpu_time": 9.855578899383545, "wallclock_time": 9.868736028671265, "evaluations": 13, "cost": 0.4603, "incumbent": ["max_depth='18'", "max_features='0.9707894120365381'", "min_samples_leaf='5'", "min_samples_split='26'"], "origin": "Sobol"}
{"cpu_time": 42.575525760650635, "wallclock_time": 44.73460817337036, "evaluations": 72, "cost": 0.4601, "incumbent": ["max_depth='17'", "max_features='0.8411901522053595'", "min_samples_leaf='6'", "min_samples_split='5'"], "origin": "Local Search"}
{"cpu_time": 114.02823233604431, "wallclock_time": 137.7824833393097, "evaluations": 138, "cost": 0.4599, "incumbent": ["max_depth='8'", "max_features='0.8463601924145886'", "min_samples_leaf='7'", "min_samples_split='8'"], "origin": "Local Search"}
{"cpu_time": 158.09255647659302, "wallclock_time": 206.73372316360474, "evaluations": 188, "cost": 0.4596, "incumbent": ["max_depth='21'", "max_features='0.7593441809595368'", "min_samples_leaf='1'", "min_samples_split='34'"], "origin": "Random Search"}
