{
  "mean_cost": 0.496484705321901,
  "finished_ta_runs": 600,
  "inc_changed": 5,
  "n_configs": 402,
  "submitted_ta_runs": 600,
  "ta_time_used": 82.06876754760742,
  "wallclock_time_used": 86.4153368473053,
  "dataset_id": 9978,
  "perf_time": 86.43218504099059
}