"CPU Time Used","Estimated Training Performance","Wallclock Time","Incumbent ID","Automatic Configurator (CPU) Time","Configuration..."
0.000000, 2147483648.000000, 0.000616, 1, 0.000616, alpha='0.0040824718253228975',eta0='0.00044195488125554607'
3.367273, 0.714300, 3.368770, 1, 0.001497, alpha='0.0040824718253228975',eta0='0.00044195488125554607'
12.862542, 0.710000, 12.866828, 2, 0.004286, alpha='0.0007534803600179209',eta0='0.01638324291048883'
56.758894, 0.702700, 56.777198, 3, 0.018304, alpha='0.000182884801566337',eta0='0.0008272593854647256'
122.460979, 0.699500, 122.510339, 4, 0.049360, alpha='1.5453619743711834e-05',eta0='0.0020987569216046422'
141.169249, 0.699000, 141.628941, 5, 0.459692, alpha='1.5550012187223028e-05',eta0='0.0016779232594334047'
473.167507, 0.698800, 485.955681, 6, 12.788174, alpha='1.59944421039503e-05',eta0='0.0016348813647931455'
523.330634, 0.698600, 537.608815, 7, 14.278181, alpha='1.597166701697739e-05',eta0='0.0016246184899768791'
