"CPU Time Used","Estimated Training Performance","Wallclock Time","Incumbent ID","Automatic Configurator (CPU) Time","Configuration..."
0.000000, 2147483648.000000, 0.000038, 1, 0.000038, alpha='0.001',eta0='0.01'
3.042955, 0.152300, 3.043672, 1, 0.000717, alpha='0.001',eta0='0.01'
24.696657, 0.085300, 24.702564, 2, 0.005907, alpha='0.08477318530405828',eta0='1.1349690026383863e-05'
153.888499, 0.083600, 153.952277, 3, 0.063778, alpha='2.7335319104944513e-05',eta0='1.1848235705025143e-05'
