{
  "mean_cost": 0.32725406517797817,
  "finished_ta_runs": 300,
  "inc_changed": 6,
  "n_configs": 161,
  "submitted_ta_runs": 300,
  "ta_time_used": 9.379423379898071,
  "wallclock_time_used": 149.32065987586975,
  "dataset_id": 31,
  "perf_time": 149.3330842919995
}