"CPU Time Used","Estimated Training Performance","Wallclock Time","Incumbent ID","Automatic Configurator (CPU) Time","Configuration..."
0.000000, 2147483648.000000, 0.000036, 1, 0.000036, C='1.0',gamma='0.1'
0.014777, 0.506000, 0.015399, 1, 0.000622, C='1.0',gamma='0.1'
0.041818, 0.500000, 0.044736, 2, 0.002918, C='158.14868188690906',gamma='343.26441741125484'
0.085590, 0.313200, 0.091525, 3, 0.005935, C='52.455931369707116',gamma='0.0011373846877749554'
0.291137, 0.305300, 0.323307, 4, 0.032170, C='5.862099698295004',gamma='0.004673222012870196'
0.518707, 0.300600, 0.589860, 5, 0.071153, C='39.72630184941345',gamma='0.0057370345194513945'
2.733356, 0.300400, 3.897618, 6, 1.164263, C='1.1945663896999277',gamma='0.006111771382000987'
