"CPU Time Used","Estimated Training Performance","Wallclock Time","Incumbent ID","Automatic Configurator (CPU) Time","Configuration..."
0.000000, 2147483648.000000, 0.000049, 1, 0.000049, colsample_bytree='1.0',eta='0.3',max_depth='10',reg_lambda='1.0'
4.674035, 0.178800, 4.675161, 1, 0.001125, colsample_bytree='1.0',eta='0.3',max_depth='10',reg_lambda='1.0'
24.089512, 0.168800, 24.096996, 2, 0.007483, colsample_bytree='0.1477517486203504',eta='0.1656158608211872',max_depth='2',reg_lambda='0.008238286081969528'
50.175549, 0.161400, 50.193039, 3, 0.017490, colsample_bytree='0.5940055180926231',eta='0.0025576007237769634',max_depth='5',reg_lambda='1.356609008584969'
83.872439, 0.160600, 83.903760, 4, 0.031320, colsample_bytree='0.42779910928331233',eta='0.13140302375308188',max_depth='4',reg_lambda='1.351829952028138'
110.942816, 0.153700, 111.000967, 5, 0.058151, colsample_bytree='0.26315082135305257',eta='0.00919162641130799',max_depth='10',reg_lambda='0.019532202976770125'
148.133280, 0.149600, 148.227395, 6, 0.094115, colsample_bytree='0.48942903537185556',eta='0.0388981822691579',max_depth='5',reg_lambda='0.006028621975505069'
714.788968, 0.146400, 716.176003, 7, 1.387035, colsample_bytree='0.5168205439712904',eta='0.013243071456292629',max_depth='6',reg_lambda='0.03196567119205523'
