"CPU Time Used","Estimated Training Performance","Wallclock Time","Incumbent ID","Automatic Configurator (CPU) Time","Configuration..."
0.000000, 2147483648.000000, 0.000531, 1, 0.000531, alpha='0.0004126639093412234',eta0='0.0017613324954003418'
0.055963, 0.491500, 0.057189, 1, 0.001226, alpha='0.0004126639093412234',eta0='0.0017613324954003418'
0.887769, 0.455100, 0.907802, 2, 0.020033, alpha='2.6979332069179497e-05',eta0='0.03342560639959951'
1.442499, 0.450400, 1.478222, 3, 0.035722, alpha='0.0003176176432525431',eta0='6.415790095453975e-05'
3.368472, 0.448400, 8.786165, 4, 5.417693, alpha='0.0014124135980274866',eta0='6.116973593965126e-05'
4.810308, 0.447800, 13.330420, 5, 8.520112, alpha='0.00010376604888038986',eta0='0.004973529160811266'
7.474973, 0.446800, 25.450817, 6, 17.975844, alpha='2.678817572904927e-05',eta0='1.1482934108708362e-05'
8.454281, 0.435100, 30.032716, 7, 21.578435, alpha='0.00016533108556799326',eta0='1.4689126200791805e-05'
