"CPU Time Used","Estimated Training Performance","Wallclock Time","Incumbent ID","Automatic Configurator (CPU) Time","Configuration..."
0.000000, 2147483648.000000, 0.000664, 1, 0.000664, C='0.08611366210550205',gamma='0.4942679928374453'
0.010460, 0.500000, 0.012003, 1, 0.001543, C='0.08611366210550205',gamma='0.4942679928374453'
0.081589, 0.351200, 0.088439, 2, 0.006850, C='69.38389384208695',gamma='0.0015531477828170245'
0.458403, 0.298200, 2.022738, 3, 1.564335, C='14.187708409912954',gamma='0.001555292665261804'
0.860818, 0.293800, 5.605111, 4, 4.744293, C='9.85021175439467',gamma='0.0015543909936621362'
1.038150, 0.289000, 7.309304, 5, 6.271154, C='8.59433077925498',gamma='0.0015431846756128755'
1.090052, 0.284100, 7.373398, 6, 6.283346, C='8.029546154525006',gamma='0.0015396166998475958'
1.184077, 0.272500, 8.306367, 7, 7.122291, C='8.123383497683859',gamma='0.0014350750866080426'
1.245407, 0.258800, 8.757204, 8, 7.511797, C='3.346795241452712',gamma='0.0014241399263810546'
