{"cpu_time": 0.0, "wallclock_time": 0.0014278888702392578, "evaluations": 0, "cost": 2147483648.0, "incumbent": {"colsample_bytree": 0.3908073678612709, "eta": 0.02197006114591668, "max_depth": 1, "reg_lambda": 0.025956378731779545}, "budget": 0, "origin": "Sobol"}
{"cpu_time": 0.7155299186706543, "wallclock_time": 0.7183899879455566, "evaluations": 1, "cost": 0.4873, "incumbent": {"colsample_bytree": 0.3908073678612709, "eta": 0.02197006114591668, "max_depth": 1, "reg_lambda": 0.025956378731779545}, "budget": 0, "origin": "Sobol"}
{"cpu_time": 2.0048506259918213, "wallclock_time": 2.010744094848633, "evaluations": 4, "cost": 0.4085, "incumbent": {"colsample_bytree": 0.7864414579235017, "eta": 0.06876373473778273, "max_depth": 5, "reg_lambda": 2.180661802430785}, "budget": 0, "origin": "Sobol"}
{"cpu_time": 2.08927845954895, "wallclock_time": 2.0969648361206055, "evaluations": 6, "cost": 0.3783, "incumbent": {"colsample_bytree": 1.0, "eta": 0.3, "max_depth": 10, "reg_lambda": 1.0}, "budget": 0, "origin": null}
{"cpu_time": 3.792649745941162, "wallclock_time": 4.362915754318237, "evaluations": 56, "cost": 0.3677, "incumbent": {"colsample_bytree": 0.21892122671039366, "eta": 0.3862360802863989, "max_depth": 10, "reg_lambda": 0.1439348213535021}, "budget": 0, "origin": "Local Search"}
{"cpu_time": 4.159701108932495, "wallclock_time": 8.066894054412842, "evaluations": 73, "cost": 0.3648, "incumbent": {"colsample_bytree": 0.23979746785355827, "eta": 0.4341195586988762, "max_depth": 9, "reg_lambda": 0.010914076052719178}, "budget": 0, "origin": "Local Search"}
{"cpu_time": 4.2949934005737305, "wallclock_time": 9.4234459400177, "evaluations": 80, "cost": 0.3625, "incumbent": {"colsample_bytree": 0.21845708568010264, "eta": 0.4806575756691618, "max_depth": 10, "reg_lambda": 0.0011692127761773552}, "budget": 0, "origin": "Local Search"}
{"cpu_time": 5.164240598678589, "wallclock_time": 19.147323846817017, "evaluations": 121, "cost": 0.3534, "incumbent": {"colsample_bytree": 0.2166128870806316, "eta": 0.38617803458727834, "max_depth": 7, "reg_lambda": 0.008224174793137265}, "budget": 0, "origin": "Local Search"}
{"cpu_time": 5.671754360198975, "wallclock_time": 24.78621482849121, "evaluations": 144, "cost": 0.3507, "incumbent": {"colsample_bytree": 0.21795827271371404, "eta": 0.6311549006614963, "max_depth": 9, "reg_lambda": 0.001121978441703007}, "budget": 0, "origin": "Local Search"}
{"cpu_time": 6.958169937133789, "wallclock_time": 43.43228197097778, "evaluations": 196, "cost": 0.35, "incumbent": {"colsample_bytree": 0.23609893446246857, "eta": 0.6302959529765304, "max_depth": 9, "reg_lambda": 0.0011717622099282651}, "budget": 0, "origin": "Local Search"}
