{"cpu_time": 0.0, "wallclock_time": 0.0014460086822509766, "evaluations": 0, "cost": 2147483648.0, "incumbent": {"colsample_bytree": 0.3908073678612709, "eta": 0.02197006114591668, "max_depth": 1, "reg_lambda": 0.025956378731779545}, "budget": 0, "origin": "Sobol"}
{"cpu_time": 0.04737710952758789, "wallclock_time": 0.049829959869384766, "evaluations": 1, "cost": 0.5, "incumbent": {"colsample_bytree": 0.3908073678612709, "eta": 0.02197006114591668, "max_depth": 1, "reg_lambda": 0.025956378731779545}, "budget": 0, "origin": "Sobol"}
{"cpu_time": 0.3765714168548584, "wallclock_time": 0.38155698776245117, "evaluations": 4, "cost": 0.4523, "incumbent": {"colsample_bytree": 0.7864414579235017, "eta": 0.06876373473778273, "max_depth": 5, "reg_lambda": 2.180661802430785}, "budget": 0, "origin": "Sobol"}
{"cpu_time": 0.8793654441833496, "wallclock_time": 0.8861792087554932, "evaluations": 6, "cost": 0.3717, "incumbent": {"colsample_bytree": 1.0, "eta": 0.3, "max_depth": 10, "reg_lambda": 1.0}, "budget": 0, "origin": null}
{"cpu_time": 6.991315841674805, "wallclock_time": 11.178931951522827, "evaluations": 64, "cost": 0.3653, "incumbent": {"colsample_bytree": 0.8580289837313417, "eta": 0.11542941367773449, "max_depth": 10, "reg_lambda": 0.0025057386685018008}, "budget": 0, "origin": "Local Search"}
{"cpu_time": 38.034396171569824, "wallclock_time": 102.41212487220764, "evaluations": 262, "cost": 0.3609, "incumbent": {"colsample_bytree": 0.18012821838069448, "eta": 0.8573905622850885, "max_depth": 2, "reg_lambda": 0.5283311107770321}, "budget": 0, "origin": "Random Search"}
