"CPU Time Used","Estimated Training Performance","Wallclock Time","Incumbent ID","Automatic Configurator (CPU) Time","Configuration..."
0.000000, 2147483648.000000, 0.000546, 1, 0.000546, C='0.08611366210550205',gamma='0.4942679928374453'
0.110776, 0.782200, 0.112031, 1, 0.001255, C='0.08611366210550205',gamma='0.4942679928374453'
0.414149, 0.679200, 0.417779, 2, 0.003630, C='19.433598606658386',gamma='9.232350409327609'
0.601889, 0.171700, 0.609450, 3, 0.007561, C='1.0',gamma='0.1'
0.762882, 0.073900, 0.773825, 4, 0.010944, C='69.38389384208695',gamma='0.0015531477828170245'
2.922297, 0.062600, 5.177383, 5, 2.255086, C='7.951843477018591',gamma='0.0015535244068685223'
3.236657, 0.060600, 5.762135, 6, 2.525478, C='7.920871689991676',gamma='0.0015535244068685223'
3.928894, 0.058700, 8.924035, 7, 4.995141, C='7.886147631271323',gamma='0.0015350174300870051'
