"CPU Time Used","Estimated Training Performance","Wallclock Time","Incumbent ID","Automatic Configurator (CPU) Time","Configuration..."
0.000000, 2147483648.000000, 0.000641, 1, 0.000641, alpha='0.0040824718253228975',eta0='0.00044195488125554607'
0.501568, 0.178600, 0.503217, 1, 0.001649, alpha='0.0040824718253228975',eta0='0.00044195488125554607'
2.968746, 0.139200, 2.975447, 2, 0.006701, alpha='2.1186147948258377e-05',eta0='8.558614272324676e-05'
12.914715, 0.160800, 13.276755, 3, 0.362040, alpha='5.220675556723572e-05',eta0='1.0354221882576663e-05'
49.833155, 0.159800, 70.309874, 4, 20.476719, alpha='1.5062825404063014e-05',eta0='1.3162071788444774e-05'
122.466281, 0.159500, 231.879753, 5, 109.413472, alpha='1.500426065510408e-05',eta0='2.28180951934382e-05'
