"CPU Time Used","Estimated Training Performance","Wallclock Time","Incumbent ID","Automatic Configurator (CPU) Time","Configuration..."
0.000000, 2147483648.000000, 0.000559, 1, 0.000559, C='0.08611366210550205',gamma='0.4942679928374453'
0.557951, 0.900000, 0.559337, 1, 0.001386, C='0.08611366210550205',gamma='0.4942679928374453'
2.159578, 0.894000, 2.164275, 2, 0.004697, C='19.433598606658386',gamma='9.232350409327609'
3.240817, 0.892600, 3.247561, 3, 0.006744, C='1.0',gamma='0.1'
5.029058, 0.015600, 5.040747, 4, 0.011688, C='69.38389384208695',gamma='0.0015531477828170245'
