{
  "mean_cost": 0.4738046336379669,
  "finished_ta_runs": 600,
  "inc_changed": 6,
  "n_configs": 543,
  "submitted_ta_runs": 600,
  "ta_time_used": 43.00633502006531,
  "wallclock_time_used": 48.21131110191345,
  "dataset_id": 9971,
  "perf_time": 48.228159667
}