"CPU Time Used","Estimated Training Performance","Wallclock Time","Incumbent ID","Automatic Configurator (CPU) Time","Configuration..."
0.000000, 2147483648.000000, 0.000045, 1, 0.000045, alpha='0.001',eta0='0.01'
0.111896, 0.347600, 0.113112, 1, 0.001216, alpha='0.001',eta0='0.01'
0.534345, 0.342100, 0.541227, 2, 0.006881, alpha='0.08477318530405828',eta0='1.1349690026383863e-05'
1.600989, 0.309200, 1.628314, 3, 0.027325, alpha='5.516507394942856e-05',eta0='0.468527197586272'
6.126750, 0.307200, 6.309663, 4, 0.182912, alpha='6.267447132897467e-05',eta0='0.4208548063256546'
20.922099, 0.300600, 22.422515, 5, 1.500416, alpha='0.0002353819587053865',eta0='0.6535870270054229'
24.139455, 0.289900, 26.055611, 6, 1.916156, alpha='6.863212687469806e-05',eta0='0.954985138230655'
