{
  "mean_cost": 0.04999510384364336,
  "finished_ta_runs": 1,
  "inc_changed": 1,
  "n_configs": 1,
  "submitted_ta_runs": 1,
  "ta_time_used": 0.2776482105255127,
  "wallclock_time_used": 0.2791910171508789
}