"CPU Time Used","Estimated Training Performance","Wallclock Time","Incumbent ID","Automatic Configurator (CPU) Time","Configuration..."
0.000000, 2147483648.000000, 0.000039, 1, 0.000039, alpha='0.001',eta0='0.01'
2.392832, 0.040700, 2.393688, 1, 0.000856, alpha='0.001',eta0='0.01'
57.615840, 0.038100, 57.658491, 2, 0.042651, alpha='0.00709694490052734',eta0='0.0007010272514373521'
235.399062, 0.037500, 235.726117, 3, 0.327055, alpha='0.004487746418227437',eta0='0.00017042267100206128'
330.635389, 0.036700, 331.160253, 4, 0.524865, alpha='0.002227129616896583',eta0='0.0002709828573799495'
