"CPU Time Used","Estimated Training Performance","Wallclock Time","Incumbent ID","Automatic Configurator (CPU) Time","Configuration..."
0.000000, 2147483648.000000, 0.000035, 1, 0.000035, alpha='0.001',eta0='0.01'
0.109507, 0.486000, 0.110149, 1, 0.000642, alpha='0.001',eta0='0.01'
0.856357, 0.309500, 0.861967, 2, 0.005610, alpha='0.08477318530405828',eta0='1.1349690026383863e-05'
6.149415, 0.286600, 6.219551, 3, 0.070136, alpha='2.7335319104944513e-05',eta0='1.1848235705025143e-05'
22.628556, 0.281600, 23.179952, 4, 0.551396, alpha='0.0074383903626601255',eta0='1.0883819901646995e-05'
