{
  "mean_cost": 0.4215194833044295,
  "finished_ta_runs": 300,
  "inc_changed": 4,
  "n_configs": 175,
  "submitted_ta_runs": 300,
  "ta_time_used": 9.419553279876709,
  "wallclock_time_used": 113.90717792510986,
  "dataset_id": 9971,
  "perf_time": 113.91896212500069
}