{
  "mean_cost": 0.13774920103045107,
  "finished_ta_runs": 2,
  "inc_changed": 1,
  "n_configs": 1,
  "submitted_ta_runs": 2,
  "ta_time_used": 2.1127350330352783,
  "wallclock_time_used": 2.114895820617676,
  "dataset_id": 146800,
  "perf_time": 2.121604459000082
}