{
  "mean_cost": 0.1155238395863396,
  "finished_ta_runs": 2,
  "inc_changed": 1,
  "n_configs": 1,
  "submitted_ta_runs": 2,
  "ta_time_used": 0.05550193786621094,
  "wallclock_time_used": 0.05739998817443848,
  "dataset_id": 9946,
  "perf_time": 0.06546087499964415
}