{"cpu_time": 0.0, "wallclock_time": 3.910064697265625e-05, "evaluations": 0, "cost": 2147483648.0, "incumbent": {"C": 1.0, "gamma": 0.1}, "budget": 0, "origin": "Default"}
{"cpu_time": 0.1695411205291748, "wallclock_time": 0.17025208473205566, "evaluations": 1, "cost": 0.8762, "incumbent": {"C": 1.0, "gamma": 0.1}, "budget": 0, "origin": "Default"}
