{
  "mean_cost": 0.0918263452968931,
  "finished_ta_runs": 162,
  "inc_changed": 1,
  "n_configs": 158,
  "submitted_ta_runs": 162,
  "ta_time_used": 120.29423141479492,
  "wallclock_time_used": 120.92782998085022,
  "dataset_id": 6
}