{
  "mean_cost": 0.007716049382715973,
  "finished_ta_runs": 1,
  "inc_changed": 1,
  "n_configs": 1,
  "submitted_ta_runs": 1,
  "ta_time_used": 0.15937423706054688,
  "wallclock_time_used": 0.16136598587036133
}