{
  "mean_cost": 0.5878294373725103,
  "finished_ta_runs": 2,
  "inc_changed": 1,
  "n_configs": 1,
  "submitted_ta_runs": 2,
  "ta_time_used": 3.202852249145508,
  "wallclock_time_used": 3.2055020332336426,
  "dataset_id": 146195,
  "perf_time": 3.2127066670000204
}