{"cpu_time": 0.0, "wallclock_time": 0.003542184829711914, "evaluations": 0, "cost": 2147483648.0, "incumbent": {"max_depth": 1, "max_features": 0.49276944529265165, "min_samples_leaf": 4, "min_samples_split": 9}, "budget": 0, "origin": "Sobol"}
{"cpu_time": 0.09671306610107422, "wallclock_time": 0.10117197036743164, "evaluations": 1, "cost": 0.5, "incumbent": {"max_depth": 1, "max_features": 0.49276944529265165, "min_samples_leaf": 4, "min_samples_split": 9}, "budget": 0, "origin": "Sobol"}
{"cpu_time": 0.36707115173339844, "wallclock_time": 0.3740222454071045, "evaluations": 4, "cost": 0.4566, "incumbent": {"max_depth": 22, "max_features": 0.502463330514729, "min_samples_leaf": 18, "min_samples_split": 83}, "budget": 0, "origin": "Sobol"}
{"cpu_time": 0.5919570922851562, "wallclock_time": 0.6006274223327637, "evaluations": 6, "cost": 0.3715, "incumbent": {"max_depth": 10, "max_features": 0.5, "min_samples_leaf": 1, "min_samples_split": 32}, "budget": 0, "origin": null}
{"cpu_time": 1.4871811866760254, "wallclock_time": 1.5023150444030762, "evaluations": 13, "cost": 0.3507, "incumbent": {"max_depth": 4, "max_features": 0.7575887208804488, "min_samples_leaf": 11, "min_samples_split": 22}, "budget": 0, "origin": "Sobol"}
{"cpu_time": 3.060058116912842, "wallclock_time": 3.082695245742798, "evaluations": 20, "cost": 0.2805, "incumbent": {"max_depth": 11, "max_features": 0.9135355520993471, "min_samples_leaf": 2, "min_samples_split": 4}, "budget": 0, "origin": "Sobol"}
{"cpu_time": 11.387565851211548, "wallclock_time": 15.768033027648926, "evaluations": 72, "cost": 0.2799, "incumbent": {"max_depth": 34, "max_features": 0.9959912286608382, "min_samples_leaf": 3, "min_samples_split": 3}, "budget": 0, "origin": "Local Search"}
{"cpu_time": 16.452366590499878, "wallclock_time": 23.35733413696289, "evaluations": 89, "cost": 0.275, "incumbent": {"max_depth": 14, "max_features": 0.9716221966536762, "min_samples_leaf": 1, "min_samples_split": 7}, "budget": 0, "origin": "Local Search"}
{"cpu_time": 18.064305305480957, "wallclock_time": 24.98163414001465, "evaluations": 94, "cost": 0.2702, "incumbent": {"max_depth": 14, "max_features": 0.9781033752453652, "min_samples_leaf": 1, "min_samples_split": 7}, "budget": 0, "origin": "Local Search"}
{"cpu_time": 20.600181102752686, "wallclock_time": 28.661349296569824, "evaluations": 103, "cost": 0.2642, "incumbent": {"max_depth": 14, "max_features": 0.974842842980092, "min_samples_leaf": 1, "min_samples_split": 4}, "budget": 0, "origin": "Local Search"}
{"cpu_time": 28.36833381652832, "wallclock_time": 44.50193214416504, "evaluations": 130, "cost": 0.2596, "incumbent": {"max_depth": 31, "max_features": 0.9482130510556669, "min_samples_leaf": 1, "min_samples_split": 2}, "budget": 0, "origin": "Local Search"}
{"cpu_time": 36.871036529541016, "wallclock_time": 59.11261820793152, "evaluations": 160, "cost": 0.2593, "incumbent": {"max_depth": 30, "max_features": 0.9177937969743518, "min_samples_leaf": 1, "min_samples_split": 3}, "budget": 0, "origin": "Local Search"}
{"cpu_time": 53.674630641937256, "wallclock_time": 85.52266120910645, "evaluations": 218, "cost": 0.2591, "incumbent": {"max_depth": 44, "max_features": 0.9524416003451782, "min_samples_leaf": 1, "min_samples_split": 4}, "budget": 0, "origin": "Local Search"}
{"cpu_time": 75.04278254508972, "wallclock_time": 125.19468021392822, "evaluations": 295, "cost": 0.258, "incumbent": {"max_depth": 44, "max_features": 0.9590237820263066, "min_samples_leaf": 1, "min_samples_split": 2}, "budget": 0, "origin": "Local Search"}
