{
  "mean_cost": 0.4096051608118641,
  "finished_ta_runs": 600,
  "inc_changed": 3,
  "n_configs": 570,
  "submitted_ta_runs": 600,
  "ta_time_used": 570.1091282367706,
  "wallclock_time_used": 577.1989498138428,
  "dataset_id": 14965,
  "perf_time": 577.2139397089923
}