{
  "mean_cost": 0.8047712418300653,
  "finished_ta_runs": 1,
  "inc_changed": 1,
  "n_configs": 1,
  "submitted_ta_runs": 1,
  "ta_time_used": 0.3116030693054199,
  "wallclock_time_used": 0.31299686431884766,
  "dataset_id": 18,
  "perf_time": 0.3254476249999243
}