{"cpu_time": 0.0, "wallclock_time": 0.001444101333618164, "evaluations": 0, "cost": 2147483648.0, "incumbent": {"colsample_bytree": 0.3908073678612709, "eta": 0.02197006114591668, "max_depth": 1, "reg_lambda": 0.025956378731779545}, "budget": 0, "origin": "Sobol"}
{"cpu_time": 0.14206194877624512, "wallclock_time": 0.14490079879760742, "evaluations": 1, "cost": 0.303, "incumbent": {"colsample_bytree": 0.3908073678612709, "eta": 0.02197006114591668, "max_depth": 1, "reg_lambda": 0.025956378731779545}, "budget": 0, "origin": "Sobol"}
{"cpu_time": 1.7792630195617676, "wallclock_time": 1.7851431369781494, "evaluations": 4, "cost": 0.3045, "incumbent": {"colsample_bytree": 0.7864414579235017, "eta": 0.06876373473778273, "max_depth": 5, "reg_lambda": 2.180661802430785}, "budget": 0, "origin": "Sobol"}
{"cpu_time": 4.6803879737854, "wallclock_time": 4.692099094390869, "evaluations": 10, "cost": 0.2836, "incumbent": {"colsample_bytree": 0.6669311207719147, "eta": 0.0020441831220252608, "max_depth": 2, "reg_lambda": 0.05673127383536801}, "budget": 0, "origin": "Sobol"}
{"cpu_time": 6.353236675262451, "wallclock_time": 6.375770092010498, "evaluations": 20, "cost": 0.2805, "incumbent": {"colsample_bytree": 0.6266065758652986, "eta": 0.3646935062279739, "max_depth": 1, "reg_lambda": 0.2818207552142512}, "budget": 0, "origin": "Sobol"}
{"cpu_time": 17.251821279525757, "wallclock_time": 17.336642026901245, "evaluations": 60, "cost": 0.2805, "incumbent": {"colsample_bytree": 0.8134428126737475, "eta": 0.7203968592775708, "max_depth": 1, "reg_lambda": 0.01914638423964656}, "budget": 0, "origin": "Sobol"}
{"cpu_time": 22.360087394714355, "wallclock_time": 26.057903051376343, "evaluations": 84, "cost": 0.2739, "incumbent": {"colsample_bytree": 0.8789099785290183, "eta": 0.011641875273722362, "max_depth": 2, "reg_lambda": 39.70049584207149}, "budget": 0, "origin": "Local Search"}
{"cpu_time": 25.231396198272705, "wallclock_time": 31.575204133987427, "evaluations": 99, "cost": 0.2663, "incumbent": {"colsample_bytree": 0.9776556056532844, "eta": 0.010755871600846236, "max_depth": 2, "reg_lambda": 14.289464213353448}, "budget": 0, "origin": "Local Search"}
{"cpu_time": 28.020525693893433, "wallclock_time": 36.16757607460022, "evaluations": 113, "cost": 0.2659, "incumbent": {"colsample_bytree": 0.8879299952354673, "eta": 0.009979515456958618, "max_depth": 2, "reg_lambda": 14.933342276756589}, "budget": 0, "origin": "Local Search"}
{"cpu_time": 37.08148431777954, "wallclock_time": 53.66297197341919, "evaluations": 153, "cost": 0.2658, "incumbent": {"colsample_bytree": 0.9766979114019478, "eta": 0.010527244359822455, "max_depth": 2, "reg_lambda": 16.993449729071614}, "budget": 0, "origin": "Local Search"}
