"CPU Time Used","Estimated Training Performance","Wallclock Time","Incumbent ID","Automatic Configurator (CPU) Time","Configuration..."
0.000000, 2147483648.000000, 0.000041, 1, 0.000041, alpha='0.001',eta0='0.01'
0.103692, 0.500000, 0.104455, 1, 0.000763, alpha='0.001',eta0='0.01'
0.369658, 0.500000, 0.376754, 2, 0.007097, alpha='0.181986542229818',eta0='0.0022107949138319687'
0.526849, 0.496700, 0.538790, 3, 0.011941, alpha='1.8419909509685855e-05',eta0='0.05046106065359831'
1.527798, 0.491800, 1.578516, 4, 0.050718, alpha='0.02742118554860221',eta0='0.004061892461297442'
1.949344, 0.488200, 2.020757, 5, 0.071413, alpha='0.00047563268189094034',eta0='2.3569613209121685e-05'
2.746337, 0.483700, 2.868901, 6, 0.122564, alpha='0.00029466353336325614',eta0='0.5780197815451517'
8.271142, 0.482800, 9.015580, 7, 0.744438, alpha='0.02948908212351824',eta0='0.02729832484619376'
