{"cpu_time": 0.0, "wallclock_time": 0.0014770030975341797, "evaluations": 0, "cost": 2147483648.0, "incumbent": {"max_depth": 2, "max_features": 0.4491682695224881, "min_samples_leaf": 1, "min_samples_split": 4}, "budget": 0, "origin": "Sobol"}
{"cpu_time": 0.10232305526733398, "wallclock_time": 0.10465693473815918, "evaluations": 1, "cost": 0.4299, "incumbent": {"max_depth": 2, "max_features": 0.4491682695224881, "min_samples_leaf": 1, "min_samples_split": 4}, "budget": 0, "origin": "Sobol"}
{"cpu_time": 0.6159677505493164, "wallclock_time": 0.620823860168457, "evaluations": 4, "cost": 0.0506, "incumbent": {"max_depth": 17, "max_features": 0.6137791713699698, "min_samples_leaf": 16, "min_samples_split": 18}, "budget": 0, "origin": "Sobol"}
{"cpu_time": 3.9556965827941895, "wallclock_time": 3.9734699726104736, "evaluations": 17, "cost": 0.0515, "incumbent": {"max_depth": 7, "max_features": 0.8544756416231394, "min_samples_leaf": 3, "min_samples_split": 9}, "budget": 0, "origin": "Sobol"}
{"cpu_time": 14.194148540496826, "wallclock_time": 14.283701181411743, "evaluations": 60, "cost": 0.0419, "incumbent": {"max_depth": 19, "max_features": 0.9526863796636462, "min_samples_leaf": 5, "min_samples_split": 4}, "budget": 0, "origin": "Sobol"}
{"cpu_time": 104.78935861587524, "wallclock_time": 163.55064296722412, "evaluations": 240, "cost": 0.0407, "incumbent": {"max_depth": 21, "max_features": 0.9522289417442751, "min_samples_leaf": 1, "min_samples_split": 12}, "budget": 0, "origin": "Local Search"}
