"CPU Time Used","Estimated Training Performance","Wallclock Time","Incumbent ID","Automatic Configurator (CPU) Time","Configuration..."
0.000000, 2147483648.000000, 0.000036, 1, 0.000036, alpha='0.001',eta0='0.01'
0.052042, 0.413200, 0.052702, 1, 0.000660, alpha='0.001',eta0='0.01'
0.472809, 0.421900, 0.481156, 2, 0.008347, alpha='0.01706942529044376',eta0='0.0004888683437126603'
1.029159, 0.394900, 1.049719, 3, 0.020560, alpha='0.007044721831944322',eta0='0.003888387662681052'
1.996359, 0.391800, 2.052687, 4, 0.056328, alpha='0.0013088121300544602',eta0='0.0027912063175679425'
2.420541, 0.391500, 2.492387, 5, 0.071846, alpha='0.0003607178387172493',eta0='0.002092258613023033'
3.919437, 0.390300, 4.062770, 6, 0.143332, alpha='0.00044527225733839314',eta0='0.0018301099966696653'
12.880399, 0.388800, 13.994645, 7, 1.114246, alpha='1.4742717129928086e-05',eta0='0.002288248416211361'
23.504004, 0.388300, 26.771409, 8, 3.267405, alpha='9.354497360916909e-05',eta0='0.0021607455784504897'
