"CPU Time Used","Estimated Training Performance","Wallclock Time","Incumbent ID","Automatic Configurator (CPU) Time","Configuration..."
0.000000, 2147483648.000000, 0.000564, 1, 0.000564, alpha='0.0004126639093412234',eta0='0.0017613324954003418'
0.033011, 0.434500, 0.034324, 1, 0.001313, alpha='0.0004126639093412234',eta0='0.0017613324954003418'
0.960648, 0.402200, 0.999740, 2, 0.039092, alpha='0.00010552133485562857',eta0='0.004699384441638126'
2.243041, 0.400200, 7.025268, 3, 4.782227, alpha='0.0008212286085730032',eta0='0.0033844183004399717'
2.558352, 0.383500, 9.788311, 4, 7.229959, alpha='1.1364774690262335e-05',eta0='0.004327582832410335'
