{"cpu_time": 0.0, "wallclock_time": 0.0014491081237792969, "evaluations": 0, "cost": 2147483648.0, "incumbent": {"colsample_bytree": 0.3908073678612709, "eta": 0.02197006114591668, "max_depth": 1, "reg_lambda": 0.025956378731779545}, "budget": 0, "origin": "Sobol"}
{"cpu_time": 1.2811219692230225, "wallclock_time": 1.2835710048675537, "evaluations": 1, "cost": 0.0825, "incumbent": {"colsample_bytree": 0.3908073678612709, "eta": 0.02197006114591668, "max_depth": 1, "reg_lambda": 0.025956378731779545}, "budget": 0, "origin": "Sobol"}
{"cpu_time": 20.259562730789185, "wallclock_time": 20.26488208770752, "evaluations": 4, "cost": 0.0297, "incumbent": {"colsample_bytree": 0.7864414579235017, "eta": 0.06876373473778273, "max_depth": 5, "reg_lambda": 2.180661802430785}, "budget": 0, "origin": "Sobol"}
{"cpu_time": 72.06139540672302, "wallclock_time": 72.08395195007324, "evaluations": 17, "cost": 0.0247, "incumbent": {"colsample_bytree": 0.6266065758652986, "eta": 0.3646935062279739, "max_depth": 1, "reg_lambda": 0.2818207552142512}, "budget": 0, "origin": "Sobol"}
{"cpu_time": 111.44212365150452, "wallclock_time": 111.4794602394104, "evaluations": 26, "cost": 0.0232, "incumbent": {"colsample_bytree": 0.45945947319269187, "eta": 0.12445917509269228, "max_depth": 2, "reg_lambda": 0.005247079141785378}, "budget": 0, "origin": "Sobol"}
{"cpu_time": 150.57861351966858, "wallclock_time": 150.63824224472046, "evaluations": 36, "cost": 0.0212, "incumbent": {"colsample_bytree": 0.7374323334544897, "eta": 0.08892726614867096, "max_depth": 2, "reg_lambda": 0.006056488228714528}, "budget": 0, "origin": "Sobol"}
{"cpu_time": 296.11721992492676, "wallclock_time": 301.38583302497864, "evaluations": 84, "cost": 0.0184, "incumbent": {"colsample_bytree": 0.9077384055091504, "eta": 0.6798527513804016, "max_depth": 1, "reg_lambda": 1.1312204556259693}, "budget": 0, "origin": "Local Search"}
{"cpu_time": 305.9093027114868, "wallclock_time": 311.19325017929077, "evaluations": 89, "cost": 0.0179, "incumbent": {"colsample_bytree": 0.904053137591167, "eta": 0.6907895780359927, "max_depth": 1, "reg_lambda": 1.1251993149260482}, "budget": 0, "origin": "Local Search"}
{"cpu_time": 426.06475591659546, "wallclock_time": 453.4537281990051, "evaluations": 140, "cost": 0.0175, "incumbent": {"colsample_bytree": 0.9438758425260474, "eta": 0.6797315092358553, "max_depth": 1, "reg_lambda": 0.004696338819451688}, "budget": 0, "origin": "Local Search"}
{"cpu_time": 835.1560337543488, "wallclock_time": 913.1958558559418, "evaluations": 288, "cost": 0.017, "incumbent": {"colsample_bytree": 0.952027960201213, "eta": 0.6795931964735699, "max_depth": 1, "reg_lambda": 0.6930740426687605}, "budget": 0, "origin": "Local Search"}
{"cpu_time": 851.4619243144989, "wallclock_time": 930.2648820877075, "evaluations": 296, "cost": 0.0164, "incumbent": {"colsample_bytree": 0.9440651696104094, "eta": 0.525414529082953, "max_depth": 1, "reg_lambda": 1.1203758186710715}, "budget": 0, "origin": "Local Search"}
