"CPU Time Used","Estimated Training Performance","Wallclock Time","Incumbent ID","Automatic Configurator (CPU) Time","Configuration..."
0.000000, 2147483648.000000, 0.000032, 1, 0.000032, alpha='0.001',eta0='0.01'
0.057614, 0.469600, 0.058581, 1, 0.000968, alpha='0.001',eta0='0.01'
0.175427, 0.440700, 0.187126, 2, 0.011699, alpha='0.2222611632956835',eta0='7.173240601211391e-05'
0.570417, 0.439100, 0.593379, 3, 0.022962, alpha='0.002374055867675844',eta0='5.8767874739523716e-05'
0.902497, 0.426700, 0.936687, 4, 0.034190, alpha='0.005552327829437055',eta0='4.9488396977195885e-05'
1.188301, 0.415100, 1.237647, 5, 0.049346, alpha='0.0006623784013966581',eta0='0.034358578660466293'
1.488609, 0.393700, 1.552485, 6, 0.063877, alpha='0.00047563268189094034',eta0='2.3569613209121685e-05'
3.797653, 0.382000, 4.077168, 7, 0.279515, alpha='0.0008979784103930562',eta0='1.0555299750248877e-05'
11.613376, 0.380100, 13.498458, 8, 1.885082, alpha='0.019052286784421224',eta0='1.047293244147372e-05'
