"CPU Time Used","Estimated Training Performance","Wallclock Time","Incumbent ID","Automatic Configurator (CPU) Time","Configuration..."
0.000000, 2147483648.000000, 0.000524, 1, 0.000524, C='0.017961675793542162',gamma='0.9046232030638993'
0.033797, 0.666700, 0.035032, 1, 0.001235, C='0.017961675793542162',gamma='0.9046232030638993'
0.125897, 0.580800, 0.129416, 2, 0.003519, C='61.71933670840937',gamma='1.0864412265106145'
0.174408, 0.498200, 0.179477, 3, 0.005069, C='1.0',gamma='0.1'
0.281244, 0.477700, 0.289783, 4, 0.008539, C='12.958180650233897',gamma='0.01207858159167579'
1.259144, 0.455000, 2.290114, 5, 1.030970, C='24.176047441576795',gamma='0.012021132737682946'
1.475008, 0.454900, 2.770335, 6, 1.295328, C='31.67196114214571',gamma='0.011938486588436955'
2.243892, 0.449400, 4.723663, 7, 2.479771, C='28.374900286011837',gamma='0.011765536893935509'
8.069424, 0.447200, 29.791436, 8, 21.722012, C='28.870137706063737',gamma='0.011583370196467822'
