"CPU Time Used","Estimated Training Performance","Wallclock Time","Incumbent ID","Automatic Configurator (CPU) Time","Configuration..."
0.000000, 2147483648.000000, 0.000602, 1, 0.000602, C='1.3600811985592882',gamma='0.09352602871548096'
0.008888, 0.428700, 0.010239, 1, 0.001351, C='1.3600811985592882',gamma='0.09352602871548096'
0.109744, 0.418800, 0.120896, 2, 0.011152, C='102.59827344587585',gamma='0.0039228031036218506'
0.196296, 0.415000, 0.219574, 3, 0.023278, C='15.199688790550503',gamma='0.014931473822877205'
0.352985, 0.409400, 3.103657, 4, 2.750672, C='16.717176955071086',gamma='0.014048196468571198'
0.401832, 0.404100, 3.666788, 5, 3.264956, C='32.31851687521214',gamma='0.013768872617302154'
0.574789, 0.392200, 6.345527, 6, 5.770738, C='23.874239600563325',gamma='0.013890490113200711'
