"CPU Time Used","Estimated Training Performance","Wallclock Time","Incumbent ID","Automatic Configurator (CPU) Time","Configuration..."
0.000000, 2147483648.000000, 0.000278, 1, 0.000278, C='0.08611366210550205',gamma='0.4942679928374453'
0.060513, 0.900000, 0.061632, 1, 0.001119, C='0.08611366210550205',gamma='0.4942679928374453'
