"CPU Time Used","Estimated Training Performance","Wallclock Time","Incumbent ID","Automatic Configurator (CPU) Time","Configuration..."
0.000000, 2147483648.000000, 0.000526, 1, 0.000526, C='0.017961675793542162',gamma='0.9046232030638993'
0.011781, 0.500000, 0.013004, 1, 0.001223, C='0.017961675793542162',gamma='0.9046232030638993'
0.082842, 0.480300, 0.089110, 2, 0.006268, C='12.958180650233897',gamma='0.01207858159167579'
0.178025, 0.447400, 0.193939, 3, 0.015914, C='0.7731863785266639',gamma='0.0012442315522724887'
0.990991, 0.438100, 4.872982, 4, 3.881991, C='0.7727657974672202',gamma='0.001010055190889929'
1.078525, 0.389500, 6.200871, 5, 5.122346, C='113.22656492188621',gamma='0.001015715829506338'
