{
  "mean_cost": 0.44992676750144994,
  "finished_ta_runs": 88,
  "inc_changed": 7,
  "n_configs": 62,
  "submitted_ta_runs": 88,
  "ta_time_used": 53.94843935966492,
  "wallclock_time_used": 60.30039715766907,
  "dataset_id": 9978
}