{
  "mean_cost": 0.6670393951916689,
  "finished_ta_runs": 65,
  "inc_changed": 3,
  "n_configs": 50,
  "submitted_ta_runs": 65,
  "ta_time_used": 61.06545829772949,
  "wallclock_time_used": 61.17358899116516,
  "dataset_id": 9985
}