"CPU Time Used","Estimated Training Performance","Wallclock Time","Incumbent ID","Automatic Configurator (CPU) Time","Configuration..."
0.000000, 2147483648.000000, 0.000554, 1, 0.000554, C='1.3600811985592882',gamma='0.09352602871548096'
0.008438, 0.500000, 0.009686, 1, 0.001248, C='1.3600811985592882',gamma='0.09352602871548096'
0.983417, 0.483300, 6.655243, 2, 5.671826, C='45.66905546880956',gamma='0.0009959748321245715'
