{"cpu_time": 0.0, "wallclock_time": 0.0005540847778320312, "evaluations": 0, "cost": 2147483648.0, "incumbent": {"C": 1.3600811985592882, "gamma": 0.09352602871548096}, "budget": 0, "origin": "Sobol"}
{"cpu_time": 0.0084381103515625, "wallclock_time": 0.009685993194580078, "evaluations": 1, "cost": 0.5, "incumbent": {"C": 1.3600811985592882, "gamma": 0.09352602871548096}, "budget": 0, "origin": "Sobol"}
{"cpu_time": 0.9834167957305908, "wallclock_time": 6.655243158340454, "evaluations": 144, "cost": 0.4833, "incumbent": {"C": 45.66905546880956, "gamma": 0.0009959748321245715}, "budget": 0, "origin": "Random Search (sorted)"}
