"CPU Time Used","Estimated Training Performance","Wallclock Time","Incumbent ID","Automatic Configurator (CPU) Time","Configuration..."
0.000000, 2147483648.000000, 0.000615, 1, 0.000615, alpha='0.00011227070295712931',eta0='0.0029096933833365197'
6.687878, 0.045200, 6.689561, 1, 0.001683, alpha='0.00011227070295712931',eta0='0.0029096933833365197'
46.272404, 0.027900, 46.284470, 2, 0.012066, alpha='0.026542866188361353',eta0='8.075114966892127e-05'
110.224339, 0.027300, 110.250360, 3, 0.026021, alpha='0.0025540066964094537',eta0='1.2228344859878906e-05'
218.655035, 0.023600, 218.716793, 4, 0.061758, alpha='0.2324892929213259',eta0='2.3356151186184673e-05'
606.918487, 0.023500, 613.828169, 5, 6.909682, alpha='0.13540941196908182',eta0='1.8117435851298527e-05'
672.468610, 0.023200, 679.734270, 6, 7.265660, alpha='0.19145536288445716',eta0='1.020496310856775e-05'
711.908345, 0.023100, 719.518274, 7, 7.609929, alpha='0.13212371034473253',eta0='1.0527248331336127e-05'
940.922075, 0.023000, 952.146374, 8, 11.224299, alpha='0.2344814019848903',eta0='1.0396330422650192e-05'
