{"cpu_time": 0.0, "wallclock_time": 4.00543212890625e-05, "evaluations": 0, "cost": 2147483648.0, "incumbent": ["C='1.0'", "gamma='0.1'"], "origin": "Default"}
{"cpu_time": 8.254419088363647, "wallclock_time": 8.255183935165405, "evaluations": 1, "cost": 0.0469, "incumbent": ["C='1.0'", "gamma='0.1'"], "origin": "Default"}
