{
  "mean_cost": 0.07012400666683458,
  "finished_ta_runs": 85,
  "inc_changed": 4,
  "n_configs": 68,
  "submitted_ta_runs": 85,
  "ta_time_used": 120.04321718215942,
  "wallclock_time_used": 120.28631401062012,
  "dataset_id": 9977
}