"CPU Time Used","Estimated Training Performance","Wallclock Time","Incumbent ID","Automatic Configurator (CPU) Time","Configuration..."
0.000000, 2147483648.000000, 0.001432, 1, 0.001432, colsample_bytree='0.569966175314039',eta='0.009556882986489993',max_depth='3',reg_lambda='0.0020776820882921045'
0.035383, 0.298300, 0.037737, 1, 0.002354, colsample_bytree='0.569966175314039',eta='0.009556882986489993',max_depth='3',reg_lambda='0.0020776820882921045'
0.203886, 0.247700, 0.211086, 2, 0.007200, colsample_bytree='0.3878000834956765',eta='0.004721681612948408',max_depth='10',reg_lambda='0.09654112415362535'
0.550794, 0.229700, 0.568921, 3, 0.018127, colsample_bytree='0.5071276918053628',eta='0.18054041228993647',max_depth='4',reg_lambda='0.7014077911957106'
1.645846, 0.224400, 2.720115, 4, 1.074269, colsample_bytree='0.5060067363896055',eta='0.28242511722129976',max_depth='3',reg_lambda='6.318162099613462'
1.792328, 0.221300, 3.396169, 5, 1.603841, colsample_bytree='0.5128834009521799',eta='0.2869111272626732',max_depth='3',reg_lambda='6.493935754955579'
1.997751, 0.218100, 4.064159, 6, 2.066408, colsample_bytree='0.4546724964054657',eta='0.3701982882317298',max_depth='4',reg_lambda='6.799446177910499'
2.780612, 0.214700, 11.413674, 7, 8.633062, colsample_bytree='0.7429445207568686',eta='0.29339865223690315',max_depth='3',reg_lambda='6.324454883116023'
3.123785, 0.206100, 12.984048, 8, 9.860263, colsample_bytree='0.4876419606551179',eta='0.6834725703622868',max_depth='8',reg_lambda='3.551175149511791'
