"CPU Time Used","Estimated Training Performance","Wallclock Time","Incumbent ID","Automatic Configurator (CPU) Time","Configuration..."
0.000000, 2147483648.000000, 0.000047, 1, 0.000047, alpha='0.001',eta0='0.01'
3.784722, 0.132900, 3.785462, 1, 0.000740, alpha='0.001',eta0='0.01'
16.812963, 0.083300, 16.816739, 2, 0.003776, alpha='3.649484911512686e-05',eta0='1.2652165208090965e-05'
668.017144, 0.083800, 668.699564, 3, 0.682420, alpha='0.0204886947901548',eta0='1.1760691486845523e-05'
1131.028476, 0.083400, 1132.722647, 4, 1.694171, alpha='0.008179854012536694',eta0='1.237805228792899e-05'
