"CPU Time Used","Estimated Training Performance","Wallclock Time","Incumbent ID","Automatic Configurator (CPU) Time","Configuration..."
0.000000, 2147483648.000000, 0.000047, 1, 0.000047, C='1.0',gamma='0.1'
1.491571, 0.800000, 1.492284, 1, 0.000713, C='1.0',gamma='0.1'
42.712898, 0.523500, 42.736702, 2, 0.023804, C='681.2942590007575',gamma='138.55503383103883'
62.576099, 0.522500, 62.623663, 3, 0.047564, C='5.812633397317871',gamma='587.080286142938'
118.186492, 0.505700, 118.303487, 4, 0.116995, C='1021.6287105338129',gamma='248.51495500157293'
143.387624, 0.496200, 143.548486, 5, 0.160862, C='57.036192799516456',gamma='915.291460098665'
324.611926, 0.493300, 325.325113, 6, 0.713187, C='73.07073441036198',gamma='974.0205973350425'
400.475729, 0.492200, 401.502694, 7, 1.026965, C='365.5005333647988',gamma='970.4475471526487'
825.485916, 0.490700, 830.006605, 8, 4.520689, C='223.35453984817167',gamma='767.1030834161012'
