{
  "mean_cost": 0.5,
  "finished_ta_runs": 1,
  "inc_changed": 1,
  "n_configs": 1,
  "submitted_ta_runs": 1,
  "ta_time_used": 0.06065511703491211,
  "wallclock_time_used": 0.062335968017578125,
  "dataset_id": 146820,
  "perf_time": 0.06797208299985869
}