{"cpu_time": 0.0, "wallclock_time": 0.0015499591827392578, "evaluations": 0, "cost": 2147483648.0, "incumbent": ["colsample_bytree='0.2890479595400393'", "eta='0.02972240058848022'", "max_depth='1'", "reg_lambda='0.23594281684827217'"], "origin": "Sobol"}
{"cpu_time": 0.07365822792053223, "wallclock_time": 0.07622504234313965, "evaluations": 1, "cost": 0.1266, "incumbent": ["colsample_bytree='0.2890479595400393'", "eta='0.02972240058848022'", "max_depth='1'", "reg_lambda='0.23594281684827217'"], "origin": "Sobol"}
{"cpu_time": 1.6598246097564697, "wallclock_time": 1.664971113204956, "evaluations": 4, "cost": 0.0663, "incumbent": ["colsample_bytree='0.839533680677414'", "eta='0.03178815964339868'", "max_depth='7'", "reg_lambda='260.08137409645684'"], "origin": "Sobol"}
{"cpu_time": 3.890655517578125, "wallclock_time": 3.897566318511963, "evaluations": 6, "cost": 0.0455, "incumbent": ["colsample_bytree='1.0'", "eta='0.3'", "max_depth='10'", "reg_lambda='1.0'"], "origin": null}
{"cpu_time": 25.50181746482849, "wallclock_time": 28.541551113128662, "evaluations": 57, "cost": 0.0411, "incumbent": ["colsample_bytree='1.0'", "eta='0.40794188525416625'", "max_depth='10'", "reg_lambda='0.6924162567578949'"], "origin": "Local Search"}
{"cpu_time": 39.44979906082153, "wallclock_time": 49.37915897369385, "evaluations": 74, "cost": 0.0396, "incumbent": ["colsample_bytree='1.0'", "eta='0.40794188525416625'", "max_depth='10'", "reg_lambda='0.6874555066490268'"], "origin": "Local Search"}
{"cpu_time": 52.915400981903076, "wallclock_time": 72.10017204284668, "evaluations": 93, "cost": 0.0388, "incumbent": ["colsample_bytree='1.0'", "eta='0.40794188525416625'", "max_depth='4'", "reg_lambda='0.6874555066490268'"], "origin": "Local Search"}
