"CPU Time Used","Estimated Training Performance","Wallclock Time","Incumbent ID","Automatic Configurator (CPU) Time","Configuration..."
0.000000, 2147483648.000000, 0.001589, 1, 0.001589, colsample_bytree='0.3908073678612709',eta='0.02197006114591668',max_depth='1',reg_lambda='0.025956378731779545'
0.355334, 0.497900, 0.358086, 1, 0.002752, colsample_bytree='0.3908073678612709',eta='0.02197006114591668',max_depth='1',reg_lambda='0.025956378731779545'
3.729400, 0.306400, 3.736700, 2, 0.007300, colsample_bytree='0.7864414579235017',eta='0.06876373473778273',max_depth='5',reg_lambda='2.180661802430785'
11.508259, 0.284300, 11.518020, 3, 0.009761, colsample_bytree='1.0',eta='0.3',max_depth='10',reg_lambda='1.0'
58.161607, 0.272500, 58.242518, 4, 0.080911, colsample_bytree='0.7050256938673556',eta='0.8105600352594424',max_depth='8',reg_lambda='26.591563225527754'
105.582378, 0.271500, 112.235597, 5, 6.653219, colsample_bytree='0.6809232608981154',eta='0.8105316017120008',max_depth='7',reg_lambda='24.921210425000016'
115.057462, 0.268900, 121.726859, 6, 6.669397, colsample_bytree='0.6786032801292655',eta='0.8170600432282896',max_depth='7',reg_lambda='26.117509857588328'
366.546239, 0.268900, 473.210359, 7, 106.664120, colsample_bytree='0.6819739281617484',eta='0.8217094587863479',max_depth='7',reg_lambda='26.117509857588328'
423.031866, 0.267800, 560.898606, 8, 137.866740, colsample_bytree='0.6789679145001567',eta='0.8217094587863479',max_depth='7',reg_lambda='40.21329361743757'
