"CPU Time Used","Estimated Training Performance","Wallclock Time","Incumbent ID","Automatic Configurator (CPU) Time","Configuration..."
0.000000, 2147483648.000000, 0.000231, 1, 0.000231, alpha='0.0004126639093412234',eta0='0.0017613324954003418'
7.091428, 0.191800, 7.092329, 1, 0.000901, alpha='0.0004126639093412234',eta0='0.0017613324954003418'
