{"cpu_time": 0.0, "wallclock_time": 0.00021219253540039062, "evaluations": 0, "cost": 2147483648.0, "incumbent": {"alpha": 0.0004126639093412234, "eta0": 0.0017613324954003418}, "budget": 0, "origin": "Sobol"}
{"cpu_time": 0.031774044036865234, "wallclock_time": 0.03259611129760742, "evaluations": 1, "cost": 0.2778, "incumbent": {"alpha": 0.0004126639093412234, "eta0": 0.0017613324954003418}, "budget": 0, "origin": "Sobol"}
