{
  "mean_cost": 0.34128196431382707,
  "finished_ta_runs": 300,
  "inc_changed": 5,
  "n_configs": 162,
  "submitted_ta_runs": 300,
  "ta_time_used": 4.43700647354126,
  "wallclock_time_used": 114.22653079032898,
  "dataset_id": 10101,
  "perf_time": 114.23959674999969
}