{
  "mean_cost": 0.26012565201553295,
  "finished_ta_runs": 13,
  "inc_changed": 3,
  "n_configs": 4,
  "submitted_ta_runs": 13,
  "ta_time_used": 127.14170145988464,
  "wallclock_time_used": 127.16352677345276,
  "dataset_id": 9910
}