{"cpu_time": 0.0, "wallclock_time": 3.719329833984375e-05, "evaluations": 0, "cost": 2147483648.0, "incumbent": ["C='1.0'", "gamma='0.1'"], "origin": "Default"}
{"cpu_time": 0.29227304458618164, "wallclock_time": 0.29291701316833496, "evaluations": 1, "cost": 0.5, "incumbent": ["C='1.0'", "gamma='0.1'"], "origin": "Default"}
