"CPU Time Used","Estimated Training Performance","Wallclock Time","Incumbent ID","Automatic Configurator (CPU) Time","Configuration..."
0.000000, 2147483648.000000, 0.000036, 1, 0.000036, alpha='0.001',eta0='0.01'
0.036093, 0.056500, 0.036713, 1, 0.000620, alpha='0.001',eta0='0.01'
0.273519, 0.101500, 0.281037, 2, 0.007518, alpha='1.0455662723206625e-05',eta0='0.001729647929337629'
1.643868, 0.088700, 1.716459, 3, 0.072591, alpha='0.002308007485426288',eta0='0.00012844256359582565'
3.621339, 0.088100, 3.882144, 4, 0.260805, alpha='0.00023454391236628407',eta0='3.0223462456117124e-05'
13.429548, 0.082100, 16.052781, 5, 2.623233, alpha='1.774366770617886e-05',eta0='0.00019668242019598215'
