"CPU Time Used","Estimated Training Performance","Wallclock Time","Incumbent ID","Automatic Configurator (CPU) Time","Configuration..."
0.000000, 2147483648.000000, 0.000046, 1, 0.000046, alpha='0.001',eta0='0.01'
0.035930, 0.500000, 0.036630, 1, 0.000700, alpha='0.001',eta0='0.01'
0.169485, 0.459000, 0.172851, 2, 0.003366, alpha='3.649484911512686e-05',eta0='1.2652165208090965e-05'
2.276677, 0.443500, 2.360759, 3, 0.084082, alpha='0.0002044728811608274',eta0='0.0006324444152715982'
23.506178, 0.435700, 28.021292, 4, 4.515114, alpha='0.010056155835551922',eta0='3.839730061784697e-05'
