"CPU Time Used","Estimated Training Performance","Wallclock Time","Incumbent ID","Automatic Configurator (CPU) Time","Configuration..."
0.000000, 2147483648.000000, 0.000567, 1, 0.000567, C='0.08611366210550205',gamma='0.4942679928374453'
0.184106, 0.500000, 0.185401, 1, 0.001295, C='0.08611366210550205',gamma='0.4942679928374453'
0.770805, 0.482000, 0.774600, 2, 0.003795, C='19.433598606658386',gamma='9.232350409327609'
1.567402, 0.115100, 1.576063, 3, 0.008661, C='69.38389384208695',gamma='0.0015531477828170245'
5.164149, 0.104800, 5.437908, 4, 0.273759, C='17.60087912829038',gamma='0.001766304335332249'
8.633418, 0.095000, 13.366227, 5, 4.732809, C='9.943954356259187',gamma='0.001686938781285654'
14.541732, 0.084700, 26.788910, 6, 12.247179, C='6.86462999668864',gamma='0.001685641131830163'
