{"cpu_time": 0.0, "wallclock_time": 0.0014848709106445312, "evaluations": 0, "cost": 2147483648.0, "incumbent": {"max_depth": 2, "max_features": 0.4491682695224881, "min_samples_leaf": 1, "min_samples_split": 4}, "budget": 0, "origin": "Sobol"}
{"cpu_time": 0.12334299087524414, "wallclock_time": 0.1256849765777588, "evaluations": 1, "cost": 0.1561, "incumbent": {"max_depth": 2, "max_features": 0.4491682695224881, "min_samples_leaf": 1, "min_samples_split": 4}, "budget": 0, "origin": "Sobol"}
{"cpu_time": 0.8903586864471436, "wallclock_time": 0.8952548503875732, "evaluations": 4, "cost": 0.0673, "incumbent": {"max_depth": 17, "max_features": 0.6137791713699698, "min_samples_leaf": 16, "min_samples_split": 18}, "budget": 0, "origin": "Sobol"}
{"cpu_time": 7.2366156578063965, "wallclock_time": 7.264458894729614, "evaluations": 25, "cost": 0.0644, "incumbent": {"max_depth": 13, "max_features": 0.6508769644424319, "min_samples_leaf": 11, "min_samples_split": 3}, "budget": 0, "origin": "Sobol"}
{"cpu_time": 14.373628377914429, "wallclock_time": 14.429359912872314, "evaluations": 44, "cost": 0.0526, "incumbent": {"max_depth": 46, "max_features": 0.7485423665493727, "min_samples_leaf": 1, "min_samples_split": 7}, "budget": 0, "origin": "Sobol"}
{"cpu_time": 27.688868522644043, "wallclock_time": 29.382389068603516, "evaluations": 70, "cost": 0.0478, "incumbent": {"max_depth": 50, "max_features": 0.578520844184583, "min_samples_leaf": 2, "min_samples_split": 5}, "budget": 0, "origin": "Local Search"}
{"cpu_time": 40.62458157539368, "wallclock_time": 54.03961396217346, "evaluations": 107, "cost": 0.0464, "incumbent": {"max_depth": 46, "max_features": 0.5760243162696719, "min_samples_leaf": 2, "min_samples_split": 2}, "budget": 0, "origin": "Local Search"}
{"cpu_time": 44.950239419937134, "wallclock_time": 59.55787396430969, "evaluations": 119, "cost": 0.0458, "incumbent": {"max_depth": 45, "max_features": 0.5785010288029145, "min_samples_leaf": 1, "min_samples_split": 2}, "budget": 0, "origin": "Local Search"}
{"cpu_time": 75.60041522979736, "wallclock_time": 109.59952688217163, "evaluations": 189, "cost": 0.0453, "incumbent": {"max_depth": 44, "max_features": 0.3441588686179214, "min_samples_leaf": 1, "min_samples_split": 2}, "budget": 0, "origin": "Local Search"}
{"cpu_time": 84.47758913040161, "wallclock_time": 125.50416493415833, "evaluations": 222, "cost": 0.0437, "incumbent": {"max_depth": 43, "max_features": 0.3311959294644278, "min_samples_leaf": 1, "min_samples_split": 3}, "budget": 0, "origin": "Local Search"}
{"cpu_time": 86.9946882724762, "wallclock_time": 129.41372299194336, "evaluations": 235, "cost": 0.0433, "incumbent": {"max_depth": 48, "max_features": 0.17180555031351932, "min_samples_leaf": 1, "min_samples_split": 3}, "budget": 0, "origin": "Local Search"}
{"cpu_time": 88.6352002620697, "wallclock_time": 131.792249917984, "evaluations": 245, "cost": 0.042, "incumbent": {"max_depth": 49, "max_features": 0.05999755491955978, "min_samples_leaf": 1, "min_samples_split": 3}, "budget": 0, "origin": "Local Search"}
{"cpu_time": 92.74780368804932, "wallclock_time": 141.82994270324707, "evaluations": 266, "cost": 0.042, "incumbent": {"max_depth": 47, "max_features": 0.014407652278675053, "min_samples_leaf": 1, "min_samples_split": 3}, "budget": 0, "origin": "Local Search"}
