{
  "data": [
    [
      [
        1,
        null,
        379248293,
        0.0
      ],
      [
        0.12366445817684202,
        0.16518115997314453,
        {
          "__enum__": "StatusType.SUCCESS"
        },
        1674410319.6369128,
        1674410319.802101,
        {}
      ]
    ]
  ],
  "config_origins": {
    "1": "Sobol"
  },
  "configs": {
    "1": {
      "max_depth": 2,
      "max_features": 0.4491682695224881,
      "min_samples_leaf": 1,
      "min_samples_split": 4
    }
  }
}