{"cpu_time": 0.0, "wallclock_time": 0.0014693737030029297, "evaluations": 0, "cost": 2147483648.0, "incumbent": ["colsample_bytree='0.2890479595400393'", "eta='0.02972240058848022'", "max_depth='1'", "reg_lambda='0.23594281684827217'"], "origin": "Sobol"}
{"cpu_time": 0.49094176292419434, "wallclock_time": 0.4935569763183594, "evaluations": 1, "cost": 0.2294, "incumbent": ["colsample_bytree='0.2890479595400393'", "eta='0.02972240058848022'", "max_depth='1'", "reg_lambda='0.23594281684827217'"], "origin": "Sobol"}
{"cpu_time": 17.72375178337097, "wallclock_time": 17.729815006256104, "evaluations": 4, "cost": 0.2106, "incumbent": ["colsample_bytree='0.839533680677414'", "eta='0.03178815964339868'", "max_depth='7'", "reg_lambda='260.08137409645684'"], "origin": "Sobol"}
{"cpu_time": 26.08381152153015, "wallclock_time": 26.092246055603027, "evaluations": 6, "cost": 0.1788, "incumbent": ["colsample_bytree='1.0'", "eta='0.3'", "max_depth='10'", "reg_lambda='1.0'"], "origin": null}
{"cpu_time": 44.40257120132446, "wallclock_time": 44.4181432723999, "evaluations": 13, "cost": 0.1719, "incumbent": ["colsample_bytree='0.5235572370700539'", "eta='0.1863242307845216'", "max_depth='3'", "reg_lambda='4.4461461740589225'"], "origin": "Sobol"}
{"cpu_time": 55.36180782318115, "wallclock_time": 55.38767623901367, "evaluations": 20, "cost": 0.1596, "incumbent": ["colsample_bytree='0.6967330143786967'", "eta='0.5491817241792905'", "max_depth='1'", "reg_lambda='0.02427911263315825'"], "origin": "Sobol"}
{"cpu_time": 206.09693336486816, "wallclock_time": 217.74235129356384, "evaluations": 88, "cost": 0.1574, "incumbent": ["colsample_bytree='0.916969512856711'", "eta='0.6321512112930547'", "max_depth='1'", "reg_lambda='0.0016707904926083444'"], "origin": "Local Search"}
{"cpu_time": 224.92625737190247, "wallclock_time": 238.71051716804504, "evaluations": 103, "cost": 0.1538, "incumbent": ["colsample_bytree='0.9775243313852086'", "eta='0.49436081661965886'", "max_depth='1'", "reg_lambda='0.01991810301556357'"], "origin": "Local Search"}
{"cpu_time": 238.10499334335327, "wallclock_time": 253.75450110435486, "evaluations": 113, "cost": 0.1496, "incumbent": ["colsample_bytree='0.980711889061681'", "eta='0.5600010481429614'", "max_depth='1'", "reg_lambda='0.0016096840875072771'"], "origin": "Local Search"}
{"cpu_time": 269.91055130958557, "wallclock_time": 288.4501733779907, "evaluations": 129, "cost": 0.1471, "incumbent": ["colsample_bytree='0.9764103101563989'", "eta='0.562433917915829'", "max_depth='1'", "reg_lambda='0.001592093755288958'"], "origin": "Local Search"}
