"CPU Time Used","Estimated Training Performance","Wallclock Time","Incumbent ID","Automatic Configurator (CPU) Time","Configuration..."
0.000000, 2147483648.000000, 0.000652, 1, 0.000652, alpha='0.00011227070295712931',eta0='0.0029096933833365197'
0.317674, 0.322600, 0.319283, 1, 0.001609, alpha='0.00011227070295712931',eta0='0.0029096933833365197'
3.457248, 0.224800, 3.473325, 2, 0.016077, alpha='1.715136253541309e-05',eta0='0.0001288871339815063'
41.583402, 0.217900, 73.716177, 3, 32.132775, alpha='0.0002344160471778772',eta0='0.0005542299733875028'
