{"cpu_time": 0.0, "wallclock_time": 0.0006520748138427734, "evaluations": 0, "cost": 2147483648.0, "incumbent": ["alpha='0.00011227070295712931'", "eta0='0.0029096933833365197'"], "origin": "Sobol"}
{"cpu_time": 0.317673921585083, "wallclock_time": 0.31928277015686035, "evaluations": 1, "cost": 0.3226, "incumbent": ["alpha='0.00011227070295712931'", "eta0='0.0029096933833365197'"], "origin": "Sobol"}
{"cpu_time": 3.457247734069824, "wallclock_time": 3.47332501411438, "evaluations": 17, "cost": 0.2248, "incumbent": ["alpha='1.715136253541309e-05'", "eta0='0.0001288871339815063'"], "origin": "Sobol"}
{"cpu_time": 41.583401918411255, "wallclock_time": 73.71617674827576, "evaluations": 192, "cost": 0.2179, "incumbent": ["alpha='0.0002344160471778772'", "eta0='0.0005542299733875028'"], "origin": "Local Search"}
