{
  "mean_cost": 0.25163963994251115,
  "finished_ta_runs": 197,
  "inc_changed": 5,
  "n_configs": 96,
  "submitted_ta_runs": 197,
  "ta_time_used": 28.703685760498047,
  "wallclock_time_used": 60.69734311103821,
  "dataset_id": 53
}