{
  "mean_cost": 0.2842644682443449,
  "finished_ta_runs": 2,
  "inc_changed": 1,
  "n_configs": 1,
  "submitted_ta_runs": 2,
  "ta_time_used": 7.824470043182373,
  "wallclock_time_used": 7.826744079589844,
  "dataset_id": 14965,
  "perf_time": 7.8400394590000815
}