"CPU Time Used","Estimated Training Performance","Wallclock Time","Incumbent ID","Automatic Configurator (CPU) Time","Configuration..."
0.000000, 2147483648.000000, 0.000624, 1, 0.000624, alpha='0.0040824718253228975',eta0='0.00044195488125554607'
0.201426, 0.704100, 0.203641, 1, 0.002215, alpha='0.0040824718253228975',eta0='0.00044195488125554607'
1.095930, 0.674500, 1.108142, 2, 0.012212, alpha='2.1186147948258377e-05',eta0='8.558614272324676e-05'
