{"cpu_time": 0.0, "wallclock_time": 0.0006241798400878906, "evaluations": 0, "cost": 2147483648.0, "incumbent": ["alpha='0.0040824718253228975'", "eta0='0.00044195488125554607'"], "origin": "Sobol"}
{"cpu_time": 0.20142602920532227, "wallclock_time": 0.20364117622375488, "evaluations": 1, "cost": 0.7041, "incumbent": ["alpha='0.0040824718253228975'", "eta0='0.00044195488125554607'"], "origin": "Sobol"}
{"cpu_time": 1.0959298610687256, "wallclock_time": 1.1081421375274658, "evaluations": 8, "cost": 0.6745, "incumbent": ["alpha='2.1186147948258377e-05'", "eta0='8.558614272324676e-05'"], "origin": "Sobol"}
