{
  "mean_cost": 0.19911667491891427,
  "finished_ta_runs": 1,
  "inc_changed": 1,
  "n_configs": 1,
  "submitted_ta_runs": 1,
  "ta_time_used": 0.43459010124206543,
  "wallclock_time_used": 0.43614792823791504,
  "dataset_id": 32,
  "perf_time": 0.4414590000000089
}