"CPU Time Used","Estimated Training Performance","Wallclock Time","Incumbent ID","Automatic Configurator (CPU) Time","Configuration..."
0.000000, 2147483648.000000, 0.000555, 1, 0.000555, alpha='0.0040824718253228975',eta0='0.00044195488125554607'
0.241801, 0.632400, 0.243095, 1, 0.001294, alpha='0.0040824718253228975',eta0='0.00044195488125554607'
0.933496, 0.393300, 0.937289, 2, 0.003793, alpha='0.0007534803600179209',eta0='0.01638324291048883'
7.504212, 0.367900, 7.884591, 3, 0.380379, alpha='1.0624248228837998e-05',eta0='0.0315963879327791'
21.098556, 0.366700, 30.908724, 4, 9.810169, alpha='1.0078347127837172e-05',eta0='0.02727194516881669'
34.979606, 0.366700, 58.973522, 5, 23.993917, alpha='1.0001194642583684e-05',eta0='0.025127291295502077'
53.221762, 0.365800, 106.325270, 6, 53.103508, alpha='1.0104399658357193e-05',eta0='0.035245517982159094'
