"CPU Time Used","Estimated Training Performance","Wallclock Time","Incumbent ID","Automatic Configurator (CPU) Time","Configuration..."
0.000000, 2147483648.000000, 0.002669, 1, 0.002669, C='0.08611366210550205',gamma='0.4942679928374453'
1.587899, 0.900000, 1.591396, 1, 0.003497, C='0.08611366210550205',gamma='0.4942679928374453'
9.140326, 0.005600, 9.151962, 2, 0.011636, C='69.38389384208695',gamma='0.0015531477828170245'
