"CPU Time Used","Estimated Training Performance","Wallclock Time","Incumbent ID","Automatic Configurator (CPU) Time","Configuration..."
0.000000, 2147483648.000000, 0.000565, 1, 0.000565, C='0.017961675793542162',gamma='0.9046232030638993'
0.139208, 0.500000, 0.140524, 1, 0.001316, C='0.017961675793542162',gamma='0.9046232030638993'
9.099809, 0.478800, 9.192811, 2, 0.093002, C='176.75556488562856',gamma='0.002712060563487799'
11.093034, 0.415200, 11.456298, 3, 0.363264, C='843.6114405449938',gamma='0.001491247145804529'
14.602901, 0.414300, 17.320912, 4, 2.718011, C='713.8840161761041',gamma='0.0019340928740841346'
18.475426, 0.413400, 25.806220, 5, 7.330794, C='713.6421273880703',gamma='0.00195230798305647'
