"CPU Time Used","Estimated Training Performance","Wallclock Time","Incumbent ID","Automatic Configurator (CPU) Time","Configuration..."
0.000000, 2147483648.000000, 0.001472, 1, 0.001472, colsample_bytree='0.3908073678612709',eta='0.02197006114591668',max_depth='1',reg_lambda='0.025956378731779545'
0.610138, 0.243300, 0.612598, 1, 0.002460, colsample_bytree='0.3908073678612709',eta='0.02197006114591668',max_depth='1',reg_lambda='0.025956378731779545'
12.435913, 0.167100, 12.441120, 2, 0.005207, colsample_bytree='0.7864414579235017',eta='0.06876373473778273',max_depth='5',reg_lambda='2.180661802430785'
46.192783, 0.155000, 46.211257, 3, 0.018474, colsample_bytree='0.6266065758652986',eta='0.3646935062279739',max_depth='1',reg_lambda='0.2818207552142512'
105.010534, 0.145600, 105.044679, 4, 0.034145, colsample_bytree='0.5564905133098365',eta='0.01605885730841195',max_depth='10',reg_lambda='0.0010986517054572343'
325.368103, 0.142900, 332.942246, 5, 7.574143, colsample_bytree='0.5594383438771623',eta='0.01598336277811033',max_depth='10',reg_lambda='0.01472548050634803'
811.082458, 0.142400, 847.174060, 6, 36.091602, colsample_bytree='0.5645452173061327',eta='0.00866357967495685',max_depth='9',reg_lambda='0.0020579401931475672'
1342.714831, 0.141100, 1411.405981, 7, 68.691150, colsample_bytree='0.5711266971626702',eta='0.015070157537892988',max_depth='9',reg_lambda='0.003781629720701062'
