{
  "mean_cost": 0.2229828888076969,
  "finished_ta_runs": 1,
  "inc_changed": 1,
  "n_configs": 1,
  "submitted_ta_runs": 1,
  "ta_time_used": 0.12961316108703613,
  "wallclock_time_used": 0.13124704360961914
}