"CPU Time Used","Estimated Training Performance","Wallclock Time","Incumbent ID","Automatic Configurator (CPU) Time","Configuration..."
0.000000, 2147483648.000000, 0.000673, 1, 0.000673, alpha='0.0040824718253228975',eta0='0.00044195488125554607'
0.394395, 0.422900, 0.396081, 1, 0.001686, alpha='0.0040824718253228975',eta0='0.00044195488125554607'
88.838744, 0.452200, 161.726401, 2, 72.887657, alpha='0.0005548980883083402',eta0='0.00045071553330994284'
