{"cpu_time": 0.0, "wallclock_time": 0.0006730556488037109, "evaluations": 0, "cost": 2147483648.0, "incumbent": ["alpha='0.0040824718253228975'", "eta0='0.00044195488125554607'"], "origin": "Sobol"}
{"cpu_time": 0.394395112991333, "wallclock_time": 0.39608120918273926, "evaluations": 1, "cost": 0.4229, "incumbent": ["alpha='0.0040824718253228975'", "eta0='0.00044195488125554607'"], "origin": "Sobol"}
{"cpu_time": 88.83874440193176, "wallclock_time": 161.72640109062195, "evaluations": 250, "cost": 0.4522, "incumbent": ["alpha='0.0005548980883083402'", "eta0='0.00045071553330994284'"], "origin": "Local Search"}
