{
  "mean_cost": 0.304782800216861,
  "finished_ta_runs": 2,
  "inc_changed": 1,
  "n_configs": 1,
  "submitted_ta_runs": 2,
  "ta_time_used": 0.3641078472137451,
  "wallclock_time_used": 0.3661048412322998,
  "dataset_id": 3902,
  "perf_time": 0.40023650000000544
}