{"cpu_time": 0.0, "wallclock_time": 0.00024509429931640625, "evaluations": 0, "cost": 2147483648.0, "incumbent": {"C": 0.08611366210550205, "gamma": 0.4942679928374453}, "budget": 0, "origin": "Sobol"}
{"cpu_time": 0.12424707412719727, "wallclock_time": 0.12514519691467285, "evaluations": 1, "cost": 0.2075, "incumbent": {"C": 0.08611366210550205, "gamma": 0.4942679928374453}, "budget": 0, "origin": "Sobol"}
