"CPU Time Used","Estimated Training Performance","Wallclock Time","Incumbent ID","Automatic Configurator (CPU) Time","Configuration..."
0.000000, 2147483648.000000, 0.000245, 1, 0.000245, C='0.08611366210550205',gamma='0.4942679928374453'
0.124247, 0.207500, 0.125145, 1, 0.000898, C='0.08611366210550205',gamma='0.4942679928374453'
