"CPU Time Used","Estimated Training Performance","Wallclock Time","Incumbent ID","Automatic Configurator (CPU) Time","Configuration..."
0.000000, 2147483648.000000, 0.000878, 1, 0.000878, alpha='0.00011227070295712931',eta0='0.0029096933833365197'
2.057419, 0.055500, 2.059280, 1, 0.001861, alpha='0.00011227070295712931',eta0='0.0029096933833365197'
7.821098, 0.043700, 7.825547, 2, 0.004449, alpha='0.09703148166773255',eta0='0.0033876811897594465'
120.827573, 0.041000, 128.306186, 3, 7.478613, alpha='0.07086250686779368',eta0='0.002367351567715829'
176.527796, 0.039600, 188.798979, 4, 12.271183, alpha='0.058032050759566675',eta0='0.0036610308537779706'
456.006231, 0.038400, 514.552529, 5, 58.546298, alpha='0.10541166296922852',eta0='0.00043750621179871664'
