"CPU Time Used","Estimated Training Performance","Wallclock Time","Incumbent ID","Automatic Configurator (CPU) Time","Configuration..."
0.000000, 2147483648.000000, 0.000549, 1, 0.000549, alpha='0.0004126639093412234',eta0='0.0017613324954003418'
0.408933, 0.143100, 0.410220, 1, 0.001287, alpha='0.0004126639093412234',eta0='0.0017613324954003418'
5.175457, 0.156200, 5.187004, 2, 0.011547, alpha='1.3751027885583958e-05',eta0='0.0001426968473177047'
9.919388, 0.135400, 9.946330, 3, 0.026942, alpha='0.0014439030581155858',eta0='2.6843996424460273e-05'
29.050655, 0.134600, 36.097591, 4, 7.046937, alpha='0.00014243623802793248',eta0='2.7092771600004126e-05'
57.678495, 0.130100, 81.913049, 5, 24.234554, alpha='0.00013528149566155548',eta0='1.0633314066581244e-05'
