{"cpu_time": 0.0, "wallclock_time": 0.0005629062652587891, "evaluations": 0, "cost": 2147483648.0, "incumbent": {"alpha": 0.0040824718253228975, "eta0": 0.00044195488125554607}, "budget": 0, "origin": "Sobol"}
{"cpu_time": 0.03425097465515137, "wallclock_time": 0.03558969497680664, "evaluations": 1, "cost": 0.4592, "incumbent": {"alpha": 0.0040824718253228975, "eta0": 0.00044195488125554607}, "budget": 0, "origin": "Sobol"}
