"CPU Time Used","Estimated Training Performance","Wallclock Time","Incumbent ID","Automatic Configurator (CPU) Time","Configuration..."
0.000000, 2147483648.000000, 0.000563, 1, 0.000563, alpha='0.0040824718253228975',eta0='0.00044195488125554607'
0.034251, 0.459200, 0.035590, 1, 0.001339, alpha='0.0040824718253228975',eta0='0.00044195488125554607'
