{"cpu_time": 0.0, "wallclock_time": 0.0015010833740234375, "evaluations": 0, "cost": 2147483648.0, "incumbent": {"colsample_bytree": 0.569966175314039, "eta": 0.009556882986489993, "max_depth": 3, "reg_lambda": 0.0020776820882921045}, "budget": 0, "origin": "Sobol"}
{"cpu_time": 2.7679922580718994, "wallclock_time": 2.7704458236694336, "evaluations": 1, "cost": 0.187, "incumbent": {"colsample_bytree": 0.569966175314039, "eta": 0.009556882986489993, "max_depth": 3, "reg_lambda": 0.0020776820882921045}, "budget": 0, "origin": "Sobol"}
{"cpu_time": 23.100804328918457, "wallclock_time": 23.10855793952942, "evaluations": 7, "cost": 0.1473, "incumbent": {"colsample_bytree": 0.3878000834956765, "eta": 0.004721681612948408, "max_depth": 10, "reg_lambda": 0.09654112415362535}, "budget": 0, "origin": "Sobol"}
{"cpu_time": 222.82470273971558, "wallclock_time": 229.57151889801025, "evaluations": 71, "cost": 0.1491, "incumbent": {"colsample_bytree": 0.35659134264303627, "eta": 0.02703611897982611, "max_depth": 5, "reg_lambda": 0.06756510806077604}, "budget": 0, "origin": "Local Search"}
{"cpu_time": 384.0551085472107, "wallclock_time": 398.95841789245605, "evaluations": 110, "cost": 0.1488, "incumbent": {"colsample_bytree": 0.4375907281625443, "eta": 0.0036259813717929774, "max_depth": 10, "reg_lambda": 0.0019132960746738625}, "budget": 0, "origin": "Local Search"}
{"cpu_time": 411.7484555244446, "wallclock_time": 426.66646575927734, "evaluations": 115, "cost": 0.148, "incumbent": {"colsample_bytree": 0.43443188042405323, "eta": 0.003749379464143954, "max_depth": 10, "reg_lambda": 0.0018078228203310702}, "budget": 0, "origin": "Local Search"}
{"cpu_time": 483.7562482357025, "wallclock_time": 501.62987184524536, "evaluations": 131, "cost": 0.1449, "incumbent": {"colsample_bytree": 0.4341453855715639, "eta": 0.010920458196510842, "max_depth": 10, "reg_lambda": 0.013895705284277875}, "budget": 0, "origin": "Local Search"}
{"cpu_time": 528.8523523807526, "wallclock_time": 550.07506108284, "evaluations": 143, "cost": 0.1439, "incumbent": {"colsample_bytree": 0.43411295473647693, "eta": 0.010923890656872564, "max_depth": 5, "reg_lambda": 0.0011043061161092854}, "budget": 0, "origin": "Local Search"}
{"cpu_time": 764.8073987960815, "wallclock_time": 804.4022448062897, "evaluations": 199, "cost": 0.143, "incumbent": {"colsample_bytree": 0.43830794743995904, "eta": 0.007548704629859248, "max_depth": 9, "reg_lambda": 0.0009846820451581831}, "budget": 0, "origin": "Local Search"}
