"CPU Time Used","Estimated Training Performance","Wallclock Time","Incumbent ID","Automatic Configurator (CPU) Time","Configuration..."
0.000000, 2147483648.000000, 0.001501, 1, 0.001501, colsample_bytree='0.569966175314039',eta='0.009556882986489993',max_depth='3',reg_lambda='0.0020776820882921045'
2.767992, 0.187000, 2.770446, 1, 0.002454, colsample_bytree='0.569966175314039',eta='0.009556882986489993',max_depth='3',reg_lambda='0.0020776820882921045'
23.100804, 0.147300, 23.108558, 2, 0.007754, colsample_bytree='0.3878000834956765',eta='0.004721681612948408',max_depth='10',reg_lambda='0.09654112415362535'
222.824703, 0.149100, 229.571519, 3, 6.746816, colsample_bytree='0.35659134264303627',eta='0.02703611897982611',max_depth='5',reg_lambda='0.06756510806077604'
384.055109, 0.148800, 398.958418, 4, 14.903309, colsample_bytree='0.4375907281625443',eta='0.0036259813717929774',max_depth='10',reg_lambda='0.0019132960746738625'
411.748456, 0.148000, 426.666466, 5, 14.918010, colsample_bytree='0.43443188042405323',eta='0.003749379464143954',max_depth='10',reg_lambda='0.0018078228203310702'
483.756248, 0.144900, 501.629872, 6, 17.873624, colsample_bytree='0.4341453855715639',eta='0.010920458196510842',max_depth='10',reg_lambda='0.013895705284277875'
528.852352, 0.143900, 550.075061, 7, 21.222709, colsample_bytree='0.43411295473647693',eta='0.010923890656872564',max_depth='5',reg_lambda='0.0011043061161092854'
764.807399, 0.143000, 804.402245, 8, 39.594846, colsample_bytree='0.43830794743995904',eta='0.007548704629859248',max_depth='9',reg_lambda='0.0009846820451581831'
