"CPU Time Used","Estimated Training Performance","Wallclock Time","Incumbent ID","Automatic Configurator (CPU) Time","Configuration..."
0.000000, 2147483648.000000, 0.000049, 1, 0.000049, C='1.0',gamma='0.1'
0.018932, 0.500000, 0.019686, 1, 0.000754, C='1.0',gamma='0.1'
0.050095, 0.486200, 0.053544, 2, 0.003449, C='167.43465269107315',gamma='0.010473312293162985'
0.140838, 0.485700, 0.154046, 3, 0.013208, C='0.7080699222261617',gamma='0.008238286081969528'
0.242289, 0.469800, 0.268314, 4, 0.026025, C='1.9695969079413513',gamma='0.0066983131773587995'
0.650257, 0.402900, 0.762385, 5, 0.112128, C='679.0325401248423',gamma='0.0030357544050474464'
1.006177, 0.336700, 1.226343, 6, 0.220166, C='1.3577833231108003',gamma='0.0023769411823143316'
1.799934, 0.256100, 2.388155, 7, 0.588221, C='1.3223942490815643',gamma='0.0010851536715203332'
