{"cpu_time": 0.0, "wallclock_time": 4.887580871582031e-05, "evaluations": 0, "cost": 2147483648.0, "incumbent": ["C='1.0'", "gamma='0.1'"], "origin": "Default"}
{"cpu_time": 0.018931865692138672, "wallclock_time": 0.019685745239257812, "evaluations": 1, "cost": 0.5, "incumbent": ["C='1.0'", "gamma='0.1'"], "origin": "Default"}
{"cpu_time": 0.0500950813293457, "wallclock_time": 0.053543806076049805, "evaluations": 4, "cost": 0.4862, "incumbent": ["C='167.43465269107315'", "gamma='0.010473312293162985'"], "origin": "Random Search"}
{"cpu_time": 0.1408376693725586, "wallclock_time": 0.15404582023620605, "evaluations": 14, "cost": 0.4857, "incumbent": ["C='0.7080699222261617'", "gamma='0.008238286081969528'"], "origin": "Random Search"}
{"cpu_time": 0.24228882789611816, "wallclock_time": 0.2683136463165283, "evaluations": 24, "cost": 0.4698, "incumbent": ["C='1.9695969079413513'", "gamma='0.0066983131773587995'"], "origin": "Random Search"}
{"cpu_time": 0.6502566337585449, "wallclock_time": 0.7623848915100098, "evaluations": 66, "cost": 0.4029, "incumbent": ["C='679.0325401248423'", "gamma='0.0030357544050474464'"], "origin": "Random Search"}
{"cpu_time": 1.0061769485473633, "wallclock_time": 1.2263429164886475, "evaluations": 102, "cost": 0.3367, "incumbent": ["C='1.3577833231108003'", "gamma='0.0023769411823143316'"], "origin": "Random Search"}
{"cpu_time": 1.7999341487884521, "wallclock_time": 2.3881547451019287, "evaluations": 180, "cost": 0.2561, "incumbent": ["C='1.3223942490815643'", "gamma='0.0010851536715203332'"], "origin": "Random Search"}
