{"cpu_time": 0.0, "wallclock_time": 0.0015501976013183594, "evaluations": 0, "cost": 2147483648.0, "incumbent": {"max_depth": 2, "max_features": 0.4491682695224881, "min_samples_leaf": 1, "min_samples_split": 4}, "budget": 0, "origin": "Sobol"}
{"cpu_time": 0.22065210342407227, "wallclock_time": 0.22315311431884766, "evaluations": 1, "cost": 0.2375, "incumbent": {"max_depth": 2, "max_features": 0.4491682695224881, "min_samples_leaf": 1, "min_samples_split": 4}, "budget": 0, "origin": "Sobol"}
{"cpu_time": 1.9082534313201904, "wallclock_time": 1.9134609699249268, "evaluations": 4, "cost": 0.0257, "incumbent": {"max_depth": 17, "max_features": 0.6137791713699698, "min_samples_leaf": 16, "min_samples_split": 18}, "budget": 0, "origin": "Sobol"}
{"cpu_time": 3.2066433429718018, "wallclock_time": 3.213752031326294, "evaluations": 6, "cost": 0.0218, "incumbent": {"max_depth": 10, "max_features": 0.5, "min_samples_leaf": 1, "min_samples_split": 32}, "budget": 0, "origin": null}
{"cpu_time": 22.146077871322632, "wallclock_time": 22.19847083091736, "evaluations": 37, "cost": 0.0121, "incumbent": {"max_depth": 46, "max_features": 0.7485423665493727, "min_samples_leaf": 1, "min_samples_split": 7}, "budget": 0, "origin": "Sobol"}
{"cpu_time": 41.41472601890564, "wallclock_time": 44.642295122146606, "evaluations": 60, "cost": 0.0117, "incumbent": {"max_depth": 48, "max_features": 0.7102955450354163, "min_samples_leaf": 1, "min_samples_split": 8}, "budget": 0, "origin": "Local Search"}
{"cpu_time": 54.91389989852905, "wallclock_time": 61.39779496192932, "evaluations": 74, "cost": 0.0117, "incumbent": {"max_depth": 48, "max_features": 0.4798824671156355, "min_samples_leaf": 1, "min_samples_split": 8}, "budget": 0, "origin": "Local Search"}
{"cpu_time": 62.431440353393555, "wallclock_time": 70.03335905075073, "evaluations": 85, "cost": 0.01, "incumbent": {"max_depth": 50, "max_features": 0.4757040324077452, "min_samples_leaf": 1, "min_samples_split": 2}, "budget": 0, "origin": "Local Search"}
{"cpu_time": 66.70396041870117, "wallclock_time": 75.84569692611694, "evaluations": 92, "cost": 0.0099, "incumbent": {"max_depth": 50, "max_features": 0.2464890860370279, "min_samples_leaf": 1, "min_samples_split": 2}, "budget": 0, "origin": "Local Search"}
{"cpu_time": 130.21523237228394, "wallclock_time": 183.6080551147461, "evaluations": 195, "cost": 0.0098, "incumbent": {"max_depth": 49, "max_features": 0.4458823145842981, "min_samples_leaf": 1, "min_samples_split": 2}, "budget": 0, "origin": "Local Search"}
