"CPU Time Used","Estimated Training Performance","Wallclock Time","Incumbent ID","Automatic Configurator (CPU) Time","Configuration..."
0.000000, 2147483648.000000, 0.000551, 1, 0.000551, C='0.017961675793542162',gamma='0.9046232030638993'
0.007141, 0.500000, 0.008446, 1, 0.001305, C='0.017961675793542162',gamma='0.9046232030638993'
0.025776, 0.337500, 0.029158, 2, 0.003382, C='61.71933670840937',gamma='1.0864412265106145'
0.101250, 0.132600, 0.115901, 3, 0.014650, C='198.6613474689375',gamma='0.09318781769031856'
0.187424, 0.111100, 0.219957, 4, 0.032533, C='176.75556488562856',gamma='0.002712060563487799'
1.708908, 0.059800, 25.463178, 5, 23.754270, C='57.08541139648359',gamma='0.020109778793263408'
