"CPU Time Used","Estimated Training Performance","Wallclock Time","Incumbent ID","Automatic Configurator (CPU) Time","Configuration..."
0.000000, 2147483648.000000, 0.000547, 1, 0.000547, C='0.08611366210550205',gamma='0.4942679928374453'
0.038733, 0.500000, 0.039978, 1, 0.001245, C='0.08611366210550205',gamma='0.4942679928374453'
0.148482, 0.480500, 0.152107, 2, 0.003625, C='19.433598606658386',gamma='9.232350409327609'
0.231789, 0.474600, 0.237031, 3, 0.005242, C='1.0',gamma='0.1'
1.030841, 0.467000, 1.056558, 4, 0.025717, C='490.89071375229827',gamma='0.4114559193983836'
