"CPU Time Used","Estimated Training Performance","Wallclock Time","Incumbent ID","Automatic Configurator (CPU) Time","Configuration..."
0.000000, 2147483648.000000, 0.000557, 1, 0.000557, C='0.017961675793542162',gamma='0.9046232030638993'
0.020296, 0.500000, 0.021674, 1, 0.001378, C='0.017961675793542162',gamma='0.9046232030638993'
0.078592, 0.000000, 0.082692, 2, 0.004101, C='61.71933670840937',gamma='1.0864412265106145'
