{"cpu_time": 0.0, "wallclock_time": 0.001615762710571289, "evaluations": 0, "cost": 2147483648.0, "incumbent": {"max_depth": 1, "max_features": 0.49276944529265165, "min_samples_leaf": 4, "min_samples_split": 9}, "budget": 0, "origin": "Sobol"}
{"cpu_time": 0.05913496017456055, "wallclock_time": 0.061731815338134766, "evaluations": 1, "cost": 0.5, "incumbent": {"max_depth": 1, "max_features": 0.49276944529265165, "min_samples_leaf": 4, "min_samples_split": 9}, "budget": 0, "origin": "Sobol"}
{"cpu_time": 0.23849177360534668, "wallclock_time": 0.2435750961303711, "evaluations": 4, "cost": 0.4771, "incumbent": {"max_depth": 22, "max_features": 0.502463330514729, "min_samples_leaf": 18, "min_samples_split": 83}, "budget": 0, "origin": "Sobol"}
{"cpu_time": 0.3666377067565918, "wallclock_time": 0.37345194816589355, "evaluations": 6, "cost": 0.419, "incumbent": {"max_depth": 10, "max_features": 0.5, "min_samples_leaf": 1, "min_samples_split": 32}, "budget": 0, "origin": null}
{"cpu_time": 0.6189067363739014, "wallclock_time": 0.6293189525604248, "evaluations": 10, "cost": 0.3887, "incumbent": {"max_depth": 9, "max_features": 0.24789578560739756, "min_samples_leaf": 6, "min_samples_split": 2}, "budget": 0, "origin": "Sobol"}
{"cpu_time": 2.0184600353240967, "wallclock_time": 2.053633689880371, "evaluations": 31, "cost": 0.3795, "incumbent": {"max_depth": 17, "max_features": 0.9866730123758316, "min_samples_leaf": 13, "min_samples_split": 6}, "budget": 0, "origin": "Sobol"}
{"cpu_time": 5.885522365570068, "wallclock_time": 11.901129961013794, "evaluations": 84, "cost": 0.3638, "incumbent": {"max_depth": 14, "max_features": 0.9867929826700261, "min_samples_leaf": 12, "min_samples_split": 7}, "budget": 0, "origin": "Local Search"}
