"CPU Time Used","Estimated Training Performance","Wallclock Time","Incumbent ID","Automatic Configurator (CPU) Time","Configuration..."
0.000000, 2147483648.000000, 0.000551, 1, 0.000551, C='0.08611366210550205',gamma='0.4942679928374453'
0.006599, 0.500000, 0.007893, 1, 0.001294, C='0.08611366210550205',gamma='0.4942679928374453'
0.300623, 0.341900, 0.349957, 2, 0.049335, C='490.89071375229827',gamma='0.4114559193983836'
0.384963, 0.299300, 0.457612, 3, 0.072649, C='76.5060885254147',gamma='0.08851540004701101'
0.420028, 0.166700, 0.854942, 4, 0.434913, C='75.72507690295997',gamma='0.004717669711946967'
0.442998, 0.059800, 0.886927, 5, 0.443929, C='75.78258590477628',gamma='0.02375076420456501'
