"CPU Time Used","Estimated Training Performance","Wallclock Time","Incumbent ID","Automatic Configurator (CPU) Time","Configuration..."
0.000000, 2147483648.000000, 0.000041, 1, 0.000041, C='1.0',gamma='0.1'
0.024605, 0.160600, 0.025274, 1, 0.000669, C='1.0',gamma='0.1'
0.382033, 0.113800, 0.397410, 2, 0.015377, C='16.640050128980878',gamma='0.02787815770602151'
0.591211, 0.072500, 0.616574, 3, 0.025363, C='7.175638647559039',gamma='0.09259999660241393'
0.925404, 0.058600, 0.967995, 4, 0.042591, C='367.5161020929368',gamma='0.05362665544757772'
2.254833, 0.037600, 2.367380, 5, 0.112547, C='859.1688894796068',gamma='0.12241290359315758'
4.699458, 0.029500, 5.028227, 6, 0.328769, C='264.42691087311766',gamma='0.1257381919328857'
