"CPU Time Used","Estimated Training Performance","Wallclock Time","Incumbent ID","Automatic Configurator (CPU) Time","Configuration..."
0.000000, 2147483648.000000, 0.000579, 1, 0.000579, C='0.08611366210550205',gamma='0.4942679928374453'
0.252441, 0.500000, 0.253733, 1, 0.001292, C='0.08611366210550205',gamma='0.4942679928374453'
1.334078, 0.269800, 1.340834, 2, 0.006756, C='69.38389384208695',gamma='0.0015531477828170245'
5.041900, 0.172500, 5.715979, 3, 0.674079, C='206.36612335381145',gamma='0.0010004717889895956'
6.741214, 0.170600, 8.517289, 4, 1.776075, C='405.89507861536134',gamma='0.0010415444223179078'
