"CPU Time Used","Estimated Training Performance","Wallclock Time","Incumbent ID","Automatic Configurator (CPU) Time","Configuration..."
0.000000, 2147483648.000000, 0.000619, 1, 0.000619, alpha='0.0040824718253228975',eta0='0.00044195488125554607'
0.155802, 0.781500, 0.157256, 1, 0.001454, alpha='0.0040824718253228975',eta0='0.00044195488125554607'
1.085706, 0.775100, 1.092263, 2, 0.006557, alpha='2.1186147948258377e-05',eta0='8.558614272324676e-05'
3.885834, 0.773400, 3.911299, 3, 0.025465, alpha='0.03030347755881635',eta0='9.629973594130217e-05'
5.283712, 0.768700, 5.324087, 4, 0.040375, alpha='5.872228902171585e-05',eta0='0.00027724604623741747'
13.654233, 0.765800, 21.326961, 5, 7.672728, alpha='6.030641404707555e-05',eta0='1.989458938153591e-05'
