{
  "mean_cost": 0.137024434204797,
  "finished_ta_runs": 300,
  "inc_changed": 4,
  "n_configs": 98,
  "submitted_ta_runs": 300,
  "ta_time_used": 158.99851179122925,
  "wallclock_time_used": 186.52733707427979,
  "dataset_id": 28,
  "perf_time": 186.5401934160036
}