{
  "mean_cost": 0.47571886413169673,
  "finished_ta_runs": 600,
  "inc_changed": 6,
  "n_configs": 574,
  "submitted_ta_runs": 600,
  "ta_time_used": 6.283978462219238,
  "wallclock_time_used": 11.271081924438477,
  "dataset_id": 29,
  "perf_time": 11.286866291993647
}