{"cpu_time": 0.0, "wallclock_time": 0.0036208629608154297, "evaluations": 0, "cost": 2147483648.0, "incumbent": ["max_depth='6'", "max_features='0.3290755869820714'", "min_samples_leaf='11'", "min_samples_split='2'"], "origin": "Sobol"}
{"cpu_time": 0.13077592849731445, "wallclock_time": 0.13535213470458984, "evaluations": 1, "cost": 0.1005, "incumbent": ["max_depth='6'", "max_features='0.3290755869820714'", "min_samples_leaf='11'", "min_samples_split='2'"], "origin": "Sobol"}
{"cpu_time": 2.7474076747894287, "wallclock_time": 2.762228012084961, "evaluations": 10, "cost": 0.0817, "incumbent": ["max_depth='18'", "max_features='0.9707894120365381'", "min_samples_leaf='5'", "min_samples_split='26'"], "origin": "Sobol"}
{"cpu_time": 3.531770706176758, "wallclock_time": 3.555112838745117, "evaluations": 14, "cost": 0.0804, "incumbent": ["max_depth='10'", "max_features='0.5'", "min_samples_leaf='1'", "min_samples_split='32'"], "origin": null}
{"cpu_time": 7.372353553771973, "wallclock_time": 7.422420024871826, "evaluations": 35, "cost": 0.0779, "incumbent": ["max_depth='23'", "max_features='0.7108285818248987'", "min_samples_leaf='9'", "min_samples_split='11'"], "origin": "Sobol"}
{"cpu_time": 8.114104509353638, "wallclock_time": 8.171458959579468, "evaluations": 40, "cost": 0.0725, "incumbent": ["max_depth='39'", "max_features='0.3087822897359729'", "min_samples_leaf='3'", "min_samples_split='7'"], "origin": "Sobol"}
{"cpu_time": 12.939426183700562, "wallclock_time": 14.802871942520142, "evaluations": 68, "cost": 0.0705, "incumbent": ["max_depth='35'", "max_features='0.1680600025340582'", "min_samples_leaf='1'", "min_samples_split='4'"], "origin": "Local Search"}
{"cpu_time": 25.883541345596313, "wallclock_time": 44.86323308944702, "evaluations": 147, "cost": 0.069, "incumbent": ["max_depth='35'", "max_features='0.4760499017048161'", "min_samples_leaf='1'", "min_samples_split='6'"], "origin": "Local Search"}
{"cpu_time": 42.855414390563965, "wallclock_time": 86.40061902999878, "evaluations": 241, "cost": 0.0667, "incumbent": ["max_depth='23'", "max_features='0.47906408385723465'", "min_samples_leaf='1'", "min_samples_split='7'"], "origin": "Local Search"}
