{
  "mean_cost": 0.5550372416159595,
  "finished_ta_runs": 300,
  "inc_changed": 6,
  "n_configs": 135,
  "submitted_ta_runs": 300,
  "ta_time_used": 561.029767036438,
  "wallclock_time_used": 604.8350179195404,
  "dataset_id": 9985,
  "perf_time": 604.850558125001
}