{
  "mean_cost": 0.04769527347652347,
  "finished_ta_runs": 2,
  "inc_changed": 1,
  "n_configs": 1,
  "submitted_ta_runs": 2,
  "ta_time_used": 0.428875207901001,
  "wallclock_time_used": 0.43096923828125,
  "dataset_id": 146800,
  "perf_time": 0.43711641700019754
}