{"cpu_time": 0.0, "wallclock_time": 0.0015959739685058594, "evaluations": 0, "cost": 2147483648.0, "incumbent": {"max_depth": 2, "max_features": 0.4491682695224881, "min_samples_leaf": 1, "min_samples_split": 4}, "budget": 0, "origin": "Sobol"}
{"cpu_time": 0.4974040985107422, "wallclock_time": 0.49994707107543945, "evaluations": 1, "cost": 0.6851, "incumbent": {"max_depth": 2, "max_features": 0.4491682695224881, "min_samples_leaf": 1, "min_samples_split": 4}, "budget": 0, "origin": "Sobol"}
{"cpu_time": 5.588365316390991, "wallclock_time": 5.5935938358306885, "evaluations": 4, "cost": 0.5242, "incumbent": {"max_depth": 17, "max_features": 0.6137791713699698, "min_samples_leaf": 16, "min_samples_split": 18}, "budget": 0, "origin": "Sobol"}
{"cpu_time": 53.95716404914856, "wallclock_time": 53.98103618621826, "evaluations": 21, "cost": 0.5081, "incumbent": {"max_depth": 30, "max_features": 0.8789303731173277, "min_samples_leaf": 9, "min_samples_split": 48}, "budget": 0, "origin": "Sobol"}
{"cpu_time": 75.38959407806396, "wallclock_time": 75.42793989181519, "evaluations": 32, "cost": 0.499, "incumbent": {"max_depth": 13, "max_features": 0.6508769644424319, "min_samples_leaf": 11, "min_samples_split": 3}, "budget": 0, "origin": "Sobol"}
{"cpu_time": 113.69399809837341, "wallclock_time": 113.75856590270996, "evaluations": 48, "cost": 0.4307, "incumbent": {"max_depth": 46, "max_features": 0.7485423665493727, "min_samples_leaf": 1, "min_samples_split": 7}, "budget": 0, "origin": "Sobol"}
{"cpu_time": 187.66137075424194, "wallclock_time": 192.64736485481262, "evaluations": 74, "cost": 0.4295, "incumbent": {"max_depth": 46, "max_features": 0.7442931688457676, "min_samples_leaf": 1, "min_samples_split": 8}, "budget": 0, "origin": "Local Search"}
{"cpu_time": 236.4218578338623, "wallclock_time": 242.12683200836182, "evaluations": 84, "cost": 0.4225, "incumbent": {"max_depth": 46, "max_features": 0.7445779746055817, "min_samples_leaf": 1, "min_samples_split": 2}, "budget": 0, "origin": "Local Search"}
{"cpu_time": 260.9048306941986, "wallclock_time": 266.62233996391296, "evaluations": 89, "cost": 0.4175, "incumbent": {"max_depth": 46, "max_features": 0.7426871970925331, "min_samples_leaf": 1, "min_samples_split": 3}, "budget": 0, "origin": "Local Search"}
