{
  "mean_cost": 0.07282138484882462,
  "finished_ta_runs": 145,
  "inc_changed": 5,
  "n_configs": 91,
  "submitted_ta_runs": 145,
  "ta_time_used": 34.70430898666382,
  "wallclock_time_used": 60.744349241256714,
  "dataset_id": 146822
}