{
  "mean_cost": 0.11146625280583616,
  "finished_ta_runs": 300,
  "inc_changed": 2,
  "n_configs": 183,
  "submitted_ta_runs": 300,
  "ta_time_used": 9.437273263931274,
  "wallclock_time_used": 121.84912991523743,
  "dataset_id": 9946,
  "perf_time": 121.86400541700095
}