{
  "mean_cost": 0.6851050671918312,
  "finished_ta_runs": 1,
  "inc_changed": 1,
  "n_configs": 1,
  "submitted_ta_runs": 1,
  "ta_time_used": 0.4738340377807617,
  "wallclock_time_used": 0.4753761291503906,
  "dataset_id": 14969,
  "perf_time": 0.4869662920000337
}