{
  "mean_cost": 0.21646786572351018,
  "finished_ta_runs": 41,
  "inc_changed": 3,
  "n_configs": 23,
  "submitted_ta_runs": 41,
  "ta_time_used": 121.90332651138306,
  "wallclock_time_used": 121.97202682495117,
  "dataset_id": 22
}