"CPU Time Used","Estimated Training Performance","Wallclock Time","Incumbent ID","Automatic Configurator (CPU) Time","Configuration..."
0.000000, 2147483648.000000, 0.001409, 1, 0.001409, colsample_bytree='0.569966175314039',eta='0.009556882986489993',max_depth='3',reg_lambda='0.0020776820882921045'
0.026223, 0.335100, 0.028591, 1, 0.002368, colsample_bytree='0.569966175314039',eta='0.009556882986489993',max_depth='3',reg_lambda='0.0020776820882921045'
0.172820, 0.305600, 0.182438, 2, 0.009619, colsample_bytree='0.7997161545790732',eta='0.8167090504942917',max_depth='1',reg_lambda='7.369638786139326'
0.311397, 0.012600, 0.324529, 3, 0.013132, colsample_bytree='1.0',eta='0.3',max_depth='10',reg_lambda='1.0'
0.545402, 0.006200, 0.567865, 4, 0.022464, colsample_bytree='0.6897349533624947',eta='0.11093751049628797',max_depth='5',reg_lambda='0.005625821167002132'
1.017478, 0.002800, 1.078116, 5, 0.060637, colsample_bytree='0.9323523727245628',eta='0.2476536704910154',max_depth='9',reg_lambda='0.0035770621836229634'
1.489693, 0.001900, 2.870408, 6, 1.380715, colsample_bytree='0.9319606935706056',eta='0.294233199191201',max_depth='9',reg_lambda='0.004088239893542538'
2.008897, 0.001200, 6.409626, 7, 4.400729, colsample_bytree='0.9320069287490809',eta='0.27371007792119767',max_depth='9',reg_lambda='0.0011117826221391479'
2.904001, 0.000000, 13.575198, 8, 10.671197, colsample_bytree='0.9320069287490809',eta='0.26568525918229',max_depth='10',reg_lambda='0.0011284135170227378'
