"CPU Time Used","Estimated Training Performance","Wallclock Time","Incumbent ID","Automatic Configurator (CPU) Time","Configuration..."
0.000000, 2147483648.000000, 0.000562, 1, 0.000562, C='1.3600811985592882',gamma='0.09352602871548096'
0.092848, 0.729700, 0.094145, 1, 0.001297, C='1.3600811985592882',gamma='0.09352602871548096'
0.969629, 0.542100, 0.980148, 2, 0.010519, C='102.59827344587585',gamma='0.0039228031036218506'
2.719123, 0.535300, 3.532783, 3, 0.813659, C='193.02190702997308',gamma='0.0018775788809639008'
3.285666, 0.515700, 4.405079, 4, 1.119413, C='179.79028795607192',gamma='0.0010198526103336006'
4.621445, 0.513700, 6.813579, 5, 2.192134, C='174.16692004984617',gamma='0.0010068461596241076'
5.221325, 0.507900, 7.705049, 6, 2.483724, C='165.4150284437918',gamma='0.000980509566668783'
7.780586, 0.506200, 12.815181, 7, 5.034595, C='180.19229829302162',gamma='0.000980509566668783'
