{"cpu_time": 0.0, "wallclock_time": 0.0005030632019042969, "evaluations": 0, "cost": 2147483648.0, "incumbent": {"C": 0.08611366210550205, "gamma": 0.4942679928374453}, "budget": 0, "origin": "Sobol"}
{"cpu_time": 0.31533098220825195, "wallclock_time": 0.3164851665496826, "evaluations": 1, "cost": 0.3829, "incumbent": {"C": 0.08611366210550205, "gamma": 0.4942679928374453}, "budget": 0, "origin": "Sobol"}
