{
  "mean_cost": 0.26166633691690516,
  "finished_ta_runs": 158,
  "inc_changed": 4,
  "n_configs": 106,
  "submitted_ta_runs": 158,
  "ta_time_used": 22.840840578079224,
  "wallclock_time_used": 60.480854988098145,
  "dataset_id": 53
}