{
  "mean_cost": 0.7085214897502075,
  "finished_ta_runs": 600,
  "inc_changed": 6,
  "n_configs": 576,
  "submitted_ta_runs": 600,
  "ta_time_used": 660.2834982872009,
  "wallclock_time_used": 665.6059939861298,
  "dataset_id": 9985,
  "perf_time": 665.6141822920035
}