{
  "mean_cost": 0.20198723137999872,
  "finished_ta_runs": 736,
  "inc_changed": 4,
  "n_configs": 676,
  "submitted_ta_runs": 736,
  "ta_time_used": 111.50605773925781,
  "wallclock_time_used": 120.2299108505249,
  "dataset_id": 9957
}