"CPU Time Used","Estimated Training Performance","Wallclock Time","Incumbent ID","Automatic Configurator (CPU) Time","Configuration..."
0.000000, 2147483648.000000, 0.000594, 1, 0.000594, alpha='0.0004126639093412234',eta0='0.0017613324954003418'
0.081326, 0.292500, 0.083374, 1, 0.002048, alpha='0.0004126639093412234',eta0='0.0017613324954003418'
0.781995, 0.278200, 0.819875, 2, 0.037880, alpha='2.6979332069179497e-05',eta0='0.03342560639959951'
1.357428, 0.259200, 1.418610, 3, 0.061182, alpha='0.0003176176432525431',eta0='6.415790095453975e-05'
3.564101, 0.256000, 13.418172, 4, 9.854071, alpha='6.135823389846583e-05',eta0='6.415716013806872e-05'
