"CPU Time Used","Estimated Training Performance","Wallclock Time","Incumbent ID","Automatic Configurator (CPU) Time","Configuration..."
0.000000, 2147483648.000000, 0.000583, 1, 0.000583, C='1.3600811985592882',gamma='0.09352602871548096'
0.029462, 0.099100, 0.030817, 1, 0.001355, C='1.3600811985592882',gamma='0.09352602871548096'
0.406307, 0.056600, 0.417297, 2, 0.010991, C='102.59827344587585',gamma='0.0039228031036218506'
0.907253, 0.056100, 0.929465, 3, 0.022213, C='7.48101646809008',gamma='2.7251940323754646'
1.371755, 0.024400, 1.408731, 4, 0.036976, C='206.50233439434604',gamma='0.9897482788196605'
1.836778, 0.006000, 2.137477, 5, 0.300699, C='226.00060800362292',gamma='0.005704572435531262'
2.024597, 0.003000, 2.853203, 6, 0.828606, C='226.15859388959473',gamma='0.06425041305392608'
2.254788, 0.000000, 3.432596, 7, 1.177808, C='228.71739027229157',gamma='0.11546960905507732'
