{"cpu_time": 0.0, "wallclock_time": 0.0005831718444824219, "evaluations": 0, "cost": 2147483648.0, "incumbent": {"C": 1.3600811985592882, "gamma": 0.09352602871548096}, "budget": 0, "origin": "Sobol"}
{"cpu_time": 0.02946162223815918, "wallclock_time": 0.030817031860351562, "evaluations": 1, "cost": 0.0991, "incumbent": {"C": 1.3600811985592882, "gamma": 0.09352602871548096}, "budget": 0, "origin": "Sobol"}
{"cpu_time": 0.40630650520324707, "wallclock_time": 0.4172971248626709, "evaluations": 13, "cost": 0.0566, "incumbent": {"C": 102.59827344587585, "gamma": 0.0039228031036218506}, "budget": 0, "origin": "Sobol"}
{"cpu_time": 0.9072525501251221, "wallclock_time": 0.9294650554656982, "evaluations": 24, "cost": 0.0561, "incumbent": {"C": 7.48101646809008, "gamma": 2.7251940323754646}, "budget": 0, "origin": "Sobol"}
{"cpu_time": 1.3717548847198486, "wallclock_time": 1.40873122215271, "evaluations": 34, "cost": 0.0244, "incumbent": {"C": 206.50233439434604, "gamma": 0.9897482788196605}, "budget": 0, "origin": "Sobol"}
{"cpu_time": 1.836777925491333, "wallclock_time": 2.137477159500122, "evaluations": 46, "cost": 0.006, "incumbent": {"C": 226.00060800362292, "gamma": 0.005704572435531262}, "budget": 0, "origin": "Random Search (sorted)"}
{"cpu_time": 2.024597406387329, "wallclock_time": 2.853203296661377, "evaluations": 53, "cost": 0.003, "incumbent": {"C": 226.15859388959473, "gamma": 0.06425041305392608}, "budget": 0, "origin": "Local Search"}
{"cpu_time": 2.254788398742676, "wallclock_time": 3.432596206665039, "evaluations": 60, "cost": 0.0, "incumbent": {"C": 228.71739027229157, "gamma": 0.11546960905507732}, "budget": 0, "origin": "Random Search (sorted)"}
