{"cpu_time": 0.0, "wallclock_time": 0.0002200603485107422, "evaluations": 0, "cost": 2147483648.0, "incumbent": ["alpha='0.0004126639093412234'", "eta0='0.0017613324954003418'"], "origin": "Sobol"}
{"cpu_time": 0.42764711380004883, "wallclock_time": 0.42858004570007324, "evaluations": 1, "cost": 0.39, "incumbent": ["alpha='0.0004126639093412234'", "eta0='0.0017613324954003418'"], "origin": "Sobol"}
