"CPU Time Used","Estimated Training Performance","Wallclock Time","Incumbent ID","Automatic Configurator (CPU) Time","Configuration..."
0.000000, 2147483648.000000, 0.000563, 1, 0.000563, alpha='0.0004126639093412234',eta0='0.0017613324954003418'
0.073965, 0.351900, 0.075264, 1, 0.001299, alpha='0.0004126639093412234',eta0='0.0017613324954003418'
0.276558, 0.349600, 0.280223, 2, 0.003665, alpha='0.037163815274404384',eta0='0.020029702345968858'
0.459128, 0.349600, 0.464473, 3, 0.005345, alpha='0.001',eta0='0.01'
0.744640, 0.342100, 0.753647, 4, 0.009007, alpha='0.10693804138470717',eta0='1.4701197301483249e-05'
2.771503, 0.342100, 3.081564, 5, 0.310061, alpha='0.07671696495578885',eta0='1.3018502898698485e-05'
