"CPU Time Used","Estimated Training Performance","Wallclock Time","Incumbent ID","Automatic Configurator (CPU) Time","Configuration..."
0.000000, 2147483648.000000, 0.000038, 1, 0.000038, alpha='0.001',eta0='0.01'
0.078593, 0.437400, 0.079227, 1, 0.000634, alpha='0.001',eta0='0.01'
2.294591, 0.444000, 2.322904, 2, 0.028313, alpha='0.0004019653692288965',eta0='0.1934013296139668'
7.712791, 0.443300, 7.900088, 3, 0.187297, alpha='0.9980764646915483',eta0='0.3085298695049042'
22.670995, 0.438700, 23.734870, 4, 1.063874, alpha='0.10039794498206969',eta0='0.37644204570089107'
40.670031, 0.433400, 43.793899, 5, 3.123868, alpha='0.0007444172248913227',eta0='0.08752646358359685'
