{"cpu_time": 0.0, "wallclock_time": 3.409385681152344e-05, "evaluations": 0, "cost": 2147483648.0, "incumbent": {"C": 1.0, "gamma": 0.1}, "budget": 0, "origin": "Default"}
{"cpu_time": 0.06797575950622559, "wallclock_time": 0.06867599487304688, "evaluations": 1, "cost": 0.7585, "incumbent": {"C": 1.0, "gamma": 0.1}, "budget": 0, "origin": "Default"}
