{
  "mean_cost": 0.5000179211469534,
  "finished_ta_runs": 600,
  "inc_changed": 1,
  "n_configs": 123,
  "submitted_ta_runs": 600,
  "ta_time_used": 19.983250617980957,
  "wallclock_time_used": 23.333570957183838,
  "dataset_id": 3902,
  "perf_time": 23.34737512501306
}