{
  "mean_cost": 0.06103848967390634,
  "finished_ta_runs": 300,
  "inc_changed": 3,
  "n_configs": 88,
  "submitted_ta_runs": 300,
  "ta_time_used": 7.95385217666626,
  "wallclock_time_used": 31.770877838134766,
  "dataset_id": 146800,
  "perf_time": 31.78124349997961
}