{
  "mean_cost": 0.1543004151103342,
  "finished_ta_runs": 2,
  "inc_changed": 1,
  "n_configs": 1,
  "submitted_ta_runs": 2,
  "ta_time_used": 1.6384856700897217,
  "wallclock_time_used": 1.6405389308929443,
  "dataset_id": 6,
  "perf_time": 1.646286125000188
}