{"cpu_time": 0.0, "wallclock_time": 5.412101745605469e-05, "evaluations": 0, "cost": 2147483648.0, "incumbent": {"colsample_bytree": 1.0, "eta": 0.3, "max_depth": 10, "reg_lambda": 1.0}, "budget": 0, "origin": "Default"}
{"cpu_time": 0.043419837951660156, "wallclock_time": 0.0442812442779541, "evaluations": 1, "cost": 0.3868, "incumbent": {"colsample_bytree": 1.0, "eta": 0.3, "max_depth": 10, "reg_lambda": 1.0}, "budget": 0, "origin": "Default"}
{"cpu_time": 0.31093835830688477, "wallclock_time": 0.32370424270629883, "evaluations": 13, "cost": 0.319, "incumbent": {"colsample_bytree": 0.9806458301683194, "eta": 0.11021240891825923, "max_depth": 3, "reg_lambda": 1.2826061465293854}, "budget": 0, "origin": "Random Search"}
{"cpu_time": 0.4832909107208252, "wallclock_time": 0.514829158782959, "evaluations": 26, "cost": 0.3113, "incumbent": {"colsample_bytree": 0.7598355216694087, "eta": 0.2559408304244787, "max_depth": 1, "reg_lambda": 0.020661816810732182}, "budget": 0, "origin": "Random Search"}
{"cpu_time": 0.9152767658233643, "wallclock_time": 1.019341230392456, "evaluations": 59, "cost": 0.3107, "incumbent": {"colsample_bytree": 0.5459653760496205, "eta": 0.3325425569944614, "max_depth": 1, "reg_lambda": 1.7195333620611977}, "budget": 0, "origin": "Random Search"}
{"cpu_time": 2.793649196624756, "wallclock_time": 3.5276763439178467, "evaluations": 197, "cost": 0.3056, "incumbent": {"colsample_bytree": 0.5243799201958682, "eta": 0.6332998835027808, "max_depth": 1, "reg_lambda": 20.971760406869286}, "budget": 0, "origin": "Random Search"}
{"cpu_time": 5.303735256195068, "wallclock_time": 7.565122127532959, "evaluations": 361, "cost": 0.3041, "incumbent": {"colsample_bytree": 0.6849118611577469, "eta": 0.5916973429161327, "max_depth": 2, "reg_lambda": 23.141448782359003}, "budget": 0, "origin": "Random Search"}
{"cpu_time": 7.604738712310791, "wallclock_time": 11.926692247390747, "evaluations": 513, "cost": 0.3024, "incumbent": {"colsample_bytree": 0.537040256160939, "eta": 0.3964923580484499, "max_depth": 1, "reg_lambda": 4.7081838776824165}, "budget": 0, "origin": "Random Search"}
