{
  "mean_cost": 0.24018455670135694,
  "finished_ta_runs": 300,
  "inc_changed": 3,
  "n_configs": 124,
  "submitted_ta_runs": 300,
  "ta_time_used": 64.48305416107178,
  "wallclock_time_used": 102.04476523399353,
  "dataset_id": 3021,
  "perf_time": 102.05357612499938
}