{
  "mean_cost": 0.39152698045138434,
  "finished_ta_runs": 657,
  "inc_changed": 6,
  "n_configs": 621,
  "submitted_ta_runs": 657,
  "ta_time_used": 112.76631808280945,
  "wallclock_time_used": 120.02652192115784,
  "dataset_id": 167141
}