"CPU Time Used","Estimated Training Performance","Wallclock Time","Incumbent ID","Automatic Configurator (CPU) Time","Configuration..."
0.000000, 2147483648.000000, 0.000247, 1, 0.000247, C='0.08611366210550205',gamma='0.4942679928374453'
0.542546, 0.853200, 0.543432, 1, 0.000886, C='0.08611366210550205',gamma='0.4942679928374453'
