{"cpu_time": 0.0, "wallclock_time": 4.506111145019531e-05, "evaluations": 0, "cost": 2147483648.0, "incumbent": ["colsample_bytree='1.0'", "eta='0.3'", "max_depth='10'", "reg_lambda='1.0'"], "origin": "Default"}
{"cpu_time": 2.8555707931518555, "wallclock_time": 2.856260061264038, "evaluations": 1, "cost": 0.1876, "incumbent": ["colsample_bytree='1.0'", "eta='0.3'", "max_depth='10'", "reg_lambda='1.0'"], "origin": "Default"}
{"cpu_time": 41.673006772994995, "wallclock_time": 41.69627904891968, "evaluations": 21, "cost": 0.1797, "incumbent": ["colsample_bytree='0.5177209401315279'", "eta='0.4516158976292579'", "max_depth='2'", "reg_lambda='0.03693883633139159'"], "origin": "Random Search"}
{"cpu_time": 138.0022692680359, "wallclock_time": 138.17179417610168, "evaluations": 82, "cost": 0.1796, "incumbent": ["colsample_bytree='0.21766820952133198'", "eta='0.2930076980115038'", "max_depth='9'", "reg_lambda='0.03412865370006311'"], "origin": "Random Search"}
{"cpu_time": 458.76592326164246, "wallclock_time": 460.0444359779358, "evaluations": 272, "cost": 0.1776, "incumbent": ["colsample_bytree='0.6967662606215692'", "eta='0.5242816400446793'", "max_depth='2'", "reg_lambda='0.005515700288796863'"], "origin": "Random Search"}
{"cpu_time": 477.1475772857666, "wallclock_time": 478.5012741088867, "evaluations": 282, "cost": 0.1739, "incumbent": ["colsample_bytree='0.664886375850262'", "eta='0.3126421036867394'", "max_depth='3'", "reg_lambda='0.032544273565764684'"], "origin": "Random Search"}
