"CPU Time Used","Estimated Training Performance","Wallclock Time","Incumbent ID","Automatic Configurator (CPU) Time","Configuration..."
0.000000, 2147483648.000000, 0.000045, 1, 0.000045, colsample_bytree='1.0',eta='0.3',max_depth='10',reg_lambda='1.0'
2.855571, 0.187600, 2.856260, 1, 0.000689, colsample_bytree='1.0',eta='0.3',max_depth='10',reg_lambda='1.0'
41.673007, 0.179700, 41.696279, 2, 0.023272, colsample_bytree='0.5177209401315279',eta='0.4516158976292579',max_depth='2',reg_lambda='0.03693883633139159'
138.002269, 0.179600, 138.171794, 3, 0.169525, colsample_bytree='0.21766820952133198',eta='0.2930076980115038',max_depth='9',reg_lambda='0.03412865370006311'
458.765923, 0.177600, 460.044436, 4, 1.278513, colsample_bytree='0.6967662606215692',eta='0.5242816400446793',max_depth='2',reg_lambda='0.005515700288796863'
477.147577, 0.173900, 478.501274, 5, 1.353697, colsample_bytree='0.664886375850262',eta='0.3126421036867394',max_depth='3',reg_lambda='0.032544273565764684'
