{
  "mean_cost": 0.06984437908933039,
  "finished_ta_runs": 1,
  "inc_changed": 1,
  "n_configs": 1,
  "submitted_ta_runs": 1,
  "ta_time_used": 8.1803719997406,
  "wallclock_time_used": 8.182260990142822,
  "dataset_id": 9977,
  "perf_time": 8.190604208999957
}