{
  "mean_cost": 0.2606356962928943,
  "finished_ta_runs": 600,
  "inc_changed": 6,
  "n_configs": 570,
  "submitted_ta_runs": 600,
  "ta_time_used": 115.47653651237488,
  "wallclock_time_used": 120.93695592880249,
  "dataset_id": 45,
  "perf_time": 120.9554482500007
}