{
  "mean_cost": 0.1245287634176524,
  "finished_ta_runs": 2,
  "inc_changed": 1,
  "n_configs": 1,
  "submitted_ta_runs": 2,
  "ta_time_used": 24.975234031677246,
  "wallclock_time_used": 24.977566957473755,
  "dataset_id": 9981,
  "perf_time": 24.9846863329999
}