{"cpu_time": 0.0, "wallclock_time": 0.0015637874603271484, "evaluations": 0, "cost": 2147483648.0, "incumbent": ["max_depth='6'", "max_features='0.3290755869820714'", "min_samples_leaf='11'", "min_samples_split='2'"], "origin": "Sobol"}
{"cpu_time": 0.3141191005706787, "wallclock_time": 0.31662964820861816, "evaluations": 1, "cost": 0.0582, "incumbent": ["max_depth='6'", "max_features='0.3290755869820714'", "min_samples_leaf='11'", "min_samples_split='2'"], "origin": "Sobol"}
{"cpu_time": 9.30005931854248, "wallclock_time": 9.310701847076416, "evaluations": 10, "cost": 0.0335, "incumbent": ["max_depth='18'", "max_features='0.9707894120365381'", "min_samples_leaf='5'", "min_samples_split='26'"], "origin": "Sobol"}
{"cpu_time": 11.874414682388306, "wallclock_time": 11.88905668258667, "evaluations": 14, "cost": 0.0222, "incumbent": ["max_depth='10'", "max_features='0.5'", "min_samples_leaf='1'", "min_samples_split='32'"], "origin": null}
{"cpu_time": 16.693302869796753, "wallclock_time": 16.720021724700928, "evaluations": 24, "cost": 0.0139, "incumbent": ["max_depth='14'", "max_features='0.1785462163388729'", "min_samples_leaf='2'", "min_samples_split='10'"], "origin": "Sobol"}
{"cpu_time": 36.76165151596069, "wallclock_time": 38.310104846954346, "evaluations": 64, "cost": 0.0102, "incumbent": ["max_depth='26'", "max_features='0.37152841624954297'", "min_samples_leaf='1'", "min_samples_split='3'"], "origin": "Local Search"}
{"cpu_time": 58.61522960662842, "wallclock_time": 66.60300803184509, "evaluations": 93, "cost": 0.01, "incumbent": ["max_depth='42'", "max_features='0.5813137149896148'", "min_samples_leaf='1'", "min_samples_split='3'"], "origin": "Local Search"}
{"cpu_time": 68.90097403526306, "wallclock_time": 80.16965889930725, "evaluations": 107, "cost": 0.009, "incumbent": ["max_depth='17'", "max_features='0.3709756942405348'", "min_samples_leaf='1'", "min_samples_split='2'"], "origin": "Local Search"}
