{"cpu_time": 0.0, "wallclock_time": 9.560585021972656e-05, "evaluations": 0, "cost": 2147483648.0, "incumbent": ["colsample_bytree='1.0'", "eta='0.3'", "max_depth='10'", "reg_lambda='1.0'"], "origin": "Default"}
{"cpu_time": 0.5714340209960938, "wallclock_time": 0.572476863861084, "evaluations": 1, "cost": 0.0087, "incumbent": ["colsample_bytree='1.0'", "eta='0.3'", "max_depth='10'", "reg_lambda='1.0'"], "origin": "Default"}
{"cpu_time": 7.699825286865234, "wallclock_time": 7.781698703765869, "evaluations": 45, "cost": 0.0079, "incumbent": ["colsample_bytree='0.9259183675013876'", "eta='0.8824826840759027'", "max_depth='10'", "reg_lambda='12.061953377357213'"], "origin": "Random Search"}
{"cpu_time": 10.071828126907349, "wallclock_time": 10.197581768035889, "evaluations": 61, "cost": 0.0076, "incumbent": ["colsample_bytree='0.6566632166286686'", "eta='0.07005142797169966'", "max_depth='8'", "reg_lambda='0.004737932302767295'"], "origin": "Random Search"}
{"cpu_time": 36.797890186309814, "wallclock_time": 38.634697914123535, "evaluations": 326, "cost": 0.0073, "incumbent": ["colsample_bytree='0.5713516037563868'", "eta='0.566021293448625'", "max_depth='6'", "reg_lambda='0.12855768863069106'"], "origin": "Random Search"}
