{
  "mean_cost": 0.5,
  "finished_ta_runs": 1,
  "inc_changed": 1,
  "n_configs": 1,
  "submitted_ta_runs": 1,
  "ta_time_used": 0.019731998443603516,
  "wallclock_time_used": 0.021046161651611328,
  "dataset_id": 3918,
  "perf_time": 0.031600084000274364
}