{"cpu_time": 0.0, "wallclock_time": 0.0014362335205078125, "evaluations": 0, "cost": 2147483648.0, "incumbent": ["colsample_bytree='0.3908073678612709'", "eta='0.02197006114591668'", "max_depth='1'", "reg_lambda='0.025956378731779545'"], "origin": "Sobol"}
{"cpu_time": 0.020349979400634766, "wallclock_time": 0.022713184356689453, "evaluations": 1, "cost": 0.5, "incumbent": ["colsample_bytree='0.3908073678612709'", "eta='0.02197006114591668'", "max_depth='1'", "reg_lambda='0.025956378731779545'"], "origin": "Sobol"}
{"cpu_time": 0.12462306022644043, "wallclock_time": 0.12947916984558105, "evaluations": 4, "cost": 0.2862, "incumbent": ["colsample_bytree='0.7864414579235017'", "eta='0.06876373473778273'", "max_depth='5'", "reg_lambda='2.180661802430785'"], "origin": "Sobol"}
{"cpu_time": 0.9774887561798096, "wallclock_time": 1.0225112438201904, "evaluations": 37, "cost": 0.2708, "incumbent": ["colsample_bytree='0.5481296327896417'", "eta='0.608797375855971'", "max_depth='1'", "reg_lambda='1.1244959152470722'"], "origin": "Sobol"}
{"cpu_time": 1.3634305000305176, "wallclock_time": 1.4404911994934082, "evaluations": 56, "cost": 0.1751, "incumbent": ["colsample_bytree='0.8134428126737475'", "eta='0.7203968592775708'", "max_depth='1'", "reg_lambda='0.01914638423964656'"], "origin": "Sobol"}
{"cpu_time": 1.9019744396209717, "wallclock_time": 6.0017993450164795, "evaluations": 82, "cost": 0.1734, "incumbent": ["colsample_bytree='0.7528150108683024'", "eta='0.6978591081492721'", "max_depth='1'", "reg_lambda='0.02252868321514764'"], "origin": "Random Search (sorted)"}
{"cpu_time": 2.1939196586608887, "wallclock_time": 7.859195232391357, "evaluations": 98, "cost": 0.1734, "incumbent": ["colsample_bytree='0.7234344468672171'", "eta='0.6805991860465482'", "max_depth='1'", "reg_lambda='0.022878427761726296'"], "origin": "Random Search (sorted)"}
{"cpu_time": 2.483287811279297, "wallclock_time": 10.845400094985962, "evaluations": 112, "cost": 0.1717, "incumbent": ["colsample_bytree='0.8156807707019655'", "eta='0.7032110345591059'", "max_depth='1'", "reg_lambda='0.05653549790387083'"], "origin": "Local Search"}
{"cpu_time": 2.6421828269958496, "wallclock_time": 11.473083257675171, "evaluations": 122, "cost": 0.1708, "incumbent": ["colsample_bytree='0.14413307767595934'", "eta='0.7018513322148402'", "max_depth='1'", "reg_lambda='0.023080193280848666'"], "origin": "Local Search"}
{"cpu_time": 4.925834894180298, "wallclock_time": 43.134045362472534, "evaluations": 226, "cost": 0.1503, "incumbent": ["colsample_bytree='0.6940928853660503'", "eta='0.7051432581554692'", "max_depth='1'", "reg_lambda='0.024052167196562987'"], "origin": "Local Search"}
