{
  "mean_cost": 0.3721248196248196,
  "finished_ta_runs": 1,
  "inc_changed": 1,
  "n_configs": 1,
  "submitted_ta_runs": 1,
  "ta_time_used": 0.11540007591247559,
  "wallclock_time_used": 0.1169881820678711
}