"CPU Time Used","Estimated Training Performance","Wallclock Time","Incumbent ID","Automatic Configurator (CPU) Time","Configuration..."
0.000000, 2147483648.000000, 0.000314, 1, 0.000314, colsample_bytree='0.3908073678612709',eta='0.02197006114591668',max_depth='1',reg_lambda='0.025956378731779545'
0.720147, 0.188500, 0.721113, 1, 0.000966, colsample_bytree='0.3908073678612709',eta='0.02197006114591668',max_depth='1',reg_lambda='0.025956378731779545'
