{
  "mean_cost": 0.5812445290292151,
  "finished_ta_runs": 300,
  "inc_changed": 8,
  "n_configs": 120,
  "submitted_ta_runs": 300,
  "ta_time_used": 284.71267104148865,
  "wallclock_time_used": 315.43467807769775,
  "dataset_id": 9985,
  "perf_time": 315.44441508399905
}