"CPU Time Used","Estimated Training Performance","Wallclock Time","Incumbent ID","Automatic Configurator (CPU) Time","Configuration..."
0.000000, 2147483648.000000, 0.000585, 1, 0.000585, alpha='0.0040824718253228975',eta0='0.00044195488125554607'
0.248960, 0.475000, 0.250328, 1, 0.001368, alpha='0.0040824718253228975',eta0='0.00044195488125554607'
1.348965, 0.433100, 1.355006, 2, 0.006041, alpha='2.1186147948258377e-05',eta0='8.558614272324676e-05'
7.476511, 0.435200, 10.265556, 3, 2.789044, alpha='1.5299635769019848e-05',eta0='0.0021932108706806354'
11.125774, 0.433000, 16.048762, 4, 4.922988, alpha='0.012298541709696893',eta0='1.3936523218362958e-05'
16.534961, 0.430700, 25.944789, 5, 9.409828, alpha='0.012146609628368023',eta0='1.0472156275568018e-05'
24.316119, 0.430100, 44.202829, 6, 19.886710, alpha='1.5546373109315538e-05',eta0='0.0034044644759953645'
29.236615, 0.420500, 55.216870, 7, 25.980255, alpha='1.5536739140371953e-05',eta0='0.0031277244634578907'
