{"cpu_time": 0.0, "wallclock_time": 0.00023031234741210938, "evaluations": 0, "cost": 2147483648.0, "incumbent": {"alpha": 0.0004126639093412234, "eta0": 0.0017613324954003418}, "budget": 0, "origin": "Sobol"}
{"cpu_time": 5.612273931503296, "wallclock_time": 5.613227128982544, "evaluations": 1, "cost": 0.1018, "incumbent": {"alpha": 0.0004126639093412234, "eta0": 0.0017613324954003418}, "budget": 0, "origin": "Sobol"}
