{
  "mean_cost": 0.1481219530686051,
  "finished_ta_runs": 1,
  "inc_changed": 1,
  "n_configs": 1,
  "submitted_ta_runs": 1,
  "ta_time_used": 0.1956470012664795,
  "wallclock_time_used": 0.19738125801086426
}