{
  "mean_cost": 0.4578668454627298,
  "finished_ta_runs": 118,
  "inc_changed": 5,
  "n_configs": 87,
  "submitted_ta_runs": 118,
  "ta_time_used": 52.70884299278259,
  "wallclock_time_used": 60.07518792152405,
  "dataset_id": 9978
}