{"cpu_time": 0.0, "wallclock_time": 3.790855407714844e-05, "evaluations": 0, "cost": 2147483648.0, "incumbent": {"C": 1.0, "gamma": 0.1}, "budget": 0, "origin": "Default"}
{"cpu_time": 0.30614566802978516, "wallclock_time": 0.30678796768188477, "evaluations": 1, "cost": 0.5105, "incumbent": {"C": 1.0, "gamma": 0.1}, "budget": 0, "origin": "Default"}
{"cpu_time": 1.4250855445861816, "wallclock_time": 1.4307119846343994, "evaluations": 7, "cost": 0.0991, "incumbent": {"C": 52.455931369707116, "gamma": 0.0011373846877749554}, "budget": 0, "origin": "Random Search"}
{"cpu_time": 5.701070070266724, "wallclock_time": 5.729129791259766, "evaluations": 25, "cost": 0.082, "incumbent": {"C": 348.6879246606398, "gamma": 0.01954142554261534}, "budget": 0, "origin": "Random Search"}
{"cpu_time": 32.18934988975525, "wallclock_time": 32.529775857925415, "evaluations": 131, "cost": 0.0801, "incumbent": {"C": 224.55982928715397, "gamma": 0.01864747815004732}, "budget": 0, "origin": "Random Search"}
