"CPU Time Used","Estimated Training Performance","Wallclock Time","Incumbent ID","Automatic Configurator (CPU) Time","Configuration..."
0.000000, 2147483648.000000, 0.000038, 1, 0.000038, C='1.0',gamma='0.1'
0.306146, 0.510500, 0.306788, 1, 0.000642, C='1.0',gamma='0.1'
1.425086, 0.099100, 1.430712, 2, 0.005626, C='52.455931369707116',gamma='0.0011373846877749554'
5.701070, 0.082000, 5.729130, 3, 0.028060, C='348.6879246606398',gamma='0.01954142554261534'
32.189350, 0.080100, 32.529776, 4, 0.340426, C='224.55982928715397',gamma='0.01864747815004732'
