"CPU Time Used","Estimated Training Performance","Wallclock Time","Incumbent ID","Automatic Configurator (CPU) Time","Configuration..."
0.000000, 2147483648.000000, 0.000042, 1, 0.000042, colsample_bytree='1.0',eta='0.3',max_depth='10',reg_lambda='1.0'
0.062152, 0.386800, 0.062812, 1, 0.000659, colsample_bytree='1.0',eta='0.3',max_depth='10',reg_lambda='1.0'
0.393270, 0.350400, 0.408317, 2, 0.015047, colsample_bytree='0.7639954824069396',eta='0.15374481275613402',max_depth='5',reg_lambda='7.323940477654458'
0.703375, 0.318200, 0.755183, 3, 0.051808, colsample_bytree='0.8125212600601105',eta='0.945430757116883',max_depth='1',reg_lambda='0.02651767130107818'
0.920303, 0.311000, 1.009031, 4, 0.088728, colsample_bytree='0.6849152907157651',eta='0.40066086860194444',max_depth='1',reg_lambda='0.1430222602751093'
3.117684, 0.305600, 3.922309, 5, 0.804625, colsample_bytree='0.6354222053911092',eta='0.7561443961657967',max_depth='1',reg_lambda='47.59475666729072'
4.887897, 0.298500, 6.635681, 6, 1.747783, colsample_bytree='0.8461094337448772',eta='0.6816618607159303',max_depth='1',reg_lambda='38.3363835363579'
