{
  "mean_cost": 0.4484126984126985,
  "finished_ta_runs": 2,
  "inc_changed": 1,
  "n_configs": 1,
  "submitted_ta_runs": 2,
  "ta_time_used": 0.03965902328491211,
  "wallclock_time_used": 0.04135608673095703,
  "dataset_id": 3918,
  "perf_time": 0.05229541700009577
}