"CPU Time Used","Estimated Training Performance","Wallclock Time","Incumbent ID","Automatic Configurator (CPU) Time","Configuration..."
0.000000, 2147483648.000000, 0.000571, 1, 0.000571, alpha='0.0004126639093412234',eta0='0.0017613324954003418'
0.413145, 0.437900, 0.414501, 1, 0.001356, alpha='0.0004126639093412234',eta0='0.0017613324954003418'
11.284680, 0.417200, 11.320598, 2, 0.035918, alpha='0.00010552133485562857',eta0='0.004699384441638126'
43.981437, 0.417100, 57.696908, 3, 13.715471, alpha='0.0003932967154677875',eta0='0.0018576468956925112'
