{"cpu_time": 0.0, "wallclock_time": 0.00021576881408691406, "evaluations": 0, "cost": 2147483648.0, "incumbent": {"alpha": 0.0004126639093412234, "eta0": 0.0017613324954003418}, "budget": 0, "origin": "Sobol"}
{"cpu_time": 0.04958605766296387, "wallclock_time": 0.05039691925048828, "evaluations": 1, "cost": 0.0094, "incumbent": {"alpha": 0.0004126639093412234, "eta0": 0.0017613324954003418}, "budget": 0, "origin": "Sobol"}
