"CPU Time Used","Estimated Training Performance","Wallclock Time","Incumbent ID","Automatic Configurator (CPU) Time","Configuration..."
0.000000, 2147483648.000000, 0.000044, 1, 0.000044, colsample_bytree='1.0',eta='0.3',max_depth='10',reg_lambda='1.0'
0.715060, 0.402300, 0.716152, 1, 0.001092, colsample_bytree='1.0',eta='0.3',max_depth='10',reg_lambda='1.0'
4.895385, 0.389400, 4.908873, 2, 0.013489, colsample_bytree='0.9806458301683194',eta='0.11021240891825923',max_depth='3',reg_lambda='1.2826061465293854'
6.308934, 0.378400, 6.342331, 3, 0.033397, colsample_bytree='0.7598355216694087',eta='0.2559408304244787',max_depth='1',reg_lambda='0.020661816810732182'
13.282595, 0.375900, 13.514533, 4, 0.231938, colsample_bytree='0.24126527145389967',eta='0.36498407854411596',max_depth='2',reg_lambda='2.733763516240645'
933.572695, 0.362900, 933.863984, 5, 0.291289, colsample_bytree='0.9408946836071502',eta='0.14099398207521832',max_depth='1',reg_lambda='0.16724007966520235'
