{
  "mean_cost": 0.05268931017383027,
  "finished_ta_runs": 1,
  "inc_changed": 1,
  "n_configs": 1,
  "submitted_ta_runs": 1,
  "ta_time_used": 0.44350576400756836,
  "wallclock_time_used": 0.44516777992248535
}