"CPU Time Used","Estimated Training Performance","Wallclock Time","Incumbent ID","Automatic Configurator (CPU) Time","Configuration..."
0.000000, 2147483648.000000, 0.000047, 1, 0.000047, C='1.0',gamma='0.1'
0.036171, 0.185500, 0.036936, 1, 0.000765, C='1.0',gamma='0.1'
0.146235, 0.131800, 0.152404, 2, 0.006169, C='52.455931369707116',gamma='0.0011373846877749554'
0.574941, 0.113600, 0.611520, 3, 0.036579, C='5.862099698295004',gamma='0.004673222012870196'
4.267128, 0.112400, 4.904025, 4, 0.636897, C='3.1987038499699048',gamma='0.01276158559313266'
11.379673, 0.110500, 15.127529, 5, 3.747856, C='155.47057499201995',gamma='0.001154429995657857'
