{
  "mean_cost": 0.0075596542389409025,
  "finished_ta_runs": 212,
  "inc_changed": 6,
  "n_configs": 99,
  "submitted_ta_runs": 212,
  "ta_time_used": 31.690447568893433,
  "wallclock_time_used": 60.36711812019348,
  "dataset_id": 3549
}