{
  "mean_cost": 0.007016959897369256,
  "finished_ta_runs": 300,
  "inc_changed": 2,
  "n_configs": 81,
  "submitted_ta_runs": 300,
  "ta_time_used": 103.53074908256531,
  "wallclock_time_used": 124.55851626396179,
  "dataset_id": 3549,
  "perf_time": 124.56840037499205
}