{"cpu_time": 0.0, "wallclock_time": 0.0015437602996826172, "evaluations": 0, "cost": 2147483648.0, "incumbent": ["max_depth='1'", "max_features='0.49276944529265165'", "min_samples_leaf='4'", "min_samples_split='9'"], "origin": "Sobol"}
{"cpu_time": 0.11413979530334473, "wallclock_time": 0.11653566360473633, "evaluations": 1, "cost": 0.5114, "incumbent": ["max_depth='1'", "max_features='0.49276944529265165'", "min_samples_leaf='4'", "min_samples_split='9'"], "origin": "Sobol"}
{"cpu_time": 0.5366137027740479, "wallclock_time": 0.5415239334106445, "evaluations": 4, "cost": 0.0973, "incumbent": ["max_depth='22'", "max_features='0.502463330514729'", "min_samples_leaf='18'", "min_samples_split='83'"], "origin": "Sobol"}
{"cpu_time": 0.9315955638885498, "wallclock_time": 0.9382169246673584, "evaluations": 6, "cost": 0.0815, "incumbent": ["max_depth='10'", "max_features='0.5'", "min_samples_leaf='1'", "min_samples_split='32'"], "origin": null}
{"cpu_time": 1.5354723930358887, "wallclock_time": 1.5457017421722412, "evaluations": 10, "cost": 0.0777, "incumbent": ["max_depth='9'", "max_features='0.24789578560739756'", "min_samples_leaf='6'", "min_samples_split='2'"], "origin": "Sobol"}
{"cpu_time": 4.49134087562561, "wallclock_time": 4.510913848876953, "evaluations": 19, "cost": 0.0681, "incumbent": ["max_depth='11'", "max_features='0.9135355520993471'", "min_samples_leaf='2'", "min_samples_split='4'"], "origin": "Sobol"}
{"cpu_time": 9.288786172866821, "wallclock_time": 9.347142696380615, "evaluations": 45, "cost": 0.0669, "incumbent": ["max_depth='35'", "max_features='0.653578007593751'", "min_samples_leaf='3'", "min_samples_split='2'"], "origin": "Sobol"}
{"cpu_time": 40.27467751502991, "wallclock_time": 68.6315267086029, "evaluations": 156, "cost": 0.0658, "incumbent": ["max_depth='48'", "max_features='0.6197872630355862'", "min_samples_leaf='1'", "min_samples_split='3'"], "origin": "Local Search"}
{"cpu_time": 62.566784620285034, "wallclock_time": 121.30477380752563, "evaluations": 235, "cost": 0.0646, "incumbent": ["max_depth='45'", "max_features='0.64050888634406'", "min_samples_leaf='1'", "min_samples_split='4'"], "origin": "Local Search"}
