{
  "mean_cost": 0.03063311463908125,
  "finished_ta_runs": 2,
  "inc_changed": 1,
  "n_configs": 1,
  "submitted_ta_runs": 2,
  "ta_time_used": 0.30046892166137695,
  "wallclock_time_used": 0.3027639389038086,
  "dataset_id": 3,
  "perf_time": 0.32432795799968517
}