"CPU Time Used","Estimated Training Performance","Wallclock Time","Incumbent ID","Automatic Configurator (CPU) Time","Configuration..."
0.000000, 2147483648.000000, 0.000039, 1, 0.000039, C='1.0',gamma='0.1'
0.292884, 0.129600, 0.293555, 1, 0.000671, C='1.0',gamma='0.1'
3.074010, 0.121900, 3.083464, 2, 0.009454, C='7.615166584313989',gamma='0.10560628945782698'
9.625414, 0.087500, 9.657258, 3, 0.031844, C='348.6879246606398',gamma='0.01954142554261534'
18.633322, 0.084300, 18.709612, 4, 0.076290, C='10.31755803943919',gamma='0.021269078015159353'
19.595194, 0.084100, 19.683413, 5, 0.088219, C='39.72630184941345',gamma='0.0057370345194513945'
35.125178, 0.079700, 35.326216, 6, 0.201038, C='45.24791981555736',gamma='0.012564532444270405'
98.788646, 0.078900, 99.760345, 7, 0.971699, C='204.00620624753114',gamma='0.0055196629921228785'
