"CPU Time Used","Estimated Training Performance","Wallclock Time","Incumbent ID","Automatic Configurator (CPU) Time","Configuration..."
0.000000, 2147483648.000000, 0.000521, 1, 0.000521, alpha='0.00011227070295712931',eta0='0.0029096933833365197'
0.414451, 0.408700, 0.415707, 1, 0.001256, alpha='0.00011227070295712931',eta0='0.0029096933833365197'
14.866100, 0.425300, 15.672331, 2, 0.806231, alpha='0.00011327150330096841',eta0='0.002772633500885073'
18.869739, 0.425200, 20.355567, 3, 1.485828, alpha='3.8967274083551314e-05',eta0='0.002571967362032026'
21.682058, 0.423200, 23.745787, 4, 2.063729, alpha='0.00011253311847065779',eta0='0.0041272797646952596'
31.442062, 0.421400, 38.164791, 5, 6.722728, alpha='5.014612972047474e-05',eta0='0.005376592332141208'
59.837841, 0.420600, 80.746693, 6, 20.908853, alpha='3.8914026636867144e-05',eta0='0.005397781078258722'
113.315000, 0.419700, 177.582617, 7, 64.267617, alpha='5.037953400252941e-05',eta0='0.004100044199632933'
