{
  "mean_cost": 0.16355943692244007,
  "finished_ta_runs": 300,
  "inc_changed": 10,
  "n_configs": 187,
  "submitted_ta_runs": 300,
  "ta_time_used": 1315.7968277931213,
  "wallclock_time_used": 1501.5619478225708,
  "dataset_id": 14,
  "perf_time": 1501.5466830830046
}