"CPU Time Used","Estimated Training Performance","Wallclock Time","Incumbent ID","Automatic Configurator (CPU) Time","Configuration..."
0.000000, 2147483648.000000, 0.000048, 1, 0.000048, C='1.0',gamma='0.1'
0.299716, 0.510500, 0.300450, 1, 0.000733, C='1.0',gamma='0.1'
0.848153, 0.086300, 0.852078, 2, 0.003924, C='167.43465269107315',gamma='0.010473312293162985'
2.975317, 0.084100, 2.993346, 3, 0.018028, C='1.9695969079413513',gamma='0.0066983131773587995'
10.429337, 0.082000, 10.500296, 4, 0.070959, C='871.5114118311369',gamma='0.019532202976770125'
48.052708, 0.081700, 48.776126, 5, 0.723418, C='1.0395600351590282',gamma='0.014008645197043248'
92.397539, 0.081600, 94.696652, 6, 2.299113, C='513.1225853478677',gamma='0.018219378158814966'
