"CPU Time Used","Estimated Training Performance","Wallclock Time","Incumbent ID","Automatic Configurator (CPU) Time","Configuration..."
0.000000, 2147483648.000000, 0.000292, 1, 0.000292, colsample_bytree='0.2890479595400393',eta='0.02972240058848022',max_depth='1',reg_lambda='0.23594281684827217'
0.327866, 0.367600, 0.328819, 1, 0.000953, colsample_bytree='0.2890479595400393',eta='0.02972240058848022',max_depth='1',reg_lambda='0.23594281684827217'
