"CPU Time Used","Estimated Training Performance","Wallclock Time","Incumbent ID","Automatic Configurator (CPU) Time","Configuration..."
0.000000, 2147483648.000000, 0.000521, 1, 0.000521, C='0.017961675793542162',gamma='0.9046232030638993'
0.168946, 0.900000, 0.170185, 1, 0.001239, C='0.017961675793542162',gamma='0.9046232030638993'
0.701432, 0.892600, 0.706147, 2, 0.004715, C='61.71933670840937',gamma='1.0864412265106145'
1.021565, 0.876200, 1.027956, 3, 0.006391, C='1.0',gamma='0.1'
1.635581, 0.028000, 1.645424, 4, 0.009843, C='12.958180650233897',gamma='0.01207858159167579'
2.305325, 0.019900, 2.324357, 5, 0.019032, C='0.7731863785266639',gamma='0.0012442315522724887'
5.192819, 0.015600, 5.747103, 6, 0.554284, C='145.4371256128063',gamma='0.0013626588058928463'
