"CPU Time Used","Estimated Training Performance","Wallclock Time","Incumbent ID","Automatic Configurator (CPU) Time","Configuration..."
0.000000, 2147483648.000000, 0.000648, 1, 0.000648, C='0.017961675793542162',gamma='0.9046232030638993'
1.837111, 0.840300, 1.838585, 1, 0.001474, C='0.017961675793542162',gamma='0.9046232030638993'
14.863511, 0.520700, 14.870137, 2, 0.006626, C='12.958180650233897',gamma='0.01207858159167579'
32.821934, 0.029300, 32.838389, 3, 0.016455, C='0.7731863785266639',gamma='0.0012442315522724887'
81.042263, 0.026100, 81.579954, 4, 0.537691, C='81.07482235600672',gamma='0.0012673621317024516'
109.417222, 0.025700, 111.076803, 5, 1.659580, C='109.86393572304337',gamma='0.0012515122182896684'
207.540473, 0.025400, 214.164822, 6, 6.624349, C='2.8059692881106533',gamma='0.0012509538866725544'
219.714779, 0.015800, 227.069858, 7, 7.355079, C='2.4522697587331015',gamma='0.0009816717050378997'
