"CPU Time Used","Estimated Training Performance","Wallclock Time","Incumbent ID","Automatic Configurator (CPU) Time","Configuration..."
0.000000, 2147483648.000000, 0.000216, 1, 0.000216, C='0.08611366210550205',gamma='0.4942679928374453'
1.073173, 0.126100, 1.074015, 1, 0.000842, C='0.08611366210550205',gamma='0.4942679928374453'
