{
  "mean_cost": 0.04486111111111113,
  "finished_ta_runs": 1,
  "inc_changed": 1,
  "n_configs": 1,
  "submitted_ta_runs": 1,
  "ta_time_used": 0.13416504859924316,
  "wallclock_time_used": 0.13574910163879395
}