"CPU Time Used","Estimated Training Performance","Wallclock Time","Incumbent ID","Automatic Configurator (CPU) Time","Configuration..."
0.000000, 2147483648.000000, 0.000523, 1, 0.000523, C='0.017961675793542162',gamma='0.9046232030638993'
0.017405, 0.500000, 0.020596, 1, 0.003191, C='0.017961675793542162',gamma='0.9046232030638993'
0.164428, 0.274600, 0.182434, 2, 0.018006, C='0.7731863785266639',gamma='0.0012442315522724887'
