{"cpu_time": 0.0, "wallclock_time": 0.0002570152282714844, "evaluations": 0, "cost": 2147483648.0, "incumbent": {"alpha": 0.0004126639093412234, "eta0": 0.0017613324954003418}, "budget": 0, "origin": "Sobol"}
{"cpu_time": 2.604457139968872, "wallclock_time": 2.6054611206054688, "evaluations": 1, "cost": 0.2431, "incumbent": {"alpha": 0.0004126639093412234, "eta0": 0.0017613324954003418}, "budget": 0, "origin": "Sobol"}
