"CPU Time Used","Estimated Training Performance","Wallclock Time","Incumbent ID","Automatic Configurator (CPU) Time","Configuration..."
0.000000, 2147483648.000000, 0.000257, 1, 0.000257, alpha='0.0004126639093412234',eta0='0.0017613324954003418'
2.604457, 0.243100, 2.605461, 1, 0.001004, alpha='0.0004126639093412234',eta0='0.0017613324954003418'
