"CPU Time Used","Estimated Training Performance","Wallclock Time","Incumbent ID","Automatic Configurator (CPU) Time","Configuration..."
0.000000, 2147483648.000000, 0.000741, 1, 0.000741, alpha='0.00011227070295712931',eta0='0.0029096933833365197'
0.846076, 0.104600, 0.847841, 1, 0.001765, alpha='0.00011227070295712931',eta0='0.0029096933833365197'
23.241415, 0.102600, 24.679276, 2, 1.437860, alpha='1.88933615232018e-05',eta0='0.0021950698707399086'
71.181512, 0.102400, 85.474014, 3, 14.292502, alpha='1.4286195821572079e-05',eta0='0.00023726768298470836'
145.276010, 0.102200, 183.547422, 4, 38.271412, alpha='0.0001141260278254109',eta0='0.0002102024772788878'
148.817253, 0.102100, 187.114694, 5, 38.297441, alpha='0.00011728659274462534',eta0='0.00021058465858551315'
