{
  "mean_cost": 0.5,
  "finished_ta_runs": 1,
  "inc_changed": 1,
  "n_configs": 1,
  "submitted_ta_runs": 1,
  "ta_time_used": 0.07393312454223633,
  "wallclock_time_used": 0.07559013366699219,
  "dataset_id": 3918,
  "perf_time": 0.08239429199966253
}