{
  "mean_cost": 0.39226634614280254,
  "finished_ta_runs": 2,
  "inc_changed": 1,
  "n_configs": 1,
  "submitted_ta_runs": 2,
  "ta_time_used": 2.6715011596679688,
  "wallclock_time_used": 2.6735610961914062,
  "dataset_id": 3904,
  "perf_time": 2.6790660840000555
}