{
  "mean_cost": 0.31673637321857134,
  "finished_ta_runs": 190,
  "inc_changed": 4,
  "n_configs": 100,
  "submitted_ta_runs": 190,
  "ta_time_used": 27.4827618598938,
  "wallclock_time_used": 60.03431987762451,
  "dataset_id": 10101
}