{"cpu_time": 0.0, "wallclock_time": 0.0015251636505126953, "evaluations": 0, "cost": 2147483648.0, "incumbent": {"max_depth": 1, "max_features": 0.49276944529265165, "min_samples_leaf": 4, "min_samples_split": 9}, "budget": 0, "origin": "Sobol"}
{"cpu_time": 0.06927323341369629, "wallclock_time": 0.07168316841125488, "evaluations": 1, "cost": 0.75, "incumbent": {"max_depth": 1, "max_features": 0.49276944529265165, "min_samples_leaf": 4, "min_samples_split": 9}, "budget": 0, "origin": "Sobol"}
{"cpu_time": 0.2793691158294678, "wallclock_time": 0.2841951847076416, "evaluations": 4, "cost": 0.5098, "incumbent": {"max_depth": 22, "max_features": 0.502463330514729, "min_samples_leaf": 18, "min_samples_split": 83}, "budget": 0, "origin": "Sobol"}
{"cpu_time": 0.425457239151001, "wallclock_time": 0.4319469928741455, "evaluations": 6, "cost": 0.1771, "incumbent": {"max_depth": 10, "max_features": 0.5, "min_samples_leaf": 1, "min_samples_split": 32}, "budget": 0, "origin": null}
{"cpu_time": 0.7239882946014404, "wallclock_time": 0.7340731620788574, "evaluations": 10, "cost": 0.1029, "incumbent": {"max_depth": 9, "max_features": 0.24789578560739756, "min_samples_leaf": 6, "min_samples_split": 2}, "budget": 0, "origin": "Sobol"}
{"cpu_time": 3.308314085006714, "wallclock_time": 3.365415096282959, "evaluations": 45, "cost": 0.0942, "incumbent": {"max_depth": 35, "max_features": 0.653578007593751, "min_samples_leaf": 3, "min_samples_split": 2}, "budget": 0, "origin": "Sobol"}
{"cpu_time": 11.003404140472412, "wallclock_time": 38.418437242507935, "evaluations": 139, "cost": 0.0862, "incumbent": {"max_depth": 37, "max_features": 0.7350568087465696, "min_samples_leaf": 1, "min_samples_split": 11}, "budget": 0, "origin": "Local Search"}
