"CPU Time Used","Estimated Training Performance","Wallclock Time","Incumbent ID","Automatic Configurator (CPU) Time","Configuration..."
0.000000, 2147483648.000000, 0.000297, 1, 0.000297, colsample_bytree='0.569966175314039',eta='0.009556882986489993',max_depth='3',reg_lambda='0.0020776820882921045'
0.071244, 0.527400, 0.072190, 1, 0.000946, colsample_bytree='0.569966175314039',eta='0.009556882986489993',max_depth='3',reg_lambda='0.0020776820882921045'
