{"cpu_time": 0.0, "wallclock_time": 0.0017499923706054688, "evaluations": 0, "cost": 2147483648.0, "incumbent": ["max_depth='2'", "max_features='0.4491682695224881'", "min_samples_leaf='1'", "min_samples_split='4'"], "origin": "Sobol"}
{"cpu_time": 0.06895112991333008, "wallclock_time": 0.07182192802429199, "evaluations": 1, "cost": 0.4729, "incumbent": ["max_depth='2'", "max_features='0.4491682695224881'", "min_samples_leaf='1'", "min_samples_split='4'"], "origin": "Sobol"}
{"cpu_time": 0.26338911056518555, "wallclock_time": 0.2689199447631836, "evaluations": 4, "cost": 0.3812, "incumbent": ["max_depth='17'", "max_features='0.6137791713699698'", "min_samples_leaf='16'", "min_samples_split='18'"], "origin": "Sobol"}
{"cpu_time": 2.91585111618042, "wallclock_time": 2.9731149673461914, "evaluations": 43, "cost": 0.3743, "incumbent": ["max_depth='46'", "max_features='0.7485423665493727'", "min_samples_leaf='1'", "min_samples_split='7'"], "origin": "Sobol"}
{"cpu_time": 5.480161905288696, "wallclock_time": 9.107933759689331, "evaluations": 78, "cost": 0.3638, "incumbent": ["max_depth='21'", "max_features='0.7426351952256647'", "min_samples_leaf='4'", "min_samples_split='5'"], "origin": "Local Search"}
{"cpu_time": 6.360776662826538, "wallclock_time": 11.159610033035278, "evaluations": 90, "cost": 0.3621, "incumbent": ["max_depth='10'", "max_features='0.7381207280246518'", "min_samples_leaf='12'", "min_samples_split='5'"], "origin": "Random Search"}
