"CPU Time Used","Estimated Training Performance","Wallclock Time","Incumbent ID","Automatic Configurator (CPU) Time","Configuration..."
0.000000, 2147483648.000000, 0.000040, 1, 0.000040, C='1.0',gamma='0.1'
1.347841, 0.485300, 1.348501, 1, 0.000660, C='1.0',gamma='0.1'
10.241422, 0.484500, 10.247791, 2, 0.006369, C='1.746441318982685',gamma='0.0022547265063997683'
27.592604, 0.468300, 27.613790, 3, 0.021186, C='16.640050128980878',gamma='0.02787815770602151'
52.804132, 0.466800, 52.851970, 4, 0.047838, C='367.5161020929368',gamma='0.05362665544757772'
206.268845, 0.465600, 206.682697, 5, 0.413852, C='396.01607827789604',gamma='0.03412865370006311'
223.159722, 0.464300, 223.622741, 6, 0.463019, C='60.892090133809305',gamma='0.01973920087189567'
