"CPU Time Used","Estimated Training Performance","Wallclock Time","Incumbent ID","Automatic Configurator (CPU) Time","Configuration..."
0.000000, 2147483648.000000, 0.000241, 1, 0.000241, C='0.08611366210550205',gamma='0.4942679928374453'
0.122010, 0.204600, 0.122923, 1, 0.000913, C='0.08611366210550205',gamma='0.4942679928374453'
