{"cpu_time": 0.0, "wallclock_time": 0.00024127960205078125, "evaluations": 0, "cost": 2147483648.0, "incumbent": ["C='0.08611366210550205'", "gamma='0.4942679928374453'"], "origin": "Sobol"}
{"cpu_time": 0.1220099925994873, "wallclock_time": 0.12292313575744629, "evaluations": 1, "cost": 0.2046, "incumbent": ["C='0.08611366210550205'", "gamma='0.4942679928374453'"], "origin": "Sobol"}
