{
  "mean_cost": 0.050859379926059524,
  "finished_ta_runs": 300,
  "inc_changed": 6,
  "n_configs": 174,
  "submitted_ta_runs": 300,
  "ta_time_used": 93.58052253723145,
  "wallclock_time_used": 155.75687074661255,
  "dataset_id": 146824,
  "perf_time": 155.77162737500112
}