{
  "mean_cost": 0.0358024224351338,
  "finished_ta_runs": 300,
  "inc_changed": 7,
  "n_configs": 201,
  "submitted_ta_runs": 300,
  "ta_time_used": 638.917918920517,
  "wallclock_time_used": 852.921126127243,
  "dataset_id": 32,
  "perf_time": 852.9393878339906
}