"CPU Time Used","Estimated Training Performance","Wallclock Time","Incumbent ID","Automatic Configurator (CPU) Time","Configuration..."
0.000000, 2147483648.000000, 0.000534, 1, 0.000534, C='1.3600811985592882',gamma='0.09352602871548096'
0.025500, 0.448400, 0.026725, 1, 0.001225, C='1.3600811985592882',gamma='0.09352602871548096'
