{"cpu_time": 0.0, "wallclock_time": 3.2901763916015625e-05, "evaluations": 0, "cost": 2147483648.0, "incumbent": ["alpha='0.001'", "eta0='0.01'"], "origin": "Default"}
{"cpu_time": 2.1746139526367188, "wallclock_time": 2.175246000289917, "evaluations": 1, "cost": 0.1942, "incumbent": ["alpha='0.001'", "eta0='0.01'"], "origin": "Default"}
