"CPU Time Used","Estimated Training Performance","Wallclock Time","Incumbent ID","Automatic Configurator (CPU) Time","Configuration..."
0.000000, 2147483648.000000, 0.000554, 1, 0.000554, C='0.08611366210550205',gamma='0.4942679928374453'
1.240893, 0.500000, 1.242213, 1, 0.001320, C='0.08611366210550205',gamma='0.4942679928374453'
5.431009, 0.488100, 5.434724, 2, 0.003715, C='19.433598606658386',gamma='9.232350409327609'
8.397731, 0.485300, 8.403119, 3, 0.005388, C='1.0',gamma='0.1'
18.937308, 0.475300, 18.947283, 4, 0.009975, C='69.38389384208695',gamma='0.0015531477828170245'
36.378717, 0.475000, 36.401096, 5, 0.022378, C='4.532544074901469',gamma='0.03382327396632573'
59.152793, 0.474000, 59.195434, 6, 0.042640, C='8.634022457298675',gamma='0.007852177423455793'
71.083327, 0.471200, 71.138262, 7, 0.054935, C='76.5060885254147',gamma='0.08851540004701101'
86.515406, 0.470200, 87.535705, 8, 1.020299, C='81.10067131808151',gamma='0.08669618856327937'
