{"cpu_time": 0.0, "wallclock_time": 0.0002810955047607422, "evaluations": 0, "cost": 2147483648.0, "incumbent": ["max_depth='2'", "max_features='0.4491682695224881'", "min_samples_leaf='1'", "min_samples_split='4'"], "origin": "Sobol"}
{"cpu_time": 0.06546616554260254, "wallclock_time": 0.06640887260437012, "evaluations": 1, "cost": 0.1538, "incumbent": ["max_depth='2'", "max_features='0.4491682695224881'", "min_samples_leaf='1'", "min_samples_split='4'"], "origin": "Sobol"}
