{
  "mean_cost": 0.8333333333333334,
  "finished_ta_runs": 1,
  "inc_changed": 1,
  "n_configs": 1,
  "submitted_ta_runs": 1,
  "ta_time_used": 0.014226198196411133,
  "wallclock_time_used": 0.015570878982543945,
  "dataset_id": 3560,
  "perf_time": 0.057363750000149594
}