{
  "mean_cost": 0.4422751765143069,
  "finished_ta_runs": 1,
  "inc_changed": 1,
  "n_configs": 1,
  "submitted_ta_runs": 1,
  "ta_time_used": 0.15687298774719238,
  "wallclock_time_used": 0.1585078239440918
}