{"cpu_time": 0.0, "wallclock_time": 4.792213439941406e-05, "evaluations": 0, "cost": 2147483648.0, "incumbent": {"colsample_bytree": 1.0, "eta": 0.3, "max_depth": 10, "reg_lambda": 1.0}, "budget": 0, "origin": "Default"}
{"cpu_time": 0.1411881446838379, "wallclock_time": 0.14186692237854004, "evaluations": 1, "cost": 0.0588, "incumbent": {"colsample_bytree": 1.0, "eta": 0.3, "max_depth": 10, "reg_lambda": 1.0}, "budget": 0, "origin": "Default"}
{"cpu_time": 0.4525258541107178, "wallclock_time": 0.455920934677124, "evaluations": 4, "cost": 0.0406, "incumbent": {"colsample_bytree": 0.8787311974598232, "eta": 0.5789811375409207, "max_depth": 5, "reg_lambda": 0.0011373846877749554}, "budget": 0, "origin": "Random Search"}
