"CPU Time Used","Estimated Training Performance","Wallclock Time","Incumbent ID","Automatic Configurator (CPU) Time","Configuration..."
0.000000, 2147483648.000000, 0.000268, 1, 0.000268, C='0.08611366210550205',gamma='0.4942679928374453'
6.925189, 0.937000, 6.926108, 1, 0.000919, C='0.08611366210550205',gamma='0.4942679928374453'
