{
  "mean_cost": 0.14551152363845166,
  "finished_ta_runs": 300,
  "inc_changed": 6,
  "n_configs": 94,
  "submitted_ta_runs": 300,
  "ta_time_used": 59.46903443336487,
  "wallclock_time_used": 80.9976282119751,
  "dataset_id": 45,
  "perf_time": 81.0088428750023
}