{"cpu_time": 0.0, "wallclock_time": 0.001500844955444336, "evaluations": 0, "cost": 2147483648.0, "incumbent": ["max_depth='2'", "max_features='0.4491682695224881'", "min_samples_leaf='1'", "min_samples_split='4'"], "origin": "Sobol"}
{"cpu_time": 0.07766890525817871, "wallclock_time": 0.08005094528198242, "evaluations": 1, "cost": 0.4017, "incumbent": ["max_depth='2'", "max_features='0.4491682695224881'", "min_samples_leaf='1'", "min_samples_split='4'"], "origin": "Sobol"}
{"cpu_time": 0.28128647804260254, "wallclock_time": 0.28623104095458984, "evaluations": 4, "cost": 0.2792, "incumbent": ["max_depth='17'", "max_features='0.6137791713699698'", "min_samples_leaf='16'", "min_samples_split='18'"], "origin": "Sobol"}
{"cpu_time": 0.41718316078186035, "wallclock_time": 0.42392802238464355, "evaluations": 6, "cost": 0.2683, "incumbent": ["max_depth='10'", "max_features='0.5'", "min_samples_leaf='1'", "min_samples_split='32'"], "origin": null}
{"cpu_time": 1.2246050834655762, "wallclock_time": 1.2429189682006836, "evaluations": 17, "cost": 0.1915, "incumbent": ["max_depth='7'", "max_features='0.8544756416231394'", "min_samples_leaf='3'", "min_samples_split='9'"], "origin": "Sobol"}
{"cpu_time": 2.8718793392181396, "wallclock_time": 2.9246678352355957, "evaluations": 41, "cost": 0.1399, "incumbent": ["max_depth='46'", "max_features='0.7485423665493727'", "min_samples_leaf='1'", "min_samples_split='7'"], "origin": "Sobol"}
{"cpu_time": 4.452687740325928, "wallclock_time": 6.834971189498901, "evaluations": 63, "cost": 0.1164, "incumbent": ["max_depth='47'", "max_features='0.748742354317578'", "min_samples_leaf='1'", "min_samples_split='5'"], "origin": "Local Search"}
{"cpu_time": 5.169414758682251, "wallclock_time": 9.677788972854614, "evaluations": 72, "cost": 0.0935, "incumbent": ["max_depth='45'", "max_features='0.7711588455937415'", "min_samples_leaf='1'", "min_samples_split='3'"], "origin": "Local Search"}
