"CPU Time Used","Estimated Training Performance","Wallclock Time","Incumbent ID","Automatic Configurator (CPU) Time","Configuration..."
0.000000, 2147483648.000000, 0.001447, 1, 0.001447, colsample_bytree='0.2890479595400393',eta='0.02972240058848022',max_depth='1',reg_lambda='0.23594281684827217'
0.125125, 0.122300, 0.127575, 1, 0.002450, colsample_bytree='0.2890479595400393',eta='0.02972240058848022',max_depth='1',reg_lambda='0.23594281684827217'
1.894173, 0.104400, 1.899216, 2, 0.005043, colsample_bytree='0.839533680677414',eta='0.03178815964339868',max_depth='7',reg_lambda='260.08137409645684'
3.403065, 0.064800, 3.409875, 3, 0.006810, colsample_bytree='1.0',eta='0.3',max_depth='10',reg_lambda='1.0'
12.619681, 0.063900, 12.662042, 4, 0.042361, colsample_bytree='0.7856166652403772',eta='0.9117625916488072',max_depth='4',reg_lambda='0.06672038436959972'
23.156220, 0.060700, 23.248954, 5, 0.092734, colsample_bytree='0.6734632510691881',eta='0.10315263155687314',max_depth='10',reg_lambda='19.10353112100786'
101.532738, 0.060300, 140.952452, 6, 39.419714, colsample_bytree='0.6857453277038161',eta='0.10287862380227109',max_depth='10',reg_lambda='18.62213850678074'
195.108179, 0.060200, 315.176666, 7, 120.068487, colsample_bytree='0.6747225044567516',eta='0.10463346652761774',max_depth='9',reg_lambda='18.50728240071826'
