{"cpu_time": 0.0, "wallclock_time": 0.00033092498779296875, "evaluations": 0, "cost": 2147483648.0, "incumbent": ["C='0.08611366210550205'", "gamma='0.4942679928374453'"], "origin": "Sobol"}
{"cpu_time": 0.2486410140991211, "wallclock_time": 0.24976706504821777, "evaluations": 1, "cost": 0.0406, "incumbent": ["C='0.08611366210550205'", "gamma='0.4942679928374453'"], "origin": "Sobol"}
