"CPU Time Used","Estimated Training Performance","Wallclock Time","Incumbent ID","Automatic Configurator (CPU) Time","Configuration..."
0.000000, 2147483648.000000, 0.000331, 1, 0.000331, C='0.08611366210550205',gamma='0.4942679928374453'
0.248641, 0.040600, 0.249767, 1, 0.001126, C='0.08611366210550205',gamma='0.4942679928374453'
