"CPU Time Used","Estimated Training Performance","Wallclock Time","Incumbent ID","Automatic Configurator (CPU) Time","Configuration..."
0.000000, 2147483648.000000, 0.000043, 1, 0.000043, C='1.0',gamma='0.1'
2.606519, 0.897300, 2.607259, 1, 0.000740, C='1.0',gamma='0.1'
9.832045, 0.468200, 9.835719, 2, 0.003674, C='167.43465269107315',gamma='0.010473312293162985'
38.379088, 0.282300, 38.397941, 3, 0.018852, C='1.9695969079413513',gamma='0.0066983131773587995'
134.093873, 0.114000, 134.204367, 4, 0.110494, C='679.0325401248423',gamma='0.0030357544050474464'
209.733648, 0.081500, 209.952063, 5, 0.218415, C='1.3577833231108003',gamma='0.0023769411823143316'
226.463849, 0.065200, 226.719669, 6, 0.255820, C='0.21961729562043475',gamma='0.0010422248569806585'
373.623496, 0.017000, 374.239483, 7, 0.615987, C='1.3223942490815643',gamma='0.0010851536715203332'
677.242089, 0.016200, 679.124370, 8, 1.882281, C='8.692604106495832',gamma='0.0010324396783099518'
