{
  "mean_cost": 0.15945037289916714,
  "finished_ta_runs": 118,
  "inc_changed": 5,
  "n_configs": 93,
  "submitted_ta_runs": 118,
  "ta_time_used": 46.97581934928894,
  "wallclock_time_used": 60.00178623199463,
  "dataset_id": 9960
}