{
  "mean_cost": 0.4490264659582842,
  "finished_ta_runs": 300,
  "inc_changed": 3,
  "n_configs": 136,
  "submitted_ta_runs": 300,
  "ta_time_used": 121.35251975059509,
  "wallclock_time_used": 200.41310000419617,
  "dataset_id": 3022,
  "perf_time": 200.42614166699968
}