{
  "mean_cost": 0.1652792921720958,
  "finished_ta_runs": 1,
  "inc_changed": 1,
  "n_configs": 1,
  "submitted_ta_runs": 1,
  "ta_time_used": 0.13314104080200195,
  "wallclock_time_used": 0.13475775718688965
}