{
  "mean_cost": 0.7810861977528644,
  "finished_ta_runs": 1,
  "inc_changed": 1,
  "n_configs": 1,
  "submitted_ta_runs": 1,
  "ta_time_used": 0.05643320083618164,
  "wallclock_time_used": 0.05802416801452637,
  "dataset_id": 3560,
  "perf_time": 0.06391462499959744
}