{
  "mean_cost": 0.7366652795531202,
  "finished_ta_runs": 795,
  "inc_changed": 8,
  "n_configs": 687,
  "submitted_ta_runs": 795,
  "ta_time_used": 110.88380360603333,
  "wallclock_time_used": 120.02061796188354,
  "dataset_id": 3560
}