{
  "mean_cost": 0.09904493616179079,
  "finished_ta_runs": 182,
  "inc_changed": 10,
  "n_configs": 91,
  "submitted_ta_runs": 182,
  "ta_time_used": 34.344772815704346,
  "wallclock_time_used": 60.373903036117554,
  "dataset_id": 146820
}