{
  "mean_cost": 0.8182454890788224,
  "finished_ta_runs": 1,
  "inc_changed": 1,
  "n_configs": 1,
  "submitted_ta_runs": 1,
  "ta_time_used": 0.027767658233642578,
  "wallclock_time_used": 0.029263019561767578,
  "dataset_id": 3560,
  "perf_time": 0.03596204099994793
}