{
  "mean_cost": 0.3122836410549883,
  "finished_ta_runs": 300,
  "inc_changed": 6,
  "n_configs": 144,
  "submitted_ta_runs": 300,
  "ta_time_used": 79.20671463012695,
  "wallclock_time_used": 174.66895008087158,
  "dataset_id": 3902,
  "perf_time": 174.68173075000232
}