"CPU Time Used","Estimated Training Performance","Wallclock Time","Incumbent ID","Automatic Configurator (CPU) Time","Configuration..."
0.000000, 2147483648.000000, 0.000559, 1, 0.000559, C='0.08611366210550205',gamma='0.4942679928374453'
0.150815, 0.900000, 0.152188, 1, 0.001373, C='0.08611366210550205',gamma='0.4942679928374453'
0.613039, 0.891200, 0.617010, 2, 0.003971, C='19.433598606658386',gamma='9.232350409327609'
0.930917, 0.876200, 0.936739, 3, 0.005822, C='1.0',gamma='0.1'
1.213662, 0.015600, 1.223333, 4, 0.009671, C='69.38389384208695',gamma='0.0015531477828170245'
