{"cpu_time": 0.0, "wallclock_time": 0.001516103744506836, "evaluations": 0, "cost": 2147483648.0, "incumbent": {"max_depth": 2, "max_features": 0.4491682695224881, "min_samples_leaf": 1, "min_samples_split": 4}, "budget": 0, "origin": "Sobol"}
{"cpu_time": 0.10113000869750977, "wallclock_time": 0.10351896286010742, "evaluations": 1, "cost": 0.5, "incumbent": {"max_depth": 2, "max_features": 0.4491682695224881, "min_samples_leaf": 1, "min_samples_split": 4}, "budget": 0, "origin": "Sobol"}
{"cpu_time": 0.4580953121185303, "wallclock_time": 0.4630930423736572, "evaluations": 4, "cost": 0.0889, "incumbent": {"max_depth": 17, "max_features": 0.6137791713699698, "min_samples_leaf": 16, "min_samples_split": 18}, "budget": 0, "origin": "Sobol"}
{"cpu_time": 0.7023482322692871, "wallclock_time": 0.7090539932250977, "evaluations": 6, "cost": 0.0863, "incumbent": {"max_depth": 10, "max_features": 0.5, "min_samples_leaf": 1, "min_samples_split": 32}, "budget": 0, "origin": null}
{"cpu_time": 2.25435733795166, "wallclock_time": 2.2742018699645996, "evaluations": 19, "cost": 0.0854, "incumbent": {"max_depth": 3, "max_features": 0.6993744494393468, "min_samples_leaf": 9, "min_samples_split": 3}, "budget": 0, "origin": "Sobol"}
{"cpu_time": 3.2697806358337402, "wallclock_time": 3.2970449924468994, "evaluations": 25, "cost": 0.0845, "incumbent": {"max_depth": 30, "max_features": 0.8789303731173277, "min_samples_leaf": 9, "min_samples_split": 48}, "budget": 0, "origin": "Sobol"}
{"cpu_time": 5.956578969955444, "wallclock_time": 6.01386284828186, "evaluations": 45, "cost": 0.0811, "incumbent": {"max_depth": 5, "max_features": 0.9284034045413136, "min_samples_leaf": 2, "min_samples_split": 14}, "budget": 0, "origin": "Sobol"}
{"cpu_time": 8.109792709350586, "wallclock_time": 8.190757751464844, "evaluations": 59, "cost": 0.0766, "incumbent": {"max_depth": 19, "max_features": 0.9526863796636462, "min_samples_leaf": 5, "min_samples_split": 4}, "budget": 0, "origin": "Sobol"}
{"cpu_time": 10.181763648986816, "wallclock_time": 11.211341142654419, "evaluations": 71, "cost": 0.0753, "incumbent": {"max_depth": 15, "max_features": 0.9513176018125371, "min_samples_leaf": 3, "min_samples_split": 2}, "budget": 0, "origin": "Local Search"}
{"cpu_time": 13.54171109199524, "wallclock_time": 17.638540983200073, "evaluations": 86, "cost": 0.0712, "incumbent": {"max_depth": 49, "max_features": 0.9376874563420183, "min_samples_leaf": 2, "min_samples_split": 2}, "budget": 0, "origin": "Local Search"}
