{
  "mean_cost": 0.20601048704907066,
  "finished_ta_runs": 300,
  "inc_changed": 5,
  "n_configs": 207,
  "submitted_ta_runs": 300,
  "ta_time_used": 372.1558880805969,
  "wallclock_time_used": 437.93693494796753,
  "dataset_id": 22,
  "perf_time": 437.95913091599505
}