"CPU Time Used","Estimated Training Performance","Wallclock Time","Incumbent ID","Automatic Configurator (CPU) Time","Configuration..."
0.000000, 2147483648.000000, 0.000461, 1, 0.000461, C='0.08611366210550205',gamma='0.4942679928374453'
199.366514, 0.660600, 199.368268, 1, 0.001754, C='0.08611366210550205',gamma='0.4942679928374453'
