"CPU Time Used","Estimated Training Performance","Wallclock Time","Incumbent ID","Automatic Configurator (CPU) Time","Configuration..."
0.000000, 2147483648.000000, 0.000539, 1, 0.000539, C='0.017961675793542162',gamma='0.9046232030638993'
0.008963, 0.500000, 0.010178, 1, 0.001215, C='0.017961675793542162',gamma='0.9046232030638993'
0.060991, 0.450800, 0.066856, 2, 0.005865, C='12.958180650233897',gamma='0.01207858159167579'
0.372318, 0.416800, 0.388694, 3, 0.016376, C='0.7731863785266639',gamma='0.0012442315522724887'
0.508701, 0.321200, 0.543270, 4, 0.034569, C='176.75556488562856',gamma='0.002712060563487799'
0.834561, 0.307400, 3.184776, 5, 2.350215, C='135.19454997235462',gamma='0.0035512526428347077'
