"CPU Time Used","Estimated Training Performance","Wallclock Time","Incumbent ID","Automatic Configurator (CPU) Time","Configuration..."
0.000000, 2147483648.000000, 0.000556, 1, 0.000556, C='0.08611366210550205',gamma='0.4942679928374453'
0.031444, 0.675300, 0.032764, 1, 0.001320, C='0.08611366210550205',gamma='0.4942679928374453'
0.198733, 0.234200, 0.207390, 2, 0.008657, C='69.38389384208695',gamma='0.0015531477828170245'
0.246491, 0.160600, 0.257678, 3, 0.011187, C='1.0',gamma='0.1'
0.771024, 0.033900, 0.801091, 4, 0.030067, C='490.89071375229827',gamma='0.4114559193983836'
1.541134, 0.032300, 2.795792, 5, 1.254658, C='490.2702517426022',gamma='0.11490346351892179'
1.785359, 0.029500, 3.940695, 6, 2.155336, C='490.2702517426022',gamma='0.10905752946406938'
