{"cpu_time": 0.0, "wallclock_time": 0.0014810562133789062, "evaluations": 0, "cost": 2147483648.0, "incumbent": {"max_depth": 2, "max_features": 0.4491682695224881, "min_samples_leaf": 1, "min_samples_split": 4}, "budget": 0, "origin": "Sobol"}
{"cpu_time": 0.12197017669677734, "wallclock_time": 0.12436509132385254, "evaluations": 1, "cost": 0.6417, "incumbent": {"max_depth": 2, "max_features": 0.4491682695224881, "min_samples_leaf": 1, "min_samples_split": 4}, "budget": 0, "origin": "Sobol"}
{"cpu_time": 0.7453367710113525, "wallclock_time": 0.7503011226654053, "evaluations": 4, "cost": 0.2728, "incumbent": {"max_depth": 17, "max_features": 0.6137791713699698, "min_samples_leaf": 16, "min_samples_split": 18}, "budget": 0, "origin": "Sobol"}
{"cpu_time": 1.165471076965332, "wallclock_time": 1.172210931777954, "evaluations": 6, "cost": 0.2616, "incumbent": {"max_depth": 10, "max_features": 0.5, "min_samples_leaf": 1, "min_samples_split": 32}, "budget": 0, "origin": null}
{"cpu_time": 4.508511543273926, "wallclock_time": 4.526684284210205, "evaluations": 17, "cost": 0.2465, "incumbent": {"max_depth": 7, "max_features": 0.8544756416231394, "min_samples_leaf": 3, "min_samples_split": 9}, "budget": 0, "origin": "Sobol"}
{"cpu_time": 11.021347999572754, "wallclock_time": 11.075919151306152, "evaluations": 43, "cost": 0.193, "incumbent": {"max_depth": 46, "max_features": 0.7485423665493727, "min_samples_leaf": 1, "min_samples_split": 7}, "budget": 0, "origin": "Sobol"}
{"cpu_time": 18.796491622924805, "wallclock_time": 21.182558059692383, "evaluations": 68, "cost": 0.1799, "incumbent": {"max_depth": 50, "max_features": 0.7560535963917583, "min_samples_leaf": 1, "min_samples_split": 4}, "budget": 0, "origin": "Local Search"}
{"cpu_time": 30.94869613647461, "wallclock_time": 36.73679995536804, "evaluations": 88, "cost": 0.1765, "incumbent": {"max_depth": 45, "max_features": 0.7584550074899742, "min_samples_leaf": 1, "min_samples_split": 3}, "budget": 0, "origin": "Local Search"}
{"cpu_time": 57.12982511520386, "wallclock_time": 77.22880101203918, "evaluations": 147, "cost": 0.1733, "incumbent": {"max_depth": 46, "max_features": 0.830481655003492, "min_samples_leaf": 1, "min_samples_split": 2}, "budget": 0, "origin": "Local Search"}
{"cpu_time": 100.57038402557373, "wallclock_time": 151.74889397621155, "evaluations": 238, "cost": 0.1702, "incumbent": {"max_depth": 48, "max_features": 0.6292030025387806, "min_samples_leaf": 1, "min_samples_split": 2}, "budget": 0, "origin": "Local Search"}
{"cpu_time": 122.64672374725342, "wallclock_time": 184.89498329162598, "evaluations": 298, "cost": 0.169, "incumbent": {"max_depth": 25, "max_features": 0.630686276595684, "min_samples_leaf": 1, "min_samples_split": 2}, "budget": 0, "origin": "Local Search"}
