{"cpu_time": 0.0, "wallclock_time": 0.0013823509216308594, "evaluations": 0, "cost": 2147483648.0, "incumbent": ["colsample_bytree='0.569966175314039'", "eta='0.009556882986489993'", "max_depth='3'", "reg_lambda='0.0020776820882921045'"], "origin": "Sobol"}
{"cpu_time": 0.8672492504119873, "wallclock_time": 0.869624137878418, "evaluations": 1, "cost": 0.0484, "incumbent": ["colsample_bytree='0.569966175314039'", "eta='0.009556882986489993'", "max_depth='3'", "reg_lambda='0.0020776820882921045'"], "origin": "Sobol"}
{"cpu_time": 8.44174838066101, "wallclock_time": 8.449966192245483, "evaluations": 7, "cost": 0.0318, "incumbent": ["colsample_bytree='0.3878000834956765'", "eta='0.004721681612948408'", "max_depth='10'", "reg_lambda='0.09654112415362535'"], "origin": "Sobol"}
{"cpu_time": 12.070506572723389, "wallclock_time": 12.081542253494263, "evaluations": 10, "cost": 0.0067, "incumbent": ["colsample_bytree='1.0'", "eta='0.3'", "max_depth='10'", "reg_lambda='1.0'"], "origin": null}
{"cpu_time": 38.1674222946167, "wallclock_time": 38.22355508804321, "evaluations": 41, "cost": 0.0038, "incumbent": ["colsample_bytree='0.9323523727245628'", "eta='0.2476536704910154'", "max_depth='9'", "reg_lambda='0.0035770621836229634'"], "origin": "Sobol"}
{"cpu_time": 72.97718811035156, "wallclock_time": 78.97626328468323, "evaluations": 70, "cost": 0.0027, "incumbent": ["colsample_bytree='0.877298928194778'", "eta='0.10502525138398265'", "max_depth='9'", "reg_lambda='0.0015027265404160875'"], "origin": "Local Search"}
{"cpu_time": 337.4514226913452, "wallclock_time": 368.6507921218872, "evaluations": 206, "cost": 0.0024, "incumbent": ["colsample_bytree='0.9667373393289763'", "eta='0.10792301825046444'", "max_depth='9'", "reg_lambda='0.12568700867033034'"], "origin": "Local Search"}
{"cpu_time": 436.81318497657776, "wallclock_time": 483.52689909935, "evaluations": 257, "cost": 0.0019, "incumbent": ["colsample_bytree='0.8783630585019302'", "eta='0.04705570390573192'", "max_depth='9'", "reg_lambda='0.0015026502852814219'"], "origin": "Local Search"}
