"CPU Time Used","Estimated Training Performance","Wallclock Time","Incumbent ID","Automatic Configurator (CPU) Time","Configuration..."
0.000000, 2147483648.000000, 0.001382, 1, 0.001382, colsample_bytree='0.569966175314039',eta='0.009556882986489993',max_depth='3',reg_lambda='0.0020776820882921045'
0.867249, 0.048400, 0.869624, 1, 0.002375, colsample_bytree='0.569966175314039',eta='0.009556882986489993',max_depth='3',reg_lambda='0.0020776820882921045'
8.441748, 0.031800, 8.449966, 2, 0.008218, colsample_bytree='0.3878000834956765',eta='0.004721681612948408',max_depth='10',reg_lambda='0.09654112415362535'
12.070507, 0.006700, 12.081542, 3, 0.011036, colsample_bytree='1.0',eta='0.3',max_depth='10',reg_lambda='1.0'
38.167422, 0.003800, 38.223555, 4, 0.056133, colsample_bytree='0.9323523727245628',eta='0.2476536704910154',max_depth='9',reg_lambda='0.0035770621836229634'
72.977188, 0.002700, 78.976263, 5, 5.999075, colsample_bytree='0.877298928194778',eta='0.10502525138398265',max_depth='9',reg_lambda='0.0015027265404160875'
337.451423, 0.002400, 368.650792, 6, 31.199369, colsample_bytree='0.9667373393289763',eta='0.10792301825046444',max_depth='9',reg_lambda='0.12568700867033034'
436.813185, 0.001900, 483.526899, 7, 46.713714, colsample_bytree='0.8783630585019302',eta='0.04705570390573192',max_depth='9',reg_lambda='0.0015026502852814219'
