{
  "mean_cost": 0.23739059154926026,
  "finished_ta_runs": 300,
  "inc_changed": 5,
  "n_configs": 242,
  "submitted_ta_runs": 300,
  "ta_time_used": 27.03416395187378,
  "wallclock_time_used": 137.39530110359192,
  "dataset_id": 53,
  "perf_time": 137.32235241700073
}