{"cpu_time": 0.0, "wallclock_time": 0.010035991668701172, "evaluations": 0, "cost": 2147483648.0, "incumbent": ["max_depth='2'", "max_features='0.4491682695224881'", "min_samples_leaf='1'", "min_samples_split='4'"], "origin": "Sobol"}
{"cpu_time": 0.7213058471679688, "wallclock_time": 0.7333471775054932, "evaluations": 1, "cost": 0.0773, "incumbent": ["max_depth='2'", "max_features='0.4491682695224881'", "min_samples_leaf='1'", "min_samples_split='4'"], "origin": "Sobol"}
{"cpu_time": 1.2711360454559326, "wallclock_time": 1.2860338687896729, "evaluations": 4, "cost": 0.03, "incumbent": ["max_depth='17'", "max_features='0.6137791713699698'", "min_samples_leaf='16'", "min_samples_split='18'"], "origin": "Sobol"}
{"cpu_time": 4.0073630809783936, "wallclock_time": 4.036772012710571, "evaluations": 17, "cost": 0.0198, "incumbent": ["max_depth='7'", "max_features='0.8544756416231394'", "min_samples_leaf='3'", "min_samples_split='9'"], "origin": "Sobol"}
{"cpu_time": 7.414970874786377, "wallclock_time": 7.486721038818359, "evaluations": 48, "cost": 0.0071, "incumbent": ["max_depth='46'", "max_features='0.7485423665493727'", "min_samples_leaf='1'", "min_samples_split='7'"], "origin": "Sobol"}
