"CPU Time Used","Estimated Training Performance","Wallclock Time","Incumbent ID","Automatic Configurator (CPU) Time","Configuration..."
0.000000, 2147483648.000000, 0.000579, 1, 0.000579, alpha='0.0040824718253228975',eta0='0.00044195488125554607'
3.159480, 0.714300, 3.160929, 1, 0.001449, alpha='0.0040824718253228975',eta0='0.00044195488125554607'
12.526563, 0.710000, 12.530559, 2, 0.003996, alpha='0.0007534803600179209',eta0='0.01638324291048883'
56.321559, 0.702700, 56.341219, 3, 0.019660, alpha='0.000182884801566337',eta0='0.0008272593854647256'
121.987154, 0.699500, 122.037785, 4, 0.050631, alpha='1.5453619743711834e-05',eta0='0.0020987569216046422'
178.265312, 0.698800, 182.240926, 5, 3.975615, alpha='1.5453619743711834e-05',eta0='0.0014960939897030675'
370.242642, 0.698700, 382.035503, 6, 11.792861, alpha='1.548410021256863e-05',eta0='0.001598931726185322'
421.425161, 0.698600, 435.905975, 7, 14.480814, alpha='1.5485313678670646e-05',eta0='0.0016232505907455665'
