"CPU Time Used","Estimated Training Performance","Wallclock Time","Incumbent ID","Automatic Configurator (CPU) Time","Configuration..."
0.000000, 2147483648.000000, 0.000811, 1, 0.000811, C='0.017961675793542162',gamma='0.9046232030638993'
0.136180, 0.456900, 0.137968, 1, 0.001788, C='0.017961675793542162',gamma='0.9046232030638993'
0.598891, 0.132900, 0.603343, 2, 0.004452, C='61.71933670840937',gamma='1.0864412265106145'
7.089901, 0.130900, 8.562541, 3, 1.472640, C='62.355450583877776',gamma='0.6746527934684848'
9.135141, 0.129100, 11.191424, 4, 2.056283, C='65.89022929085075',gamma='0.43008910724061533'
10.099866, 0.127000, 12.451685, 5, 2.351819, C='66.63244681545532',gamma='0.4425011920102073'
11.134410, 0.126500, 13.807115, 6, 2.672705, C='67.30009982744865',gamma='0.455406800137467'
13.089631, 0.124000, 16.837563, 7, 3.747932, C='67.3545381742678',gamma='0.49562021137465534'
16.153012, 0.120900, 21.869156, 8, 5.716144, C='67.3545381742678',gamma='0.5188837947481925'
