{"cpu_time": 0.0, "wallclock_time": 0.0014650821685791016, "evaluations": 0, "cost": 2147483648.0, "incumbent": ["colsample_bytree='0.569966175314039'", "eta='0.009556882986489993'", "max_depth='3'", "reg_lambda='0.0020776820882921045'"], "origin": "Sobol"}
{"cpu_time": 0.20882797241210938, "wallclock_time": 0.21123719215393066, "evaluations": 1, "cost": 0.0033, "incumbent": ["colsample_bytree='0.569966175314039'", "eta='0.009556882986489993'", "max_depth='3'", "reg_lambda='0.0020776820882921045'"], "origin": "Sobol"}
{"cpu_time": 1.7174994945526123, "wallclock_time": 1.728309154510498, "evaluations": 7, "cost": 0.0, "incumbent": ["colsample_bytree='0.3878000834956765'", "eta='0.004721681612948408'", "max_depth='10'", "reg_lambda='0.09654112415362535'"], "origin": "Sobol"}
{"cpu_time": 7.512727499008179, "wallclock_time": 7.575301170349121, "evaluations": 45, "cost": 0.0009, "incumbent": ["colsample_bytree='0.34495162265375257'", "eta='0.024696687633828956'", "max_depth='4'", "reg_lambda='1.0914142682820267'"], "origin": "Sobol"}
{"cpu_time": 10.768654108047485, "wallclock_time": 10.861871242523193, "evaluations": 63, "cost": 0.0, "incumbent": ["colsample_bytree='0.29933484047651293'", "eta='0.07951704473402763'", "max_depth='2'", "reg_lambda='0.06987614932803023'"], "origin": "Sobol"}
