"CPU Time Used","Estimated Training Performance","Wallclock Time","Incumbent ID","Automatic Configurator (CPU) Time","Configuration..."
0.000000, 2147483648.000000, 0.001465, 1, 0.001465, colsample_bytree='0.569966175314039',eta='0.009556882986489993',max_depth='3',reg_lambda='0.0020776820882921045'
0.208828, 0.003300, 0.211237, 1, 0.002409, colsample_bytree='0.569966175314039',eta='0.009556882986489993',max_depth='3',reg_lambda='0.0020776820882921045'
1.717499, 0.000000, 1.728309, 2, 0.010810, colsample_bytree='0.3878000834956765',eta='0.004721681612948408',max_depth='10',reg_lambda='0.09654112415362535'
7.512727, 0.000900, 7.575301, 3, 0.062574, colsample_bytree='0.34495162265375257',eta='0.024696687633828956',max_depth='4',reg_lambda='1.0914142682820267'
10.768654, 0.000000, 10.861871, 4, 0.093217, colsample_bytree='0.29933484047651293',eta='0.07951704473402763',max_depth='2',reg_lambda='0.06987614932803023'
