"CPU Time Used","Estimated Training Performance","Wallclock Time","Incumbent ID","Automatic Configurator (CPU) Time","Configuration..."
0.000000, 2147483648.000000, 0.000049, 1, 0.000049, alpha='0.001',eta0='0.01'
3.335196, 0.691200, 3.335942, 1, 0.000746, alpha='0.001',eta0='0.01'
134.800098, 0.690700, 134.861400, 2, 0.061302, alpha='0.0003607178387172493',eta0='0.002092258613023033'
905.692700, 0.690500, 907.037154, 3, 1.344454, alpha='6.579293130791254e-05',eta0='0.00042125800938043256'
981.990210, 0.690000, 983.536928, 4, 1.546718, alpha='8.577287341852702e-05',eta0='0.0005371621705167671'
1001.742715, 0.689700, 1003.340901, 5, 1.598186, alpha='0.0002729906100011032',eta0='0.001439345099844126'
