"CPU Time Used","Estimated Training Performance","Wallclock Time","Incumbent ID","Automatic Configurator (CPU) Time","Configuration..."
0.000000, 2147483648.000000, 0.000615, 1, 0.000615, alpha='0.0040824718253228975',eta0='0.00044195488125554607'
5.652626, 0.032200, 5.654270, 1, 0.001644, alpha='0.0040824718253228975',eta0='0.00044195488125554607'
38.742047, 0.032400, 38.750951, 2, 0.008904, alpha='2.1186147948258377e-05',eta0='8.558614272324676e-05'
533.269269, 0.032500, 545.686897, 3, 12.417629, alpha='0.0001999485787492542',eta0='8.358775155569027e-05'
1006.538768, 0.032100, 1038.095473, 4, 31.556705, alpha='0.0029634242806233667',eta0='0.00020192854703908057'
1341.784837, 0.031900, 1383.487352, 5, 41.702516, alpha='0.0029713157673877787',eta0='0.00020483109220378946'
