"CPU Time Used","Estimated Training Performance","Wallclock Time","Incumbent ID","Automatic Configurator (CPU) Time","Configuration..."
0.000000, 2147483648.000000, 0.000048, 1, 0.000048, alpha='0.001',eta0='0.01'
0.060016, 0.500000, 0.060648, 1, 0.000632, alpha='0.001',eta0='0.01'
0.158517, 0.494500, 0.161633, 2, 0.003116, alpha='0.21197489574168019',eta0='0.4034540937214564'
0.294795, 0.462500, 0.301071, 3, 0.006276, alpha='0.08477318530405828',eta0='1.1349690026383863e-05'
1.103671, 0.478100, 1.137152, 4, 0.033481, alpha='5.516507394942856e-05',eta0='0.468527197586272'
2.210671, 0.460000, 2.299247, 5, 0.088576, alpha='0.00027413255540362463',eta0='2.5353007616912505e-05'
8.092169, 0.459600, 8.846743, 6, 0.754574, alpha='1.880321046227831e-05',eta0='0.01209692889382243'
8.313844, 0.456000, 9.106255, 7, 0.792411, alpha='1.6884541195983552e-05',eta0='0.010739998168085609'
