"CPU Time Used","Estimated Training Performance","Wallclock Time","Incumbent ID","Automatic Configurator (CPU) Time","Configuration..."
0.000000, 2147483648.000000, 0.007904, 1, 0.007904, alpha='0.0040824718253228975',eta0='0.00044195488125554607'
0.042578, 0.375000, 0.052554, 1, 0.009976, alpha='0.0040824718253228975',eta0='0.00044195488125554607'
0.505741, 0.360000, 0.539142, 2, 0.033401, alpha='8.740778541533059e-05',eta0='0.35545691961437276'
1.315354, 0.354000, 2.166699, 3, 0.851345, alpha='0.0008075059285111859',eta0='1.2665156389643714e-05'
1.465104, 0.349400, 2.560971, 4, 1.095867, alpha='0.002468657722024519',eta0='1.1411591355506074e-05'
1.999273, 0.347300, 4.728528, 5, 2.729255, alpha='0.0021602656846497117',eta0='1.2132210994601314e-05'
4.303486, 0.346300, 17.542057, 6, 13.238571, alpha='0.025563424099298643',eta0='1.1393517740772283e-05'
