{
  "mean_cost": 0.2438552957414849,
  "finished_ta_runs": 1,
  "inc_changed": 1,
  "n_configs": 1,
  "submitted_ta_runs": 1,
  "ta_time_used": 0.20671987533569336,
  "wallclock_time_used": 0.20850801467895508
}