"CPU Time Used","Estimated Training Performance","Wallclock Time","Incumbent ID","Automatic Configurator (CPU) Time","Configuration..."
0.000000, 2147483648.000000, 0.000225, 1, 0.000225, alpha='0.0004126639093412234',eta0='0.0017613324954003418'
0.955827, 0.105300, 0.956779, 1, 0.000952, alpha='0.0004126639093412234',eta0='0.0017613324954003418'
