"CPU Time Used","Estimated Training Performance","Wallclock Time","Incumbent ID","Automatic Configurator (CPU) Time","Configuration..."
0.000000, 2147483648.000000, 0.000581, 1, 0.000581, alpha='0.0004126639093412234',eta0='0.0017613324954003418'
0.265577, 0.451100, 0.267590, 1, 0.002013, alpha='0.0004126639093412234',eta0='0.0017613324954003418'
