"CPU Time Used","Estimated Training Performance","Wallclock Time","Incumbent ID","Automatic Configurator (CPU) Time","Configuration..."
0.000000, 2147483648.000000, 0.000037, 1, 0.000037, C='1.0',gamma='0.1'
1.311164, 0.900000, 1.311916, 1, 0.000752, C='1.0',gamma='0.1'
5.042030, 0.846300, 5.046761, 2, 0.004731, C='0.004641884334659318',gamma='0.0012963395937877391'
7.840250, 0.007200, 7.853626, 3, 0.013376, C='1.746441318982685',gamma='0.0022547265063997683'
99.907356, 0.006400, 100.179856, 4, 0.272500, C='613.8366144551533',gamma='0.0010152179917278495'
215.269576, 0.005600, 216.180656, 5, 0.911080, C='9.487691972636018',gamma='0.0011871610916139818'
