{"cpu_time": 0.0, "wallclock_time": 3.695487976074219e-05, "evaluations": 0, "cost": 2147483648.0, "incumbent": {"C": 1.0, "gamma": 0.1}, "budget": 0, "origin": "Default"}
{"cpu_time": 1.3111639022827148, "wallclock_time": 1.3119158744812012, "evaluations": 1, "cost": 0.9, "incumbent": {"C": 1.0, "gamma": 0.1}, "budget": 0, "origin": "Default"}
{"cpu_time": 5.042029619216919, "wallclock_time": 5.0467610359191895, "evaluations": 4, "cost": 0.8463, "incumbent": {"C": 0.004641884334659318, "gamma": 0.0012963395937877391}, "budget": 0, "origin": "Random Search"}
{"cpu_time": 7.84024977684021, "wallclock_time": 7.853625774383545, "evaluations": 8, "cost": 0.0072, "incumbent": {"C": 1.746441318982685, "gamma": 0.0022547265063997683}, "budget": 0, "origin": "Random Search"}
{"cpu_time": 99.9073555469513, "wallclock_time": 100.17985582351685, "evaluations": 86, "cost": 0.0064, "incumbent": {"C": 613.8366144551533, "gamma": 0.0010152179917278495}, "budget": 0, "origin": "Random Search"}
{"cpu_time": 215.2695758342743, "wallclock_time": 216.1806559562683, "evaluations": 184, "cost": 0.0056, "incumbent": {"C": 9.487691972636018, "gamma": 0.0011871610916139818}, "budget": 0, "origin": "Random Search"}
