{
  "mean_cost": 0.05810466305727832,
  "finished_ta_runs": 177,
  "inc_changed": 4,
  "n_configs": 117,
  "submitted_ta_runs": 177,
  "ta_time_used": 7.5788047313690186,
  "wallclock_time_used": 61.56831216812134,
  "dataset_id": 15
}