"CPU Time Used","Estimated Training Performance","Wallclock Time","Incumbent ID","Automatic Configurator (CPU) Time","Configuration..."
0.000000, 2147483648.000000, 0.000045, 1, 0.000045, alpha='0.001',eta0='0.01'
1.161973, 0.435700, 1.162742, 1, 0.000769, alpha='0.001',eta0='0.01'
49.334245, 0.412800, 49.396328, 2, 0.062083, alpha='2.2820115411688363e-05',eta0='0.005866860318194866'
254.344282, 0.411900, 255.215437, 3, 0.871155, alpha='1.4742717129928086e-05',eta0='0.002288248416211361'
