"CPU Time Used","Estimated Training Performance","Wallclock Time","Incumbent ID","Automatic Configurator (CPU) Time","Configuration..."
0.000000, 2147483648.000000, 0.001463, 1, 0.001463, colsample_bytree='0.569966175314039',eta='0.009556882986489993',max_depth='3',reg_lambda='0.0020776820882921045'
4.499189, 0.050900, 4.501785, 1, 0.002596, colsample_bytree='0.569966175314039',eta='0.009556882986489993',max_depth='3',reg_lambda='0.0020776820882921045'
35.010676, 0.024400, 35.025500, 2, 0.014824, colsample_bytree='0.3878000834956765',eta='0.004721681612948408',max_depth='10',reg_lambda='0.09654112415362535'
59.679530, 0.023500, 59.709566, 3, 0.030036, colsample_bytree='0.7997161545790732',eta='0.8167090504942917',max_depth='1',reg_lambda='7.369638786139326'
135.920387, 0.023800, 136.006694, 4, 0.086308, colsample_bytree='0.12470506532117726',eta='0.3768585089263951',max_depth='1',reg_lambda='0.008781008183885218'
165.229779, 0.019600, 165.334186, 5, 0.104408, colsample_bytree='0.8434434210881591',eta='0.134743335042713',max_depth='2',reg_lambda='0.4602553510758009'
332.296970, 0.017500, 339.463820, 6, 7.166850, colsample_bytree='0.6998975344820784',eta='0.2506980806592477',max_depth='2',reg_lambda='0.9401811238324075'
