{
  "mean_cost": 0.4706074425575791,
  "finished_ta_runs": 300,
  "inc_changed": 13,
  "n_configs": 132,
  "submitted_ta_runs": 300,
  "ta_time_used": 784.4384081363678,
  "wallclock_time_used": 824.7517938613892,
  "dataset_id": 3904,
  "perf_time": 824.77831879101
}