{
  "mean_cost": 0.1496294109930475,
  "finished_ta_runs": 2,
  "inc_changed": 1,
  "n_configs": 1,
  "submitted_ta_runs": 2,
  "ta_time_used": 0.032089948654174805,
  "wallclock_time_used": 0.03381609916687012,
  "dataset_id": 3022,
  "perf_time": 0.08193779199973505
}