{"cpu_time": 0.0, "wallclock_time": 0.0015101432800292969, "evaluations": 0, "cost": 2147483648.0, "incumbent": ["colsample_bytree='0.3908073678612709'", "eta='0.02197006114591668'", "max_depth='1'", "reg_lambda='0.025956378731779545'"], "origin": "Sobol"}
{"cpu_time": 0.022231101989746094, "wallclock_time": 0.024691104888916016, "evaluations": 1, "cost": 0.474, "incumbent": ["colsample_bytree='0.3908073678612709'", "eta='0.02197006114591668'", "max_depth='1'", "reg_lambda='0.025956378731779545'"], "origin": "Sobol"}
{"cpu_time": 0.13841032981872559, "wallclock_time": 0.14331722259521484, "evaluations": 4, "cost": 0.3387, "incumbent": ["colsample_bytree='0.7864414579235017'", "eta='0.06876373473778273'", "max_depth='5'", "reg_lambda='2.180661802430785'"], "origin": "Sobol"}
{"cpu_time": 0.3306865692138672, "wallclock_time": 0.3373239040374756, "evaluations": 6, "cost": 0.3341, "incumbent": ["colsample_bytree='1.0'", "eta='0.3'", "max_depth='10'", "reg_lambda='1.0'"], "origin": null}
{"cpu_time": 0.9961767196655273, "wallclock_time": 1.0220708847045898, "evaluations": 25, "cost": 0.305, "incumbent": ["colsample_bytree='0.9010553395375609'", "eta='0.432060045902756'", "max_depth='2'", "reg_lambda='47.50433230227836'"], "origin": "Sobol"}
{"cpu_time": 1.9611048698425293, "wallclock_time": 2.038754940032959, "evaluations": 59, "cost": 0.2986, "incumbent": ["colsample_bytree='0.4922324874438345'", "eta='0.39601017651408665'", "max_depth='2'", "reg_lambda='8.543281263627263'"], "origin": "Sobol"}
{"cpu_time": 3.073080539703369, "wallclock_time": 13.325841188430786, "evaluations": 93, "cost": 0.2877, "incumbent": ["colsample_bytree='0.9862201253691363'", "eta='0.4292467817484379'", "max_depth='2'", "reg_lambda='11.830191696477673'"], "origin": "Local Search"}
{"cpu_time": 3.5392045974731445, "wallclock_time": 17.478732109069824, "evaluations": 105, "cost": 0.284, "incumbent": ["colsample_bytree='0.9300437293651389'", "eta='0.591823603916322'", "max_depth='2'", "reg_lambda='8.973726253152188'"], "origin": "Local Search"}
{"cpu_time": 9.095637083053589, "wallclock_time": 81.37492227554321, "evaluations": 255, "cost": 0.2794, "incumbent": ["colsample_bytree='0.9914185918273847'", "eta='0.7143364850089675'", "max_depth='2'", "reg_lambda='15.882116859599064'"], "origin": "Local Search"}
