"CPU Time Used","Estimated Training Performance","Wallclock Time","Incumbent ID","Automatic Configurator (CPU) Time","Configuration..."
0.000000, 2147483648.000000, 0.001510, 1, 0.001510, colsample_bytree='0.3908073678612709',eta='0.02197006114591668',max_depth='1',reg_lambda='0.025956378731779545'
0.022231, 0.474000, 0.024691, 1, 0.002460, colsample_bytree='0.3908073678612709',eta='0.02197006114591668',max_depth='1',reg_lambda='0.025956378731779545'
0.138410, 0.338700, 0.143317, 2, 0.004907, colsample_bytree='0.7864414579235017',eta='0.06876373473778273',max_depth='5',reg_lambda='2.180661802430785'
0.330687, 0.334100, 0.337324, 3, 0.006637, colsample_bytree='1.0',eta='0.3',max_depth='10',reg_lambda='1.0'
0.996177, 0.305000, 1.022071, 4, 0.025894, colsample_bytree='0.9010553395375609',eta='0.432060045902756',max_depth='2',reg_lambda='47.50433230227836'
1.961105, 0.298600, 2.038755, 5, 0.077650, colsample_bytree='0.4922324874438345',eta='0.39601017651408665',max_depth='2',reg_lambda='8.543281263627263'
3.073081, 0.287700, 13.325841, 6, 10.252761, colsample_bytree='0.9862201253691363',eta='0.4292467817484379',max_depth='2',reg_lambda='11.830191696477673'
3.539205, 0.284000, 17.478732, 7, 13.939528, colsample_bytree='0.9300437293651389',eta='0.591823603916322',max_depth='2',reg_lambda='8.973726253152188'
9.095637, 0.279400, 81.374922, 8, 72.279285, colsample_bytree='0.9914185918273847',eta='0.7143364850089675',max_depth='2',reg_lambda='15.882116859599064'
