{"cpu_time": 0.0, "wallclock_time": 0.0015099048614501953, "evaluations": 0, "cost": 2147483648.0, "incumbent": {"max_depth": 6, "max_features": 0.3290755869820714, "min_samples_leaf": 11, "min_samples_split": 2}, "budget": 0, "origin": "Sobol"}
{"cpu_time": 0.3710179328918457, "wallclock_time": 0.3734121322631836, "evaluations": 1, "cost": 0.4518, "incumbent": {"max_depth": 6, "max_features": 0.3290755869820714, "min_samples_leaf": 11, "min_samples_split": 2}, "budget": 0, "origin": "Sobol"}
{"cpu_time": 13.33344054222107, "wallclock_time": 13.343761920928955, "evaluations": 10, "cost": 0.4259, "incumbent": {"max_depth": 18, "max_features": 0.9707894120365381, "min_samples_leaf": 5, "min_samples_split": 26}, "budget": 0, "origin": "Sobol"}
{"cpu_time": 60.708237648010254, "wallclock_time": 62.5968918800354, "evaluations": 60, "cost": 0.4019, "incumbent": {"max_depth": 39, "max_features": 0.9625531735466722, "min_samples_leaf": 1, "min_samples_split": 2}, "budget": 0, "origin": "Random Search (sorted)"}
{"cpu_time": 94.22531342506409, "wallclock_time": 98.77861499786377, "evaluations": 73, "cost": 0.3994, "incumbent": {"max_depth": 49, "max_features": 0.9593398807869892, "min_samples_leaf": 1, "min_samples_split": 3}, "budget": 0, "origin": "Random Search (sorted)"}
