{"cpu_time": 0.0, "wallclock_time": 4.029273986816406e-05, "evaluations": 0, "cost": 2147483648.0, "incumbent": ["C='1.0'", "gamma='0.1'"], "origin": "Default"}
{"cpu_time": 1.7867090702056885, "wallclock_time": 1.7874102592468262, "evaluations": 1, "cost": 0.8, "incumbent": ["C='1.0'", "gamma='0.1'"], "origin": "Default"}
