{
  "mean_cost": 0.09725066600066601,
  "finished_ta_runs": 1,
  "inc_changed": 1,
  "n_configs": 1,
  "submitted_ta_runs": 1,
  "ta_time_used": 1.7405493259429932,
  "wallclock_time_used": 1.742213249206543,
  "dataset_id": 146800,
  "perf_time": 1.7479434169999877
}