"CPU Time Used","Estimated Training Performance","Wallclock Time","Incumbent ID","Automatic Configurator (CPU) Time","Configuration..."
0.000000, 2147483648.000000, 0.000550, 1, 0.000550, C='0.08611366210550205',gamma='0.4942679928374453'
0.560518, 0.900000, 0.561974, 1, 0.001456, C='0.08611366210550205',gamma='0.4942679928374453'
2.179856, 0.894000, 2.184984, 2, 0.005128, C='19.433598606658386',gamma='9.232350409327609'
3.265531, 0.892600, 3.273042, 3, 0.007511, C='1.0',gamma='0.1'
5.067822, 0.015600, 5.080776, 4, 0.012954, C='69.38389384208695',gamma='0.0015531477828170245'
