"CPU Time Used","Estimated Training Performance","Wallclock Time","Incumbent ID","Automatic Configurator (CPU) Time","Configuration..."
0.000000, 2147483648.000000, 0.000555, 1, 0.000555, C='1.3600811985592882',gamma='0.09352602871548096'
0.024206, 0.110800, 0.025500, 1, 0.001294, C='1.3600811985592882',gamma='0.09352602871548096'
0.213169, 0.103000, 0.222948, 2, 0.009779, C='102.59827344587585',gamma='0.0039228031036218506'
0.432771, 0.066300, 0.453001, 3, 0.020230, C='7.48101646809008',gamma='2.7251940323754646'
0.649048, 0.032500, 0.682546, 4, 0.033498, C='206.50233439434604',gamma='0.9897482788196605'
1.255061, 0.011900, 2.145817, 5, 0.890756, C='171.91629674491048',gamma='0.16076182661332797'
