"CPU Time Used","Estimated Training Performance","Wallclock Time","Incumbent ID","Automatic Configurator (CPU) Time","Configuration..."
0.000000, 2147483648.000000, 0.000550, 1, 0.000550, alpha='0.00011227070295712931',eta0='0.0029096933833365197'
0.031086, 0.492700, 0.032532, 1, 0.001446, alpha='0.00011227070295712931',eta0='0.0029096933833365197'
0.401069, 0.377800, 0.418469, 2, 0.017400, alpha='2.9848599322377e-05',eta0='0.022418115180003955'
1.730611, 0.367200, 7.024223, 3, 5.293612, alpha='0.006765413977882448',eta0='8.100139734297023e-05'
8.655132, 0.366800, 81.311673, 4, 72.656541, alpha='1.2278942436913533e-05',eta0='0.03601090966289238'
