"CPU Time Used","Estimated Training Performance","Wallclock Time","Incumbent ID","Automatic Configurator (CPU) Time","Configuration..."
0.000000, 2147483648.000000, 0.000568, 1, 0.000568, C='1.3600811985592882',gamma='0.09352602871548096'
0.016717, 0.500000, 0.018065, 1, 0.001348, C='1.3600811985592882',gamma='0.09352602871548096'
0.174614, 0.450000, 0.190312, 2, 0.015698, C='102.59827344587585',gamma='0.0039228031036218506'
0.347308, 0.433500, 0.385996, 3, 0.038688, C='4.729862452035014',gamma='0.0020153549174183696'
0.443741, 0.424200, 0.852702, 4, 0.408961, C='4.611773797448818',gamma='0.0015490794673891106'
0.487226, 0.405700, 0.903610, 5, 0.416384, C='3.6875039573163897',gamma='0.0012210340264233557'
0.530602, 0.389500, 0.954771, 6, 0.424170, C='4.224610109220506',gamma='0.0009844505783848942'
