"CPU Time Used","Estimated Training Performance","Wallclock Time","Incumbent ID","Automatic Configurator (CPU) Time","Configuration..."
0.000000, 2147483648.000000, 0.000563, 1, 0.000563, alpha='0.0004126639093412234',eta0='0.0017613324954003418'
0.152153, 0.520700, 0.154865, 1, 0.002712, alpha='0.0004126639093412234',eta0='0.0017613324954003418'
0.369821, 0.496000, 0.376213, 2, 0.006392, alpha='0.037163815274404384',eta0='0.020029702345968858'
1.230528, 0.497300, 1.248779, 3, 0.018251, alpha='0.2764230876109255',eta0='0.24718221909693747'
5.783981, 0.485500, 10.288474, 4, 4.504493, alpha='0.25097251538196075',eta0='0.18851086676170153'
