"CPU Time Used","Estimated Training Performance","Wallclock Time","Incumbent ID","Automatic Configurator (CPU) Time","Configuration..."
0.000000, 2147483648.000000, 0.000570, 1, 0.000570, alpha='0.0040824718253228975',eta0='0.00044195488125554607'
0.035165, 0.487000, 0.036498, 1, 0.001333, alpha='0.0040824718253228975',eta0='0.00044195488125554607'
0.242618, 0.432400, 0.248233, 2, 0.005615, alpha='2.1186147948258377e-05',eta0='8.558614272324676e-05'
0.333302, 0.430600, 0.341208, 3, 0.007906, alpha='0.001',eta0='0.01'
0.685666, 0.391200, 0.700809, 4, 0.015143, alpha='0.14798430619583566',eta0='3.173402502821644e-05'
1.467402, 0.381100, 1.513605, 5, 0.046202, alpha='0.0114934274131498',eta0='1.8252081997216187e-05'
1.752259, 0.374000, 2.095586, 6, 0.343327, alpha='0.5686427472864407',eta0='1.0564774822328088e-05'
2.623509, 0.373000, 5.506795, 7, 2.883286, alpha='0.18970465217155652',eta0='1.0028447700086318e-05'
