{"cpu_time": 0.0, "wallclock_time": 0.0005698204040527344, "evaluations": 0, "cost": 2147483648.0, "incumbent": ["alpha='0.0040824718253228975'", "eta0='0.00044195488125554607'"], "origin": "Sobol"}
{"cpu_time": 0.035164833068847656, "wallclock_time": 0.03649783134460449, "evaluations": 1, "cost": 0.487, "incumbent": ["alpha='0.0040824718253228975'", "eta0='0.00044195488125554607'"], "origin": "Sobol"}
{"cpu_time": 0.24261808395385742, "wallclock_time": 0.24823284149169922, "evaluations": 7, "cost": 0.4324, "incumbent": ["alpha='2.1186147948258377e-05'", "eta0='8.558614272324676e-05'"], "origin": "Sobol"}
{"cpu_time": 0.33330202102661133, "wallclock_time": 0.34120774269104004, "evaluations": 10, "cost": 0.4306, "incumbent": ["alpha='0.001'", "eta0='0.01'"], "origin": null}
{"cpu_time": 0.6856656074523926, "wallclock_time": 0.7008087635040283, "evaluations": 18, "cost": 0.3912, "incumbent": ["alpha='0.14798430619583566'", "eta0='3.173402502821644e-05'"], "origin": "Sobol"}
{"cpu_time": 1.467402458190918, "wallclock_time": 1.5136048793792725, "evaluations": 42, "cost": 0.3811, "incumbent": ["alpha='0.0114934274131498'", "eta0='1.8252081997216187e-05'"], "origin": "Sobol"}
{"cpu_time": 1.7522587776184082, "wallclock_time": 2.095585823059082, "evaluations": 50, "cost": 0.374, "incumbent": ["alpha='0.5686427472864407'", "eta0='1.0564774822328088e-05'"], "origin": "Random Search (sorted)"}
{"cpu_time": 2.623509168624878, "wallclock_time": 5.506794691085815, "evaluations": 71, "cost": 0.373, "incumbent": ["alpha='0.18970465217155652'", "eta0='1.0028447700086318e-05'"], "origin": "Local Search"}
