"CPU Time Used","Estimated Training Performance","Wallclock Time","Incumbent ID","Automatic Configurator (CPU) Time","Configuration..."
0.000000, 2147483648.000000, 0.000036, 1, 0.000036, C='1.0',gamma='0.1'
0.013528, 0.500000, 0.014143, 1, 0.000615, C='1.0',gamma='0.1'
0.041589, 0.411700, 0.044635, 2, 0.003046, C='167.43465269107315',gamma='0.010473312293162985'
0.461245, 0.313100, 0.542381, 3, 0.081136, C='679.0325401248423',gamma='0.0030357544050474464'
1.548271, 0.307400, 2.107486, 4, 0.559215, C='163.86019330005755',gamma='0.003601480914914017'
3.202699, 0.300600, 5.096888, 5, 1.894189, C='555.4846754067725',gamma='0.0018810144065367206'
3.301396, 0.287500, 5.262368, 6, 1.960972, C='847.4522199375953',gamma='0.0016256437385981995'
3.685891, 0.279400, 5.998082, 7, 2.312191, C='602.4786779835428',gamma='0.0011033932408327032'
