{
  "mean_cost": 0.3881218678743188,
  "finished_ta_runs": 300,
  "inc_changed": 9,
  "n_configs": 98,
  "submitted_ta_runs": 300,
  "ta_time_used": 3.74318528175354,
  "wallclock_time_used": 31.70214819908142,
  "dataset_id": 10101,
  "perf_time": 31.71565883301082
}