"CPU Time Used","Estimated Training Performance","Wallclock Time","Incumbent ID","Automatic Configurator (CPU) Time","Configuration..."
0.000000, 2147483648.000000, 0.000532, 1, 0.000532, alpha='0.0040824718253228975',eta0='0.00044195488125554607'
0.686754, 0.192400, 0.687999, 1, 0.001245, alpha='0.0040824718253228975',eta0='0.00044195488125554607'
4.677832, 0.160900, 4.686555, 2, 0.008723, alpha='2.1186147948258377e-05',eta0='8.558614272324676e-05'
21.133183, 0.162300, 21.415191, 3, 0.282008, alpha='0.00011585814276682226',eta0='8.645971550279283e-05'
47.297224, 0.159900, 52.713681, 4, 5.416457, alpha='0.00010442916024688748',eta0='8.40552990984542e-05'
50.662559, 0.159100, 56.089637, 5, 5.427078, alpha='0.00010472730941575558',eta0='7.771602821515845e-05'
85.780763, 0.157100, 102.482066, 6, 16.701303, alpha='0.00018861337955424125',eta0='3.0178218525539594e-05'
126.225270, 0.156300, 156.177382, 7, 29.952112, alpha='0.00026652344850902154',eta0='3.094764284644834e-05'
