{"cpu_time": 0.0, "wallclock_time": 0.0005321502685546875, "evaluations": 0, "cost": 2147483648.0, "incumbent": ["alpha='0.0040824718253228975'", "eta0='0.00044195488125554607'"], "origin": "Sobol"}
{"cpu_time": 0.6867539882659912, "wallclock_time": 0.6879990100860596, "evaluations": 1, "cost": 0.1924, "incumbent": ["alpha='0.0040824718253228975'", "eta0='0.00044195488125554607'"], "origin": "Sobol"}
{"cpu_time": 4.677832365036011, "wallclock_time": 4.686554908752441, "evaluations": 7, "cost": 0.1609, "incumbent": ["alpha='2.1186147948258377e-05'", "eta0='8.558614272324676e-05'"], "origin": "Sobol"}
{"cpu_time": 21.133183240890503, "wallclock_time": 21.415191173553467, "evaluations": 33, "cost": 0.1623, "incumbent": ["alpha='0.00011585814276682226'", "eta0='8.645971550279283e-05'"], "origin": "Random Search (sorted)"}
{"cpu_time": 47.297223806381226, "wallclock_time": 52.71368098258972, "evaluations": 72, "cost": 0.1599, "incumbent": ["alpha='0.00010442916024688748'", "eta0='8.40552990984542e-05'"], "origin": "Local Search"}
{"cpu_time": 50.66255855560303, "wallclock_time": 56.08963704109192, "evaluations": 77, "cost": 0.1591, "incumbent": ["alpha='0.00010472730941575558'", "eta0='7.771602821515845e-05'"], "origin": "Local Search"}
{"cpu_time": 85.78076314926147, "wallclock_time": 102.4820659160614, "evaluations": 129, "cost": 0.1571, "incumbent": ["alpha='0.00018861337955424125'", "eta0='3.0178218525539594e-05'"], "origin": "Random Search"}
{"cpu_time": 126.22527027130127, "wallclock_time": 156.1773819923401, "evaluations": 189, "cost": 0.1563, "incumbent": ["alpha='0.00026652344850902154'", "eta0='3.094764284644834e-05'"], "origin": "Local Search"}
