{
  "mean_cost": 0.47079365079365076,
  "finished_ta_runs": 1,
  "inc_changed": 1,
  "n_configs": 1,
  "submitted_ta_runs": 1,
  "ta_time_used": 0.016635894775390625,
  "wallclock_time_used": 0.01806807518005371,
  "dataset_id": 49,
  "perf_time": 0.02354124999965279
}