"CPU Time Used","Estimated Training Performance","Wallclock Time","Incumbent ID","Automatic Configurator (CPU) Time","Configuration..."
0.000000, 2147483648.000000, 0.001413, 1, 0.001413, colsample_bytree='0.2890479595400393',eta='0.02972240058848022',max_depth='1',reg_lambda='0.23594281684827217'
0.013673, 0.116700, 0.016091, 1, 0.002418, colsample_bytree='0.2890479595400393',eta='0.02972240058848022',max_depth='1',reg_lambda='0.23594281684827217'
0.097609, 0.064900, 0.102479, 2, 0.004870, colsample_bytree='0.839533680677414',eta='0.03178815964339868',max_depth='7',reg_lambda='260.08137409645684'
0.147054, 0.006600, 0.153591, 3, 0.006537, colsample_bytree='1.0',eta='0.3',max_depth='10',reg_lambda='1.0'
0.305473, 0.004300, 0.318349, 4, 0.012876, colsample_bytree='0.5235572370700539',eta='0.1863242307845216',max_depth='3',reg_lambda='4.4461461740589225'
0.417108, 0.003500, 0.437128, 5, 0.020020, colsample_bytree='0.6967330143786967',eta='0.5491817241792905',max_depth='1',reg_lambda='0.02427911263315825'
2.763384, 0.002800, 16.728662, 6, 13.965278, colsample_bytree='0.7923882514275549',eta='0.4571736143073904',max_depth='2',reg_lambda='1.8619192809421794'
4.238087, 0.002100, 41.343531, 7, 37.105444, colsample_bytree='0.818775318058778',eta='0.6132994154917284',max_depth='2',reg_lambda='4.8556731772814'
