{
  "mean_cost": 0.41431104661496826,
  "finished_ta_runs": 300,
  "inc_changed": 5,
  "n_configs": 160,
  "submitted_ta_runs": 300,
  "ta_time_used": 8.248582124710083,
  "wallclock_time_used": 111.6896870136261,
  "dataset_id": 10101,
  "perf_time": 111.69957024999894
}