"CPU Time Used","Estimated Training Performance","Wallclock Time","Incumbent ID","Automatic Configurator (CPU) Time","Configuration..."
0.000000, 2147483648.000000, 0.000038, 1, 0.000038, C='1.0',gamma='0.1'
0.010480, 0.437500, 0.011075, 1, 0.000595, C='1.0',gamma='0.1'
0.080056, 0.400200, 0.084880, 2, 0.004824, C='52.455931369707116',gamma='0.0011373846877749554'
0.258410, 0.390500, 0.287304, 3, 0.028894, C='5.862099698295004',gamma='0.004673222012870196'
0.789271, 0.383800, 0.894332, 4, 0.105061, C='821.2083876682452',gamma='0.0011317947333548213'
1.708693, 0.380600, 2.207875, 5, 0.499182, C='9.936189981360835',gamma='0.0017987913537249826'
5.418369, 0.376900, 9.609457, 6, 4.191088, C='5.072023057963713',gamma='0.002599452103577404'
