{"cpu_time": 0.0, "wallclock_time": 0.0015287399291992188, "evaluations": 0, "cost": 2147483648.0, "incumbent": ["max_depth='6'", "max_features='0.3290755869820714'", "min_samples_leaf='11'", "min_samples_split='2'"], "origin": "Sobol"}
{"cpu_time": 0.06878471374511719, "wallclock_time": 0.07116293907165527, "evaluations": 1, "cost": 0.0309, "incumbent": ["max_depth='6'", "max_features='0.3290755869820714'", "min_samples_leaf='11'", "min_samples_split='2'"], "origin": "Sobol"}
{"cpu_time": 1.3387103080749512, "wallclock_time": 1.3602359294891357, "evaluations": 21, "cost": 0.0235, "incumbent": ["max_depth='14'", "max_features='0.1785462163388729'", "min_samples_leaf='2'", "min_samples_split='10'"], "origin": "Sobol"}
{"cpu_time": 5.882686614990234, "wallclock_time": 10.17097806930542, "evaluations": 91, "cost": 0.0208, "incumbent": ["max_depth='5'", "max_features='0.507791987647462'", "min_samples_leaf='3'", "min_samples_split='8'"], "origin": "Local Search"}
{"cpu_time": 7.105506420135498, "wallclock_time": 15.643882989883423, "evaluations": 108, "cost": 0.0202, "incumbent": ["max_depth='5'", "max_features='0.5042218658529416'", "min_samples_leaf='3'", "min_samples_split='3'"], "origin": "Local Search"}
{"cpu_time": 10.259000778198242, "wallclock_time": 25.77166986465454, "evaluations": 155, "cost": 0.0191, "incumbent": ["max_depth='4'", "max_features='0.507625583425775'", "min_samples_leaf='3'", "min_samples_split='2'"], "origin": "Local Search"}
{"cpu_time": 12.36815619468689, "wallclock_time": 32.98257780075073, "evaluations": 186, "cost": 0.0161, "incumbent": ["max_depth='7'", "max_features='0.507625583425775'", "min_samples_leaf='1'", "min_samples_split='2'"], "origin": "Local Search"}
{"cpu_time": 13.036614418029785, "wallclock_time": 34.23695993423462, "evaluations": 196, "cost": 0.0161, "incumbent": ["max_depth='7'", "max_features='0.5077256525018032'", "min_samples_leaf='2'", "min_samples_split='2'"], "origin": "Local Search"}
{"cpu_time": 14.171967506408691, "wallclock_time": 37.558295011520386, "evaluations": 212, "cost": 0.0151, "incumbent": ["max_depth='11'", "max_features='0.5077256525018032'", "min_samples_leaf='2'", "min_samples_split='4'"], "origin": "Local Search"}
