"CPU Time Used","Estimated Training Performance","Wallclock Time","Incumbent ID","Automatic Configurator (CPU) Time","Configuration..."
0.000000, 2147483648.000000, 0.000536, 1, 0.000536, alpha='0.00011227070295712931',eta0='0.0029096933833365197'
0.336353, 0.000000, 0.337587, 1, 0.001234, alpha='0.00011227070295712931',eta0='0.0029096933833365197'
2.359734, 0.000000, 2.365517, 2, 0.005784, alpha='0.026542866188361353',eta0='8.075114966892127e-05'
