{
  "mean_cost": 0.05385395808756069,
  "finished_ta_runs": 300,
  "inc_changed": 7,
  "n_configs": 156,
  "submitted_ta_runs": 300,
  "ta_time_used": 179.13445711135864,
  "wallclock_time_used": 231.44942593574524,
  "dataset_id": 32,
  "perf_time": 231.4080904170005
}