"CPU Time Used","Estimated Training Performance","Wallclock Time","Incumbent ID","Automatic Configurator (CPU) Time","Configuration..."
0.000000, 2147483648.000000, 0.000535, 1, 0.000535, C='1.3600811985592882',gamma='0.09352602871548096'
0.018813, 0.500000, 0.020011, 1, 0.001198, C='1.3600811985592882',gamma='0.09352602871548096'
0.175712, 0.077900, 0.192896, 2, 0.017184, C='102.59827344587585',gamma='0.0039228031036218506'
0.332805, 0.067500, 0.370437, 3, 0.037632, C='0.6293526165094239',gamma='0.0012324628012758837'
0.396739, 0.063400, 0.443521, 4, 0.046782, C='4.729862452035014',gamma='0.0020153549174183696'
0.516397, 0.058200, 1.330648, 5, 0.814251, C='4.374287711618216',gamma='0.0014883883834842873'
