"CPU Time Used","Estimated Training Performance","Wallclock Time","Incumbent ID","Automatic Configurator (CPU) Time","Configuration..."
0.000000, 2147483648.000000, 0.000544, 1, 0.000544, alpha='0.0004126639093412234',eta0='0.0017613324954003418'
0.032803, 0.277800, 0.034092, 1, 0.001289, alpha='0.0004126639093412234',eta0='0.0017613324954003418'
0.263602, 0.123900, 0.271855, 2, 0.008253, alpha='6.675963694532246e-05',eta0='0.13455959491033861'
0.365803, 0.111100, 0.377486, 3, 0.011683, alpha='0.001',eta0='0.01'
