{"cpu_time": 0.0, "wallclock_time": 0.0015647411346435547, "evaluations": 0, "cost": 2147483648.0, "incumbent": ["max_depth='6'", "max_features='0.3290755869820714'", "min_samples_leaf='11'", "min_samples_split='2'"], "origin": "Sobol"}
{"cpu_time": 0.23978400230407715, "wallclock_time": 0.24240994453430176, "evaluations": 1, "cost": 0.0292, "incumbent": ["max_depth='6'", "max_features='0.3290755869820714'", "min_samples_leaf='11'", "min_samples_split='2'"], "origin": "Sobol"}
{"cpu_time": 5.335970878601074, "wallclock_time": 5.364294767379761, "evaluations": 17, "cost": 0.0245, "incumbent": ["max_depth='14'", "max_features='0.1785462163388729'", "min_samples_leaf='2'", "min_samples_split='10'"], "origin": "Sobol"}
{"cpu_time": 11.321331262588501, "wallclock_time": 11.39316987991333, "evaluations": 37, "cost": 0.0217, "incumbent": ["max_depth='39'", "max_features='0.3087822897359729'", "min_samples_leaf='3'", "min_samples_split='7'"], "origin": "Sobol"}
{"cpu_time": 21.124373197555542, "wallclock_time": 24.63236093521118, "evaluations": 70, "cost": 0.0187, "incumbent": ["max_depth='21'", "max_features='0.25980128218446485'", "min_samples_leaf='1'", "min_samples_split='5'"], "origin": "Local Search"}
{"cpu_time": 48.47164964675903, "wallclock_time": 76.03766989707947, "evaluations": 176, "cost": 0.0174, "incumbent": ["max_depth='33'", "max_features='0.5953472504842846'", "min_samples_leaf='1'", "min_samples_split='6'"], "origin": "Local Search"}
{"cpu_time": 82.93125414848328, "wallclock_time": 138.72257685661316, "evaluations": 268, "cost": 0.0151, "incumbent": ["max_depth='44'", "max_features='0.5108513367218496'", "min_samples_leaf='1'", "min_samples_split='2'"], "origin": "Local Search"}
