"CPU Time Used","Estimated Training Performance","Wallclock Time","Incumbent ID","Automatic Configurator (CPU) Time","Configuration..."
0.000000, 2147483648.000000, 0.000040, 1, 0.000040, C='1.0',gamma='0.1'
0.492379, 0.274400, 0.493031, 1, 0.000652, C='1.0',gamma='0.1'
2.632047, 0.108500, 2.637423, 2, 0.005376, C='52.455931369707116',gamma='0.0011373846877749554'
24.977428, 0.107600, 25.083587, 3, 0.106159, C='821.2083876682452',gamma='0.0011317947333548213'
121.348822, 0.106000, 122.867657, 4, 1.518835, C='187.74289118488966',gamma='0.0012557637003821306'
194.653746, 0.102000, 198.209799, 5, 3.556053, C='155.47057499201995',gamma='0.001154429995657857'
227.872329, 0.100800, 232.659182, 6, 4.786853, C='153.25632912788444',gamma='0.0011121997040891838'
