"CPU Time Used","Estimated Training Performance","Wallclock Time","Incumbent ID","Automatic Configurator (CPU) Time","Configuration..."
0.000000, 2147483648.000000, 0.000041, 1, 0.000041, alpha='0.001',eta0='0.01'
0.200340, 0.624000, 0.200984, 1, 0.000644, alpha='0.001',eta0='0.01'
2.210115, 0.549000, 2.221756, 2, 0.011641, alpha='0.01706942529044376',eta0='0.0004888683437126603'
5.589645, 0.545800, 5.630100, 3, 0.040455, alpha='0.01373581320388105',eta0='3.6699345852038843e-05'
7.993840, 0.534400, 8.055717, 4, 0.061877, alpha='0.00027413255540362463',eta0='2.5353007616912505e-05'
32.997515, 0.531800, 33.538647, 5, 0.541132, alpha='0.00205166301948667',eta0='1.9427142128358018e-05'
51.806062, 0.531600, 53.003342, 6, 1.197280, alpha='3.7161293623519926e-05',eta0='2.032803123806774e-05'
71.554774, 0.531100, 73.693804, 7, 2.139030, alpha='1.0557433686620764e-05',eta0='1.9339881552064696e-05'
