"CPU Time Used","Estimated Training Performance","Wallclock Time","Incumbent ID","Automatic Configurator (CPU) Time","Configuration..."
0.000000, 2147483648.000000, 0.000629, 1, 0.000629, alpha='0.0004126639093412234',eta0='0.0017613324954003418'
2.395227, 0.042700, 2.396938, 1, 0.001711, alpha='0.0004126639093412234',eta0='0.0017613324954003418'
31.493261, 0.040400, 31.512548, 2, 0.019287, alpha='1.3751027885583958e-05',eta0='0.0001426968473177047'
104.501850, 0.039800, 105.474168, 3, 0.972318, alpha='0.003141333232952402',eta0='0.009263068023172605'
126.129020, 0.039200, 127.531299, 4, 1.402279, alpha='0.003210257665451645',eta0='0.008024169906516778'
