"CPU Time Used","Estimated Training Performance","Wallclock Time","Incumbent ID","Automatic Configurator (CPU) Time","Configuration..."
0.000000, 2147483648.000000, 0.000594, 1, 0.000594, alpha='0.0004126639093412234',eta0='0.0017613324954003418'
3.139173, 0.040200, 3.140784, 1, 0.001611, alpha='0.0004126639093412234',eta0='0.0017613324954003418'
49.322495, 0.033400, 49.340176, 2, 0.017681, alpha='1.3751027885583958e-05',eta0='0.0001426968473177047'
99.644859, 0.032300, 99.687288, 3, 0.042429, alpha='0.00014331222076014103',eta0='0.0006285756509200554'
143.562751, 0.030700, 144.187948, 4, 0.625198, alpha='0.000247739028351157',eta0='0.0006634561786241607'
237.063065, 0.029800, 243.549277, 5, 6.486212, alpha='0.00025002085355027283',eta0='0.000665296464644836'
555.506498, 0.028000, 596.482940, 6, 40.976442, alpha='1.3237597893060516e-05',eta0='4.5122779624955915e-05'
883.296702, 0.027200, 985.090255, 7, 101.793553, alpha='0.00016573131508249237',eta0='4.5122779624955915e-05'
