{"cpu_time": 0.0, "wallclock_time": 0.0015180110931396484, "evaluations": 0, "cost": 2147483648.0, "incumbent": ["max_depth='2'", "max_features='0.4491682695224881'", "min_samples_leaf='1'", "min_samples_split='4'"], "origin": "Sobol"}
{"cpu_time": 0.15726613998413086, "wallclock_time": 0.15969085693359375, "evaluations": 1, "cost": 0.271, "incumbent": ["max_depth='2'", "max_features='0.4491682695224881'", "min_samples_leaf='1'", "min_samples_split='4'"], "origin": "Sobol"}
{"cpu_time": 1.120002269744873, "wallclock_time": 1.124967098236084, "evaluations": 4, "cost": 0.146, "incumbent": ["max_depth='17'", "max_features='0.6137791713699698'", "min_samples_leaf='16'", "min_samples_split='18'"], "origin": "Sobol"}
{"cpu_time": 1.7818505764007568, "wallclock_time": 1.7885899543762207, "evaluations": 6, "cost": 0.1407, "incumbent": ["max_depth='10'", "max_features='0.5'", "min_samples_leaf='1'", "min_samples_split='32'"], "origin": null}
{"cpu_time": 7.512609958648682, "wallclock_time": 7.54062294960022, "evaluations": 25, "cost": 0.1364, "incumbent": ["max_depth='13'", "max_features='0.6508769644424319'", "min_samples_leaf='11'", "min_samples_split='3'"], "origin": "Sobol"}
{"cpu_time": 12.70968770980835, "wallclock_time": 12.763611078262329, "evaluations": 41, "cost": 0.1171, "incumbent": ["max_depth='46'", "max_features='0.7485423665493727'", "min_samples_leaf='1'", "min_samples_split='7'"], "origin": "Sobol"}
{"cpu_time": 37.536049365997314, "wallclock_time": 48.508167028427124, "evaluations": 96, "cost": 0.1138, "incumbent": ["max_depth='47'", "max_features='0.6902136206250595'", "min_samples_leaf='1'", "min_samples_split='3'"], "origin": "Local Search"}
{"cpu_time": 65.81400799751282, "wallclock_time": 85.45173907279968, "evaluations": 153, "cost": 0.113, "incumbent": ["max_depth='17'", "max_features='0.6829907737620917'", "min_samples_leaf='1'", "min_samples_split='3'"], "origin": "Local Search"}
{"cpu_time": 68.98776912689209, "wallclock_time": 90.90815711021423, "evaluations": 163, "cost": 0.1126, "incumbent": ["max_depth='17'", "max_features='0.1625552155286678'", "min_samples_leaf='1'", "min_samples_split='2'"], "origin": "Local Search"}
{"cpu_time": 74.58461856842041, "wallclock_time": 99.20721912384033, "evaluations": 181, "cost": 0.1092, "incumbent": ["max_depth='18'", "max_features='0.5196190233196684'", "min_samples_leaf='1'", "min_samples_split='2'"], "origin": "Random Search (sorted)"}
