"CPU Time Used","Estimated Training Performance","Wallclock Time","Incumbent ID","Automatic Configurator (CPU) Time","Configuration..."
0.000000, 2147483648.000000, 0.000206, 1, 0.000206, C='0.08611366210550205',gamma='0.4942679928374453'
0.018478, 0.021700, 0.019293, 1, 0.000815, C='0.08611366210550205',gamma='0.4942679928374453'
