{
  "mean_cost": 0.16439443853937089,
  "finished_ta_runs": 300,
  "inc_changed": 8,
  "n_configs": 188,
  "submitted_ta_runs": 300,
  "ta_time_used": 25.902721166610718,
  "wallclock_time_used": 96.92542314529419,
  "dataset_id": 146821,
  "perf_time": 96.93705129199952
}