"CPU Time Used","Estimated Training Performance","Wallclock Time","Incumbent ID","Automatic Configurator (CPU) Time","Configuration..."
0.000000, 2147483648.000000, 0.000538, 1, 0.000538, C='0.017961675793542162',gamma='0.9046232030638993'
0.009299, 0.500000, 0.010546, 1, 0.001247, C='0.017961675793542162',gamma='0.9046232030638993'
0.035236, 0.117200, 0.038690, 2, 0.003454, C='61.71933670840937',gamma='1.0864412265106145'
0.048185, 0.050900, 0.053084, 3, 0.004899, C='1.0',gamma='0.1'
0.103827, 0.022600, 0.116699, 4, 0.012872, C='0.7731863785266639',gamma='0.0012442315522724887'
0.536006, 0.020400, 4.952755, 5, 4.416749, C='18.28065420184371',gamma='0.0030321491292316753'
0.626028, 0.015100, 6.317693, 6, 5.691664, C='18.24158674066981',gamma='0.0030567265307492758'
