"CPU Time Used","Estimated Training Performance","Wallclock Time","Incumbent ID","Automatic Configurator (CPU) Time","Configuration..."
0.000000, 2147483648.000000, 0.000589, 1, 0.000589, C='1.3600811985592882',gamma='0.09352602871548096'
0.544309, 0.890200, 0.546100, 1, 0.001791, C='1.3600811985592882',gamma='0.09352602871548096'
7.058806, 0.032200, 7.073135, 2, 0.014329, C='102.59827344587585',gamma='0.0039228031036218506'
15.638004, 0.018400, 15.680197, 3, 0.042193, C='0.6293526165094239',gamma='0.0012324628012758837'
44.893039, 0.015600, 50.135563, 4, 5.242524, C='2.140012960199578',gamma='0.0016629052474212487'
