{
  "mean_cost": 0.060631663475413454,
  "finished_ta_runs": 300,
  "inc_changed": 9,
  "n_configs": 132,
  "submitted_ta_runs": 300,
  "ta_time_used": 71.29402923583984,
  "wallclock_time_used": 112.27547907829285,
  "dataset_id": 146800,
  "perf_time": 112.28871516600157
}