"CPU Time Used","Estimated Training Performance","Wallclock Time","Incumbent ID","Automatic Configurator (CPU) Time","Configuration..."
0.000000, 2147483648.000000, 0.000891, 1, 0.000891, alpha='0.00011227070295712931',eta0='0.0029096933833365197'
0.756304, 0.205800, 0.758072, 1, 0.001768, alpha='0.00011227070295712931',eta0='0.0029096933833365197'
7.443387, 0.191100, 7.451762, 2, 0.008375, alpha='0.026542866188361353',eta0='8.075114966892127e-05'
20.755768, 0.182800, 20.777449, 3, 0.021681, alpha='0.0025540066964094537',eta0='1.2228344859878906e-05'
33.147048, 0.179800, 33.184132, 4, 0.037085, alpha='1.715136253541309e-05',eta0='0.0001288871339815063'
61.005787, 0.179100, 62.782680, 5, 1.776893, alpha='2.2510994451903152e-05',eta0='1.5918240718322766e-05'
241.552226, 0.173500, 282.301229, 6, 40.749003, alpha='2.730974220840239e-05',eta0='0.0001108728123540692'
