{
  "mean_cost": 0.24186911504009811,
  "finished_ta_runs": 1,
  "inc_changed": 1,
  "n_configs": 1,
  "submitted_ta_runs": 1,
  "ta_time_used": 0.8643748760223389,
  "wallclock_time_used": 0.8663060665130615
}