{"cpu_time": 0.0, "wallclock_time": 4.7206878662109375e-05, "evaluations": 0, "cost": 2147483648.0, "incumbent": {"colsample_bytree": 1.0, "eta": 0.3, "max_depth": 10, "reg_lambda": 1.0}, "budget": 0, "origin": "Default"}
{"cpu_time": 0.18725299835205078, "wallclock_time": 0.18793916702270508, "evaluations": 1, "cost": 0.1417, "incumbent": {"colsample_bytree": 1.0, "eta": 0.3, "max_depth": 10, "reg_lambda": 1.0}, "budget": 0, "origin": "Default"}
{"cpu_time": 1.6093478202819824, "wallclock_time": 1.617894172668457, "evaluations": 10, "cost": 0.133, "incumbent": {"colsample_bytree": 0.9735460407805239, "eta": 0.3678418820983057, "max_depth": 10, "reg_lambda": 21.683858388188526}, "budget": 0, "origin": "Random Search"}
{"cpu_time": 2.113142251968384, "wallclock_time": 2.127944231033325, "evaluations": 16, "cost": 0.1268, "incumbent": {"colsample_bytree": 0.3872468445962388, "eta": 0.005990018618297519, "max_depth": 4, "reg_lambda": 0.02787815770602151}, "budget": 0, "origin": "Random Search"}
{"cpu_time": 2.7864830493927, "wallclock_time": 2.8093743324279785, "evaluations": 23, "cost": 0.1231, "incumbent": {"colsample_bytree": 0.7165704774557743, "eta": 0.002539105117585464, "max_depth": 4, "reg_lambda": 0.09259999660241393}, "budget": 0, "origin": "Random Search"}
{"cpu_time": 5.800994873046875, "wallclock_time": 5.902964353561401, "evaluations": 66, "cost": 0.1218, "incumbent": {"colsample_bytree": 0.6870888899483487, "eta": 0.08569629076883856, "max_depth": 4, "reg_lambda": 0.21952102504182694}, "budget": 0, "origin": "Random Search"}
{"cpu_time": 6.4210686683654785, "wallclock_time": 6.548007249832153, "evaluations": 77, "cost": 0.1101, "incumbent": {"colsample_bytree": 0.6849152907157651, "eta": 0.40066086860194444, "max_depth": 1, "reg_lambda": 0.1430222602751093}, "budget": 0, "origin": "Random Search"}
{"cpu_time": 22.490864038467407, "wallclock_time": 24.194722175598145, "evaluations": 334, "cost": 0.1078, "incumbent": {"colsample_bytree": 0.20987001316200285, "eta": 0.04836153283964665, "max_depth": 4, "reg_lambda": 0.004756185415780138}, "budget": 0, "origin": "Random Search"}
