"CPU Time Used","Estimated Training Performance","Wallclock Time","Incumbent ID","Automatic Configurator (CPU) Time","Configuration..."
0.000000, 2147483648.000000, 0.001514, 1, 0.001514, colsample_bytree='0.569966175314039',eta='0.009556882986489993',max_depth='3',reg_lambda='0.0020776820882921045'
0.021011, 0.464200, 0.023560, 1, 0.002549, colsample_bytree='0.569966175314039',eta='0.009556882986489993',max_depth='3',reg_lambda='0.0020776820882921045'
0.136465, 0.312100, 0.147345, 2, 0.010880, colsample_bytree='0.7997161545790732',eta='0.8167090504942917',max_depth='1',reg_lambda='7.369638786139326'
0.932876, 0.311300, 2.546997, 3, 1.614121, colsample_bytree='0.8635698363636668',eta='0.80894873533749',max_depth='1',reg_lambda='107.23385299500673'
1.215921, 0.300500, 9.253343, 4, 8.037422, colsample_bytree='0.8505467583544997',eta='0.8072519587030283',max_depth='1',reg_lambda='45.248482520861444'
2.914803, 0.298500, 54.515112, 5, 51.600309, colsample_bytree='0.9631046871639828',eta='0.8073592929676277',max_depth='1',reg_lambda='35.24760275172402'
