"CPU Time Used","Estimated Training Performance","Wallclock Time","Incumbent ID","Automatic Configurator (CPU) Time","Configuration..."
0.000000, 2147483648.000000, 0.000582, 1, 0.000582, alpha='0.0040824718253228975',eta0='0.00044195488125554607'
0.178996, 0.500000, 0.180832, 1, 0.001836, alpha='0.0040824718253228975',eta0='0.00044195488125554607'
0.604477, 0.503200, 0.611691, 2, 0.007214, alpha='2.1186147948258377e-05',eta0='8.558614272324676e-05'
1.078826, 0.491100, 1.091941, 3, 0.013115, alpha='0.6105520835543378',eta0='0.2273756405249259'
4.233275, 0.482700, 7.452669, 4, 3.219394, alpha='0.53843044261845',eta0='0.16887891973047078'
9.138008, 0.482000, 24.738157, 5, 15.600149, alpha='0.5445467274556026',eta0='0.16917438988023423'
12.152762, 0.476900, 38.416457, 6, 26.263695, alpha='0.5507946542620339',eta0='0.16874627238848547'
19.217103, 0.476300, 71.814141, 7, 52.597037, alpha='0.5499706852179207',eta0='0.16865349138411417'
19.544973, 0.474800, 72.168232, 8, 52.623259, alpha='0.5505879821987734',eta0='0.1687494626257228'
