{
  "mean_cost": 0.31634394182103487,
  "finished_ta_runs": 196,
  "inc_changed": 6,
  "n_configs": 123,
  "submitted_ta_runs": 196,
  "ta_time_used": 8.898220300674438,
  "wallclock_time_used": 60.92616820335388,
  "dataset_id": 37
}