{
  "mean_cost": 0.48218722729624264,
  "finished_ta_runs": 300,
  "inc_changed": 2,
  "n_configs": 114,
  "submitted_ta_runs": 300,
  "ta_time_used": 6.344113349914551,
  "wallclock_time_used": 40.89468598365784,
  "dataset_id": 31,
  "perf_time": 40.90901408300124
}