{
  "mean_cost": 0.45668591754207216,
  "finished_ta_runs": 300,
  "inc_changed": 2,
  "n_configs": 185,
  "submitted_ta_runs": 300,
  "ta_time_used": 56.61114740371704,
  "wallclock_time_used": 115.00373125076294,
  "dataset_id": 167141,
  "perf_time": 115.03027370799828
}