"CPU Time Used","Estimated Training Performance","Wallclock Time","Incumbent ID","Automatic Configurator (CPU) Time","Configuration..."
0.000000, 2147483648.000000, 0.001421, 1, 0.001421, colsample_bytree='0.569966175314039',eta='0.009556882986489993',max_depth='3',reg_lambda='0.0020776820882921045'
2.166843, 0.677700, 2.169218, 1, 0.002375, colsample_bytree='0.569966175314039',eta='0.009556882986489993',max_depth='3',reg_lambda='0.0020776820882921045'
24.731956, 0.532700, 24.739769, 2, 0.007812, colsample_bytree='0.3878000834956765',eta='0.004721681612948408',max_depth='10',reg_lambda='0.09654112415362535'
63.023329, 0.523800, 63.035111, 3, 0.011782, colsample_bytree='1.0',eta='0.3',max_depth='10',reg_lambda='1.0'
274.600331, 0.512900, 275.752084, 4, 1.151753, colsample_bytree='0.8089364055662055',eta='0.35022209972423696',max_depth='9',reg_lambda='0.11059803557650592'
708.351475, 0.512400, 729.728441, 5, 21.376966, colsample_bytree='0.24759125351467218',eta='0.8516874197249215',max_depth='7',reg_lambda='30.26434731026538'
756.822525, 0.505300, 779.227218, 6, 22.404693, colsample_bytree='0.4991544728992954',eta='0.42453122708390867',max_depth='9',reg_lambda='23.218812062362158'
