{"cpu_time": 0.0, "wallclock_time": 0.0015959739685058594, "evaluations": 0, "cost": 2147483648.0, "incumbent": ["max_depth='2'", "max_features='0.4491682695224881'", "min_samples_leaf='1'", "min_samples_split='4'"], "origin": "Sobol"}
{"cpu_time": 0.07134699821472168, "wallclock_time": 0.0739431381225586, "evaluations": 1, "cost": 0.4864, "incumbent": ["max_depth='2'", "max_features='0.4491682695224881'", "min_samples_leaf='1'", "min_samples_split='4'"], "origin": "Sobol"}
{"cpu_time": 0.29884910583496094, "wallclock_time": 0.304166316986084, "evaluations": 4, "cost": 0.3934, "incumbent": ["max_depth='17'", "max_features='0.6137791713699698'", "min_samples_leaf='16'", "min_samples_split='18'"], "origin": "Sobol"}
{"cpu_time": 0.4555668830871582, "wallclock_time": 0.4626760482788086, "evaluations": 6, "cost": 0.3551, "incumbent": ["max_depth='10'", "max_features='0.5'", "min_samples_leaf='1'", "min_samples_split='32'"], "origin": null}
{"cpu_time": 1.461730718612671, "wallclock_time": 1.480126142501831, "evaluations": 17, "cost": 0.3371, "incumbent": ["max_depth='7'", "max_features='0.8544756416231394'", "min_samples_leaf='3'", "min_samples_split='9'"], "origin": "Sobol"}
{"cpu_time": 3.4231011867523193, "wallclock_time": 3.475353240966797, "evaluations": 41, "cost": 0.3255, "incumbent": ["max_depth='46'", "max_features='0.7485423665493727'", "min_samples_leaf='1'", "min_samples_split='7'"], "origin": "Sobol"}
{"cpu_time": 5.808325290679932, "wallclock_time": 7.046911001205444, "evaluations": 65, "cost": 0.3183, "incumbent": ["max_depth='47'", "max_features='0.755895519793846'", "min_samples_leaf='1'", "min_samples_split='3'"], "origin": "Local Search"}
{"cpu_time": 8.845957279205322, "wallclock_time": 14.755972146987915, "evaluations": 90, "cost": 0.3172, "incumbent": ["max_depth='45'", "max_features='0.7938977766922608'", "min_samples_leaf='1'", "min_samples_split='5'"], "origin": "Local Search"}
{"cpu_time": 10.393706798553467, "wallclock_time": 18.15752601623535, "evaluations": 102, "cost": 0.3162, "incumbent": ["max_depth='50'", "max_features='0.8744070859680823'", "min_samples_leaf='1'", "min_samples_split='2'"], "origin": "Local Search"}
{"cpu_time": 12.152406930923462, "wallclock_time": 22.248494148254395, "evaluations": 116, "cost": 0.3134, "incumbent": ["max_depth='33'", "max_features='0.841944204427951'", "min_samples_leaf='1'", "min_samples_split='2'"], "origin": "Local Search"}
{"cpu_time": 14.11338210105896, "wallclock_time": 27.265924215316772, "evaluations": 131, "cost": 0.3084, "incumbent": ["max_depth='50'", "max_features='0.8576155362886793'", "min_samples_leaf='1'", "min_samples_split='2'"], "origin": "Local Search"}
