{"cpu_time": 0.0, "wallclock_time": 0.0015537738800048828, "evaluations": 0, "cost": 2147483648.0, "incumbent": ["max_depth='2'", "max_features='0.4491682695224881'", "min_samples_leaf='1'", "min_samples_split='4'"], "origin": "Sobol"}
{"cpu_time": 0.06867313385009766, "wallclock_time": 0.0710439682006836, "evaluations": 1, "cost": 0.1538, "incumbent": ["max_depth='2'", "max_features='0.4491682695224881'", "min_samples_leaf='1'", "min_samples_split='4'"], "origin": "Sobol"}
{"cpu_time": 0.45056700706481934, "wallclock_time": 0.45763707160949707, "evaluations": 7, "cost": 0.1615, "incumbent": ["max_depth='9'", "max_features='0.10657401569187641'", "min_samples_leaf='8'", "min_samples_split='6'"], "origin": "Sobol"}
{"cpu_time": 0.6681900024414062, "wallclock_time": 0.6777949333190918, "evaluations": 10, "cost": 0.1614, "incumbent": ["max_depth='10'", "max_features='0.5'", "min_samples_leaf='1'", "min_samples_split='32'"], "origin": null}
{"cpu_time": 3.3967669010162354, "wallclock_time": 3.4520580768585205, "evaluations": 48, "cost": 0.1545, "incumbent": ["max_depth='14'", "max_features='0.2730943579226732'", "min_samples_leaf='5'", "min_samples_split='62'"], "origin": "Sobol"}
{"cpu_time": 5.627410173416138, "wallclock_time": 5.740118980407715, "evaluations": 80, "cost": 0.145, "incumbent": ["max_depth='49'", "max_features='0.1956446198746562'", "min_samples_leaf='7'", "min_samples_split='2'"], "origin": "Sobol"}
{"cpu_time": 6.116227626800537, "wallclock_time": 7.212579965591431, "evaluations": 87, "cost": 0.1436, "incumbent": ["max_depth='49'", "max_features='0.21779962971635972'", "min_samples_leaf='8'", "min_samples_split='6'"], "origin": "Local Search"}
{"cpu_time": 10.996845483779907, "wallclock_time": 29.63269805908203, "evaluations": 156, "cost": 0.132, "incumbent": ["max_depth='44'", "max_features='0.11388010114301428'", "min_samples_leaf='3'", "min_samples_split='2'"], "origin": "Random Search"}
