{"cpu_time": 0.0, "wallclock_time": 3.790855407714844e-05, "evaluations": 0, "cost": 2147483648.0, "incumbent": ["alpha='0.001'", "eta0='0.01'"], "origin": "Default"}
{"cpu_time": 0.0970458984375, "wallclock_time": 0.09819197654724121, "evaluations": 1, "cost": 0.351, "incumbent": ["alpha='0.001'", "eta0='0.01'"], "origin": "Default"}
