"CPU Time Used","Estimated Training Performance","Wallclock Time","Incumbent ID","Automatic Configurator (CPU) Time","Configuration..."
0.000000, 2147483648.000000, 0.000528, 1, 0.000528, C='1.3600811985592882',gamma='0.09352602871548096'
0.166916, 0.860700, 0.168127, 1, 0.001211, C='1.3600811985592882',gamma='0.09352602871548096'
1.591071, 0.019900, 1.602316, 2, 0.011245, C='102.59827344587585',gamma='0.0039228031036218506'
4.046011, 0.015600, 4.081533, 3, 0.035522, C='4.729862452035014',gamma='0.0020153549174183696'
