{"cpu_time": 0.0, "wallclock_time": 0.00146484375, "evaluations": 0, "cost": 2147483648.0, "incumbent": {"colsample_bytree": 0.569966175314039, "eta": 0.009556882986489993, "max_depth": 3, "reg_lambda": 0.0020776820882921045}, "budget": 0, "origin": "Sobol"}
{"cpu_time": 2.2165350914001465, "wallclock_time": 2.219144821166992, "evaluations": 1, "cost": 0.1892, "incumbent": {"colsample_bytree": 0.569966175314039, "eta": 0.009556882986489993, "max_depth": 3, "reg_lambda": 0.0020776820882921045}, "budget": 0, "origin": "Sobol"}
{"cpu_time": 19.735084533691406, "wallclock_time": 19.74647879600525, "evaluations": 7, "cost": 0.0873, "incumbent": {"colsample_bytree": 0.3878000834956765, "eta": 0.004721681612948408, "max_depth": 10, "reg_lambda": 0.09654112415362535}, "budget": 0, "origin": "Sobol"}
{"cpu_time": 54.81346845626831, "wallclock_time": 54.8443078994751, "evaluations": 18, "cost": 0.0816, "incumbent": {"colsample_bytree": 0.5071276918053628, "eta": 0.18054041228993647, "max_depth": 4, "reg_lambda": 0.7014077911957106}, "budget": 0, "origin": "Sobol"}
{"cpu_time": 91.6239287853241, "wallclock_time": 91.68243789672852, "evaluations": 31, "cost": 0.0779, "incumbent": {"colsample_bytree": 0.2573687224648893, "eta": 0.6313084526826623, "max_depth": 6, "reg_lambda": 4.454046125229204}, "budget": 0, "origin": "Sobol"}
{"cpu_time": 153.51076865196228, "wallclock_time": 153.6534388065338, "evaluations": 60, "cost": 0.0764, "incumbent": {"colsample_bytree": 0.1936281332746148, "eta": 0.01073664020918446, "max_depth": 6, "reg_lambda": 0.21345224923911993}, "budget": 0, "origin": "Sobol"}
{"cpu_time": 213.14502716064453, "wallclock_time": 216.62558269500732, "evaluations": 86, "cost": 0.0645, "incumbent": {"colsample_bytree": 0.1874541850703533, "eta": 0.03871822738141565, "max_depth": 7, "reg_lambda": 0.18372733973598718}, "budget": 0, "origin": "Local Search"}
{"cpu_time": 224.25241684913635, "wallclock_time": 229.0323667526245, "evaluations": 95, "cost": 0.0595, "incumbent": {"colsample_bytree": 0.10093446977054782, "eta": 0.023765140305037905, "max_depth": 8, "reg_lambda": 0.1396529075461216}, "budget": 0, "origin": "Local Search"}
{"cpu_time": 269.0593078136444, "wallclock_time": 283.0084149837494, "evaluations": 124, "cost": 0.0589, "incumbent": {"colsample_bytree": 0.12306881460625618, "eta": 0.03556702437688639, "max_depth": 8, "reg_lambda": 0.002943638007461526}, "budget": 0, "origin": "Local Search"}
{"cpu_time": 341.9497621059418, "wallclock_time": 367.26412177085876, "evaluations": 167, "cost": 0.0582, "incumbent": {"colsample_bytree": 0.10119744992628911, "eta": 0.05788343110372613, "max_depth": 6, "reg_lambda": 0.08146797305271793}, "budget": 0, "origin": "Local Search"}
{"cpu_time": 446.73652696609497, "wallclock_time": 495.78454780578613, "evaluations": 233, "cost": 0.0574, "incumbent": {"colsample_bytree": 0.10089588108824575, "eta": 0.05797713283589415, "max_depth": 6, "reg_lambda": 0.07173413226879896}, "budget": 0, "origin": "Local Search"}
