"CPU Time Used","Estimated Training Performance","Wallclock Time","Incumbent ID","Automatic Configurator (CPU) Time","Configuration..."
0.000000, 2147483648.000000, 0.000036, 1, 0.000036, alpha='0.001',eta0='0.01'
0.075937, 0.372700, 0.076587, 1, 0.000650, alpha='0.001',eta0='0.01'
0.624880, 0.380600, 0.631113, 2, 0.006233, alpha='0.181986542229818',eta0='0.0022107949138319687'
28.797555, 0.357500, 30.682440, 3, 1.884885, alpha='0.056531651640057586',eta0='0.006279548659407197'
