"CPU Time Used","Estimated Training Performance","Wallclock Time","Incumbent ID","Automatic Configurator (CPU) Time","Configuration..."
0.000000, 2147483648.000000, 0.000562, 1, 0.000562, C='0.017961675793542162',gamma='0.9046232030638993'
0.038478, 0.750000, 0.039807, 1, 0.001329, C='0.017961675793542162',gamma='0.9046232030638993'
0.189899, 0.104600, 0.193566, 2, 0.003667, C='61.71933670840937',gamma='1.0864412265106145'
0.643912, 0.040300, 0.665666, 3, 0.021754, C='198.6613474689375',gamma='0.09318781769031856'
1.946455, 0.036700, 5.230809, 4, 3.284354, C='199.12997035711803',gamma='0.10489779771947563'
2.099608, 0.029500, 5.658201, 5, 3.558594, C='199.12997035711803',gamma='0.32121407175086636'
