"CPU Time Used","Estimated Training Performance","Wallclock Time","Incumbent ID","Automatic Configurator (CPU) Time","Configuration..."
0.000000, 2147483648.000000, 0.001614, 1, 0.001614, colsample_bytree='0.3908073678612709',eta='0.02197006114591668',max_depth='1',reg_lambda='0.025956378731779545'
0.040088, 0.287500, 0.042835, 1, 0.002747, colsample_bytree='0.3908073678612709',eta='0.02197006114591668',max_depth='1',reg_lambda='0.025956378731779545'
0.401076, 0.061200, 0.406626, 2, 0.005550, colsample_bytree='0.7864414579235017',eta='0.06876373473778273',max_depth='5',reg_lambda='2.180661802430785'
10.953261, 0.060600, 24.768650, 3, 13.815389, colsample_bytree='0.9921439455488527',eta='0.0055209202290218',max_depth='7',reg_lambda='0.0923416553485559'
13.462132, 0.060400, 30.900790, 4, 17.438658, colsample_bytree='0.9977591961800444',eta='0.005560708470878621',max_depth='7',reg_lambda='0.033894762689288004'
14.741766, 0.060000, 32.195398, 5, 17.453631, colsample_bytree='0.9974074070038148',eta='0.005585543530378027',max_depth='9',reg_lambda='0.02994794814506187'
23.223370, 0.059800, 51.149760, 6, 27.926390, colsample_bytree='0.9975297047196514',eta='0.006311405262426278',max_depth='9',reg_lambda='0.005126652974034533'
