"CPU Time Used","Estimated Training Performance","Wallclock Time","Incumbent ID","Automatic Configurator (CPU) Time","Configuration..."
0.000000, 2147483648.000000, 0.000708, 1, 0.000708, alpha='0.0004126639093412234',eta0='0.0017613324954003418'
0.034755, 0.292500, 0.036369, 1, 0.001614, alpha='0.0004126639093412234',eta0='0.0017613324954003418'
0.738437, 0.278200, 0.763784, 2, 0.025347, alpha='2.6979332069179497e-05',eta0='0.03342560639959951'
1.321024, 0.259200, 1.371839, 3, 0.050815, alpha='0.0003176176432525431',eta0='6.415790095453975e-05'
5.212369, 0.259100, 28.439262, 4, 23.226893, alpha='7.587819751708279e-05',eta0='6.413358330873563e-05'
