{"cpu_time": 0.0, "wallclock_time": 0.0015859603881835938, "evaluations": 0, "cost": 2147483648.0, "incumbent": {"max_depth": 2, "max_features": 0.4491682695224881, "min_samples_leaf": 1, "min_samples_split": 4}, "budget": 0, "origin": "Sobol"}
{"cpu_time": 0.07304215431213379, "wallclock_time": 0.07558012008666992, "evaluations": 1, "cost": 0.75, "incumbent": {"max_depth": 2, "max_features": 0.4491682695224881, "min_samples_leaf": 1, "min_samples_split": 4}, "budget": 0, "origin": "Sobol"}
{"cpu_time": 0.29561281204223633, "wallclock_time": 0.3008100986480713, "evaluations": 4, "cost": 0.141, "incumbent": {"max_depth": 17, "max_features": 0.6137791713699698, "min_samples_leaf": 16, "min_samples_split": 18}, "budget": 0, "origin": "Sobol"}
{"cpu_time": 1.2993144989013672, "wallclock_time": 1.3175621032714844, "evaluations": 17, "cost": 0.1053, "incumbent": {"max_depth": 7, "max_features": 0.8544756416231394, "min_samples_leaf": 3, "min_samples_split": 9}, "budget": 0, "origin": "Sobol"}
{"cpu_time": 3.296565532684326, "wallclock_time": 3.3525171279907227, "evaluations": 44, "cost": 0.0917, "incumbent": {"max_depth": 46, "max_features": 0.7485423665493727, "min_samples_leaf": 1, "min_samples_split": 7}, "budget": 0, "origin": "Sobol"}
{"cpu_time": 7.437159061431885, "wallclock_time": 23.827253103256226, "evaluations": 94, "cost": 0.0903, "incumbent": {"max_depth": 13, "max_features": 0.8213917690320938, "min_samples_leaf": 2, "min_samples_split": 4}, "budget": 0, "origin": "Local Search"}
{"cpu_time": 7.868646144866943, "wallclock_time": 24.272138118743896, "evaluations": 99, "cost": 0.0869, "incumbent": {"max_depth": 46, "max_features": 0.8136724941667914, "min_samples_leaf": 1, "min_samples_split": 4}, "budget": 0, "origin": "Local Search"}
