{"cpu_time": 0.0, "wallclock_time": 0.0015099048614501953, "evaluations": 0, "cost": 2147483648.0, "incumbent": ["colsample_bytree='0.569966175314039'", "eta='0.009556882986489993'", "max_depth='3'", "reg_lambda='0.0020776820882921045'"], "origin": "Sobol"}
{"cpu_time": 3.2861440181732178, "wallclock_time": 3.2889997959136963, "evaluations": 1, "cost": 0.0843, "incumbent": ["colsample_bytree='0.569966175314039'", "eta='0.009556882986489993'", "max_depth='3'", "reg_lambda='0.0020776820882921045'"], "origin": "Sobol"}
{"cpu_time": 26.694148540496826, "wallclock_time": 26.70266079902649, "evaluations": 7, "cost": 0.025, "incumbent": ["colsample_bytree='0.3878000834956765'", "eta='0.004721681612948408'", "max_depth='10'", "reg_lambda='0.09654112415362535'"], "origin": "Sobol"}
{"cpu_time": 185.12627291679382, "wallclock_time": 186.2439727783203, "evaluations": 55, "cost": 0.0237, "incumbent": ["colsample_bytree='0.4452429846898387'", "eta='0.0046985860742388115'", "max_depth='10'", "reg_lambda='0.1048799140166271'"], "origin": "Local Search"}
{"cpu_time": 266.4249017238617, "wallclock_time": 272.5563290119171, "evaluations": 75, "cost": 0.0232, "incumbent": ["colsample_bytree='0.2524105499159113'", "eta='0.4902239156499454'", "max_depth='3'", "reg_lambda='0.46474477719672497'"], "origin": "Random Search"}
{"cpu_time": 292.5183265209198, "wallclock_time": 304.8119637966156, "evaluations": 92, "cost": 0.0217, "incumbent": ["colsample_bytree='0.24633944810779046'", "eta='0.46292361663256654'", "max_depth='3'", "reg_lambda='0.5407300654530006'"], "origin": "Local Search"}
{"cpu_time": 302.14521837234497, "wallclock_time": 317.3242349624634, "evaluations": 101, "cost": 0.0208, "incumbent": ["colsample_bytree='0.24927743054625168'", "eta='0.35499977249294407'", "max_depth='3'", "reg_lambda='0.5697339614694054'"], "origin": "Local Search"}
{"cpu_time": 331.2229497432709, "wallclock_time": 351.5622909069061, "evaluations": 121, "cost": 0.0208, "incumbent": ["colsample_bytree='0.3220912278955662'", "eta='0.3558961851170666'", "max_depth='4'", "reg_lambda='0.026427809792482933'"], "origin": "Local Search"}
{"cpu_time": 338.5212662220001, "wallclock_time": 358.87657499313354, "evaluations": 126, "cost": 0.0196, "incumbent": ["colsample_bytree='0.32030571053661405'", "eta='0.3553682773973608'", "max_depth='4'", "reg_lambda='0.019530724607692222'"], "origin": "Local Search"}
{"cpu_time": 512.3197493553162, "wallclock_time": 612.3337109088898, "evaluations": 238, "cost": 0.0196, "incumbent": ["colsample_bytree='0.3211186807123507'", "eta='0.3553682773973608'", "max_depth='4'", "reg_lambda='0.0195203635030984'"], "origin": "Local Search"}
