"CPU Time Used","Estimated Training Performance","Wallclock Time","Incumbent ID","Automatic Configurator (CPU) Time","Configuration..."
0.000000, 2147483648.000000, 0.000045, 1, 0.000045, colsample_bytree='1.0',eta='0.3',max_depth='10',reg_lambda='1.0'
4.806895, 0.029600, 4.807654, 1, 0.000759, colsample_bytree='1.0',eta='0.3',max_depth='10',reg_lambda='1.0'
70.127700, 0.025200, 70.144821, 2, 0.017122, colsample_bytree='0.42779910928331233',eta='0.13140302375308188',max_depth='4',reg_lambda='1.351829952028138'
130.382823, 0.023500, 130.460150, 3, 0.077327, colsample_bytree='0.7281455251521137',eta='0.559464917920047',max_depth='2',reg_lambda='0.027378339754216968'
365.984940, 0.022100, 366.419536, 4, 0.434596, colsample_bytree='0.10238241331838784',eta='0.3485460050602732',max_depth='5',reg_lambda='0.03780442820818932'
517.072721, 0.021400, 517.832662, 5, 0.759941, colsample_bytree='0.1586822293244168',eta='0.4312185746271999',max_depth='5',reg_lambda='0.23516027177426213'
772.937302, 0.021400, 774.459614, 6, 1.522312, colsample_bytree='0.28586775752200305',eta='0.29108987851591667',max_depth='6',reg_lambda='0.002118614155434574'
921.120112, 0.020500, 923.331458, 7, 2.211346, colsample_bytree='0.2684044305792147',eta='0.07904543587422698',max_depth='7',reg_lambda='0.0022309274418271636'
