{"cpu_time": 0.0, "wallclock_time": 0.0014941692352294922, "evaluations": 0, "cost": 2147483648.0, "incumbent": ["max_depth='2'", "max_features='0.4491682695224881'", "min_samples_leaf='1'", "min_samples_split='4'"], "origin": "Sobol"}
{"cpu_time": 0.20798778533935547, "wallclock_time": 0.2107541561126709, "evaluations": 1, "cost": 0.3207, "incumbent": ["max_depth='2'", "max_features='0.4491682695224881'", "min_samples_leaf='1'", "min_samples_split='4'"], "origin": "Sobol"}
{"cpu_time": 1.7594780921936035, "wallclock_time": 1.7646458148956299, "evaluations": 4, "cost": 0.0245, "incumbent": ["max_depth='17'", "max_features='0.6137791713699698'", "min_samples_leaf='16'", "min_samples_split='18'"], "origin": "Sobol"}
{"cpu_time": 10.931434154510498, "wallclock_time": 10.949504137039185, "evaluations": 17, "cost": 0.0159, "incumbent": ["max_depth='7'", "max_features='0.8544756416231394'", "min_samples_leaf='3'", "min_samples_split='9'"], "origin": "Sobol"}
{"cpu_time": 20.035321712493896, "wallclock_time": 20.06688904762268, "evaluations": 28, "cost": 0.0127, "incumbent": ["max_depth='30'", "max_features='0.8789303731173277'", "min_samples_leaf='9'", "min_samples_split='48'"], "origin": "Sobol"}
{"cpu_time": 30.88386607170105, "wallclock_time": 30.946275234222412, "evaluations": 48, "cost": 0.0071, "incumbent": ["max_depth='46'", "max_features='0.7485423665493727'", "min_samples_leaf='1'", "min_samples_split='7'"], "origin": "Sobol"}
{"cpu_time": 52.149754762649536, "wallclock_time": 55.000585079193115, "evaluations": 73, "cost": 0.0064, "incumbent": ["max_depth='45'", "max_features='0.990675989466609'", "min_samples_leaf='3'", "min_samples_split='6'"], "origin": "Local Search"}
{"cpu_time": 67.10508227348328, "wallclock_time": 71.1178560256958, "evaluations": 83, "cost": 0.0044, "incumbent": ["max_depth='46'", "max_features='0.9765240985612866'", "min_samples_leaf='1'", "min_samples_split='4'"], "origin": "Local Search"}
