{
  "mean_cost": 0.17111026942900007,
  "finished_ta_runs": 300,
  "inc_changed": 9,
  "n_configs": 102,
  "submitted_ta_runs": 300,
  "ta_time_used": 18.783276081085205,
  "wallclock_time_used": 42.8328218460083,
  "dataset_id": 14,
  "perf_time": 42.846156667001196
}