{
  "mean_cost": 0.20367585882984435,
  "finished_ta_runs": 300,
  "inc_changed": 7,
  "n_configs": 182,
  "submitted_ta_runs": 300,
  "ta_time_used": 18.68138837814331,
  "wallclock_time_used": 182.92340803146362,
  "dataset_id": 14954,
  "perf_time": 182.93351308300043
}