"CPU Time Used","Estimated Training Performance","Wallclock Time","Incumbent ID","Automatic Configurator (CPU) Time","Configuration..."
0.000000, 2147483648.000000, 0.000566, 1, 0.000566, C='0.017961675793542162',gamma='0.9046232030638993'
0.431621, 0.127800, 0.432931, 1, 0.001310, C='0.017961675793542162',gamma='0.9046232030638993'
1.025299, 0.004300, 1.030080, 2, 0.004781, C='61.71933670840937',gamma='1.0864412265106145'
4.329106, 0.002700, 4.348887, 3, 0.019781, C='198.6613474689375',gamma='0.09318781769031856'
14.903121, 0.002000, 16.980821, 4, 2.077700, C='195.4798287308907',gamma='0.22005351693052247'
