{"cpu_time": 0.0, "wallclock_time": 0.0014758110046386719, "evaluations": 0, "cost": 2147483648.0, "incumbent": {"colsample_bytree": 0.569966175314039, "eta": 0.009556882986489993, "max_depth": 3, "reg_lambda": 0.0020776820882921045}, "budget": 0, "origin": "Sobol"}
{"cpu_time": 0.14687061309814453, "wallclock_time": 0.14938902854919434, "evaluations": 1, "cost": 0.3514, "incumbent": {"colsample_bytree": 0.569966175314039, "eta": 0.009556882986489993, "max_depth": 3, "reg_lambda": 0.0020776820882921045}, "budget": 0, "origin": "Sobol"}
{"cpu_time": 1.2038319110870361, "wallclock_time": 1.2142939567565918, "evaluations": 10, "cost": 0.2742, "incumbent": {"colsample_bytree": 0.7997161545790732, "eta": 0.8167090504942917, "max_depth": 1, "reg_lambda": 7.369638786139326}, "budget": 0, "origin": "Sobol"}
{"cpu_time": 3.7374918460845947, "wallclock_time": 3.7517409324645996, "evaluations": 14, "cost": 0.1487, "incumbent": {"colsample_bytree": 1.0, "eta": 0.3, "max_depth": 10, "reg_lambda": 1.0}, "budget": 0, "origin": null}
{"cpu_time": 5.971936225891113, "wallclock_time": 5.996373891830444, "evaluations": 23, "cost": 0.1465, "incumbent": {"colsample_bytree": 0.6897349533624947, "eta": 0.11093751049628797, "max_depth": 5, "reg_lambda": 0.005625821167002132}, "budget": 0, "origin": "Sobol"}
{"cpu_time": 11.101097583770752, "wallclock_time": 11.161165714263916, "evaluations": 47, "cost": 0.1431, "incumbent": {"colsample_bytree": 0.9323523727245628, "eta": 0.2476536704910154, "max_depth": 9, "reg_lambda": 0.0035770621836229634}, "budget": 0, "origin": "Sobol"}
{"cpu_time": 13.663883924484253, "wallclock_time": 13.746748924255371, "evaluations": 59, "cost": 0.1423, "incumbent": {"colsample_bytree": 0.8084682528860867, "eta": 0.05027054478574182, "max_depth": 6, "reg_lambda": 0.12630572834813372}, "budget": 0, "origin": "Sobol"}
{"cpu_time": 47.74177932739258, "wallclock_time": 86.1413209438324, "evaluations": 151, "cost": 0.1415, "incumbent": {"colsample_bytree": 0.8061368955157039, "eta": 0.05545672448517583, "max_depth": 5, "reg_lambda": 0.12630572834813372}, "budget": 0, "origin": "Local Search"}
{"cpu_time": 50.11055874824524, "wallclock_time": 89.5856409072876, "evaluations": 157, "cost": 0.1406, "incumbent": {"colsample_bytree": 0.9223057565495112, "eta": 0.05054629933826583, "max_depth": 6, "reg_lambda": 0.12635232884271397}, "budget": 0, "origin": "Local Search"}
{"cpu_time": 55.35879564285278, "wallclock_time": 101.57787084579468, "evaluations": 170, "cost": 0.1404, "incumbent": {"colsample_bytree": 0.9223057565495112, "eta": 0.03651766938029242, "max_depth": 6, "reg_lambda": 0.12635232884271397}, "budget": 0, "origin": "Local Search"}
{"cpu_time": 57.40394425392151, "wallclock_time": 104.77568888664246, "evaluations": 176, "cost": 0.1394, "incumbent": {"colsample_bytree": 0.9219595529776922, "eta": 0.03481946998170898, "max_depth": 5, "reg_lambda": 0.12635232884271397}, "budget": 0, "origin": "Local Search"}
{"cpu_time": 70.25324869155884, "wallclock_time": 143.42302584648132, "evaluations": 215, "cost": 0.1383, "incumbent": {"colsample_bytree": 0.9219595529776922, "eta": 0.05168890035260498, "max_depth": 5, "reg_lambda": 0.12635232884271397}, "budget": 0, "origin": "Local Search"}
