"CPU Time Used","Estimated Training Performance","Wallclock Time","Incumbent ID","Automatic Configurator (CPU) Time","Configuration..."
0.000000, 2147483648.000000, 0.000225, 1, 0.000225, C='0.08611366210550205',gamma='0.4942679928374453'
0.009827, 0.337400, 0.010659, 1, 0.000832, C='0.08611366210550205',gamma='0.4942679928374453'
