{
  "mean_cost": 0.2861882269092726,
  "finished_ta_runs": 2,
  "inc_changed": 1,
  "n_configs": 1,
  "submitted_ta_runs": 2,
  "ta_time_used": 0.05719327926635742,
  "wallclock_time_used": 0.059005022048950195,
  "dataset_id": 29,
  "perf_time": 0.06998162500030958
}