{
  "mean_cost": 0.049255302534744416,
  "finished_ta_runs": 1,
  "inc_changed": 1,
  "n_configs": 1,
  "submitted_ta_runs": 1,
  "ta_time_used": 0.6825590133666992,
  "wallclock_time_used": 0.6864356994628906
}