{
  "mean_cost": 0.4299732526356677,
  "finished_ta_runs": 300,
  "inc_changed": 12,
  "n_configs": 186,
  "submitted_ta_runs": 300,
  "ta_time_used": 71.15925526618958,
  "wallclock_time_used": 139.7945511341095,
  "dataset_id": 9978,
  "perf_time": 139.8055206249992
}