{
  "mean_cost": 0.11740499208135007,
  "finished_ta_runs": 300,
  "inc_changed": 6,
  "n_configs": 241,
  "submitted_ta_runs": 300,
  "ta_time_used": 136.01016187667847,
  "wallclock_time_used": 227.63517212867737,
  "dataset_id": 45,
  "perf_time": 227.6445426250002
}