{
  "mean_cost": 0.4469352523223492,
  "finished_ta_runs": 300,
  "inc_changed": 1,
  "n_configs": 214,
  "submitted_ta_runs": 300,
  "ta_time_used": 9.937949180603027,
  "wallclock_time_used": 83.24206328392029,
  "dataset_id": 9971,
  "perf_time": 83.25510599999689
}