{
  "mean_cost": 0.14138649416427185,
  "finished_ta_runs": 1,
  "inc_changed": 1,
  "n_configs": 1,
  "submitted_ta_runs": 1,
  "ta_time_used": 0.2710292339324951,
  "wallclock_time_used": 0.2727489471435547
}