{
  "mean_cost": 0.03918650793650791,
  "finished_ta_runs": 2,
  "inc_changed": 1,
  "n_configs": 1,
  "submitted_ta_runs": 2,
  "ta_time_used": 2.4040791988372803,
  "wallclock_time_used": 2.406446933746338,
  "dataset_id": 146800,
  "perf_time": 2.4141745829999763
}