{
  "mean_cost": 0.20224698231158755,
  "finished_ta_runs": 300,
  "inc_changed": 5,
  "n_configs": 185,
  "submitted_ta_runs": 300,
  "ta_time_used": 125.56185793876648,
  "wallclock_time_used": 236.88337087631226,
  "dataset_id": 43,
  "perf_time": 236.90861808299815
}