{
  "mean_cost": 0.041742539280465014,
  "finished_ta_runs": 300,
  "inc_changed": 6,
  "n_configs": 118,
  "submitted_ta_runs": 300,
  "ta_time_used": 1950.1508483886719,
  "wallclock_time_used": 1979.878130197525,
  "dataset_id": 146824,
  "perf_time": 1979.8831702919997
}