{
  "mean_cost": 0.3121750981407844,
  "finished_ta_runs": 300,
  "inc_changed": 6,
  "n_configs": 113,
  "submitted_ta_runs": 300,
  "ta_time_used": 23.17041277885437,
  "wallclock_time_used": 59.5139582157135,
  "dataset_id": 10101,
  "perf_time": 59.52482362500086
}