{
  "mean_cost": 0.41749763553225655,
  "finished_ta_runs": 600,
  "inc_changed": 7,
  "n_configs": 562,
  "submitted_ta_runs": 600,
  "ta_time_used": 1091.7792773246765,
  "wallclock_time_used": 1098.5438549518585,
  "dataset_id": 14965,
  "perf_time": 1098.557237500001
}