{
  "mean_cost": 0.3721860683021232,
  "finished_ta_runs": 899,
  "inc_changed": 4,
  "n_configs": 791,
  "submitted_ta_runs": 899,
  "ta_time_used": 108.08835196495056,
  "wallclock_time_used": 120.11129403114319,
  "dataset_id": 11
}