{
  "mean_cost": 0.41853342626557655,
  "finished_ta_runs": 857,
  "inc_changed": 4,
  "n_configs": 819,
  "submitted_ta_runs": 857,
  "ta_time_used": 108.11511540412903,
  "wallclock_time_used": 120.01007986068726,
  "dataset_id": 3902
}