"CPU Time Used","Estimated Training Performance","Wallclock Time","Incumbent ID","Automatic Configurator (CPU) Time","Configuration..."
0.000000, 2147483648.000000, 0.000052, 1, 0.000052, colsample_bytree='1.0',eta='0.3',max_depth='10',reg_lambda='1.0'
1.202146, 0.041300, 1.202835, 1, 0.000689, colsample_bytree='1.0',eta='0.3',max_depth='10',reg_lambda='1.0'
10.963430, 0.038600, 10.972494, 2, 0.009064, colsample_bytree='0.9735460407805239',eta='0.3678418820983057',max_depth='10',reg_lambda='21.683858388188526'
17.372880, 0.037300, 17.401171, 3, 0.028291, colsample_bytree='0.2488155558599327',eta='0.08201490626432502',max_depth='5',reg_lambda='0.03918996312483979'
35.169858, 0.035500, 35.263489, 4, 0.093632, colsample_bytree='0.7130345733736171',eta='0.21282709731115626',max_depth='6',reg_lambda='0.0030099006283244942'
61.887233, 0.033900, 62.215257, 5, 0.328024, colsample_bytree='0.39375692855919475',eta='0.0887010639115652',max_depth='7',reg_lambda='12.224327088183047'
75.160676, 0.032900, 75.617648, 6, 0.456972, colsample_bytree='0.2873272872608813',eta='0.13250343794536046',max_depth='7',reg_lambda='6.596999427217838'
