"CPU Time Used","Estimated Training Performance","Wallclock Time","Incumbent ID","Automatic Configurator (CPU) Time","Configuration..."
0.000000, 2147483648.000000, 0.000569, 1, 0.000569, C='0.08611366210550205',gamma='0.4942679928374453'
0.012048, 0.500000, 0.013327, 1, 0.001279, C='0.08611366210550205',gamma='0.4942679928374453'
0.036625, 0.398100, 0.040022, 2, 0.003397, C='19.433598606658386',gamma='9.232350409327609'
0.050556, 0.050900, 0.055374, 3, 0.004818, C='1.0',gamma='0.1'
0.072377, 0.015100, 0.080070, 4, 0.007693, C='69.38389384208695',gamma='0.0015531477828170245'
