{
  "mean_cost": 0.03918650793650791,
  "finished_ta_runs": 2,
  "inc_changed": 1,
  "n_configs": 1,
  "submitted_ta_runs": 2,
  "ta_time_used": 2.3186161518096924,
  "wallclock_time_used": 2.3208491802215576,
  "dataset_id": 146800,
  "perf_time": 2.3276733750003586
}