{"cpu_time": 0.0, "wallclock_time": 0.0005848407745361328, "evaluations": 0, "cost": 2147483648.0, "incumbent": {"alpha": 0.00011227070295712931, "eta0": 0.0029096933833365197}, "budget": 0, "origin": "Sobol"}
{"cpu_time": 0.04596304893493652, "wallclock_time": 0.047296762466430664, "evaluations": 1, "cost": 0.4367, "incumbent": {"alpha": 0.00011227070295712931, "eta0": 0.0029096933833365197}, "budget": 0, "origin": "Sobol"}
{"cpu_time": 0.24550747871398926, "wallclock_time": 0.2513446807861328, "evaluations": 7, "cost": 0.399, "incumbent": {"alpha": 0.026542866188361353, "eta0": 8.075114966892127e-05}, "budget": 0, "origin": "Sobol"}
{"cpu_time": 1.7760558128356934, "wallclock_time": 3.8185677528381348, "evaluations": 54, "cost": 0.4064, "incumbent": {"alpha": 0.0018063060548787482, "eta0": 3.2866530958655976e-05}, "budget": 0, "origin": "Random Search (sorted)"}
{"cpu_time": 2.621964693069458, "wallclock_time": 6.529037714004517, "evaluations": 75, "cost": 0.3983, "incumbent": {"alpha": 0.00829685297549852, "eta0": 2.6121785350778946e-05}, "budget": 0, "origin": "Random Search"}
{"cpu_time": 3.055772542953491, "wallclock_time": 7.907115697860718, "evaluations": 86, "cost": 0.3983, "incumbent": {"alpha": 0.008328285121144488, "eta0": 2.5696960036476622e-05}, "budget": 0, "origin": "Random Search (sorted)"}
{"cpu_time": 3.243015766143799, "wallclock_time": 8.107302904129028, "evaluations": 91, "cost": 0.3974, "incumbent": {"alpha": 0.010758000049825005, "eta0": 2.5905421961703138e-05}, "budget": 0, "origin": "Random Search (sorted)"}
{"cpu_time": 9.863779306411743, "wallclock_time": 48.56494164466858, "evaluations": 263, "cost": 0.3973, "incumbent": {"alpha": 0.02772574991303449, "eta0": 2.5820360838998977e-05}, "budget": 0, "origin": "Local Search"}
