"CPU Time Used","Estimated Training Performance","Wallclock Time","Incumbent ID","Automatic Configurator (CPU) Time","Configuration..."
0.000000, 2147483648.000000, 0.000585, 1, 0.000585, alpha='0.00011227070295712931',eta0='0.0029096933833365197'
0.045963, 0.436700, 0.047297, 1, 0.001334, alpha='0.00011227070295712931',eta0='0.0029096933833365197'
0.245507, 0.399000, 0.251345, 2, 0.005837, alpha='0.026542866188361353',eta0='8.075114966892127e-05'
1.776056, 0.406400, 3.818568, 3, 2.042512, alpha='0.0018063060548787482',eta0='3.2866530958655976e-05'
2.621965, 0.398300, 6.529038, 4, 3.907073, alpha='0.00829685297549852',eta0='2.6121785350778946e-05'
3.055773, 0.398300, 7.907116, 5, 4.851343, alpha='0.008328285121144488',eta0='2.5696960036476622e-05'
3.243016, 0.397400, 8.107303, 6, 4.864287, alpha='0.010758000049825005',eta0='2.5905421961703138e-05'
9.863779, 0.397300, 48.564942, 7, 38.701162, alpha='0.02772574991303449',eta0='2.5820360838998977e-05'
