"CPU Time Used","Estimated Training Performance","Wallclock Time","Incumbent ID","Automatic Configurator (CPU) Time","Configuration..."
0.000000, 2147483648.000000, 0.000687, 1, 0.000687, C='0.08611366210550205',gamma='0.4942679928374453'
0.019685, 0.500000, 0.021396, 1, 0.001711, C='0.08611366210550205',gamma='0.4942679928374453'
0.145040, 0.478000, 0.152699, 2, 0.007659, C='69.38389384208695',gamma='0.0015531477828170245'
