{"cpu_time": 0.0, "wallclock_time": 0.0006871223449707031, "evaluations": 0, "cost": 2147483648.0, "incumbent": ["C='0.08611366210550205'", "gamma='0.4942679928374453'"], "origin": "Sobol"}
{"cpu_time": 0.019684791564941406, "wallclock_time": 0.02139592170715332, "evaluations": 1, "cost": 0.5, "incumbent": ["C='0.08611366210550205'", "gamma='0.4942679928374453'"], "origin": "Sobol"}
{"cpu_time": 0.14504027366638184, "wallclock_time": 0.15269899368286133, "evaluations": 8, "cost": 0.478, "incumbent": ["C='69.38389384208695'", "gamma='0.0015531477828170245'"], "origin": "Sobol"}
