{
  "mean_cost": 0.15836909736932617,
  "finished_ta_runs": 600,
  "inc_changed": 7,
  "n_configs": 516,
  "submitted_ta_runs": 600,
  "ta_time_used": 39.435718059539795,
  "wallclock_time_used": 44.637001276016235,
  "dataset_id": 9957,
  "perf_time": 44.6537597499846
}