{
  "mean_cost": 0.2951728435250062,
  "finished_ta_runs": 600,
  "inc_changed": 5,
  "n_configs": 574,
  "submitted_ta_runs": 600,
  "ta_time_used": 119.26361608505249,
  "wallclock_time_used": 124.90829014778137,
  "dataset_id": 146820,
  "perf_time": 124.92565408299924
}