{"cpu_time": 0.0, "wallclock_time": 4.291534423828125e-05, "evaluations": 0, "cost": 2147483648.0, "incumbent": {"colsample_bytree": 1.0, "eta": 0.3, "max_depth": 10, "reg_lambda": 1.0}, "budget": 0, "origin": "Default"}
{"cpu_time": 0.04701709747314453, "wallclock_time": 0.04770517349243164, "evaluations": 1, "cost": 0.0406, "incumbent": {"colsample_bytree": 1.0, "eta": 0.3, "max_depth": 10, "reg_lambda": 1.0}, "budget": 0, "origin": "Default"}
{"cpu_time": 0.13597750663757324, "wallclock_time": 0.13936305046081543, "evaluations": 4, "cost": 0.0397, "incumbent": {"colsample_bytree": 0.8787311974598232, "eta": 0.5789811375409207, "max_depth": 5, "reg_lambda": 0.0011373846877749554}, "budget": 0, "origin": "Random Search"}
{"cpu_time": 0.39864325523376465, "wallclock_time": 0.4084200859069824, "evaluations": 11, "cost": 0.0329, "incumbent": {"colsample_bytree": 0.944553396390592, "eta": 0.7771105186723747, "max_depth": 4, "reg_lambda": 6.037064981686672}, "budget": 0, "origin": "Random Search"}
{"cpu_time": 0.7161829471588135, "wallclock_time": 0.7377479076385498, "evaluations": 22, "cost": 0.0272, "incumbent": {"colsample_bytree": 0.1678519540894589, "eta": 0.17357689985074767, "max_depth": 8, "reg_lambda": 0.01954142554261534}, "budget": 0, "origin": "Random Search"}
{"cpu_time": 1.0819566249847412, "wallclock_time": 1.1189689636230469, "evaluations": 33, "cost": 0.0249, "incumbent": {"colsample_bytree": 0.7598355216694087, "eta": 0.2559408304244787, "max_depth": 1, "reg_lambda": 0.020661816810732182}, "budget": 0, "origin": "Random Search"}
{"cpu_time": 4.817716598510742, "wallclock_time": 5.211475849151611, "evaluations": 146, "cost": 0.0228, "incumbent": {"colsample_bytree": 0.500612511842804, "eta": 0.3220660243921437, "max_depth": 2, "reg_lambda": 0.046242864963762786}, "budget": 0, "origin": "Random Search"}
