{"cpu_time": 0.0, "wallclock_time": 0.0015711784362792969, "evaluations": 0, "cost": 2147483648.0, "incumbent": {"max_depth": 1, "max_features": 0.49276944529265165, "min_samples_leaf": 4, "min_samples_split": 9}, "budget": 0, "origin": "Sobol"}
{"cpu_time": 0.07576203346252441, "wallclock_time": 0.07827115058898926, "evaluations": 1, "cost": 0.5, "incumbent": {"max_depth": 1, "max_features": 0.49276944529265165, "min_samples_leaf": 4, "min_samples_split": 9}, "budget": 0, "origin": "Sobol"}
{"cpu_time": 0.2626760005950928, "wallclock_time": 0.26764702796936035, "evaluations": 4, "cost": 0.3932, "incumbent": {"max_depth": 22, "max_features": 0.502463330514729, "min_samples_leaf": 18, "min_samples_split": 83}, "budget": 0, "origin": "Sobol"}
{"cpu_time": 0.39678168296813965, "wallclock_time": 0.4033961296081543, "evaluations": 6, "cost": 0.3448, "incumbent": {"max_depth": 10, "max_features": 0.5, "min_samples_leaf": 1, "min_samples_split": 32}, "budget": 0, "origin": null}
{"cpu_time": 0.8751418590545654, "wallclock_time": 0.8886301517486572, "evaluations": 13, "cost": 0.3116, "incumbent": {"max_depth": 4, "max_features": 0.7575887208804488, "min_samples_leaf": 11, "min_samples_split": 22}, "budget": 0, "origin": "Sobol"}
{"cpu_time": 1.8728947639465332, "wallclock_time": 1.9046480655670166, "evaluations": 28, "cost": 0.2933, "incumbent": {"max_depth": 5, "max_features": 0.6957253441214561, "min_samples_leaf": 12, "min_samples_split": 11}, "budget": 0, "origin": "Sobol"}
{"cpu_time": 2.4908177852630615, "wallclock_time": 2.536506175994873, "evaluations": 37, "cost": 0.285, "incumbent": {"max_depth": 17, "max_features": 0.9866730123758316, "min_samples_leaf": 13, "min_samples_split": 6}, "budget": 0, "origin": "Sobol"}
{"cpu_time": 4.442476749420166, "wallclock_time": 5.580816268920898, "evaluations": 66, "cost": 0.2816, "incumbent": {"max_depth": 9, "max_features": 0.98926389217368, "min_samples_leaf": 14, "min_samples_split": 11}, "budget": 0, "origin": "Local Search"}
