{
  "mean_cost": 0.22632737935544558,
  "finished_ta_runs": 69,
  "inc_changed": 2,
  "n_configs": 59,
  "submitted_ta_runs": 69,
  "ta_time_used": 121.25097274780273,
  "wallclock_time_used": 121.43789172172546,
  "dataset_id": 7592
}