{
  "mean_cost": 0.303417415917416,
  "finished_ta_runs": 1,
  "inc_changed": 1,
  "n_configs": 1,
  "submitted_ta_runs": 1,
  "ta_time_used": 0.12565398216247559,
  "wallclock_time_used": 0.1271829605102539,
  "dataset_id": 146800,
  "perf_time": 0.13273837499991714
}