{"cpu_time": 0.0, "wallclock_time": 0.0015649795532226562, "evaluations": 0, "cost": 2147483648.0, "incumbent": ["max_depth='1'", "max_features='0.49276944529265165'", "min_samples_leaf='4'", "min_samples_split='9'"], "origin": "Sobol"}
{"cpu_time": 0.14127111434936523, "wallclock_time": 0.14376115798950195, "evaluations": 1, "cost": 0.3454, "incumbent": ["max_depth='1'", "max_features='0.49276944529265165'", "min_samples_leaf='4'", "min_samples_split='9'"], "origin": "Sobol"}
{"cpu_time": 0.9233031272888184, "wallclock_time": 0.9284379482269287, "evaluations": 4, "cost": 0.1993, "incumbent": ["max_depth='22'", "max_features='0.502463330514729'", "min_samples_leaf='18'", "min_samples_split='83'"], "origin": "Sobol"}
{"cpu_time": 1.7933557033538818, "wallclock_time": 1.8003859519958496, "evaluations": 6, "cost": 0.1736, "incumbent": ["max_depth='10'", "max_features='0.5'", "min_samples_leaf='1'", "min_samples_split='32'"], "origin": null}
{"cpu_time": 18.955575704574585, "wallclock_time": 19.00387716293335, "evaluations": 37, "cost": 0.166, "incumbent": ["max_depth='35'", "max_features='0.653578007593751'", "min_samples_leaf='3'", "min_samples_split='2'"], "origin": "Sobol"}
{"cpu_time": 36.95644569396973, "wallclock_time": 40.81332993507385, "evaluations": 68, "cost": 0.1637, "incumbent": ["max_depth='39'", "max_features='0.643336544094794'", "min_samples_leaf='1'", "min_samples_split='3'"], "origin": "Local Search"}
{"cpu_time": 47.80147194862366, "wallclock_time": 55.17261004447937, "evaluations": 82, "cost": 0.1615, "incumbent": ["max_depth='39'", "max_features='0.6440990557529856'", "min_samples_leaf='3'", "min_samples_split='2'"], "origin": "Local Search"}
{"cpu_time": 65.16326785087585, "wallclock_time": 77.64251589775085, "evaluations": 102, "cost": 0.1609, "incumbent": ["max_depth='46'", "max_features='0.6679670456385028'", "min_samples_leaf='1'", "min_samples_split='3'"], "origin": "Local Search"}
{"cpu_time": 239.92273879051208, "wallclock_time": 313.4474401473999, "evaluations": 299, "cost": 0.1581, "incumbent": ["max_depth='18'", "max_features='0.6654938682096909'", "min_samples_leaf='1'", "min_samples_split='3'"], "origin": "Local Search"}
