{
  "mean_cost": 0.037614861912778574,
  "finished_ta_runs": 300,
  "inc_changed": 5,
  "n_configs": 125,
  "submitted_ta_runs": 300,
  "ta_time_used": 23.82509422302246,
  "wallclock_time_used": 60.98527407646179,
  "dataset_id": 9946,
  "perf_time": 60.99750179100374
}