{
  "mean_cost": 0.3762978790756568,
  "finished_ta_runs": 1,
  "inc_changed": 1,
  "n_configs": 1,
  "submitted_ta_runs": 1,
  "ta_time_used": 0.03179287910461426,
  "wallclock_time_used": 0.033222198486328125,
  "dataset_id": 11,
  "perf_time": 0.038401750000048196
}