{
  "mean_cost": 0.20495528493264567,
  "finished_ta_runs": 300,
  "inc_changed": 8,
  "n_configs": 179,
  "submitted_ta_runs": 300,
  "ta_time_used": 661.2028341293335,
  "wallclock_time_used": 715.4238243103027,
  "dataset_id": 14,
  "perf_time": 715.450854958006
}