{"cpu_time": 0.0, "wallclock_time": 0.0005319118499755859, "evaluations": 0, "cost": 2147483648.0, "incumbent": ["alpha='0.0040824718253228975'", "eta0='0.00044195488125554607'"], "origin": "Sobol"}
{"cpu_time": 4.263014793395996, "wallclock_time": 4.26442289352417, "evaluations": 1, "cost": 0.0564, "incumbent": ["alpha='0.0040824718253228975'", "eta0='0.00044195488125554607'"], "origin": "Sobol"}
{"cpu_time": 17.08663272857666, "wallclock_time": 17.09055781364441, "evaluations": 4, "cost": 0.0328, "incumbent": ["alpha='0.0007534803600179209'", "eta0='0.01638324291048883'"], "origin": "Sobol"}
{"cpu_time": 76.98206067085266, "wallclock_time": 76.99908089637756, "evaluations": 18, "cost": 0.0334, "incumbent": ["alpha='0.000182884801566337'", "eta0='0.0008272593854647256'"], "origin": "Sobol"}
{"cpu_time": 124.13912105560303, "wallclock_time": 124.16899871826172, "evaluations": 29, "cost": 0.033, "incumbent": ["alpha='5.872228902171585e-05'", "eta0='0.00027724604623741747'"], "origin": "Sobol"}
{"cpu_time": 154.15118718147278, "wallclock_time": 154.19154715538025, "evaluations": 36, "cost": 0.0179, "incumbent": ["alpha='1.4230872500070733e-05'", "eta0='0.006316939148274451'"], "origin": "Sobol"}
{"cpu_time": 214.48948001861572, "wallclock_time": 215.6046278476715, "evaluations": 50, "cost": 0.0163, "incumbent": ["alpha='1.4202268493858945e-05'", "eta0='0.13190005045550257'"], "origin": "Random Search (sorted)"}
{"cpu_time": 240.25456595420837, "wallclock_time": 241.69390892982483, "evaluations": 56, "cost": 0.0156, "incumbent": ["alpha='1.4150026033919442e-05'", "eta0='0.08051471744764387'"], "origin": "Local Search"}
{"cpu_time": 308.9596300125122, "wallclock_time": 311.43266892433167, "evaluations": 72, "cost": 0.0153, "incumbent": ["alpha='1.4150026033919442e-05'", "eta0='0.0670683673022806'"], "origin": "Local Search"}
{"cpu_time": 441.753573179245, "wallclock_time": 446.7746798992157, "evaluations": 103, "cost": 0.0147, "incumbent": ["alpha='1.4144015272322656e-05'", "eta0='0.06277067137573272'"], "origin": "Local Search"}
{"cpu_time": 467.40782022476196, "wallclock_time": 472.8552050590515, "evaluations": 109, "cost": 0.0142, "incumbent": ["alpha='1.4091651304399521e-05'", "eta0='0.03648419926353203'"], "origin": "Local Search"}
{"cpu_time": 488.7847375869751, "wallclock_time": 494.24531984329224, "evaluations": 114, "cost": 0.0139, "incumbent": ["alpha='1.4104328614892682e-05'", "eta0='0.031012211152779422'"], "origin": "Local Search"}
{"cpu_time": 604.3364586830139, "wallclock_time": 613.9988679885864, "evaluations": 141, "cost": 0.0137, "incumbent": ["alpha='1.3596863724302875e-05'", "eta0='0.03513714777379175'"], "origin": "Local Search"}
{"cpu_time": 630.289913892746, "wallclock_time": 640.4700529575348, "evaluations": 147, "cost": 0.0131, "incumbent": ["alpha='1.0089732148391048e-05'", "eta0='0.03589036787793334'"], "origin": "Local Search"}
{"cpu_time": 1288.0450766086578, "wallclock_time": 1350.008936882019, "evaluations": 300, "cost": 0.013, "incumbent": ["alpha='1.0000387272349918e-05'", "eta0='0.04598195495293078'"], "origin": "Local Search"}
