{
  "mean_cost": 0.1882110964823627,
  "finished_ta_runs": 268,
  "inc_changed": 2,
  "n_configs": 244,
  "submitted_ta_runs": 268,
  "ta_time_used": 118.9793393611908,
  "wallclock_time_used": 120.22700691223145,
  "dataset_id": 167141
}