{
  "mean_cost": 0.4430585460199638,
  "finished_ta_runs": 300,
  "inc_changed": 9,
  "n_configs": 220,
  "submitted_ta_runs": 300,
  "ta_time_used": 3622.6509957313538,
  "wallclock_time_used": 3867.37611079216,
  "dataset_id": 14969,
  "perf_time": 3867.393159083
}