{
  "data": [
    [
      [
        1,
        null,
        379248293,
        0.0
      ],
      [
        0.42992277027364745,
        0.10258793830871582,
        {
          "__enum__": "StatusType.SUCCESS"
        },
        1674410338.610559,
        1674410338.713152,
        {}
      ]
    ]
  ],
  "config_origins": {
    "1": "Sobol"
  },
  "configs": {
    "1": {
      "max_depth": 2,
      "max_features": 0.4491682695224881,
      "min_samples_leaf": 1,
      "min_samples_split": 4
    }
  }
}