"CPU Time Used","Estimated Training Performance","Wallclock Time","Incumbent ID","Automatic Configurator (CPU) Time","Configuration..."
0.000000, 2147483648.000000, 0.000518, 1, 0.000518, C='0.017961675793542162',gamma='0.9046232030638993'
0.011230, 0.666700, 0.012446, 1, 0.001216, C='0.017961675793542162',gamma='0.9046232030638993'
0.037053, 0.388200, 0.040402, 2, 0.003349, C='61.71933670840937',gamma='1.0864412265106145'
0.046947, 0.333300, 0.051770, 3, 0.004823, C='1.0',gamma='0.1'
0.067378, 0.240700, 0.075170, 4, 0.007792, C='12.958180650233897',gamma='0.01207858159167579'
0.134689, 0.074200, 0.151521, 5, 0.016832, C='198.6613474689375',gamma='0.09318781769031856'
0.301138, 0.061900, 0.871410, 6, 0.570272, C='197.08125732363612',gamma='0.0848971604261201'
0.381856, 0.000000, 1.461237, 7, 1.079381, C='197.6805633893812',gamma='0.031134775810280832'
