{
  "mean_cost": 0.4671270513399148,
  "finished_ta_runs": 300,
  "inc_changed": 6,
  "n_configs": 129,
  "submitted_ta_runs": 300,
  "ta_time_used": 1080.290484905243,
  "wallclock_time_used": 1120.9246249198914,
  "dataset_id": 14969,
  "perf_time": 1120.929072375
}