"CPU Time Used","Estimated Training Performance","Wallclock Time","Incumbent ID","Automatic Configurator (CPU) Time","Configuration..."
0.000000, 2147483648.000000, 0.000539, 1, 0.000539, C='1.3600811985592882',gamma='0.09352602871548096'
0.047709, 0.035300, 0.048979, 1, 0.001270, C='1.3600811985592882',gamma='0.09352602871548096'
2.521957, 0.023500, 2.541386, 2, 0.019429, C='206.50233439434604',gamma='0.9897482788196605'
3.982118, 0.014100, 4.259497, 3, 0.277379, C='159.86052539210456',gamma='0.26680442529497644'
5.327197, 0.012900, 7.834536, 4, 2.507339, C='159.86052539210456',gamma='0.42177944646667515'
6.573485, 0.011600, 10.018649, 5, 3.445164, C='159.88654450996177',gamma='0.4774106410022518'
10.669699, 0.007100, 17.291305, 6, 6.621606, C='10.31728147461741',gamma='0.12742503398098232'
14.744459, 0.005700, 30.886934, 7, 16.142475, C='13.521189005295355',gamma='0.1339305209410725'
