"CPU Time Used","Estimated Training Performance","Wallclock Time","Incumbent ID","Automatic Configurator (CPU) Time","Configuration..."
0.000000, 2147483648.000000, 0.000039, 1, 0.000039, alpha='0.001',eta0='0.01'
0.253691, 0.041200, 0.254339, 1, 0.000648, alpha='0.001',eta0='0.01'
5.211904, 0.039700, 5.237818, 2, 0.025914, alpha='2.3820742831526158e-05',eta0='0.05455360234342531'
12.756821, 0.038000, 12.840633, 3, 0.083812, alpha='2.5643539238058386e-05',eta0='0.006227850372368081'
34.813902, 0.037600, 35.210086, 4, 0.396184, alpha='1.880321046227831e-05',eta0='0.01209692889382243'
36.404202, 0.037300, 36.830995, 5, 0.426793, alpha='1.6884541195983552e-05',eta0='0.010739998168085609'
39.341361, 0.036200, 39.823184, 6, 0.481823, alpha='5.127588562429307e-05',eta0='0.0013542251609721572'
60.039643, 0.036200, 61.074430, 7, 1.034788, alpha='1.5468797546399353e-05',eta0='0.0011183124560513033'
