{"cpu_time": 0.0, "wallclock_time": 0.0015611648559570312, "evaluations": 0, "cost": 2147483648.0, "incumbent": ["colsample_bytree='0.2890479595400393'", "eta='0.02972240058848022'", "max_depth='1'", "reg_lambda='0.23594281684827217'"], "origin": "Sobol"}
{"cpu_time": 0.018372058868408203, "wallclock_time": 0.020984172821044922, "evaluations": 1, "cost": 0.4793, "incumbent": ["colsample_bytree='0.2890479595400393'", "eta='0.02972240058848022'", "max_depth='1'", "reg_lambda='0.23594281684827217'"], "origin": "Sobol"}
{"cpu_time": 0.1535511016845703, "wallclock_time": 0.15911030769348145, "evaluations": 4, "cost": 0.4315, "incumbent": ["colsample_bytree='0.839533680677414'", "eta='0.03178815964339868'", "max_depth='7'", "reg_lambda='260.08137409645684'"], "origin": "Sobol"}
{"cpu_time": 0.34664082527160645, "wallclock_time": 0.3540611267089844, "evaluations": 6, "cost": 0.3341, "incumbent": ["colsample_bytree='1.0'", "eta='0.3'", "max_depth='10'", "reg_lambda='1.0'"], "origin": null}
{"cpu_time": 0.6555521488189697, "wallclock_time": 0.6701080799102783, "evaluations": 13, "cost": 0.3183, "incumbent": ["colsample_bytree='0.5235572370700539'", "eta='0.1863242307845216'", "max_depth='3'", "reg_lambda='4.4461461740589225'"], "origin": "Sobol"}
{"cpu_time": 0.9424138069152832, "wallclock_time": 0.9718351364135742, "evaluations": 24, "cost": 0.2951, "incumbent": ["colsample_bytree='0.9814464318566024'", "eta='0.37123837434896595'", "max_depth='2'", "reg_lambda='12.502183486957058'"], "origin": "Sobol"}
{"cpu_time": 2.41239333152771, "wallclock_time": 8.655824184417725, "evaluations": 72, "cost": 0.2813, "incumbent": ["colsample_bytree='0.9966396063962077'", "eta='0.37120762025636905'", "max_depth='2'", "reg_lambda='12.419546596134397'"], "origin": "Local Search"}
