"CPU Time Used","Estimated Training Performance","Wallclock Time","Incumbent ID","Automatic Configurator (CPU) Time","Configuration..."
0.000000, 2147483648.000000, 0.001561, 1, 0.001561, colsample_bytree='0.2890479595400393',eta='0.02972240058848022',max_depth='1',reg_lambda='0.23594281684827217'
0.018372, 0.479300, 0.020984, 1, 0.002612, colsample_bytree='0.2890479595400393',eta='0.02972240058848022',max_depth='1',reg_lambda='0.23594281684827217'
0.153551, 0.431500, 0.159110, 2, 0.005559, colsample_bytree='0.839533680677414',eta='0.03178815964339868',max_depth='7',reg_lambda='260.08137409645684'
0.346641, 0.334100, 0.354061, 3, 0.007420, colsample_bytree='1.0',eta='0.3',max_depth='10',reg_lambda='1.0'
0.655552, 0.318300, 0.670108, 4, 0.014556, colsample_bytree='0.5235572370700539',eta='0.1863242307845216',max_depth='3',reg_lambda='4.4461461740589225'
0.942414, 0.295100, 0.971835, 5, 0.029421, colsample_bytree='0.9814464318566024',eta='0.37123837434896595',max_depth='2',reg_lambda='12.502183486957058'
2.412393, 0.281300, 8.655824, 6, 6.243431, colsample_bytree='0.9966396063962077',eta='0.37120762025636905',max_depth='2',reg_lambda='12.419546596134397'
