{
  "mean_cost": 0.19925464655297814,
  "finished_ta_runs": 27,
  "inc_changed": 3,
  "n_configs": 13,
  "submitted_ta_runs": 27,
  "ta_time_used": 60.6744339466095,
  "wallclock_time_used": 60.717334032058716,
  "dataset_id": 14
}