"CPU Time Used","Estimated Training Performance","Wallclock Time","Incumbent ID","Automatic Configurator (CPU) Time","Configuration..."
0.000000, 2147483648.000000, 0.001653, 1, 0.001653, alpha='0.0040824718253228975',eta0='0.00044195488125554607'
0.049943, 0.238400, 0.053755, 1, 0.003812, alpha='0.0040824718253228975',eta0='0.00044195488125554607'
1.732666, 0.248600, 3.516953, 2, 1.784286, alpha='0.00530263103310501',eta0='0.00010666529862074206'
4.356711, 0.246300, 17.233822, 3, 12.877111, alpha='0.0061633484390116655',eta0='0.00010798139596873403'
4.859365, 0.244100, 20.035828, 4, 15.176463, alpha='0.006239105032018453',eta0='9.931947507174765e-05'
5.108225, 0.244000, 20.941918, 5, 15.833693, alpha='0.006175445788287133',eta0='9.686157335677847e-05'
8.956294, 0.243700, 37.909393, 6, 28.953099, alpha='0.006239105032018453',eta0='0.00010597303888797504'
