"CPU Time Used","Estimated Training Performance","Wallclock Time","Incumbent ID","Automatic Configurator (CPU) Time","Configuration..."
0.000000, 2147483648.000000, 0.001461, 1, 0.001461, colsample_bytree='0.3908073678612709',eta='0.02197006114591668',max_depth='1',reg_lambda='0.025956378731779545'
0.016580, 0.346400, 0.018979, 1, 0.002399, colsample_bytree='0.3908073678612709',eta='0.02197006114591668',max_depth='1',reg_lambda='0.025956378731779545'
0.139384, 0.205800, 0.144290, 2, 0.004906, colsample_bytree='0.7864414579235017',eta='0.06876373473778273',max_depth='5',reg_lambda='2.180661802430785'
0.282492, 0.202600, 0.289100, 3, 0.006608, colsample_bytree='1.0',eta='0.3',max_depth='10',reg_lambda='1.0'
1.113962, 0.178000, 1.136806, 4, 0.022844, colsample_bytree='0.5564905133098365',eta='0.01605885730841195',max_depth='10',reg_lambda='0.0010986517054572343'
2.569305, 0.164000, 3.786527, 5, 1.217222, colsample_bytree='0.5601033168660096',eta='0.06363548620363683',max_depth='9',reg_lambda='0.08618231849992737'
7.787373, 0.163700, 46.918691, 6, 39.131318, colsample_bytree='0.5600923002459356',eta='0.05247643321525194',max_depth='10',reg_lambda='0.11122838559523965'
13.746557, 0.160700, 119.725955, 7, 105.979398, colsample_bytree='0.5600923002459356',eta='0.05242931327341377',max_depth='10',reg_lambda='0.11122838559523965'
