{"cpu_time": 0.0, "wallclock_time": 0.0014607906341552734, "evaluations": 0, "cost": 2147483648.0, "incumbent": {"colsample_bytree": 0.3908073678612709, "eta": 0.02197006114591668, "max_depth": 1, "reg_lambda": 0.025956378731779545}, "budget": 0, "origin": "Sobol"}
{"cpu_time": 0.01658010482788086, "wallclock_time": 0.01897907257080078, "evaluations": 1, "cost": 0.3464, "incumbent": {"colsample_bytree": 0.3908073678612709, "eta": 0.02197006114591668, "max_depth": 1, "reg_lambda": 0.025956378731779545}, "budget": 0, "origin": "Sobol"}
{"cpu_time": 0.13938403129577637, "wallclock_time": 0.14428997039794922, "evaluations": 4, "cost": 0.2058, "incumbent": {"colsample_bytree": 0.7864414579235017, "eta": 0.06876373473778273, "max_depth": 5, "reg_lambda": 2.180661802430785}, "budget": 0, "origin": "Sobol"}
{"cpu_time": 0.28249192237854004, "wallclock_time": 0.28909993171691895, "evaluations": 6, "cost": 0.2026, "incumbent": {"colsample_bytree": 1.0, "eta": 0.3, "max_depth": 10, "reg_lambda": 1.0}, "budget": 0, "origin": null}
{"cpu_time": 1.113962173461914, "wallclock_time": 1.136805772781372, "evaluations": 22, "cost": 0.178, "incumbent": {"colsample_bytree": 0.5564905133098365, "eta": 0.01605885730841195, "max_depth": 10, "reg_lambda": 0.0010986517054572343}, "budget": 0, "origin": "Sobol"}
{"cpu_time": 2.569304943084717, "wallclock_time": 3.786526918411255, "evaluations": 63, "cost": 0.164, "incumbent": {"colsample_bytree": 0.5601033168660096, "eta": 0.06363548620363683, "max_depth": 9, "reg_lambda": 0.08618231849992737}, "budget": 0, "origin": "Local Search"}
{"cpu_time": 7.787373065948486, "wallclock_time": 46.9186909198761, "evaluations": 139, "cost": 0.1637, "incumbent": {"colsample_bytree": 0.5600923002459356, "eta": 0.05247643321525194, "max_depth": 10, "reg_lambda": 0.11122838559523965}, "budget": 0, "origin": "Local Search"}
{"cpu_time": 13.746556997299194, "wallclock_time": 119.72595500946045, "evaluations": 227, "cost": 0.1607, "incumbent": {"colsample_bytree": 0.5600923002459356, "eta": 0.05242931327341377, "max_depth": 10, "reg_lambda": 0.11122838559523965}, "budget": 0, "origin": "Local Search"}
