{
  "mean_cost": 0.2531327822411108,
  "finished_ta_runs": 300,
  "inc_changed": 4,
  "n_configs": 181,
  "submitted_ta_runs": 300,
  "ta_time_used": 783.664755821228,
  "wallclock_time_used": 833.2552399635315,
  "dataset_id": 2074,
  "perf_time": 833.2637267080063
}