{
  "mean_cost": 0.0880103546550915,
  "finished_ta_runs": 19,
  "inc_changed": 3,
  "n_configs": 8,
  "submitted_ta_runs": 19,
  "ta_time_used": 136.26188397407532,
  "wallclock_time_used": 136.29376077651978,
  "dataset_id": 9964
}