"CPU Time Used","Estimated Training Performance","Wallclock Time","Incumbent ID","Automatic Configurator (CPU) Time","Configuration..."
0.000000, 2147483648.000000, 0.000597, 1, 0.000597, C='0.08611366210550205',gamma='0.4942679928374453'
0.119694, 0.204600, 0.121075, 1, 0.001381, C='0.08611366210550205',gamma='0.4942679928374453'
0.828848, 0.176000, 0.832715, 2, 0.003867, C='19.433598606658386',gamma='9.232350409327609'
3.726809, 0.155400, 3.744938, 3, 0.018129, C='0.9777853374117317',gamma='4.200721606776305'
7.083586, 0.126800, 7.113493, 4, 0.029907, C='490.89071375229827',gamma='0.4114559193983836'
11.677718, 0.125600, 12.893277, 5, 1.215559, C='486.33796854950896',gamma='0.43300855566186697'
23.388560, 0.125000, 31.485229, 6, 8.096669, C='486.33796854950896',gamma='0.4325582332450534'
31.726452, 0.124500, 41.730415, 7, 10.003963, C='499.64234060670435',gamma='0.42595861290279335'
