{"cpu_time": 0.0, "wallclock_time": 0.0015420913696289062, "evaluations": 0, "cost": 2147483648.0, "incumbent": ["max_depth='2'", "max_features='0.4491682695224881'", "min_samples_leaf='1'", "min_samples_split='4'"], "origin": "Sobol"}
{"cpu_time": 0.1136007308959961, "wallclock_time": 0.11610007286071777, "evaluations": 1, "cost": 0.2595, "incumbent": ["max_depth='2'", "max_features='0.4491682695224881'", "min_samples_leaf='1'", "min_samples_split='4'"], "origin": "Sobol"}
{"cpu_time": 0.6490888595581055, "wallclock_time": 0.654310941696167, "evaluations": 4, "cost": 0.0893, "incumbent": ["max_depth='17'", "max_features='0.6137791713699698'", "min_samples_leaf='16'", "min_samples_split='18'"], "origin": "Sobol"}
{"cpu_time": 1.0536768436431885, "wallclock_time": 1.0608339309692383, "evaluations": 6, "cost": 0.083, "incumbent": ["max_depth='10'", "max_features='0.5'", "min_samples_leaf='1'", "min_samples_split='32'"], "origin": null}
{"cpu_time": 7.730868577957153, "wallclock_time": 7.783661127090454, "evaluations": 39, "cost": 0.0657, "incumbent": ["max_depth='46'", "max_features='0.7485423665493727'", "min_samples_leaf='1'", "min_samples_split='7'"], "origin": "Sobol"}
{"cpu_time": 19.9265034198761, "wallclock_time": 33.68733477592468, "evaluations": 83, "cost": 0.0635, "incumbent": ["max_depth='49'", "max_features='0.7658297641028919'", "min_samples_leaf='2'", "min_samples_split='2'"], "origin": "Local Search"}
