"CPU Time Used","Estimated Training Performance","Wallclock Time","Incumbent ID","Automatic Configurator (CPU) Time","Configuration..."
0.000000, 2147483648.000000, 0.000525, 1, 0.000525, alpha='0.0004126639093412234',eta0='0.0017613324954003418'
0.212173, 0.390000, 0.213390, 1, 0.001217, alpha='0.0004126639093412234',eta0='0.0017613324954003418'
2.629231, 0.205100, 2.640681, 2, 0.011451, alpha='1.3751027885583958e-05',eta0='0.0001426968473177047'
8.951349, 0.202700, 11.459613, 3, 2.508264, alpha='1.3751027885583958e-05',eta0='0.00015363964347468915'
