{
  "mean_cost": 0.15961215517566701,
  "finished_ta_runs": 730,
  "inc_changed": 3,
  "n_configs": 712,
  "submitted_ta_runs": 730,
  "ta_time_used": 111.77445316314697,
  "wallclock_time_used": 120.03379607200623,
  "dataset_id": 3022
}