{"cpu_time": 0.0, "wallclock_time": 0.001589059829711914, "evaluations": 0, "cost": 2147483648.0, "incumbent": ["max_depth='1'", "max_features='0.49276944529265165'", "min_samples_leaf='4'", "min_samples_split='9'"], "origin": "Sobol"}
{"cpu_time": 0.20052695274353027, "wallclock_time": 0.20317292213439941, "evaluations": 1, "cost": 0.4739, "incumbent": ["max_depth='1'", "max_features='0.49276944529265165'", "min_samples_leaf='4'", "min_samples_split='9'"], "origin": "Sobol"}
{"cpu_time": 0.8775131702423096, "wallclock_time": 0.8837740421295166, "evaluations": 4, "cost": 0.1694, "incumbent": ["max_depth='22'", "max_features='0.502463330514729'", "min_samples_leaf='18'", "min_samples_split='83'"], "origin": "Sobol"}
{"cpu_time": 1.3768374919891357, "wallclock_time": 1.3856840133666992, "evaluations": 6, "cost": 0.1166, "incumbent": ["max_depth='10'", "max_features='0.5'", "min_samples_leaf='1'", "min_samples_split='32'"], "origin": null}
{"cpu_time": 2.291796922683716, "wallclock_time": 2.3063418865203857, "evaluations": 10, "cost": 0.0961, "incumbent": ["max_depth='9'", "max_features='0.24789578560739756'", "min_samples_leaf='6'", "min_samples_split='2'"], "origin": "Sobol"}
{"cpu_time": 12.09867787361145, "wallclock_time": 12.18946623802185, "evaluations": 43, "cost": 0.0893, "incumbent": ["max_depth='35'", "max_features='0.653578007593751'", "min_samples_leaf='3'", "min_samples_split='2'"], "origin": "Sobol"}
{"cpu_time": 20.88432240486145, "wallclock_time": 26.554277896881104, "evaluations": 73, "cost": 0.0871, "incumbent": ["max_depth='44'", "max_features='0.6523009062536008'", "min_samples_leaf='4'", "min_samples_split='2'"], "origin": "Local Search"}
{"cpu_time": 23.549640893936157, "wallclock_time": 32.27090907096863, "evaluations": 83, "cost": 0.0678, "incumbent": ["max_depth='48'", "max_features='0.28572461650033554'", "min_samples_leaf='1'", "min_samples_split='2'"], "origin": "Local Search"}
