{"cpu_time": 0.0, "wallclock_time": 0.005571842193603516, "evaluations": 0, "cost": 2147483648.0, "incumbent": {"boosting_type": "Ordered", "bootstrap_type": "Bernoulli", "colsample_bylevel": 0.010899255497025633, "depth": 3, "learning_rate": 0.0014870274473845076, "objective": "MultiClass", "subsample": 0.8382327005757765}, "budget": 0, "origin": "Sobol"}
{"cpu_time": 0.08143210411071777, "wallclock_time": 0.08845806121826172, "evaluations": 1, "cost": 0.5, "incumbent": {"boosting_type": "Ordered", "bootstrap_type": "Bernoulli", "colsample_bylevel": 0.010899255497025633, "depth": 3, "learning_rate": 0.0014870274473845076, "objective": "MultiClass", "subsample": 0.8382327005757765}, "budget": 0, "origin": "Sobol"}
{"cpu_time": 0.1969599723815918, "wallclock_time": 0.20649290084838867, "evaluations": 4, "cost": 0.0267, "incumbent": {"boosting_type": "Plain", "bootstrap_type": "Bernoulli", "colsample_bylevel": 0.08305321444104122, "depth": 7, "learning_rate": 0.17161347337726163, "objective": "CrossEntropy", "subsample": 0.1717638378553497}, "budget": 0, "origin": "Sobol"}
{"cpu_time": 0.37284040451049805, "wallclock_time": 0.3874077796936035, "evaluations": 10, "cost": 0.0226, "incumbent": {"boosting_type": "Plain", "bootstrap_type": "Bayesian", "colsample_bylevel": 0.020044015340386658, "depth": 4, "learning_rate": 0.22433194638565107, "objective": "CrossEntropy", "bagging_temperature": 1.707310751080513}, "budget": 0, "origin": "Sobol"}
{"cpu_time": 1.5858221054077148, "wallclock_time": 1.6348109245300293, "evaluations": 38, "cost": 0.0241, "incumbent": {"boosting_type": "Ordered", "bootstrap_type": "MVS", "colsample_bylevel": 0.09938952198645858, "depth": 5, "learning_rate": 0.051908861852667784, "objective": "MultiClass"}, "budget": 0, "origin": "Sobol"}
{"cpu_time": 3.5121681690216064, "wallclock_time": 3.6802079677581787, "evaluations": 95, "cost": 0.0191, "incumbent": {"boosting_type": "Ordered", "bootstrap_type": "Bernoulli", "colsample_bylevel": 0.09155389862694274, "depth": 9, "learning_rate": 0.09604259441978073, "objective": "MultiClass", "subsample": 0.3951242331932721}, "budget": 0, "origin": "Sobol"}
{"cpu_time": 4.969492197036743, "wallclock_time": 11.349372863769531, "evaluations": 127, "cost": 0.019, "incumbent": {"boosting_type": "Ordered", "bootstrap_type": "Bernoulli", "colsample_bylevel": 0.09155389862694274, "depth": 9, "learning_rate": 0.09976570403919377, "objective": "MultiClass", "subsample": 0.3899099839085802}, "budget": 0, "origin": "Local Search"}
{"cpu_time": 5.38714599609375, "wallclock_time": 15.162324905395508, "evaluations": 137, "cost": 0.0171, "incumbent": {"boosting_type": "Plain", "bootstrap_type": "Bernoulli", "colsample_bylevel": 0.09155389862694274, "depth": 8, "learning_rate": 0.15618886833168383, "objective": "MultiClass", "subsample": 0.39841519725503016}, "budget": 0, "origin": "Local Search"}
