"CPU Time Used","Estimated Training Performance","Wallclock Time","Incumbent ID","Automatic Configurator (CPU) Time","Configuration..."
0.000000, 2147483648.000000, 0.000675, 1, 0.000675, C='1.3600811985592882',gamma='0.09352602871548096'
0.007273, 0.500000, 0.008907, 1, 0.001634, C='1.3600811985592882',gamma='0.09352602871548096'
0.129415, 0.166700, 0.152516, 2, 0.023101, C='102.59827344587585',gamma='0.0039228031036218506'
0.285491, 0.115400, 0.850831, 3, 0.565340, C='624.7203640389127',gamma='0.003254761065110681'
0.608991, 0.059800, 6.271484, 4, 5.662493, C='710.0171224652028',gamma='0.001843241235542153'
