"CPU Time Used","Estimated Training Performance","Wallclock Time","Incumbent ID","Automatic Configurator (CPU) Time","Configuration..."
0.000000, 2147483648.000000, 0.000619, 1, 0.000619, C='0.017961675793542162',gamma='0.9046232030638993'
0.188795, 0.674500, 0.190313, 1, 0.001518, C='0.017961675793542162',gamma='0.9046232030638993'
0.457268, 0.121300, 0.462065, 2, 0.004797, C='61.71933670840937',gamma='1.0864412265106145'
4.771872, 0.117800, 7.102877, 3, 2.331005, C='61.707554153355126',gamma='1.05584843209129'
