{
  "mean_cost": 0.5864766236683291,
  "finished_ta_runs": 300,
  "inc_changed": 9,
  "n_configs": 192,
  "submitted_ta_runs": 300,
  "ta_time_used": 837.7884290218353,
  "wallclock_time_used": 886.4655332565308,
  "dataset_id": 14969,
  "perf_time": 886.4892716249999
}