{
  "mean_cost": 0.16446751546121177,
  "finished_ta_runs": 300,
  "inc_changed": 7,
  "n_configs": 123,
  "submitted_ta_runs": 300,
  "ta_time_used": 47.55193591117859,
  "wallclock_time_used": 86.57468104362488,
  "dataset_id": 9952,
  "perf_time": 86.59440320800059
}