"CPU Time Used","Estimated Training Performance","Wallclock Time","Incumbent ID","Automatic Configurator (CPU) Time","Configuration..."
0.000000, 2147483648.000000, 0.000626, 1, 0.000626, C='1.3600811985592882',gamma='0.09352602871548096'
0.269732, 0.482000, 0.274721, 1, 0.004989, C='1.3600811985592882',gamma='0.09352602871548096'
2.780205, 0.181100, 2.798089, 2, 0.017884, C='102.59827344587585',gamma='0.0039228031036218506'
5.654268, 0.150900, 5.693816, 3, 0.039548, C='0.6293526165094239',gamma='0.0012324628012758837'
6.350589, 0.111900, 6.399921, 4, 0.049332, C='4.729862452035014',gamma='0.0020153549174183696'
6.964547, 0.076700, 7.397066, 5, 0.432519, C='4.6672506141258445',gamma='0.0013343032922157843'
7.519032, 0.046000, 8.930811, 6, 1.411779, C='4.236863613309955',gamma='0.0011435887940162072'
