"CPU Time Used","Estimated Training Performance","Wallclock Time","Incumbent ID","Automatic Configurator (CPU) Time","Configuration..."
0.000000, 2147483648.000000, 0.000044, 1, 0.000044, alpha='0.001',eta0='0.01'
0.358369, 0.458800, 0.359145, 1, 0.000776, alpha='0.001',eta0='0.01'
10.501318, 0.447900, 10.534800, 2, 0.033482, alpha='0.00709694490052734',eta0='0.0007010272514373521'
18.622870, 0.444000, 18.693189, 3, 0.070318, alpha='0.0013088121300544602',eta0='0.0027912063175679425'
32.058424, 0.443600, 32.219678, 4, 0.161254, alpha='0.0005229408674497555',eta0='0.0003167753059125798'
61.723077, 0.439300, 62.206924, 5, 0.483847, alpha='0.03675501698214147',eta0='3.973325177965799e-05'
81.037762, 0.438600, 81.817506, 6, 0.779743, alpha='0.030410588875097632',eta0='4.353749312659552e-05'
