"CPU Time Used","Estimated Training Performance","Wallclock Time","Incumbent ID","Automatic Configurator (CPU) Time","Configuration..."
0.000000, 2147483648.000000, 0.000034, 1, 0.000034, C='1.0',gamma='0.1'
0.006202, 0.500000, 0.006811, 1, 0.000609, C='1.0',gamma='0.1'
0.021874, 0.115400, 0.024644, 2, 0.002770, C='167.43465269107315',gamma='0.010473312293162985'
0.705503, 0.059800, 0.958310, 3, 0.252807, C='277.8053884041678',gamma='0.004737932302767295'
