{
  "mean_cost": 0.021139907728246476,
  "finished_ta_runs": 1,
  "inc_changed": 1,
  "n_configs": 1,
  "submitted_ta_runs": 1,
  "ta_time_used": 0.25817084312438965,
  "wallclock_time_used": 0.25972485542297363
}