"CPU Time Used","Estimated Training Performance","Wallclock Time","Incumbent ID","Automatic Configurator (CPU) Time","Configuration..."
0.000000, 2147483648.000000, 0.000538, 1, 0.000538, alpha='0.0004126639093412234',eta0='0.0017613324954003418'
0.018565, 0.369100, 0.019797, 1, 0.001232, alpha='0.0004126639093412234',eta0='0.0017613324954003418'
0.298977, 0.358500, 0.313100, 2, 0.014122, alpha='1.3751027885583958e-05',eta0='0.0001426968473177047'
1.282244, 0.345500, 3.946232, 3, 2.663988, alpha='0.00014581273266986441',eta0='0.0006207158607691285'
1.541993, 0.343100, 5.729882, 4, 4.187888, alpha='0.0001432029229085525',eta0='0.0006285756509200554'
