{"cpu_time": 0.0, "wallclock_time": 0.0015249252319335938, "evaluations": 0, "cost": 2147483648.0, "incumbent": {"max_depth": 6, "max_features": 0.3290755869820714, "min_samples_leaf": 11, "min_samples_split": 2}, "budget": 0, "origin": "Sobol"}
{"cpu_time": 0.3578758239746094, "wallclock_time": 0.3602418899536133, "evaluations": 1, "cost": 0.6878, "incumbent": {"max_depth": 6, "max_features": 0.3290755869820714, "min_samples_leaf": 11, "min_samples_split": 2}, "budget": 0, "origin": "Sobol"}
{"cpu_time": 18.987496852874756, "wallclock_time": 18.998249769210815, "evaluations": 10, "cost": 0.5686, "incumbent": {"max_depth": 18, "max_features": 0.9707894120365381, "min_samples_leaf": 5, "min_samples_split": 26}, "budget": 0, "origin": "Sobol"}
{"cpu_time": 38.36104702949524, "wallclock_time": 38.40559792518616, "evaluations": 36, "cost": 0.5522, "incumbent": {"max_depth": 39, "max_features": 0.3087822897359729, "min_samples_leaf": 3, "min_samples_split": 7}, "budget": 0, "origin": "Sobol"}
{"cpu_time": 62.954570055007935, "wallclock_time": 67.67742276191711, "evaluations": 69, "cost": 0.5165, "incumbent": {"max_depth": 41, "max_features": 0.570118347097656, "min_samples_leaf": 1, "min_samples_split": 5}, "budget": 0, "origin": "Local Search"}
{"cpu_time": 83.11220502853394, "wallclock_time": 92.56637477874756, "evaluations": 91, "cost": 0.5106, "incumbent": {"max_depth": 42, "max_features": 0.2946976539361004, "min_samples_leaf": 1, "min_samples_split": 2}, "budget": 0, "origin": "Local Search"}
{"cpu_time": 95.21732091903687, "wallclock_time": 105.13664984703064, "evaluations": 97, "cost": 0.5007, "incumbent": {"max_depth": 42, "max_features": 0.7508419954368736, "min_samples_leaf": 1, "min_samples_split": 2}, "budget": 0, "origin": "Local Search"}
