"CPU Time Used","Estimated Training Performance","Wallclock Time","Incumbent ID","Automatic Configurator (CPU) Time","Configuration..."
0.000000, 2147483648.000000, 0.000594, 1, 0.000594, alpha='0.0004126639093412234',eta0='0.0017613324954003418'
0.387938, 0.448400, 0.389497, 1, 0.001559, alpha='0.0004126639093412234',eta0='0.0017613324954003418'
4.515153, 0.447500, 4.527176, 2, 0.012023, alpha='1.3751027885583958e-05',eta0='0.0001426968473177047'
8.647188, 0.446500, 8.672473, 3, 0.025285, alpha='0.0014439030581155858',eta0='2.6843996424460273e-05'
18.626014, 0.446100, 19.978962, 4, 1.352947, alpha='0.00032703373563869786',eta0='0.0035843897646814877'
20.758156, 0.442400, 22.409646, 5, 1.651490, alpha='0.00032218241343929345',eta0='6.370310851229181e-05'
59.840849, 0.441400, 81.318173, 6, 21.477324, alpha='4.522141999207276e-05',eta0='0.0026521161895018443'
70.299017, 0.439400, 99.683046, 7, 29.384029, alpha='0.000452505733791436',eta0='4.613898458536711e-05'
