"CPU Time Used","Estimated Training Performance","Wallclock Time","Incumbent ID","Automatic Configurator (CPU) Time","Configuration..."
0.000000, 2147483648.000000, 0.000051, 1, 0.000051, alpha='0.001',eta0='0.01'
5.252200, 0.054200, 5.253122, 1, 0.000922, alpha='0.001',eta0='0.01'
21.862240, 0.033200, 21.866603, 2, 0.004363, alpha='3.649484911512686e-05',eta0='1.2652165208090965e-05'
1421.425189, 0.032800, 1423.156293, 3, 1.731104, alpha='2.571947530163239e-05',eta0='1.0650759024346725e-05'
2272.622831, 0.032700, 2276.353857, 4, 3.731026, alpha='0.00041784952864228997',eta0='1.0073833006749154e-05'
