{"cpu_time": 0.0, "wallclock_time": 0.0015361309051513672, "evaluations": 0, "cost": 2147483648.0, "incumbent": {"max_depth": 1, "max_features": 0.49276944529265165, "min_samples_leaf": 4, "min_samples_split": 9}, "budget": 0, "origin": "Sobol"}
{"cpu_time": 0.16640710830688477, "wallclock_time": 0.1688671112060547, "evaluations": 1, "cost": 0.5, "incumbent": {"max_depth": 1, "max_features": 0.49276944529265165, "min_samples_leaf": 4, "min_samples_split": 9}, "budget": 0, "origin": "Sobol"}
{"cpu_time": 1.7725911140441895, "wallclock_time": 1.7777180671691895, "evaluations": 4, "cost": 0.4424, "incumbent": {"max_depth": 22, "max_features": 0.502463330514729, "min_samples_leaf": 18, "min_samples_split": 83}, "budget": 0, "origin": "Sobol"}
{"cpu_time": 3.2554738521575928, "wallclock_time": 3.2624733448028564, "evaluations": 6, "cost": 0.4386, "incumbent": {"max_depth": 10, "max_features": 0.5, "min_samples_leaf": 1, "min_samples_split": 32}, "budget": 0, "origin": null}
{"cpu_time": 17.968645095825195, "wallclock_time": 17.98645329475403, "evaluations": 17, "cost": 0.4348, "incumbent": {"max_depth": 11, "max_features": 0.9135355520993471, "min_samples_leaf": 2, "min_samples_split": 4}, "budget": 0, "origin": "Sobol"}
{"cpu_time": 36.97314190864563, "wallclock_time": 37.01266121864319, "evaluations": 33, "cost": 0.4327, "incumbent": {"max_depth": 17, "max_features": 0.9866730123758316, "min_samples_leaf": 13, "min_samples_split": 6}, "budget": 0, "origin": "Sobol"}
{"cpu_time": 46.501280307769775, "wallclock_time": 46.560200214385986, "evaluations": 45, "cost": 0.4195, "incumbent": {"max_depth": 35, "max_features": 0.653578007593751, "min_samples_leaf": 3, "min_samples_split": 2}, "budget": 0, "origin": "Sobol"}
{"cpu_time": 64.89826083183289, "wallclock_time": 65.78718829154968, "evaluations": 64, "cost": 0.4029, "incumbent": {"max_depth": 42, "max_features": 0.7729465254033652, "min_samples_leaf": 1, "min_samples_split": 3}, "budget": 0, "origin": "Local Search"}
{"cpu_time": 75.44300365447998, "wallclock_time": 76.3427882194519, "evaluations": 69, "cost": 0.4021, "incumbent": {"max_depth": 43, "max_features": 0.7923325618934728, "min_samples_leaf": 1, "min_samples_split": 3}, "budget": 0, "origin": "Local Search"}
{"cpu_time": 155.51216888427734, "wallclock_time": 171.39247512817383, "evaluations": 111, "cost": 0.398, "incumbent": {"max_depth": 45, "max_features": 0.9014403038705763, "min_samples_leaf": 1, "min_samples_split": 3}, "budget": 0, "origin": "Local Search"}
