"CPU Time Used","Estimated Training Performance","Wallclock Time","Incumbent ID","Automatic Configurator (CPU) Time","Configuration..."
0.000000, 2147483648.000000, 0.000041, 1, 0.000041, alpha='0.001',eta0='0.01'
6.490787, 0.056900, 6.491573, 1, 0.000786, alpha='0.001',eta0='0.01'
26.091578, 0.027300, 26.096274, 2, 0.004696, alpha='3.649484911512686e-05',eta0='1.2652165208090965e-05'
569.018973, 0.024600, 569.284900, 3, 0.265927, alpha='0.14555834604915832',eta0='2.5467299350106764e-05'
2048.709543, 0.024000, 2051.143694, 4, 2.434151, alpha='0.15806027594825195',eta0='1.5105089372572792e-05'
2081.466409, 0.023700, 2083.959334, 5, 2.492925, alpha='0.21391339522831296',eta0='3.477188962512186e-05'
