{
  "mean_cost": 0.05484434354031933,
  "finished_ta_runs": 300,
  "inc_changed": 5,
  "n_configs": 132,
  "submitted_ta_runs": 300,
  "ta_time_used": 739.5430841445923,
  "wallclock_time_used": 802.6947581768036,
  "dataset_id": 167140,
  "perf_time": 802.7144737499912
}