"CPU Time Used","Estimated Training Performance","Wallclock Time","Incumbent ID","Automatic Configurator (CPU) Time","Configuration..."
0.000000, 2147483648.000000, 0.001432, 1, 0.001432, colsample_bytree='0.3908073678612709',eta='0.02197006114591668',max_depth='1',reg_lambda='0.025956378731779545'
0.030298, 0.207400, 0.032677, 1, 0.002379, colsample_bytree='0.3908073678612709',eta='0.02197006114591668',max_depth='1',reg_lambda='0.025956378731779545'
0.301370, 0.130400, 0.306238, 2, 0.004868, colsample_bytree='0.7864414579235017',eta='0.06876373473778273',max_depth='5',reg_lambda='2.180661802430785'
1.274100, 0.113800, 1.291282, 3, 0.017182, colsample_bytree='0.6266065758652986',eta='0.3646935062279739',max_depth='1',reg_lambda='0.2818207552142512'
7.154247, 0.109400, 15.455802, 4, 8.301555, colsample_bytree='0.21108101216351915',eta='0.10708295047171872',max_depth='3',reg_lambda='0.0031013780574202883'
15.173616, 0.104400, 50.510477, 5, 35.336861, colsample_bytree='0.6792425337081511',eta='0.3369403644066074',max_depth='1',reg_lambda='1.1063726758107213'
16.462477, 0.099300, 58.585522, 6, 42.123044, colsample_bytree='0.9182274720918122',eta='0.4047968436463944',max_depth='1',reg_lambda='0.961429306650325'
19.636522, 0.099000, 89.780317, 7, 70.143795, colsample_bytree='0.985088885812764',eta='0.40371303776034395',max_depth='1',reg_lambda='1.1800361988600439'
19.819556, 0.097600, 89.995826, 8, 70.176270, colsample_bytree='0.9845703463811203',eta='0.40462487254961743',max_depth='1',reg_lambda='1.16109703249544'
