"CPU Time Used","Estimated Training Performance","Wallclock Time","Incumbent ID","Automatic Configurator (CPU) Time","Configuration..."
0.000000, 2147483648.000000, 0.000556, 1, 0.000556, C='1.3600811985592882',gamma='0.09352602871548096'
0.174565, 0.500000, 0.175857, 1, 0.001292, C='1.3600811985592882',gamma='0.09352602871548096'
10.698646, 0.427200, 10.812723, 2, 0.114078, C='4.729862452035014',gamma='0.0020153549174183696'
12.646129, 0.414300, 13.639238, 3, 0.993109, C='5.133032155346156',gamma='0.001757362316363363'
