{"cpu_time": 0.0, "wallclock_time": 0.0014688968658447266, "evaluations": 0, "cost": 2147483648.0, "incumbent": ["colsample_bytree='0.2890479595400393'", "eta='0.02972240058848022'", "max_depth='1'", "reg_lambda='0.23594281684827217'"], "origin": "Sobol"}
{"cpu_time": 0.09679985046386719, "wallclock_time": 0.09924721717834473, "evaluations": 1, "cost": 0.3812, "incumbent": ["colsample_bytree='0.2890479595400393'", "eta='0.02972240058848022'", "max_depth='1'", "reg_lambda='0.23594281684827217'"], "origin": "Sobol"}
{"cpu_time": 1.405146598815918, "wallclock_time": 1.4101612567901611, "evaluations": 4, "cost": 0.3189, "incumbent": ["colsample_bytree='0.839533680677414'", "eta='0.03178815964339868'", "max_depth='7'", "reg_lambda='260.08137409645684'"], "origin": "Sobol"}
{"cpu_time": 2.1274502277374268, "wallclock_time": 2.1341938972473145, "evaluations": 6, "cost": 0.0894, "incumbent": ["colsample_bytree='1.0'", "eta='0.3'", "max_depth='10'", "reg_lambda='1.0'"], "origin": null}
{"cpu_time": 8.653077125549316, "wallclock_time": 8.700099229812622, "evaluations": 34, "cost": 0.0552, "incumbent": ["colsample_bytree='0.4696397740393877'", "eta='0.16644532888250615'", "max_depth='6'", "reg_lambda='0.015660421770666632'"], "origin": "Sobol"}
{"cpu_time": 15.999341011047363, "wallclock_time": 18.046581029891968, "evaluations": 62, "cost": 0.0487, "incumbent": ["colsample_bytree='0.43099563809496366'", "eta='0.11832660784416252'", "max_depth='10'", "reg_lambda='0.008248048062345576'"], "origin": "Local Search"}
{"cpu_time": 45.14273118972778, "wallclock_time": 76.31561708450317, "evaluations": 150, "cost": 0.0469, "incumbent": ["colsample_bytree='0.49212369255132504'", "eta='0.12166381559617544'", "max_depth='10'", "reg_lambda='0.0034804534796806673'"], "origin": "Local Search"}
{"cpu_time": 76.40881490707397, "wallclock_time": 156.90487408638, "evaluations": 251, "cost": 0.0446, "incumbent": ["colsample_bytree='0.48842196719003383'", "eta='0.11440957137126942'", "max_depth='9'", "reg_lambda='0.0034790758987741357'"], "origin": "Local Search"}
