"CPU Time Used","Estimated Training Performance","Wallclock Time","Incumbent ID","Automatic Configurator (CPU) Time","Configuration..."
0.000000, 2147483648.000000, 0.001469, 1, 0.001469, colsample_bytree='0.2890479595400393',eta='0.02972240058848022',max_depth='1',reg_lambda='0.23594281684827217'
0.096800, 0.381200, 0.099247, 1, 0.002447, colsample_bytree='0.2890479595400393',eta='0.02972240058848022',max_depth='1',reg_lambda='0.23594281684827217'
1.405147, 0.318900, 1.410161, 2, 0.005015, colsample_bytree='0.839533680677414',eta='0.03178815964339868',max_depth='7',reg_lambda='260.08137409645684'
2.127450, 0.089400, 2.134194, 3, 0.006744, colsample_bytree='1.0',eta='0.3',max_depth='10',reg_lambda='1.0'
8.653077, 0.055200, 8.700099, 4, 0.047022, colsample_bytree='0.4696397740393877',eta='0.16644532888250615',max_depth='6',reg_lambda='0.015660421770666632'
15.999341, 0.048700, 18.046581, 5, 2.047240, colsample_bytree='0.43099563809496366',eta='0.11832660784416252',max_depth='10',reg_lambda='0.008248048062345576'
45.142731, 0.046900, 76.315617, 6, 31.172886, colsample_bytree='0.49212369255132504',eta='0.12166381559617544',max_depth='10',reg_lambda='0.0034804534796806673'
76.408815, 0.044600, 156.904874, 7, 80.496059, colsample_bytree='0.48842196719003383',eta='0.11440957137126942',max_depth='9',reg_lambda='0.0034790758987741357'
