{
  "mean_cost": 0.05268931017383027,
  "finished_ta_runs": 1,
  "inc_changed": 1,
  "n_configs": 1,
  "submitted_ta_runs": 1,
  "ta_time_used": 0.43166112899780273,
  "wallclock_time_used": 0.4334278106689453
}