{
  "mean_cost": 0.5544618331485657,
  "finished_ta_runs": 300,
  "inc_changed": 8,
  "n_configs": 198,
  "submitted_ta_runs": 300,
  "ta_time_used": 2306.6407527923584,
  "wallclock_time_used": 2389.726725101471,
  "dataset_id": 9985,
  "perf_time": 2389.7049205839976
}