{
  "mean_cost": 0.187459851650991,
  "finished_ta_runs": 15,
  "inc_changed": 2,
  "n_configs": 6,
  "submitted_ta_runs": 15,
  "ta_time_used": 62.27252650260925,
  "wallclock_time_used": 62.299805879592896,
  "dataset_id": 9976
}