"CPU Time Used","Estimated Training Performance","Wallclock Time","Incumbent ID","Automatic Configurator (CPU) Time","Configuration..."
0.000000, 2147483648.000000, 0.000037, 1, 0.000037, alpha='0.001',eta0='0.01'
0.381551, 0.271100, 0.382185, 1, 0.000634, alpha='0.001',eta0='0.01'
1.617306, 0.142100, 1.620559, 2, 0.003253, alpha='3.649484911512686e-05',eta0='1.2652165208090965e-05'
100.857452, 0.114900, 102.141581, 3, 1.284129, alpha='2.571947530163239e-05',eta0='1.0650759024346725e-05'
