{
  "mean_cost": 0.04521900526713445,
  "finished_ta_runs": 26,
  "inc_changed": 1,
  "n_configs": 22,
  "submitted_ta_runs": 26,
  "ta_time_used": 124.05133032798767,
  "wallclock_time_used": 124.09642791748047,
  "dataset_id": 9977
}