{"cpu_time": 0.0, "wallclock_time": 0.0016617774963378906, "evaluations": 0, "cost": 2147483648.0, "incumbent": ["max_depth='1'", "max_features='0.49276944529265165'", "min_samples_leaf='4'", "min_samples_split='9'"], "origin": "Sobol"}
{"cpu_time": 0.06659579277038574, "wallclock_time": 0.06925272941589355, "evaluations": 1, "cost": 0.4177, "incumbent": ["max_depth='1'", "max_features='0.49276944529265165'", "min_samples_leaf='4'", "min_samples_split='9'"], "origin": "Sobol"}
{"cpu_time": 0.2606229782104492, "wallclock_time": 0.26605892181396484, "evaluations": 4, "cost": 0.3903, "incumbent": ["max_depth='22'", "max_features='0.502463330514729'", "min_samples_leaf='18'", "min_samples_split='83'"], "origin": "Sobol"}
{"cpu_time": 0.39557313919067383, "wallclock_time": 0.4053916931152344, "evaluations": 6, "cost": 0.3832, "incumbent": ["max_depth='10'", "max_features='0.5'", "min_samples_leaf='1'", "min_samples_split='32'"], "origin": null}
{"cpu_time": 0.654792070388794, "wallclock_time": 0.668597936630249, "evaluations": 10, "cost": 0.3643, "incumbent": ["max_depth='9'", "max_features='0.24789578560739756'", "min_samples_leaf='6'", "min_samples_split='2'"], "origin": "Sobol"}
{"cpu_time": 2.490283727645874, "wallclock_time": 2.5482828617095947, "evaluations": 38, "cost": 0.3579, "incumbent": ["max_depth='42'", "max_features='0.16500783991068602'", "min_samples_leaf='20'", "min_samples_split='10'"], "origin": "Sobol"}
{"cpu_time": 4.853316783905029, "wallclock_time": 8.21079397201538, "evaluations": 74, "cost": 0.3579, "incumbent": ["max_depth='42'", "max_features='0.25475754109064935'", "min_samples_leaf='19'", "min_samples_split='7'"], "origin": "Local Search"}
