{
  "mean_cost": 0.33283383798863675,
  "finished_ta_runs": 1,
  "inc_changed": 1,
  "n_configs": 1,
  "submitted_ta_runs": 1,
  "ta_time_used": 0.09445905685424805,
  "wallclock_time_used": 0.09621500968933105,
  "dataset_id": 18,
  "perf_time": 0.12424941600011152
}