{"cpu_time": 0.0, "wallclock_time": 4.076957702636719e-05, "evaluations": 0, "cost": 2147483648.0, "incumbent": {"C": 1.0, "gamma": 0.1}, "budget": 0, "origin": "Default"}
{"cpu_time": 0.025244951248168945, "wallclock_time": 0.026013851165771484, "evaluations": 1, "cost": 0.7358, "incumbent": {"C": 1.0, "gamma": 0.1}, "budget": 0, "origin": "Default"}
