"CPU Time Used","Estimated Training Performance","Wallclock Time","Incumbent ID","Automatic Configurator (CPU) Time","Configuration..."
0.000000, 2147483648.000000, 0.001439, 1, 0.001439, colsample_bytree='0.3908073678612709',eta='0.02197006114591668',max_depth='1',reg_lambda='0.025956378731779545'
0.051964, 0.750000, 0.054400, 1, 0.002436, colsample_bytree='0.3908073678612709',eta='0.02197006114591668',max_depth='1',reg_lambda='0.025956378731779545'
0.319346, 0.073000, 0.324311, 2, 0.004965, colsample_bytree='0.7864414579235017',eta='0.06876373473778273',max_depth='5',reg_lambda='2.180661802430785'
6.019728, 0.050000, 8.344360, 3, 2.324632, colsample_bytree='0.9619063138738426',eta='0.5970268428987651',max_depth='5',reg_lambda='52.82135137148695'
7.088749, 0.043000, 10.020701, 4, 2.931952, colsample_bytree='0.9983289293697387',eta='0.9067995523901144',max_depth='5',reg_lambda='196.69720603105668'
9.497634, 0.034700, 16.928441, 5, 7.430807, colsample_bytree='0.9928728348655906',eta='0.9499641856831766',max_depth='9',reg_lambda='314.6422134514335'
18.279975, 0.034100, 42.104511, 6, 23.824536, colsample_bytree='0.9988740014008359',eta='0.8949653294447831',max_depth='9',reg_lambda='276.36702313115586'
24.821128, 0.033800, 56.217816, 7, 31.396688, colsample_bytree='0.9929530457141261',eta='0.8010802937357843',max_depth='9',reg_lambda='269.927748199675'
