"CPU Time Used","Estimated Training Performance","Wallclock Time","Incumbent ID","Automatic Configurator (CPU) Time","Configuration..."
0.000000, 2147483648.000000, 0.000570, 1, 0.000570, C='1.3600811985592882',gamma='0.09352602871548096'
0.710588, 0.285500, 0.712194, 1, 0.001606, C='1.3600811985592882',gamma='0.09352602871548096'
6.915275, 0.038900, 6.931265, 2, 0.015990, C='102.59827344587585',gamma='0.0039228031036218506'
13.550624, 0.036300, 13.586357, 3, 0.035733, C='15.199688790550503',gamma='0.014931473822877205'
24.845217, 0.034500, 25.431255, 4, 0.586038, C='21.881035499119992',gamma='0.018769544851453386'
41.952946, 0.031700, 45.558311, 5, 3.605365, C='512.3487048606652',gamma='0.03975492335136896'
