{
  "mean_cost": 0.33491098043510714,
  "finished_ta_runs": 1,
  "inc_changed": 1,
  "n_configs": 1,
  "submitted_ta_runs": 1,
  "ta_time_used": 0.16515111923217773,
  "wallclock_time_used": 0.16660094261169434,
  "dataset_id": 146820,
  "perf_time": 0.17205304199978855
}