"CPU Time Used","Estimated Training Performance","Wallclock Time","Incumbent ID","Automatic Configurator (CPU) Time","Configuration..."
0.000000, 2147483648.000000, 0.000038, 1, 0.000038, C='1.0',gamma='0.1'
0.054782, 0.474600, 0.055430, 1, 0.000648, C='1.0',gamma='0.1'
0.436167, 0.467000, 0.444304, 2, 0.008137, C='7.615166584313989',gamma='0.10560628945782698'
12.579977, 0.465800, 14.034519, 3, 1.454542, C='87.44463695046068',gamma='0.010366008188031938'
