{
  "mean_cost": 0.019224347573690515,
  "finished_ta_runs": 1,
  "inc_changed": 1,
  "n_configs": 1,
  "submitted_ta_runs": 1,
  "ta_time_used": 0.8483822345733643,
  "wallclock_time_used": 0.8500421047210693
}