{"cpu_time": 0.0, "wallclock_time": 0.0016582012176513672, "evaluations": 0, "cost": 2147483648.0, "incumbent": ["max_depth='2'", "max_features='0.4491682695224881'", "min_samples_leaf='1'", "min_samples_split='4'"], "origin": "Sobol"}
{"cpu_time": 0.21497535705566406, "wallclock_time": 0.21767306327819824, "evaluations": 1, "cost": 0.6667, "incumbent": ["max_depth='2'", "max_features='0.4491682695224881'", "min_samples_leaf='1'", "min_samples_split='4'"], "origin": "Sobol"}
{"cpu_time": 1.0775892734527588, "wallclock_time": 1.083268165588379, "evaluations": 4, "cost": 0.08, "incumbent": ["max_depth='17'", "max_features='0.6137791713699698'", "min_samples_leaf='16'", "min_samples_split='18'"], "origin": "Sobol"}
{"cpu_time": 1.623474359512329, "wallclock_time": 1.6315011978149414, "evaluations": 6, "cost": 0.057, "incumbent": ["max_depth='10'", "max_features='0.5'", "min_samples_leaf='1'", "min_samples_split='32'"], "origin": null}
{"cpu_time": 11.586601257324219, "wallclock_time": 11.65159296989441, "evaluations": 37, "cost": 0.056, "incumbent": ["max_depth='46'", "max_features='0.7485423665493727'", "min_samples_leaf='1'", "min_samples_split='7'"], "origin": "Sobol"}
{"cpu_time": 17.89457607269287, "wallclock_time": 18.534600973129272, "evaluations": 56, "cost": 0.0535, "incumbent": ["max_depth='32'", "max_features='0.46516124731729447'", "min_samples_leaf='1'", "min_samples_split='7'"], "origin": "Local Search"}
{"cpu_time": 22.023827075958252, "wallclock_time": 25.745679140090942, "evaluations": 70, "cost": 0.0534, "incumbent": ["max_depth='29'", "max_features='0.4629385461490498'", "min_samples_leaf='1'", "min_samples_split='2'"], "origin": "Local Search"}
{"cpu_time": 25.161428689956665, "wallclock_time": 29.660076141357422, "evaluations": 80, "cost": 0.053, "incumbent": ["max_depth='32'", "max_features='0.46020103063751705'", "min_samples_leaf='1'", "min_samples_split='3'"], "origin": "Local Search"}
{"cpu_time": 31.196826219558716, "wallclock_time": 40.460803270339966, "evaluations": 100, "cost": 0.0518, "incumbent": ["max_depth='20'", "max_features='0.46038704388775004'", "min_samples_leaf='1'", "min_samples_split='2'"], "origin": "Local Search"}
{"cpu_time": 39.00218629837036, "wallclock_time": 56.04226517677307, "evaluations": 126, "cost": 0.0509, "incumbent": ["max_depth='9'", "max_features='0.4626796345671391'", "min_samples_leaf='1'", "min_samples_split='2'"], "origin": "Local Search"}
{"cpu_time": 42.05185151100159, "wallclock_time": 60.65844511985779, "evaluations": 133, "cost": 0.0481, "incumbent": ["max_depth='9'", "max_features='0.46332326866104756'", "min_samples_leaf='2'", "min_samples_split='2'"], "origin": "Local Search"}
