"CPU Time Used","Estimated Training Performance","Wallclock Time","Incumbent ID","Automatic Configurator (CPU) Time","Configuration..."
0.000000, 2147483648.000000, 0.000608, 1, 0.000608, alpha='0.0004126639093412234',eta0='0.0017613324954003418'
0.063083, 0.482100, 0.064571, 1, 0.001488, alpha='0.0004126639093412234',eta0='0.0017613324954003418'
0.532648, 0.488500, 0.539877, 2, 0.007230, alpha='0.10693804138470717',eta0='1.4701197301483249e-05'
1.280968, 0.483300, 1.299750, 3, 0.018782, alpha='1.3751027885583958e-05',eta0='0.0001426968473177047'
2.095277, 0.483300, 2.129796, 4, 0.034519, alpha='0.0014439030581155858',eta0='2.6843996424460273e-05'
3.596790, 0.481300, 3.668027, 5, 0.071237, alpha='0.0003176176432525431',eta0='6.415790095453975e-05'
4.763509, 0.480800, 6.593257, 6, 1.829749, alpha='2.9241402441029476e-05',eta0='0.004715740760171072'
6.837378, 0.479000, 13.428042, 7, 6.590664, alpha='2.7317158767607408e-05',eta0='0.004724603165011976'
7.598793, 0.476700, 15.844779, 8, 8.245986, alpha='0.00010712486302631727',eta0='0.0004884281239605537'
