{
  "mean_cost": 0.052760050191689854,
  "finished_ta_runs": 300,
  "inc_changed": 6,
  "n_configs": 219,
  "submitted_ta_runs": 300,
  "ta_time_used": 266.3327708244324,
  "wallclock_time_used": 475.55339884757996,
  "dataset_id": 14952,
  "perf_time": 475.5633511249998
}