{
  "mean_cost": 0.5895440942179503,
  "finished_ta_runs": 163,
  "inc_changed": 5,
  "n_configs": 141,
  "submitted_ta_runs": 163,
  "ta_time_used": 119.53707313537598,
  "wallclock_time_used": 120.08655190467834,
  "dataset_id": 14969
}