"CPU Time Used","Estimated Training Performance","Wallclock Time","Incumbent ID","Automatic Configurator (CPU) Time","Configuration..."
0.000000, 2147483648.000000, 0.000043, 1, 0.000043, alpha='0.001',eta0='0.01'
0.088982, 0.491300, 0.090142, 1, 0.001160, alpha='0.001',eta0='0.01'
0.424282, 0.481900, 0.442057, 2, 0.017776, alpha='1.0455662723206625e-05',eta0='0.001729647929337629'
0.621890, 0.484200, 0.645182, 3, 0.023292, alpha='0.00022661234155643443',eta0='7.824882505894288e-05'
1.077843, 0.483300, 1.116445, 4, 0.038602, alpha='0.0003942900369463765',eta0='0.00020341740105548015'
1.849696, 0.477400, 1.926697, 5, 0.077001, alpha='5.9964348508991425e-05',eta0='0.0001500893935383442'
9.333710, 0.476400, 10.361006, 6, 1.027296, alpha='4.1099611047965875e-05',eta0='0.04299279444705944'
12.115949, 0.472700, 13.886074, 7, 1.770125, alpha='0.0003753260904421177',eta0='0.004810013920635651'
