{
  "mean_cost": 0.5982113092502375,
  "finished_ta_runs": 1,
  "inc_changed": 1,
  "n_configs": 1,
  "submitted_ta_runs": 1,
  "ta_time_used": 0.02892780303955078,
  "wallclock_time_used": 0.030424833297729492,
  "dataset_id": 23,
  "perf_time": 0.03580095900042579
}