"CPU Time Used","Estimated Training Performance","Wallclock Time","Incumbent ID","Automatic Configurator (CPU) Time","Configuration..."
0.000000, 2147483648.000000, 0.000040, 1, 0.000040, C='1.0',gamma='0.1'
0.017963, 0.764600, 0.018576, 1, 0.000613, C='1.0',gamma='0.1'
0.132138, 0.714400, 0.139863, 2, 0.007725, C='7.615166584313989',gamma='0.10560628945782698'
0.398395, 0.695300, 0.428341, 3, 0.029946, C='2.6468670547164708',gamma='0.16299951800753115'
