"CPU Time Used","Estimated Training Performance","Wallclock Time","Incumbent ID","Automatic Configurator (CPU) Time","Configuration..."
0.000000, 2147483648.000000, 0.000147, 1, 0.000147, alpha='0.001',eta0='0.01'
0.418740, 0.814900, 0.420447, 1, 0.001707, alpha='0.001',eta0='0.01'
1.911620, 0.808200, 1.916481, 2, 0.004861, alpha='3.649484911512686e-05',eta0='1.2652165208090965e-05'
4.172682, 0.753000, 4.181691, 3, 0.009009, alpha='0.005024635265504522',eta0='2.0035124286213127e-05'
22.400751, 0.776000, 22.509326, 4, 0.108574, alpha='1.2909687744250807e-05',eta0='0.00294381217579643'
43.929273, 0.772400, 44.220853, 5, 0.291580, alpha='2.54227331664645e-05',eta0='0.00010489097732877521'
49.668978, 0.770100, 50.010065, 6, 0.341087, alpha='0.00023454391236628407',eta0='3.0223462456117124e-05'
67.239418, 0.762700, 67.801105, 7, 0.561687, alpha='0.0005693107816604051',eta0='0.0002943401078867205'
