{
  "mean_cost": 0.1405155282124348,
  "finished_ta_runs": 161,
  "inc_changed": 6,
  "n_configs": 138,
  "submitted_ta_runs": 161,
  "ta_time_used": 120.26059532165527,
  "wallclock_time_used": 120.78269791603088,
  "dataset_id": 32
}