{"cpu_time": 0.0, "wallclock_time": 0.0015223026275634766, "evaluations": 0, "cost": 2147483648.0, "incumbent": {"max_depth": 2, "max_features": 0.4491682695224881, "min_samples_leaf": 1, "min_samples_split": 4}, "budget": 0, "origin": "Sobol"}
{"cpu_time": 0.07083892822265625, "wallclock_time": 0.07326221466064453, "evaluations": 1, "cost": 0.3827, "incumbent": {"max_depth": 2, "max_features": 0.4491682695224881, "min_samples_leaf": 1, "min_samples_split": 4}, "budget": 0, "origin": "Sobol"}
{"cpu_time": 0.25783586502075195, "wallclock_time": 0.26283812522888184, "evaluations": 4, "cost": 0.3756, "incumbent": {"max_depth": 17, "max_features": 0.6137791713699698, "min_samples_leaf": 16, "min_samples_split": 18}, "budget": 0, "origin": "Sobol"}
{"cpu_time": 0.38916850090026855, "wallclock_time": 0.39585304260253906, "evaluations": 6, "cost": 0.368, "incumbent": {"max_depth": 10, "max_features": 0.5, "min_samples_leaf": 1, "min_samples_split": 32}, "budget": 0, "origin": null}
{"cpu_time": 0.637528657913208, "wallclock_time": 0.6498241424560547, "evaluations": 10, "cost": 0.3582, "incumbent": {"max_depth": 9, "max_features": 0.10657401569187641, "min_samples_leaf": 8, "min_samples_split": 6}, "budget": 0, "origin": "Sobol"}
{"cpu_time": 12.450989484786987, "wallclock_time": 42.005011320114136, "evaluations": 194, "cost": 0.3542, "incumbent": {"max_depth": 39, "max_features": 0.19394689100022688, "min_samples_leaf": 9, "min_samples_split": 5}, "budget": 0, "origin": "Local Search"}
