{"cpu_time": 0.0, "wallclock_time": 4.7206878662109375e-05, "evaluations": 0, "cost": 2147483648.0, "incumbent": ["C='1.0'", "gamma='0.1'"], "origin": "Default"}
{"cpu_time": 0.4622001647949219, "wallclock_time": 0.46286702156066895, "evaluations": 1, "cost": 0.5, "incumbent": ["C='1.0'", "gamma='0.1'"], "origin": "Default"}
