{
  "mean_cost": 0.12402561691265668,
  "finished_ta_runs": 1,
  "inc_changed": 1,
  "n_configs": 1,
  "submitted_ta_runs": 1,
  "ta_time_used": 0.018201112747192383,
  "wallclock_time_used": 0.019564151763916016,
  "dataset_id": 10093,
  "perf_time": 0.10370395800009646
}