"CPU Time Used","Estimated Training Performance","Wallclock Time","Incumbent ID","Automatic Configurator (CPU) Time","Configuration..."
0.000000, 2147483648.000000, 0.000609, 1, 0.000609, alpha='0.0040824718253228975',eta0='0.00044195488125554607'
0.144843, 0.311900, 0.146780, 1, 0.001937, alpha='0.0040824718253228975',eta0='0.00044195488125554607'
0.358490, 0.315400, 0.364273, 2, 0.005783, alpha='0.0007534803600179209',eta0='0.01638324291048883'
1.444288, 0.368700, 1.463246, 3, 0.018958, alpha='8.740778541533059e-05',eta0='0.35545691961437276'
3.220314, 0.368400, 3.269359, 4, 0.049045, alpha='1.5453619743711834e-05',eta0='0.0020987569216046422'
3.751573, 0.363400, 4.375916, 5, 0.624343, alpha='0.0051092316363816675',eta0='0.0005209419581149092'
4.915449, 0.362000, 7.047393, 6, 2.131944, alpha='0.004011875068036262',eta0='0.0004585232609918611'
8.420481, 0.347200, 18.342127, 7, 9.921646, alpha='0.000856469730661536',eta0='0.05045062274965164'
