"CPU Time Used","Estimated Training Performance","Wallclock Time","Incumbent ID","Automatic Configurator (CPU) Time","Configuration..."
0.000000, 2147483648.000000, 0.000554, 1, 0.000554, C='0.017961675793542162',gamma='0.9046232030638993'
0.073497, 0.875000, 0.074786, 1, 0.001289, C='0.017961675793542162',gamma='0.9046232030638993'
0.227873, 0.024400, 0.231410, 2, 0.003537, C='61.71933670840937',gamma='1.0864412265106145'
0.730802, 0.000000, 0.746524, 3, 0.015722, C='198.6613474689375',gamma='0.09318781769031856'
