"CPU Time Used","Estimated Training Performance","Wallclock Time","Incumbent ID","Automatic Configurator (CPU) Time","Configuration..."
0.000000, 2147483648.000000, 0.000566, 1, 0.000566, alpha='0.0040824718253228975',eta0='0.00044195488125554607'
0.211721, 0.338100, 0.213028, 1, 0.001307, alpha='0.0040824718253228975',eta0='0.00044195488125554607'
1.441601, 0.331100, 1.447279, 2, 0.005678, alpha='2.1186147948258377e-05',eta0='8.558614272324676e-05'
2.055297, 0.318300, 2.063355, 3, 0.008058, alpha='0.001',eta0='0.01'
3.869613, 0.304700, 3.885776, 4, 0.016163, alpha='8.740778541533059e-05',eta0='0.35545691961437276'
31.957305, 0.304200, 53.914341, 5, 21.957036, alpha='7.537075556366929e-05',eta0='0.36289372773611456'
45.526802, 0.303900, 81.027989, 6, 35.501187, alpha='0.005216546404766754',eta0='0.3495647818877312'
