"CPU Time Used","Estimated Training Performance","Wallclock Time","Incumbent ID","Automatic Configurator (CPU) Time","Configuration..."
0.000000, 2147483648.000000, 0.000522, 1, 0.000522, C='0.017961675793542162',gamma='0.9046232030638993'
0.023085, 0.806100, 0.024298, 1, 0.001213, C='0.017961675793542162',gamma='0.9046232030638993'
0.086241, 0.032500, 0.089560, 2, 0.003319, C='61.71933670840937',gamma='1.0864412265106145'
0.328360, 0.011900, 0.345066, 3, 0.016706, C='198.6613474689375',gamma='0.09318781769031856'
