"CPU Time Used","Estimated Training Performance","Wallclock Time","Incumbent ID","Automatic Configurator (CPU) Time","Configuration..."
0.000000, 2147483648.000000, 0.000624, 1, 0.000624, C='1.3600811985592882',gamma='0.09352602871548096'
0.824465, 0.577900, 0.825898, 1, 0.001433, C='1.3600811985592882',gamma='0.09352602871548096'
29.810265, 0.568800, 30.285657, 2, 0.475393, C='4.551918320704611',gamma='0.07379968982948565'
45.538763, 0.568500, 48.301893, 3, 2.763130, C='4.513963532902693',gamma='0.0753026807249285'
86.321945, 0.564900, 92.733470, 4, 6.411525, C='20.72073561610147',gamma='0.44340500945920297'
92.331015, 0.556000, 99.132449, 5, 6.801434, C='23.796261155744947',gamma='0.1639626823509083'
97.907999, 0.546400, 105.309815, 6, 7.401816, C='27.727533734241113',gamma='0.26225512982122184'
108.483244, 0.542400, 118.237227, 7, 9.753983, C='27.189669157561745',gamma='0.272717381203479'
115.936901, 0.541800, 126.468492, 8, 10.531591, C='27.251730879076625',gamma='0.2719690820340287'
