{
  "mean_cost": 0.7230488631442638,
  "finished_ta_runs": 1,
  "inc_changed": 1,
  "n_configs": 1,
  "submitted_ta_runs": 1,
  "ta_time_used": 0.9350180625915527,
  "wallclock_time_used": 0.9365062713623047,
  "dataset_id": 9985,
  "perf_time": 0.9448412080000708
}