{
  "mean_cost": 0.030026774103786513,
  "finished_ta_runs": 74,
  "inc_changed": 3,
  "n_configs": 46,
  "submitted_ta_runs": 74,
  "ta_time_used": 60.44761252403259,
  "wallclock_time_used": 60.62275815010071,
  "dataset_id": 146824
}