{
  "mean_cost": 0.39813659162669357,
  "finished_ta_runs": 688,
  "inc_changed": 3,
  "n_configs": 656,
  "submitted_ta_runs": 688,
  "ta_time_used": 112.75020670890808,
  "wallclock_time_used": 120.02710103988647,
  "dataset_id": 3917
}