"CPU Time Used","Estimated Training Performance","Wallclock Time","Incumbent ID","Automatic Configurator (CPU) Time","Configuration..."
0.000000, 2147483648.000000, 0.000646, 1, 0.000646, alpha='0.00011227070295712931',eta0='0.0029096933833365197'
0.275124, 0.477000, 0.276644, 1, 0.001520, alpha='0.00011227070295712931',eta0='0.0029096933833365197'
5.498070, 0.443800, 5.531687, 2, 0.033617, alpha='0.00022294150416561802',eta0='0.00019929399219757566'
9.340267, 0.440600, 10.984461, 3, 1.644194, alpha='0.00022100028783117128',eta0='0.0001340467620700761'
12.829443, 0.434600, 17.413859, 4, 4.584416, alpha='0.0002366773779226777',eta0='2.360306963633096e-05'
