{
  "mean_cost": 0.02919889242972712,
  "finished_ta_runs": 151,
  "inc_changed": 4,
  "n_configs": 107,
  "submitted_ta_runs": 151,
  "ta_time_used": 120.20484828948975,
  "wallclock_time_used": 120.80700492858887,
  "dataset_id": 146824
}