"CPU Time Used","Estimated Training Performance","Wallclock Time","Incumbent ID","Automatic Configurator (CPU) Time","Configuration..."
0.000000, 2147483648.000000, 0.000561, 1, 0.000561, C='0.017961675793542162',gamma='0.9046232030638993'
0.008795, 0.500000, 0.010088, 1, 0.001293, C='0.017961675793542162',gamma='0.9046232030638993'
0.065273, 0.450800, 0.071223, 2, 0.005950, C='12.958180650233897',gamma='0.01207858159167579'
0.138274, 0.416800, 0.152161, 3, 0.013887, C='0.7731863785266639',gamma='0.0012442315522724887'
0.269258, 0.321200, 0.301432, 4, 0.032174, C='176.75556488562856',gamma='0.002712060563487799'
0.349293, 0.312800, 0.638456, 5, 0.289163, C='188.30073549633497',gamma='0.0036650371327301076'
0.390755, 0.297300, 0.687109, 6, 0.296354, C='187.78462337828392',gamma='0.0030122956243543043'
