"CPU Time Used","Estimated Training Performance","Wallclock Time","Incumbent ID","Automatic Configurator (CPU) Time","Configuration..."
0.000000, 2147483648.000000, 0.000699, 1, 0.000699, alpha='0.0004126639093412234',eta0='0.0017613324954003418'
6.526699, 0.044600, 6.529195, 1, 0.002496, alpha='0.0004126639093412234',eta0='0.0017613324954003418'
