"CPU Time Used","Estimated Training Performance","Wallclock Time","Incumbent ID","Automatic Configurator (CPU) Time","Configuration..."
0.000000, 2147483648.000000, 0.000549, 1, 0.000549, C='0.08611366210550205',gamma='0.4942679928374453'
0.468659, 0.564700, 0.469942, 1, 0.001283, C='0.08611366210550205',gamma='0.4942679928374453'
2.608106, 0.543200, 2.611947, 2, 0.003841, C='19.433598606658386',gamma='9.232350409327609'
3.190070, 0.129600, 3.195641, 3, 0.005571, C='1.0',gamma='0.1'
4.063142, 0.108300, 4.072240, 4, 0.009099, C='69.38389384208695',gamma='0.0015531477828170245'
6.604993, 0.087700, 6.624565, 5, 0.019572, C='4.532544074901469',gamma='0.03382327396632573'
14.930887, 0.087200, 16.089433, 6, 1.158546, C='4.627532503938929',gamma='0.03363651700481586'
16.977658, 0.086700, 18.727088, 7, 1.749430, C='4.670624048956524',gamma='0.03396143937563485'
