"CPU Time Used","Estimated Training Performance","Wallclock Time","Incumbent ID","Automatic Configurator (CPU) Time","Configuration..."
0.000000, 2147483648.000000, 0.000538, 1, 0.000538, alpha='0.00011227070295712931',eta0='0.0029096933833365197'
0.972946, 0.074100, 0.974191, 1, 0.001245, alpha='0.00011227070295712931',eta0='0.0029096933833365197'
15.427337, 0.032800, 15.443107, 2, 0.015770, alpha='2.9848599322377e-05',eta0='0.022418115180003955'
35.721559, 0.032200, 36.233412, 3, 0.511853, alpha='1.2699415139924671e-05',eta0='0.018816009278344033'
41.516721, 0.029800, 42.437795, 4, 0.921074, alpha='1.2281262279182518e-05',eta0='0.027995578338011095'
