{
  "mean_cost": 0.37715025787729245,
  "finished_ta_runs": 197,
  "inc_changed": 7,
  "n_configs": 102,
  "submitted_ta_runs": 197,
  "ta_time_used": 23.160057306289673,
  "wallclock_time_used": 60.01404285430908,
  "dataset_id": 9971
}