{"cpu_time": 0.0, "wallclock_time": 4.601478576660156e-05, "evaluations": 0, "cost": 2147483648.0, "incumbent": {"colsample_bytree": 1.0, "eta": 0.3, "max_depth": 10, "reg_lambda": 1.0}, "budget": 0, "origin": "Default"}
{"cpu_time": 0.7272191047668457, "wallclock_time": 0.727902889251709, "evaluations": 1, "cost": 0.0648, "incumbent": {"colsample_bytree": 1.0, "eta": 0.3, "max_depth": 10, "reg_lambda": 1.0}, "budget": 0, "origin": "Default"}
{"cpu_time": 11.54392123222351, "wallclock_time": 11.573631048202515, "evaluations": 24, "cost": 0.0623, "incumbent": {"colsample_bytree": 0.26315082135305257, "eta": 0.00919162641130799, "max_depth": 10, "reg_lambda": 0.019532202976770125}, "budget": 0, "origin": "Random Search"}
{"cpu_time": 66.2001416683197, "wallclock_time": 66.78348898887634, "evaluations": 171, "cost": 0.0621, "incumbent": {"colsample_bytree": 0.3132937624002232, "eta": 0.028881232797199237, "max_depth": 10, "reg_lambda": 2.679824774914583}, "budget": 0, "origin": "Random Search"}
{"cpu_time": 140.23854422569275, "wallclock_time": 142.644385099411, "evaluations": 382, "cost": 0.0605, "incumbent": {"colsample_bytree": 0.7385350884171845, "eta": 0.7891616973167471, "max_depth": 6, "reg_lambda": 5.894338671494358}, "budget": 0, "origin": "Random Search"}
