{"cpu_time": 0.0, "wallclock_time": 0.0005450248718261719, "evaluations": 0, "cost": 2147483648.0, "incumbent": {"alpha": 0.0040824718253228975, "eta0": 0.00044195488125554607}, "budget": 0, "origin": "Sobol"}
{"cpu_time": 0.15875887870788574, "wallclock_time": 0.16006922721862793, "evaluations": 1, "cost": 0.7815, "incumbent": {"alpha": 0.0040824718253228975, "eta0": 0.00044195488125554607}, "budget": 0, "origin": "Sobol"}
{"cpu_time": 1.1016898155212402, "wallclock_time": 1.1077821254730225, "evaluations": 7, "cost": 0.7751, "incumbent": {"alpha": 2.1186147948258377e-05, "eta0": 8.558614272324676e-05}, "budget": 0, "origin": "Sobol"}
{"cpu_time": 3.9211342334747314, "wallclock_time": 3.9450581073760986, "evaluations": 25, "cost": 0.7734, "incumbent": {"alpha": 0.03030347755881635, "eta0": 9.629973594130217e-05}, "budget": 0, "origin": "Sobol"}
{"cpu_time": 5.320634841918945, "wallclock_time": 5.355626106262207, "evaluations": 34, "cost": 0.7687, "incumbent": {"alpha": 5.872228902171585e-05, "eta0": 0.00027724604623741747}, "budget": 0, "origin": "Sobol"}
