"CPU Time Used","Estimated Training Performance","Wallclock Time","Incumbent ID","Automatic Configurator (CPU) Time","Configuration..."
0.000000, 2147483648.000000, 0.000545, 1, 0.000545, alpha='0.0040824718253228975',eta0='0.00044195488125554607'
0.158759, 0.781500, 0.160069, 1, 0.001310, alpha='0.0040824718253228975',eta0='0.00044195488125554607'
1.101690, 0.775100, 1.107782, 2, 0.006092, alpha='2.1186147948258377e-05',eta0='8.558614272324676e-05'
3.921134, 0.773400, 3.945058, 3, 0.023924, alpha='0.03030347755881635',eta0='9.629973594130217e-05'
5.320635, 0.768700, 5.355626, 4, 0.034991, alpha='5.872228902171585e-05',eta0='0.00027724604623741747'
