"CPU Time Used","Estimated Training Performance","Wallclock Time","Incumbent ID","Automatic Configurator (CPU) Time","Configuration..."
0.000000, 2147483648.000000, 0.001422, 1, 0.001422, colsample_bytree='0.3908073678612709',eta='0.02197006114591668',max_depth='1',reg_lambda='0.025956378731779545'
0.059655, 0.465600, 0.062062, 1, 0.002407, colsample_bytree='0.3908073678612709',eta='0.02197006114591668',max_depth='1',reg_lambda='0.025956378731779545'
0.680379, 0.145800, 0.685543, 2, 0.005164, colsample_bytree='0.7864414579235017',eta='0.06876373473778273',max_depth='5',reg_lambda='2.180661802430785'
6.065026, 0.141900, 6.099157, 3, 0.034131, colsample_bytree='0.8665420586243272',eta='0.19437543650629796',max_depth='4',reg_lambda='0.002771788600998199'
21.748244, 0.138100, 28.066972, 4, 6.318728, colsample_bytree='0.8686985306264703',eta='0.48625729190333317',max_depth='9',reg_lambda='0.0031127800602818727'
35.071308, 0.136000, 53.647850, 5, 18.576541, colsample_bytree='0.9150145018502207',eta='0.37665709669603964',max_depth='5',reg_lambda='0.017400488231873363'
55.281070, 0.135800, 97.179105, 6, 41.898035, colsample_bytree='0.9141183323147873',eta='0.05349500683079186',max_depth='5',reg_lambda='0.0128391175022742'
