"CPU Time Used","Estimated Training Performance","Wallclock Time","Incumbent ID","Automatic Configurator (CPU) Time","Configuration..."
0.000000, 2147483648.000000, 0.000045, 1, 0.000045, alpha='0.001',eta0='0.01'
0.301265, 0.476200, 0.302023, 1, 0.000758, alpha='0.001',eta0='0.01'
0.912155, 0.419100, 0.915489, 2, 0.003334, alpha='3.649484911512686e-05',eta0='1.2652165208090965e-05'
18.380495, 0.406500, 18.617794, 3, 0.237299, alpha='2.54227331664645e-05',eta0='0.00010489097732877521'
23.935723, 0.400400, 24.270371, 4, 0.334648, alpha='0.0006369911006372868',eta0='9.8597453484733e-05'
97.348035, 0.397100, 101.653122, 5, 4.305087, alpha='0.0047389193112786195',eta0='1.0185830568046073e-05'
