"CPU Time Used","Estimated Training Performance","Wallclock Time","Incumbent ID","Automatic Configurator (CPU) Time","Configuration..."
0.000000, 2147483648.000000, 0.000038, 1, 0.000038, C='1.0',gamma='0.1'
0.057481, 0.750000, 0.058149, 1, 0.000668, C='1.0',gamma='0.1'
6.856451, 0.462700, 7.443930, 2, 0.587479, C='679.0325401248423',gamma='0.0030357544050474464'
7.964474, 0.329100, 8.752224, 3, 0.787750, C='1.3577833231108003',gamma='0.0023769411823143316'
8.245066, 0.255400, 9.086804, 4, 0.841738, C='0.21961729562043475',gamma='0.0010422248569806585'
10.503696, 0.008000, 11.850812, 5, 1.347116, C='1.3223942490815643',gamma='0.0010851536715203332'
