{
  "mean_cost": 0.011128096193200309,
  "finished_ta_runs": 216,
  "inc_changed": 6,
  "n_configs": 107,
  "submitted_ta_runs": 216,
  "ta_time_used": 29.705078840255737,
  "wallclock_time_used": 60.10590982437134,
  "dataset_id": 3
}