{
  "mean_cost": 0.16294417537195321,
  "finished_ta_runs": 300,
  "inc_changed": 2,
  "n_configs": 120,
  "submitted_ta_runs": 300,
  "ta_time_used": 8.610731363296509,
  "wallclock_time_used": 44.74494910240173,
  "dataset_id": 3549,
  "perf_time": 44.757823665990145
}