"CPU Time Used","Estimated Training Performance","Wallclock Time","Incumbent ID","Automatic Configurator (CPU) Time","Configuration..."
0.000000, 2147483648.000000, 0.000555, 1, 0.000555, C='1.3600811985592882',gamma='0.09352602871548096'
0.112674, 0.857100, 0.113982, 1, 0.001308, C='1.3600811985592882',gamma='0.09352602871548096'
