"CPU Time Used","Estimated Training Performance","Wallclock Time","Incumbent ID","Automatic Configurator (CPU) Time","Configuration..."
0.000000, 2147483648.000000, 0.000580, 1, 0.000580, alpha='0.0040824718253228975',eta0='0.00044195488125554607'
0.036239, 0.500000, 0.037552, 1, 0.001313, alpha='0.0040824718253228975',eta0='0.00044195488125554607'
0.113279, 0.111100, 0.116821, 2, 0.003542, alpha='0.0007534803600179209',eta0='0.01638324291048883'
