"CPU Time Used","Estimated Training Performance","Wallclock Time","Incumbent ID","Automatic Configurator (CPU) Time","Configuration..."
0.000000, 2147483648.000000, 0.000592, 1, 0.000592, alpha='0.00011227070295712931',eta0='0.0029096933833365197'
0.116159, 0.754200, 0.117534, 1, 0.001375, alpha='0.00011227070295712931',eta0='0.0029096933833365197'
2.098443, 0.677700, 2.119063, 2, 0.020620, alpha='2.9848599322377e-05',eta0='0.022418115180003955'
6.774661, 0.674100, 8.703652, 3, 1.928991, alpha='0.0004476941959182255',eta0='2.2435283268478662e-05'
24.585099, 0.673400, 62.227173, 4, 37.642074, alpha='4.088619346536649e-05',eta0='0.022418115180003955'
