"CPU Time Used","Estimated Training Performance","Wallclock Time","Incumbent ID","Automatic Configurator (CPU) Time","Configuration..."
0.000000, 2147483648.000000, 0.000566, 1, 0.000566, alpha='0.00011227070295712931',eta0='0.0029096933833365197'
0.250599, 0.533800, 0.251926, 1, 0.001327, alpha='0.00011227070295712931',eta0='0.0029096933833365197'
3.807317, 0.425300, 3.823234, 2, 0.015917, alpha='2.9848599322377e-05',eta0='0.022418115180003955'
9.002974, 0.420900, 9.766620, 3, 0.763646, alpha='3.246018499427213e-05',eta0='0.05313927488886476'
17.132112, 0.414000, 25.401305, 4, 8.269193, alpha='1.1048802650227128e-05',eta0='0.03893805450468669'
