"CPU Time Used","Estimated Training Performance","Wallclock Time","Incumbent ID","Automatic Configurator (CPU) Time","Configuration..."
0.000000, 2147483648.000000, 0.000233, 1, 0.000233, alpha='0.0004126639093412234',eta0='0.0017613324954003418'
2.394179, 0.182600, 2.395152, 1, 0.000973, alpha='0.0004126639093412234',eta0='0.0017613324954003418'
