"CPU Time Used","Estimated Training Performance","Wallclock Time","Incumbent ID","Automatic Configurator (CPU) Time","Configuration..."
0.000000, 2147483648.000000, 0.000545, 1, 0.000545, alpha='0.0004126639093412234',eta0='0.0017613324954003418'
5.457070, 0.038900, 5.458528, 1, 0.001458, alpha='0.0004126639093412234',eta0='0.0017613324954003418'
38.251802, 0.036600, 38.261721, 2, 0.009919, alpha='0.10693804138470717',eta0='1.4701197301483249e-05'
90.979125, 0.035500, 91.005111, 3, 0.025986, alpha='1.3751027885583958e-05',eta0='0.0001426968473177047'
139.339587, 0.035000, 139.382763, 4, 0.043176, alpha='0.011093798215005723',eta0='0.0001899065880253528'
172.533307, 0.033500, 172.590105, 5, 0.056798, alpha='0.0014439030581155858',eta0='2.6843996424460273e-05'
372.821813, 0.033300, 378.049463, 6, 5.227650, alpha='0.0011218172937252624',eta0='2.3959221090154538e-05'
434.215678, 0.032600, 440.921328, 7, 6.705651, alpha='0.0002121907326897065',eta0='1.0935897024438273e-05'
484.240914, 0.032300, 491.608925, 8, 7.368011, alpha='0.0011152272546350605',eta0='1.2389679050436384e-05'
