{"cpu_time": 0.0, "wallclock_time": 0.0015790462493896484, "evaluations": 0, "cost": 2147483648.0, "incumbent": ["max_depth='6'", "max_features='0.3290755869820714'", "min_samples_leaf='11'", "min_samples_split='2'"], "origin": "Sobol"}
{"cpu_time": 0.22867298126220703, "wallclock_time": 0.2312760353088379, "evaluations": 1, "cost": 0.1769, "incumbent": ["max_depth='6'", "max_features='0.3290755869820714'", "min_samples_leaf='11'", "min_samples_split='2'"], "origin": "Sobol"}
{"cpu_time": 4.869569540023804, "wallclock_time": 4.883573055267334, "evaluations": 10, "cost": 0.0897, "incumbent": ["max_depth='18'", "max_features='0.9707894120365381'", "min_samples_leaf='5'", "min_samples_split='26'"], "origin": "Sobol"}
{"cpu_time": 5.987154245376587, "wallclock_time": 6.006820201873779, "evaluations": 14, "cost": 0.0601, "incumbent": ["max_depth='10'", "max_features='0.5'", "min_samples_leaf='1'", "min_samples_split='32'"], "origin": null}
{"cpu_time": 19.241629600524902, "wallclock_time": 20.60428500175476, "evaluations": 59, "cost": 0.0568, "incumbent": ["max_depth='8'", "max_features='0.5013469976352048'", "min_samples_leaf='1'", "min_samples_split='11'"], "origin": "Local Search"}
{"cpu_time": 23.21938729286194, "wallclock_time": 26.434266805648804, "evaluations": 73, "cost": 0.0476, "incumbent": ["max_depth='44'", "max_features='0.4942392367944657'", "min_samples_leaf='3'", "min_samples_split='7'"], "origin": "Local Search"}
{"cpu_time": 39.640491008758545, "wallclock_time": 56.58804893493652, "evaluations": 123, "cost": 0.0458, "incumbent": ["max_depth='37'", "max_features='0.5839986575807227'", "min_samples_leaf='1'", "min_samples_split='4'"], "origin": "Local Search"}
