"CPU Time Used","Estimated Training Performance","Wallclock Time","Incumbent ID","Automatic Configurator (CPU) Time","Configuration..."
0.000000, 2147483648.000000, 0.000050, 1, 0.000050, alpha='0.001',eta0='0.01'
0.082354, 0.500000, 0.083878, 1, 0.001524, alpha='0.001',eta0='0.01'
0.201251, 0.472000, 0.208509, 2, 0.007258, alpha='3.649484911512686e-05',eta0='1.2652165208090965e-05'
0.624642, 0.481000, 0.645976, 3, 0.021334, alpha='0.00022661234155643443',eta0='7.824882505894288e-05'
1.038190, 0.477900, 1.077046, 4, 0.038856, alpha='0.0003942900369463765',eta0='0.00020341740105548015'
5.499647, 0.477700, 5.955577, 5, 0.455930, alpha='0.0014296676323625388',eta0='6.283579821753397e-05'
10.673587, 0.474200, 12.186695, 6, 1.513108, alpha='0.004709146621179731',eta0='1.4394245641904375e-05'
16.061432, 0.473700, 19.321021, 7, 3.259589, alpha='0.008179854012536694',eta0='1.237805228792899e-05'
