"CPU Time Used","Estimated Training Performance","Wallclock Time","Incumbent ID","Automatic Configurator (CPU) Time","Configuration..."
0.000000, 2147483648.000000, 0.001494, 1, 0.001494, colsample_bytree='0.569966175314039',eta='0.009556882986489993',max_depth='3',reg_lambda='0.0020776820882921045'
2.152011, 0.677700, 2.154552, 1, 0.002541, colsample_bytree='0.569966175314039',eta='0.009556882986489993',max_depth='3',reg_lambda='0.0020776820882921045'
24.766246, 0.532700, 24.775159, 2, 0.008913, colsample_bytree='0.3878000834956765',eta='0.004721681612948408',max_depth='10',reg_lambda='0.09654112415362535'
62.917873, 0.523800, 62.930174, 3, 0.012301, colsample_bytree='1.0',eta='0.3',max_depth='10',reg_lambda='1.0'
286.346933, 0.510000, 287.034024, 4, 0.687091, colsample_bytree='1.0',eta='0.21697053366669283',max_depth='10',reg_lambda='2.2285845915238527'
739.539686, 0.505900, 754.084762, 5, 14.545076, colsample_bytree='0.9962281654516888',eta='0.4597599895736224',max_depth='10',reg_lambda='15.29209508873861'
1275.221627, 0.504300, 1314.213331, 6, 38.991704, colsample_bytree='0.9962281654516888',eta='0.4597599895736224',max_depth='10',reg_lambda='15.101843754012386'
1391.036373, 0.503700, 1433.296117, 7, 42.259744, colsample_bytree='0.8398100546949742',eta='0.4597599895736224',max_depth='10',reg_lambda='15.101843754012386'
