"CPU Time Used","Estimated Training Performance","Wallclock Time","Incumbent ID","Automatic Configurator (CPU) Time","Configuration..."
0.000000, 2147483648.000000, 0.000037, 1, 0.000037, C='1.0',gamma='0.1'
0.766688, 0.435000, 0.767475, 1, 0.000787, C='1.0',gamma='0.1'
3.982285, 0.044600, 3.991094, 2, 0.008810, C='1.746441318982685',gamma='0.0022547265063997683'
10.122904, 0.032600, 10.150421, 3, 0.027517, C='16.640050128980878',gamma='0.02787815770602151'
23.212648, 0.031700, 23.284362, 4, 0.071714, C='47.94123640467969',gamma='0.03918996312483979'
