{
  "mean_cost": 0.0,
  "finished_ta_runs": 1,
  "inc_changed": 1,
  "n_configs": 1,
  "submitted_ta_runs": 1,
  "ta_time_used": 0.3384678363800049,
  "wallclock_time_used": 0.3398478031158447,
  "dataset_id": 3549,
  "perf_time": 0.3470220000003792
}