{"cpu_time": 0.0, "wallclock_time": 0.0015041828155517578, "evaluations": 0, "cost": 2147483648.0, "incumbent": ["max_depth='1'", "max_features='0.49276944529265165'", "min_samples_leaf='4'", "min_samples_split='9'"], "origin": "Sobol"}
{"cpu_time": 0.11452198028564453, "wallclock_time": 0.11688089370727539, "evaluations": 1, "cost": 0.409, "incumbent": ["max_depth='1'", "max_features='0.49276944529265165'", "min_samples_leaf='4'", "min_samples_split='9'"], "origin": "Sobol"}
{"cpu_time": 0.828455924987793, "wallclock_time": 0.8333420753479004, "evaluations": 4, "cost": 0.1754, "incumbent": ["max_depth='22'", "max_features='0.502463330514729'", "min_samples_leaf='18'", "min_samples_split='83'"], "origin": "Sobol"}
{"cpu_time": 1.5081298351287842, "wallclock_time": 1.5147480964660645, "evaluations": 6, "cost": 0.1341, "incumbent": ["max_depth='10'", "max_features='0.5'", "min_samples_leaf='1'", "min_samples_split='32'"], "origin": null}
{"cpu_time": 6.074427843093872, "wallclock_time": 6.091681241989136, "evaluations": 17, "cost": 0.1236, "incumbent": ["max_depth='11'", "max_features='0.9135355520993471'", "min_samples_leaf='2'", "min_samples_split='4'"], "origin": "Sobol"}
{"cpu_time": 13.971355676651001, "wallclock_time": 14.027454137802124, "evaluations": 45, "cost": 0.1205, "incumbent": ["max_depth='35'", "max_features='0.653578007593751'", "min_samples_leaf='3'", "min_samples_split='2'"], "origin": "Sobol"}
{"cpu_time": 17.896093606948853, "wallclock_time": 17.973509073257446, "evaluations": 57, "cost": 0.1191, "incumbent": ["max_depth='25'", "max_features='0.7711025746539235'", "min_samples_leaf='1'", "min_samples_split='10'"], "origin": "Sobol"}
{"cpu_time": 28.317473888397217, "wallclock_time": 34.58059883117676, "evaluations": 83, "cost": 0.1189, "incumbent": ["max_depth='26'", "max_features='0.5861483574939065'", "min_samples_leaf='1'", "min_samples_split='12'"], "origin": "Local Search"}
{"cpu_time": 30.5053129196167, "wallclock_time": 37.353601932525635, "evaluations": 90, "cost": 0.1118, "incumbent": ["max_depth='23'", "max_features='0.525795885047528'", "min_samples_leaf='1'", "min_samples_split='3'"], "origin": "Local Search"}
{"cpu_time": 48.809157609939575, "wallclock_time": 70.14056396484375, "evaluations": 146, "cost": 0.111, "incumbent": ["max_depth='33'", "max_features='0.5173461362737284'", "min_samples_leaf='1'", "min_samples_split='3'"], "origin": "Local Search"}
{"cpu_time": 91.60224437713623, "wallclock_time": 140.03541803359985, "evaluations": 271, "cost": 0.1106, "incumbent": ["max_depth='17'", "max_features='0.24132575355262825'", "min_samples_leaf='1'", "min_samples_split='2'"], "origin": "Local Search"}
