{"cpu_time": 0.0, "wallclock_time": 4.506111145019531e-05, "evaluations": 0, "cost": 2147483648.0, "incumbent": {"alpha": 0.001, "eta0": 0.01}, "budget": 0, "origin": "Default"}
{"cpu_time": 0.424544095993042, "wallclock_time": 0.42534804344177246, "evaluations": 1, "cost": 0.4133, "incumbent": {"alpha": 0.001, "eta0": 0.01}, "budget": 0, "origin": "Default"}
{"cpu_time": 6.022389650344849, "wallclock_time": 6.039618968963623, "evaluations": 15, "cost": 0.4432, "incumbent": {"alpha": 0.00035587817016977173, "eta0": 0.01023975896861313}, "budget": 0, "origin": "Random Search"}
{"cpu_time": 29.01870369911194, "wallclock_time": 29.148290157318115, "evaluations": 72, "cost": 0.4361, "incumbent": {"alpha": 0.00145711772428554, "eta0": 0.0045490768596992085}, "budget": 0, "origin": "Random Search"}
{"cpu_time": 37.08065700531006, "wallclock_time": 37.26636481285095, "evaluations": 92, "cost": 0.4199, "incumbent": {"alpha": 4.8461372454484296e-05, "eta0": 0.0040635052544767325}, "budget": 0, "origin": "Random Search"}
{"cpu_time": 168.31273293495178, "wallclock_time": 170.82581496238708, "evaluations": 416, "cost": 0.4188, "incumbent": {"alpha": 0.00028076971699093466, "eta0": 0.004004227021220835}, "budget": 0, "origin": "Random Search"}
{"cpu_time": 236.49572134017944, "wallclock_time": 241.2333960533142, "evaluations": 584, "cost": 0.4155, "incumbent": {"alpha": 5.0654151586169344e-05, "eta0": 0.00439421314691516}, "budget": 0, "origin": "Random Search"}
