"CPU Time Used","Estimated Training Performance","Wallclock Time","Incumbent ID","Automatic Configurator (CPU) Time","Configuration..."
0.000000, 2147483648.000000, 0.000045, 1, 0.000045, alpha='0.001',eta0='0.01'
0.424544, 0.413300, 0.425348, 1, 0.000804, alpha='0.001',eta0='0.01'
6.022390, 0.443200, 6.039619, 2, 0.017229, alpha='0.00035587817016977173',eta0='0.01023975896861313'
29.018704, 0.436100, 29.148290, 3, 0.129586, alpha='0.00145711772428554',eta0='0.0045490768596992085'
37.080657, 0.419900, 37.266365, 4, 0.185708, alpha='4.8461372454484296e-05',eta0='0.0040635052544767325'
168.312733, 0.418800, 170.825815, 5, 2.513082, alpha='0.00028076971699093466',eta0='0.004004227021220835'
236.495721, 0.415500, 241.233396, 6, 4.737675, alpha='5.0654151586169344e-05',eta0='0.00439421314691516'
