{
  "mean_cost": 0.06116963467389169,
  "finished_ta_runs": 2,
  "inc_changed": 1,
  "n_configs": 1,
  "submitted_ta_runs": 2,
  "ta_time_used": 12.945216178894043,
  "wallclock_time_used": 12.947595834732056,
  "dataset_id": 146824,
  "perf_time": 12.955790250000064
}