{"cpu_time": 0.0, "wallclock_time": 0.0003008842468261719, "evaluations": 0, "cost": 2147483648.0, "incumbent": ["max_depth='2'", "max_features='0.4491682695224881'", "min_samples_leaf='1'", "min_samples_split='4'"], "origin": "Sobol"}
{"cpu_time": 0.06934905052185059, "wallclock_time": 0.070404052734375, "evaluations": 1, "cost": 0.6291, "incumbent": ["max_depth='2'", "max_features='0.4491682695224881'", "min_samples_leaf='1'", "min_samples_split='4'"], "origin": "Sobol"}
