"CPU Time Used","Estimated Training Performance","Wallclock Time","Incumbent ID","Automatic Configurator (CPU) Time","Configuration..."
0.000000, 2147483648.000000, 0.001463, 1, 0.001463, colsample_bytree='0.569966175314039',eta='0.009556882986489993',max_depth='3',reg_lambda='0.0020776820882921045'
0.539048, 0.263800, 0.541482, 1, 0.002434, colsample_bytree='0.569966175314039',eta='0.009556882986489993',max_depth='3',reg_lambda='0.0020776820882921045'
4.933696, 0.193300, 4.941363, 2, 0.007667, colsample_bytree='0.3878000834956765',eta='0.004721681612948408',max_depth='10',reg_lambda='0.09654112415362535'
8.852385, 0.161400, 8.862859, 3, 0.010474, colsample_bytree='1.0',eta='0.3',max_depth='10',reg_lambda='1.0'
15.147911, 0.152500, 15.168031, 4, 0.020120, colsample_bytree='0.5071276918053628',eta='0.18054041228993647',max_depth='4',reg_lambda='0.7014077911957106'
51.109869, 0.150400, 60.506769, 5, 9.396900, colsample_bytree='0.5078792458754038',eta='0.09984327032952367',max_depth='4',reg_lambda='0.6079098938903946'
119.026819, 0.150300, 201.445965, 6, 82.419146, colsample_bytree='0.5076283406734811',eta='0.1856439140922644',max_depth='4',reg_lambda='0.608858760778241'
127.949279, 0.149700, 216.748308, 7, 88.799030, colsample_bytree='0.8921629829381039',eta='0.21853208163107798',max_depth='5',reg_lambda='0.0009886421804521574'
185.015966, 0.148400, 350.976085, 8, 165.960119, colsample_bytree='0.5077810794011172',eta='0.18866421286871463',max_depth='4',reg_lambda='0.6394158751638079'
