{"cpu_time": 0.0, "wallclock_time": 0.001463174819946289, "evaluations": 0, "cost": 2147483648.0, "incumbent": ["colsample_bytree='0.569966175314039'", "eta='0.009556882986489993'", "max_depth='3'", "reg_lambda='0.0020776820882921045'"], "origin": "Sobol"}
{"cpu_time": 0.5390479564666748, "wallclock_time": 0.5414822101593018, "evaluations": 1, "cost": 0.2638, "incumbent": ["colsample_bytree='0.569966175314039'", "eta='0.009556882986489993'", "max_depth='3'", "reg_lambda='0.0020776820882921045'"], "origin": "Sobol"}
{"cpu_time": 4.9336957931518555, "wallclock_time": 4.941363096237183, "evaluations": 7, "cost": 0.1933, "incumbent": ["colsample_bytree='0.3878000834956765'", "eta='0.004721681612948408'", "max_depth='10'", "reg_lambda='0.09654112415362535'"], "origin": "Sobol"}
{"cpu_time": 8.852384567260742, "wallclock_time": 8.862859010696411, "evaluations": 10, "cost": 0.1614, "incumbent": ["colsample_bytree='1.0'", "eta='0.3'", "max_depth='10'", "reg_lambda='1.0'"], "origin": null}
{"cpu_time": 15.147911310195923, "wallclock_time": 15.168030977249146, "evaluations": 19, "cost": 0.1525, "incumbent": ["colsample_bytree='0.5071276918053628'", "eta='0.18054041228993647'", "max_depth='4'", "reg_lambda='0.7014077911957106'"], "origin": "Sobol"}
{"cpu_time": 51.1098690032959, "wallclock_time": 60.50676894187927, "evaluations": 82, "cost": 0.1504, "incumbent": ["colsample_bytree='0.5078792458754038'", "eta='0.09984327032952367'", "max_depth='4'", "reg_lambda='0.6079098938903946'"], "origin": "Local Search"}
{"cpu_time": 119.0268189907074, "wallclock_time": 201.44596529006958, "evaluations": 193, "cost": 0.1503, "incumbent": ["colsample_bytree='0.5076283406734811'", "eta='0.1856439140922644'", "max_depth='4'", "reg_lambda='0.608858760778241'"], "origin": "Local Search"}
{"cpu_time": 127.94927859306335, "wallclock_time": 216.7483081817627, "evaluations": 203, "cost": 0.1497, "incumbent": ["colsample_bytree='0.8921629829381039'", "eta='0.21853208163107798'", "max_depth='5'", "reg_lambda='0.0009886421804521574'"], "origin": "Local Search"}
{"cpu_time": 185.0159661769867, "wallclock_time": 350.97608518600464, "evaluations": 286, "cost": 0.1484, "incumbent": ["colsample_bytree='0.5077810794011172'", "eta='0.18866421286871463'", "max_depth='4'", "reg_lambda='0.6394158751638079'"], "origin": "Local Search"}
