"CPU Time Used","Estimated Training Performance","Wallclock Time","Incumbent ID","Automatic Configurator (CPU) Time","Configuration..."
0.000000, 2147483648.000000, 0.001489, 1, 0.001489, colsample_bytree='0.2890479595400393',eta='0.02972240058848022',max_depth='1',reg_lambda='0.23594281684827217'
0.133438, 0.504100, 0.135927, 1, 0.002489, colsample_bytree='0.2890479595400393',eta='0.02972240058848022',max_depth='1',reg_lambda='0.23594281684827217'
2.813220, 0.477700, 2.818338, 2, 0.005119, colsample_bytree='0.839533680677414',eta='0.03178815964339868',max_depth='7',reg_lambda='260.08137409645684'
5.431382, 0.161400, 5.439340, 3, 0.007958, colsample_bytree='1.0',eta='0.3',max_depth='10',reg_lambda='1.0'
55.836387, 0.158300, 63.833560, 4, 7.997173, colsample_bytree='0.9906543857837403',eta='0.5147719224893722',max_depth='6',reg_lambda='0.027697465271034505'
71.328799, 0.152700, 83.792075, 5, 12.463276, colsample_bytree='0.9024092853724943',eta='0.15722041470199785',max_depth='5',reg_lambda='0.0029978123892855034'
90.958308, 0.151900, 109.949954, 6, 18.991646, colsample_bytree='0.9168343661910474',eta='0.1618393659590699',max_depth='5',reg_lambda='0.04415538441857709'
98.610861, 0.151500, 120.210181, 7, 21.599321, colsample_bytree='0.9169030611790184',eta='0.16355175027041505',max_depth='5',reg_lambda='0.007608372090688993'
133.900837, 0.147400, 171.819690, 8, 37.918853, colsample_bytree='0.8679444062634073',eta='0.19881317946595853',max_depth='5',reg_lambda='0.007796481141317099'
