{"cpu_time": 0.0, "wallclock_time": 0.0014891624450683594, "evaluations": 0, "cost": 2147483648.0, "incumbent": {"colsample_bytree": 0.2890479595400393, "eta": 0.02972240058848022, "max_depth": 1, "reg_lambda": 0.23594281684827217}, "budget": 0, "origin": "Sobol"}
{"cpu_time": 0.1334381103515625, "wallclock_time": 0.1359269618988037, "evaluations": 1, "cost": 0.5041, "incumbent": {"colsample_bytree": 0.2890479595400393, "eta": 0.02972240058848022, "max_depth": 1, "reg_lambda": 0.23594281684827217}, "budget": 0, "origin": "Sobol"}
{"cpu_time": 2.8132195472717285, "wallclock_time": 2.81833815574646, "evaluations": 4, "cost": 0.4777, "incumbent": {"colsample_bytree": 0.839533680677414, "eta": 0.03178815964339868, "max_depth": 7, "reg_lambda": 260.08137409645684}, "budget": 0, "origin": "Sobol"}
{"cpu_time": 5.431382417678833, "wallclock_time": 5.439340114593506, "evaluations": 6, "cost": 0.1614, "incumbent": {"colsample_bytree": 1.0, "eta": 0.3, "max_depth": 10, "reg_lambda": 1.0}, "budget": 0, "origin": null}
{"cpu_time": 55.836387157440186, "wallclock_time": 63.8335599899292, "evaluations": 75, "cost": 0.1583, "incumbent": {"colsample_bytree": 0.9906543857837403, "eta": 0.5147719224893722, "max_depth": 6, "reg_lambda": 0.027697465271034505}, "budget": 0, "origin": "Local Search"}
{"cpu_time": 71.3287992477417, "wallclock_time": 83.79207491874695, "evaluations": 91, "cost": 0.1527, "incumbent": {"colsample_bytree": 0.9024092853724943, "eta": 0.15722041470199785, "max_depth": 5, "reg_lambda": 0.0029978123892855034}, "budget": 0, "origin": "Local Search"}
{"cpu_time": 90.95830798149109, "wallclock_time": 109.94995403289795, "evaluations": 110, "cost": 0.1519, "incumbent": {"colsample_bytree": 0.9168343661910474, "eta": 0.1618393659590699, "max_depth": 5, "reg_lambda": 0.04415538441857709}, "budget": 0, "origin": "Local Search"}
{"cpu_time": 98.61086058616638, "wallclock_time": 120.21018123626709, "evaluations": 118, "cost": 0.1515, "incumbent": {"colsample_bytree": 0.9169030611790184, "eta": 0.16355175027041505, "max_depth": 5, "reg_lambda": 0.007608372090688993}, "budget": 0, "origin": "Local Search"}
{"cpu_time": 133.90083694458008, "wallclock_time": 171.81969022750854, "evaluations": 152, "cost": 0.1474, "incumbent": {"colsample_bytree": 0.8679444062634073, "eta": 0.19881317946595853, "max_depth": 5, "reg_lambda": 0.007796481141317099}, "budget": 0, "origin": "Local Search"}
