{"cpu_time": 0.0, "wallclock_time": 0.0002269744873046875, "evaluations": 0, "cost": 2147483648.0, "incumbent": {"C": 0.08611366210550205, "gamma": 0.4942679928374453}, "budget": 0, "origin": "Sobol"}
{"cpu_time": 0.1191558837890625, "wallclock_time": 0.11998510360717773, "evaluations": 1, "cost": 0.2075, "incumbent": {"C": 0.08611366210550205, "gamma": 0.4942679928374453}, "budget": 0, "origin": "Sobol"}
