"CPU Time Used","Estimated Training Performance","Wallclock Time","Incumbent ID","Automatic Configurator (CPU) Time","Configuration..."
0.000000, 2147483648.000000, 0.000227, 1, 0.000227, C='0.08611366210550205',gamma='0.4942679928374453'
0.119156, 0.207500, 0.119985, 1, 0.000829, C='0.08611366210550205',gamma='0.4942679928374453'
