{
  "mean_cost": 0.04547465415308416,
  "finished_ta_runs": 2,
  "inc_changed": 1,
  "n_configs": 1,
  "submitted_ta_runs": 2,
  "ta_time_used": 2.235093116760254,
  "wallclock_time_used": 2.237189769744873,
  "dataset_id": 43,
  "perf_time": 2.2427084590000277
}