{"cpu_time": 0.0, "wallclock_time": 0.0016329288482666016, "evaluations": 0, "cost": 2147483648.0, "incumbent": ["max_depth='2'", "max_features='0.4491682695224881'", "min_samples_leaf='1'", "min_samples_split='4'"], "origin": "Sobol"}
{"cpu_time": 0.21629595756530762, "wallclock_time": 0.21898388862609863, "evaluations": 1, "cost": 0.1531, "incumbent": ["max_depth='2'", "max_features='0.4491682695224881'", "min_samples_leaf='1'", "min_samples_split='4'"], "origin": "Sobol"}
{"cpu_time": 1.1437926292419434, "wallclock_time": 1.1497998237609863, "evaluations": 4, "cost": 0.0439, "incumbent": ["max_depth='17'", "max_features='0.6137791713699698'", "min_samples_leaf='16'", "min_samples_split='18'"], "origin": "Sobol"}
{"cpu_time": 1.7504265308380127, "wallclock_time": 1.7586948871612549, "evaluations": 6, "cost": 0.0355, "incumbent": ["max_depth='10'", "max_features='0.5'", "min_samples_leaf='1'", "min_samples_split='32'"], "origin": null}
{"cpu_time": 15.432267904281616, "wallclock_time": 15.52346682548523, "evaluations": 46, "cost": 0.0298, "incumbent": ["max_depth='21'", "max_features='0.4935148861259222'", "min_samples_leaf='10'", "min_samples_split='12'"], "origin": "Sobol"}
{"cpu_time": 19.339057207107544, "wallclock_time": 19.4577579498291, "evaluations": 58, "cost": 0.0289, "incumbent": ["max_depth='49'", "max_features='0.1956446198746562'", "min_samples_leaf='7'", "min_samples_split='2'"], "origin": "Sobol"}
{"cpu_time": 21.53163194656372, "wallclock_time": 22.264933824539185, "evaluations": 64, "cost": 0.0229, "incumbent": ["max_depth='46'", "max_features='0.49215928254178953'", "min_samples_leaf='2'", "min_samples_split='8'"], "origin": "Local Search"}
{"cpu_time": 23.998222589492798, "wallclock_time": 27.17047381401062, "evaluations": 73, "cost": 0.0208, "incumbent": ["max_depth='49'", "max_features='0.4828628750785702'", "min_samples_leaf='2'", "min_samples_split='9'"], "origin": "Local Search"}
{"cpu_time": 34.86145305633545, "wallclock_time": 54.012181997299194, "evaluations": 111, "cost": 0.0198, "incumbent": ["max_depth='48'", "max_features='0.48088067311107024'", "min_samples_leaf='3'", "min_samples_split='5'"], "origin": "Local Search"}
{"cpu_time": 38.1077778339386, "wallclock_time": 58.155426025390625, "evaluations": 121, "cost": 0.0162, "incumbent": ["max_depth='45'", "max_features='0.4830911374432998'", "min_samples_leaf='1'", "min_samples_split='2'"], "origin": "Local Search"}
