{"cpu_time": 0.0, "wallclock_time": 0.00026106834411621094, "evaluations": 0, "cost": 2147483648.0, "incumbent": {"C": 0.08611366210550205, "gamma": 0.4942679928374453}, "budget": 0, "origin": "Sobol"}
{"cpu_time": 1.3093650341033936, "wallclock_time": 1.3104071617126465, "evaluations": 1, "cost": 0.1261, "incumbent": {"C": 0.08611366210550205, "gamma": 0.4942679928374453}, "budget": 0, "origin": "Sobol"}
