"CPU Time Used","Estimated Training Performance","Wallclock Time","Incumbent ID","Automatic Configurator (CPU) Time","Configuration..."
0.000000, 2147483648.000000, 0.000261, 1, 0.000261, C='0.08611366210550205',gamma='0.4942679928374453'
1.309365, 0.126100, 1.310407, 1, 0.001042, C='0.08611366210550205',gamma='0.4942679928374453'
