{"cpu_time": 0.0, "wallclock_time": 0.0015239715576171875, "evaluations": 0, "cost": 2147483648.0, "incumbent": {"max_depth": 1, "max_features": 0.49276944529265165, "min_samples_leaf": 4, "min_samples_split": 9}, "budget": 0, "origin": "Sobol"}
{"cpu_time": 0.09398770332336426, "wallclock_time": 0.0963599681854248, "evaluations": 1, "cost": 0.4843, "incumbent": {"max_depth": 1, "max_features": 0.49276944529265165, "min_samples_leaf": 4, "min_samples_split": 9}, "budget": 0, "origin": "Sobol"}
{"cpu_time": 0.32982945442199707, "wallclock_time": 0.3346560001373291, "evaluations": 4, "cost": 0.0433, "incumbent": {"max_depth": 22, "max_features": 0.502463330514729, "min_samples_leaf": 18, "min_samples_split": 83}, "budget": 0, "origin": "Sobol"}
{"cpu_time": 0.5335693359375, "wallclock_time": 0.5400838851928711, "evaluations": 6, "cost": 0.0023, "incumbent": {"max_depth": 10, "max_features": 0.5, "min_samples_leaf": 1, "min_samples_split": 32}, "budget": 0, "origin": null}
{"cpu_time": 0.8748853206634521, "wallclock_time": 0.88509202003479, "evaluations": 10, "cost": 0.0031, "incumbent": {"max_depth": 9, "max_features": 0.24789578560739756, "min_samples_leaf": 6, "min_samples_split": 2}, "budget": 0, "origin": "Sobol"}
{"cpu_time": 16.861913442611694, "wallclock_time": 57.611772775650024, "evaluations": 181, "cost": 0.0025, "incumbent": {"max_depth": 20, "max_features": 0.530726329559361, "min_samples_leaf": 1, "min_samples_split": 5}, "budget": 0, "origin": "Random Search"}
{"cpu_time": 22.220182180404663, "wallclock_time": 91.93076992034912, "evaluations": 238, "cost": 0.0009, "incumbent": {"max_depth": 33, "max_features": 0.3777367767524641, "min_samples_leaf": 4, "min_samples_split": 2}, "budget": 0, "origin": "Random Search"}
