{
  "mean_cost": 0.3888597404773876,
  "finished_ta_runs": 1,
  "inc_changed": 1,
  "n_configs": 1,
  "submitted_ta_runs": 1,
  "ta_time_used": 0.4517650604248047,
  "wallclock_time_used": 0.4533050060272217
}