{
  "mean_cost": 0.5,
  "finished_ta_runs": 1,
  "inc_changed": 1,
  "n_configs": 1,
  "submitted_ta_runs": 1,
  "ta_time_used": 0.236799955368042,
  "wallclock_time_used": 0.2381582260131836,
  "dataset_id": 3021,
  "perf_time": 0.2438994169997386
}