"CPU Time Used","Estimated Training Performance","Wallclock Time","Incumbent ID","Automatic Configurator (CPU) Time","Configuration..."
0.000000, 2147483648.000000, 0.000560, 1, 0.000560, alpha='0.0004126639093412234',eta0='0.0017613324954003418'
1.134301, 0.443900, 1.135647, 1, 0.001346, alpha='0.0004126639093412234',eta0='0.0017613324954003418'
23.698955, 0.425300, 23.720181, 2, 0.021226, alpha='0.00014331222076014103',eta0='0.0006285756509200554'
115.530389, 0.422000, 126.657562, 3, 11.127173, alpha='1.8988171280610943e-05',eta0='0.011706728060576864'
134.565959, 0.421700, 147.373414, 4, 12.807455, alpha='1.9395612401832197e-05',eta0='0.011679665847781323'
151.410245, 0.419400, 167.560557, 5, 16.150312, alpha='1.9149627769614828e-05',eta0='0.010783183099291525'
291.640695, 0.419200, 370.756943, 6, 79.116248, alpha='1.782299376792501e-05',eta0='0.010788943171446639'
