"CPU Time Used","Estimated Training Performance","Wallclock Time","Incumbent ID","Automatic Configurator (CPU) Time","Configuration..."
0.000000, 2147483648.000000, 0.000657, 1, 0.000657, C='1.3600811985592882',gamma='0.09352602871548096'
0.708600, 0.285500, 0.710210, 1, 0.001610, C='1.3600811985592882',gamma='0.09352602871548096'
6.862695, 0.038900, 6.883077, 2, 0.020382, C='102.59827344587585',gamma='0.0039228031036218506'
13.494948, 0.036300, 13.535255, 3, 0.040307, C='15.199688790550503',gamma='0.014931473822877205'
28.791159, 0.034500, 31.166783, 4, 2.375624, C='1.480762567450921',gamma='0.020115188935147812'
31.495923, 0.032600, 34.346410, 5, 2.850487, C='0.9241292934818071',gamma='0.026361963091041836'
