{"cpu_time": 0.0, "wallclock_time": 0.0014548301696777344, "evaluations": 0, "cost": 2147483648.0, "incumbent": ["colsample_bytree='0.3908073678612709'", "eta='0.02197006114591668'", "max_depth='1'", "reg_lambda='0.025956378731779545'"], "origin": "Sobol"}
{"cpu_time": 0.028751850128173828, "wallclock_time": 0.031176090240478516, "evaluations": 1, "cost": 0.5, "incumbent": ["colsample_bytree='0.3908073678612709'", "eta='0.02197006114591668'", "max_depth='1'", "reg_lambda='0.025956378731779545'"], "origin": "Sobol"}
{"cpu_time": 0.20175480842590332, "wallclock_time": 0.20663785934448242, "evaluations": 4, "cost": 0.4534, "incumbent": ["colsample_bytree='0.7864414579235017'", "eta='0.06876373473778273'", "max_depth='5'", "reg_lambda='2.180661802430785'"], "origin": "Sobol"}
{"cpu_time": 0.39650940895080566, "wallclock_time": 0.40317392349243164, "evaluations": 6, "cost": 0.4289, "incumbent": ["colsample_bytree='1.0'", "eta='0.3'", "max_depth='10'", "reg_lambda='1.0'"], "origin": null}
{"cpu_time": 1.3572485446929932, "wallclock_time": 1.3892359733581543, "evaluations": 27, "cost": 0.4182, "incumbent": ["colsample_bytree='0.34836309412494304'", "eta='0.26655395384050556'", "max_depth='6'", "reg_lambda='0.1036182343546856'"], "origin": "Sobol"}
{"cpu_time": 1.8482599258422852, "wallclock_time": 1.8938860893249512, "evaluations": 37, "cost": 0.4088, "incumbent": ["colsample_bytree='0.2476114026270807'", "eta='0.09799148147389534'", "max_depth='9'", "reg_lambda='0.22959291519229882'"], "origin": "Sobol"}
{"cpu_time": 2.5264294147491455, "wallclock_time": 2.594048023223877, "evaluations": 51, "cost": 0.4003, "incumbent": ["colsample_bytree='0.7050256938673556'", "eta='0.8105600352594424'", "max_depth='8'", "reg_lambda='26.591563225527754'"], "origin": "Sobol"}
{"cpu_time": 6.267701625823975, "wallclock_time": 23.199625968933105, "evaluations": 114, "cost": 0.3921, "incumbent": ["colsample_bytree='0.7513690537518635'", "eta='0.7983703669177931'", "max_depth='10'", "reg_lambda='0.001892911249205837'"], "origin": "Local Search"}
{"cpu_time": 7.294158220291138, "wallclock_time": 31.40000891685486, "evaluations": 142, "cost": 0.3825, "incumbent": ["colsample_bytree='0.24768909628434788'", "eta='0.8659105858868288'", "max_depth='5'", "reg_lambda='0.002878377243538248'"], "origin": "Local Search"}
{"cpu_time": 11.75528860092163, "wallclock_time": 75.11808395385742, "evaluations": 241, "cost": 0.3815, "incumbent": ["colsample_bytree='0.5039557995606729'", "eta='0.8090240633303701'", "max_depth='2'", "reg_lambda='0.0010042694191340915'"], "origin": "Local Search"}
{"cpu_time": 13.07850694656372, "wallclock_time": 87.51177597045898, "evaluations": 278, "cost": 0.379, "incumbent": ["colsample_bytree='0.10068482014427743'", "eta='0.5890827602056783'", "max_depth='9'", "reg_lambda='0.000998573499176017'"], "origin": "Local Search"}
