{
  "mean_cost": 0.20122588614945427,
  "finished_ta_runs": 12,
  "inc_changed": 2,
  "n_configs": 5,
  "submitted_ta_runs": 12,
  "ta_time_used": 77.87484741210938,
  "wallclock_time_used": 77.89539098739624,
  "dataset_id": 14
}