"CPU Time Used","Estimated Training Performance","Wallclock Time","Incumbent ID","Automatic Configurator (CPU) Time","Configuration..."
0.000000, 2147483648.000000, 0.001472, 1, 0.001472, colsample_bytree='0.3908073678612709',eta='0.02197006114591668',max_depth='1',reg_lambda='0.025956378731779545'
0.117052, 0.100700, 0.119581, 1, 0.002529, colsample_bytree='0.3908073678612709',eta='0.02197006114591668',max_depth='1',reg_lambda='0.025956378731779545'
1.954268, 0.035700, 1.959706, 2, 0.005438, colsample_bytree='0.7864414579235017',eta='0.06876373473778273',max_depth='5',reg_lambda='2.180661802430785'
14.509318, 0.035700, 14.542197, 3, 0.032879, colsample_bytree='0.34836309412494304',eta='0.26655395384050556',max_depth='6',reg_lambda='0.1036182343546856'
36.006263, 0.034300, 40.171732, 4, 4.165469, colsample_bytree='0.38697099625801923',eta='0.2710293663022016',max_depth='7',reg_lambda='0.10236367410363026'
57.441363, 0.033700, 81.446567, 5, 24.005203, colsample_bytree='0.3789397968392916',eta='0.05207952921591618',max_depth='5',reg_lambda='0.0050843214678679815'
60.796853, 0.033200, 88.036147, 6, 27.239294, colsample_bytree='0.3884505166669151',eta='0.1182100806743995',max_depth='4',reg_lambda='0.0029643233570001816'
