{"cpu_time": 0.0, "wallclock_time": 0.0014719963073730469, "evaluations": 0, "cost": 2147483648.0, "incumbent": {"colsample_bytree": 0.3908073678612709, "eta": 0.02197006114591668, "max_depth": 1, "reg_lambda": 0.025956378731779545}, "budget": 0, "origin": "Sobol"}
{"cpu_time": 0.11705183982849121, "wallclock_time": 0.11958098411560059, "evaluations": 1, "cost": 0.1007, "incumbent": {"colsample_bytree": 0.3908073678612709, "eta": 0.02197006114591668, "max_depth": 1, "reg_lambda": 0.025956378731779545}, "budget": 0, "origin": "Sobol"}
{"cpu_time": 1.954267978668213, "wallclock_time": 1.9597058296203613, "evaluations": 4, "cost": 0.0357, "incumbent": {"colsample_bytree": 0.7864414579235017, "eta": 0.06876373473778273, "max_depth": 5, "reg_lambda": 2.180661802430785}, "budget": 0, "origin": "Sobol"}
{"cpu_time": 14.509318113327026, "wallclock_time": 14.542196989059448, "evaluations": 27, "cost": 0.0357, "incumbent": {"colsample_bytree": 0.34836309412494304, "eta": 0.26655395384050556, "max_depth": 6, "reg_lambda": 0.1036182343546856}, "budget": 0, "origin": "Sobol"}
{"cpu_time": 36.00626254081726, "wallclock_time": 40.17173194885254, "evaluations": 68, "cost": 0.0343, "incumbent": {"colsample_bytree": 0.38697099625801923, "eta": 0.2710293663022016, "max_depth": 7, "reg_lambda": 0.10236367410363026}, "budget": 0, "origin": "Local Search"}
{"cpu_time": 57.44136333465576, "wallclock_time": 81.44656682014465, "evaluations": 105, "cost": 0.0337, "incumbent": {"colsample_bytree": 0.3789397968392916, "eta": 0.05207952921591618, "max_depth": 5, "reg_lambda": 0.0050843214678679815}, "budget": 0, "origin": "Local Search"}
{"cpu_time": 60.7968533039093, "wallclock_time": 88.03614687919617, "evaluations": 114, "cost": 0.0332, "incumbent": {"colsample_bytree": 0.3884505166669151, "eta": 0.1182100806743995, "max_depth": 4, "reg_lambda": 0.0029643233570001816}, "budget": 0, "origin": "Local Search"}
