"CPU Time Used","Estimated Training Performance","Wallclock Time","Incumbent ID","Automatic Configurator (CPU) Time","Configuration..."
0.000000, 2147483648.000000, 0.000219, 1, 0.000219, alpha='0.0004126639093412234',eta0='0.0017613324954003418'
0.236773, 0.568800, 0.237600, 1, 0.000827, alpha='0.0004126639093412234',eta0='0.0017613324954003418'
