{"cpu_time": 0.0, "wallclock_time": 0.00021910667419433594, "evaluations": 0, "cost": 2147483648.0, "incumbent": {"alpha": 0.0004126639093412234, "eta0": 0.0017613324954003418}, "budget": 0, "origin": "Sobol"}
{"cpu_time": 0.23677325248718262, "wallclock_time": 0.23760008811950684, "evaluations": 1, "cost": 0.5688, "incumbent": {"alpha": 0.0004126639093412234, "eta0": 0.0017613324954003418}, "budget": 0, "origin": "Sobol"}
