"CPU Time Used","Estimated Training Performance","Wallclock Time","Incumbent ID","Automatic Configurator (CPU) Time","Configuration..."
0.000000, 2147483648.000000, 0.000038, 1, 0.000038, alpha='0.001',eta0='0.01'
0.166271, 0.746000, 0.166897, 1, 0.000626, alpha='0.001',eta0='0.01'
2.414122, 0.773400, 2.427364, 2, 0.013242, alpha='0.00022661234155643443',eta0='7.824882505894288e-05'
7.336034, 0.769500, 7.399878, 3, 0.063844, alpha='0.0002044728811608274',eta0='0.0006324444152715982'
13.589471, 0.765800, 13.750697, 4, 0.161226, alpha='0.0007415113592258097',eta0='1.9176179640325257e-05'
