"CPU Time Used","Estimated Training Performance","Wallclock Time","Incumbent ID","Automatic Configurator (CPU) Time","Configuration..."
0.000000, 2147483648.000000, 0.000618, 1, 0.000618, alpha='0.00011227070295712931',eta0='0.0029096933833365197'
0.104434, 0.528600, 0.106443, 1, 0.002009, alpha='0.00011227070295712931',eta0='0.0029096933833365197'
7.472631, 0.496000, 18.480164, 2, 11.007533, alpha='3.0274496417944296e-05',eta0='0.017104192350953194'
20.594983, 0.493800, 69.084602, 3, 48.489619, alpha='0.014990881965159597',eta0='1.816354011102392e-05'
