"CPU Time Used","Estimated Training Performance","Wallclock Time","Incumbent ID","Automatic Configurator (CPU) Time","Configuration..."
0.000000, 2147483648.000000, 0.001563, 1, 0.001563, colsample_bytree='0.3908073678612709',eta='0.02197006114591668',max_depth='1',reg_lambda='0.025956378731779545'
0.297884, 0.266700, 0.300568, 1, 0.002684, colsample_bytree='0.3908073678612709',eta='0.02197006114591668',max_depth='1',reg_lambda='0.025956378731779545'
2.998982, 0.159200, 3.005533, 2, 0.006551, colsample_bytree='0.7864414579235017',eta='0.06876373473778273',max_depth='5',reg_lambda='2.180661802430785'
9.030438, 0.072200, 9.039250, 3, 0.008812, colsample_bytree='1.0',eta='0.3',max_depth='10',reg_lambda='1.0'
66.263478, 0.071400, 69.434917, 4, 3.171439, colsample_bytree='1.0',eta='0.3511727649960612',max_depth='10',reg_lambda='0.853185640364169'
81.914830, 0.068700, 85.677918, 5, 3.763088, colsample_bytree='1.0',eta='0.48021952706067794',max_depth='10',reg_lambda='0.8249396764340355'
151.213587, 0.068000, 170.027402, 6, 18.813815, colsample_bytree='1.0',eta='0.47759814698418224',max_depth='10',reg_lambda='0.8249396764340355'
