"CPU Time Used","Estimated Training Performance","Wallclock Time","Incumbent ID","Automatic Configurator (CPU) Time","Configuration..."
0.000000, 2147483648.000000, 0.001574, 1, 0.001574, colsample_bytree='0.2890479595400393',eta='0.02972240058848022',max_depth='1',reg_lambda='0.23594281684827217'
0.029639, 0.810200, 0.032245, 1, 0.002606, colsample_bytree='0.2890479595400393',eta='0.02972240058848022',max_depth='1',reg_lambda='0.23594281684827217'
0.246261, 0.793600, 0.257681, 2, 0.011420, colsample_bytree='0.6621601792052388',eta='0.005444283298203882',max_depth='1',reg_lambda='0.0036621220787314383'
0.833286, 0.738800, 0.853525, 3, 0.020239, colsample_bytree='0.5235572370700539',eta='0.1863242307845216',max_depth='3',reg_lambda='4.4461461740589225'
1.649241, 0.732200, 1.684459, 4, 0.035218, colsample_bytree='0.9814464318566024',eta='0.37123837434896595',max_depth='2',reg_lambda='12.502183486957058'
3.583611, 0.730000, 6.820266, 5, 3.236655, colsample_bytree='0.9798814314273635',eta='0.2838537764593395',max_depth='2',reg_lambda='3.7520802512184317'
8.558021, 0.729900, 72.754746, 6, 64.196725, colsample_bytree='0.5548533982957673',eta='0.37069177942787873',max_depth='2',reg_lambda='0.12410103979101814'
12.651702, 0.721700, 153.676083, 7, 141.024381, colsample_bytree='0.5548328211169238',eta='0.3845779660530334',max_depth='2',reg_lambda='0.5355264312152279'
