"CPU Time Used","Estimated Training Performance","Wallclock Time","Incumbent ID","Automatic Configurator (CPU) Time","Configuration..."
0.000000, 2147483648.000000, 0.001449, 1, 0.001449, colsample_bytree='0.3908073678612709',eta='0.02197006114591668',max_depth='1',reg_lambda='0.025956378731779545'
0.312346, 0.317700, 0.314759, 1, 0.002413, colsample_bytree='0.3908073678612709',eta='0.02197006114591668',max_depth='1',reg_lambda='0.025956378731779545'
5.194714, 0.124000, 5.199773, 2, 0.005059, colsample_bytree='0.7864414579235017',eta='0.06876373473778273',max_depth='5',reg_lambda='2.180661802430785'
12.085830, 0.097800, 12.092677, 3, 0.006847, colsample_bytree='1.0',eta='0.3',max_depth='10',reg_lambda='1.0'
