"CPU Time Used","Estimated Training Performance","Wallclock Time","Incumbent ID","Automatic Configurator (CPU) Time","Configuration..."
0.000000, 2147483648.000000, 0.000595, 1, 0.000595, alpha='0.0004126639093412234',eta0='0.0017613324954003418'
0.702733, 0.434500, 0.704659, 1, 0.001926, alpha='0.0004126639093412234',eta0='0.0017613324954003418'
2.556852, 0.402200, 2.602591, 2, 0.045739, alpha='0.00010552133485562857',eta0='0.004699384441638126'
3.082542, 0.394900, 4.041102, 3, 0.958560, alpha='1.60191335553439e-05',eta0='0.006412889827169491'
