{"cpu_time": 0.0, "wallclock_time": 0.0006148815155029297, "evaluations": 0, "cost": 2147483648.0, "incumbent": ["C='1.3600811985592882'", "gamma='0.09352602871548096'"], "origin": "Sobol"}
{"cpu_time": 0.5437088012695312, "wallclock_time": 0.5452680587768555, "evaluations": 1, "cost": 0.8902, "incumbent": ["C='1.3600811985592882'", "gamma='0.09352602871548096'"], "origin": "Sobol"}
{"cpu_time": 6.896315336227417, "wallclock_time": 6.922839879989624, "evaluations": 13, "cost": 0.0322, "incumbent": ["C='102.59827344587585'", "gamma='0.0039228031036218506'"], "origin": "Sobol"}
{"cpu_time": 15.475358963012695, "wallclock_time": 15.539766073226929, "evaluations": 31, "cost": 0.0184, "incumbent": ["C='0.6293526165094239'", "gamma='0.0012324628012758837'"], "origin": "Sobol"}
{"cpu_time": 23.332319259643555, "wallclock_time": 24.097389698028564, "evaluations": 47, "cost": 0.0156, "incumbent": ["C='4.980005834391792'", "gamma='0.0016203496576300287'"], "origin": "Random Search (sorted)"}
