"CPU Time Used","Estimated Training Performance","Wallclock Time","Incumbent ID","Automatic Configurator (CPU) Time","Configuration..."
0.000000, 2147483648.000000, 0.000615, 1, 0.000615, C='1.3600811985592882',gamma='0.09352602871548096'
0.543709, 0.890200, 0.545268, 1, 0.001559, C='1.3600811985592882',gamma='0.09352602871548096'
6.896315, 0.032200, 6.922840, 2, 0.026525, C='102.59827344587585',gamma='0.0039228031036218506'
15.475359, 0.018400, 15.539766, 3, 0.064407, C='0.6293526165094239',gamma='0.0012324628012758837'
23.332319, 0.015600, 24.097390, 4, 0.765070, C='4.980005834391792',gamma='0.0016203496576300287'
