"CPU Time Used","Estimated Training Performance","Wallclock Time","Incumbent ID","Automatic Configurator (CPU) Time","Configuration..."
0.000000, 2147483648.000000, 0.000037, 1, 0.000037, alpha='0.001',eta0='0.01'
5.583926, 0.093500, 5.584703, 1, 0.000777, alpha='0.001',eta0='0.01'
106.053233, 0.094200, 106.083375, 2, 0.030142, alpha='0.032669837074519134',eta0='0.00016174086408631311'
150.739230, 0.086500, 150.787664, 3, 0.048434, alpha='0.016247135786521674',eta0='0.00043831767895726446'
520.459637, 0.083000, 520.732728, 4, 0.273091, alpha='0.01583166456553848',eta0='0.0008976514920321256'
1829.433496, 0.081200, 1831.780496, 5, 2.347000, alpha='0.013423936390488389',eta0='0.0011717434267829354'
