{
  "mean_cost": 0.4113111500208274,
  "finished_ta_runs": 1,
  "inc_changed": 1,
  "n_configs": 1,
  "submitted_ta_runs": 1,
  "ta_time_used": 0.13857316970825195,
  "wallclock_time_used": 0.14026522636413574
}