{"cpu_time": 0.0, "wallclock_time": 0.0016026496887207031, "evaluations": 0, "cost": 2147483648.0, "incumbent": ["max_depth='1'", "max_features='0.49276944529265165'", "min_samples_leaf='4'", "min_samples_split='9'"], "origin": "Sobol"}
{"cpu_time": 0.12220597267150879, "wallclock_time": 0.12475180625915527, "evaluations": 1, "cost": 0.409, "incumbent": ["max_depth='1'", "max_features='0.49276944529265165'", "min_samples_leaf='4'", "min_samples_split='9'"], "origin": "Sobol"}
{"cpu_time": 0.7933881282806396, "wallclock_time": 0.798468828201294, "evaluations": 4, "cost": 0.1754, "incumbent": ["max_depth='22'", "max_features='0.502463330514729'", "min_samples_leaf='18'", "min_samples_split='83'"], "origin": "Sobol"}
{"cpu_time": 1.4342384338378906, "wallclock_time": 1.4410138130187988, "evaluations": 6, "cost": 0.1341, "incumbent": ["max_depth='10'", "max_features='0.5'", "min_samples_leaf='1'", "min_samples_split='32'"], "origin": null}
{"cpu_time": 6.088009834289551, "wallclock_time": 6.10673975944519, "evaluations": 17, "cost": 0.1236, "incumbent": ["max_depth='11'", "max_features='0.9135355520993471'", "min_samples_leaf='2'", "min_samples_split='4'"], "origin": "Sobol"}
{"cpu_time": 13.936991691589355, "wallclock_time": 13.99509072303772, "evaluations": 45, "cost": 0.1205, "incumbent": ["max_depth='35'", "max_features='0.653578007593751'", "min_samples_leaf='3'", "min_samples_split='2'"], "origin": "Sobol"}
{"cpu_time": 17.948563814163208, "wallclock_time": 18.02955389022827, "evaluations": 57, "cost": 0.1191, "incumbent": ["max_depth='25'", "max_features='0.7711025746539235'", "min_samples_leaf='1'", "min_samples_split='10'"], "origin": "Sobol"}
{"cpu_time": 29.9235417842865, "wallclock_time": 36.10026288032532, "evaluations": 84, "cost": 0.114, "incumbent": ["max_depth='26'", "max_features='0.6145170416538613'", "min_samples_leaf='1'", "min_samples_split='2'"], "origin": "Local Search"}
{"cpu_time": 66.8451042175293, "wallclock_time": 88.77615261077881, "evaluations": 160, "cost": 0.1129, "incumbent": ["max_depth='17'", "max_features='0.5775720396583741'", "min_samples_leaf='1'", "min_samples_split='2'"], "origin": "Local Search"}
