"CPU Time Used","Estimated Training Performance","Wallclock Time","Incumbent ID","Automatic Configurator (CPU) Time","Configuration..."
0.000000, 2147483648.000000, 0.001433, 1, 0.001433, colsample_bytree='0.3908073678612709',eta='0.02197006114591668',max_depth='1',reg_lambda='0.025956378731779545'
0.045042, 0.387000, 0.047397, 1, 0.002354, colsample_bytree='0.3908073678612709',eta='0.02197006114591668',max_depth='1',reg_lambda='0.025956378731779545'
0.346647, 0.140200, 0.351513, 2, 0.004866, colsample_bytree='0.7864414579235017',eta='0.06876373473778273',max_depth='5',reg_lambda='2.180661802430785'
1.077980, 0.115900, 1.084635, 3, 0.006655, colsample_bytree='1.0',eta='0.3',max_depth='10',reg_lambda='1.0'
9.120006, 0.113700, 13.507196, 4, 4.387190, colsample_bytree='1.0',eta='0.29567947724766724',max_depth='10',reg_lambda='0.9547019576949004'
12.106806, 0.111600, 18.525853, 5, 6.419047, colsample_bytree='1.0',eta='0.19293007305039372',max_depth='10',reg_lambda='0.9547019576949004'
25.756053, 0.111000, 49.942370, 6, 24.186317, colsample_bytree='1.0',eta='0.19293007305039372',max_depth='10',reg_lambda='1.123153939233643'
56.518658, 0.108900, 150.116678, 7, 93.598020, colsample_bytree='1.0',eta='0.3569021920200696',max_depth='10',reg_lambda='1.1237670344486435'
