{"cpu_time": 0.0, "wallclock_time": 0.001432657241821289, "evaluations": 0, "cost": 2147483648.0, "incumbent": {"colsample_bytree": 0.3908073678612709, "eta": 0.02197006114591668, "max_depth": 1, "reg_lambda": 0.025956378731779545}, "budget": 0, "origin": "Sobol"}
{"cpu_time": 0.04504227638244629, "wallclock_time": 0.04739665985107422, "evaluations": 1, "cost": 0.387, "incumbent": {"colsample_bytree": 0.3908073678612709, "eta": 0.02197006114591668, "max_depth": 1, "reg_lambda": 0.025956378731779545}, "budget": 0, "origin": "Sobol"}
{"cpu_time": 0.3466470241546631, "wallclock_time": 0.3515126705169678, "evaluations": 4, "cost": 0.1402, "incumbent": {"colsample_bytree": 0.7864414579235017, "eta": 0.06876373473778273, "max_depth": 5, "reg_lambda": 2.180661802430785}, "budget": 0, "origin": "Sobol"}
{"cpu_time": 1.0779798030853271, "wallclock_time": 1.084634780883789, "evaluations": 6, "cost": 0.1159, "incumbent": {"colsample_bytree": 1.0, "eta": 0.3, "max_depth": 10, "reg_lambda": 1.0}, "budget": 0, "origin": null}
{"cpu_time": 9.12000560760498, "wallclock_time": 13.507195711135864, "evaluations": 59, "cost": 0.1137, "incumbent": {"colsample_bytree": 1.0, "eta": 0.29567947724766724, "max_depth": 10, "reg_lambda": 0.9547019576949004}, "budget": 0, "origin": "Local Search"}
{"cpu_time": 12.10680627822876, "wallclock_time": 18.525852918624878, "evaluations": 70, "cost": 0.1116, "incumbent": {"colsample_bytree": 1.0, "eta": 0.19293007305039372, "max_depth": 10, "reg_lambda": 0.9547019576949004}, "budget": 0, "origin": "Local Search"}
{"cpu_time": 25.75605297088623, "wallclock_time": 49.94236993789673, "evaluations": 115, "cost": 0.111, "incumbent": {"colsample_bytree": 1.0, "eta": 0.19293007305039372, "max_depth": 10, "reg_lambda": 1.123153939233643}, "budget": 0, "origin": "Local Search"}
{"cpu_time": 56.51865792274475, "wallclock_time": 150.11667776107788, "evaluations": 245, "cost": 0.1089, "incumbent": {"colsample_bytree": 1.0, "eta": 0.3569021920200696, "max_depth": 10, "reg_lambda": 1.1237670344486435}, "budget": 0, "origin": "Local Search"}
