{
  "mean_cost": 0.48972222222222217,
  "finished_ta_runs": 300,
  "inc_changed": 2,
  "n_configs": 75,
  "submitted_ta_runs": 300,
  "ta_time_used": 4.4975433349609375,
  "wallclock_time_used": 28.926342010498047,
  "dataset_id": 3913,
  "perf_time": 28.936407042
}