"CPU Time Used","Estimated Training Performance","Wallclock Time","Incumbent ID","Automatic Configurator (CPU) Time","Configuration..."
0.000000, 2147483648.000000, 0.000040, 1, 0.000040, C='1.0',gamma='0.1'
0.023588, 0.740200, 0.024207, 1, 0.000619, C='1.0',gamma='0.1'
0.070404, 0.715700, 0.073437, 2, 0.003033, C='0.004641884334659318',gamma='0.0012963395937877391'
0.133820, 0.341200, 0.140462, 3, 0.006642, C='1.746441318982685',gamma='0.0022547265063997683'
1.475243, 0.324900, 1.645964, 4, 0.170721, C='613.8366144551533',gamma='0.0010152179917278495'
5.288780, 0.320800, 6.759139, 5, 1.470359, C='3.140473751621147',gamma='0.001262596394451821'
6.968214, 0.307500, 9.315621, 6, 2.347407, C='2.349243982889509',gamma='0.0010148124925972325'
