{
  "mean_cost": 0.3642401495503685,
  "finished_ta_runs": 959,
  "inc_changed": 7,
  "n_configs": 876,
  "submitted_ta_runs": 959,
  "ta_time_used": 106.63461375236511,
  "wallclock_time_used": 120.05330204963684,
  "dataset_id": 146819
}