{
  "mean_cost": 0.03557250884650276,
  "finished_ta_runs": 2,
  "inc_changed": 1,
  "n_configs": 1,
  "submitted_ta_runs": 2,
  "ta_time_used": 8.689257860183716,
  "wallclock_time_used": 8.691684246063232,
  "dataset_id": 146824,
  "perf_time": 8.700306291999823
}