{"cpu_time": 0.0, "wallclock_time": 0.0005397796630859375, "evaluations": 0, "cost": 2147483648.0, "incumbent": ["C='0.017961675793542162'", "gamma='0.9046232030638993'"], "origin": "Sobol"}
{"cpu_time": 0.01687026023864746, "wallclock_time": 0.01813507080078125, "evaluations": 1, "cost": 0.5, "incumbent": ["C='0.017961675793542162'", "gamma='0.9046232030638993'"], "origin": "Sobol"}
{"cpu_time": 0.05661511421203613, "wallclock_time": 0.060202836990356445, "evaluations": 4, "cost": 0.321, "incumbent": ["C='61.71933670840937'", "gamma='1.0864412265106145'"], "origin": "Sobol"}
{"cpu_time": 0.07635712623596191, "wallclock_time": 0.08153605461120605, "evaluations": 6, "cost": 0.2613, "incumbent": ["C='1.0'", "gamma='0.1'"], "origin": null}
{"cpu_time": 0.23912453651428223, "wallclock_time": 0.25743675231933594, "evaluations": 18, "cost": 0.006, "incumbent": ["C='198.6613474689375'", "gamma='0.09318781769031856'"], "origin": "Sobol"}
