"CPU Time Used","Estimated Training Performance","Wallclock Time","Incumbent ID","Automatic Configurator (CPU) Time","Configuration..."
0.000000, 2147483648.000000, 0.000540, 1, 0.000540, C='0.017961675793542162',gamma='0.9046232030638993'
0.016870, 0.500000, 0.018135, 1, 0.001265, C='0.017961675793542162',gamma='0.9046232030638993'
0.056615, 0.321000, 0.060203, 2, 0.003588, C='61.71933670840937',gamma='1.0864412265106145'
0.076357, 0.261300, 0.081536, 3, 0.005179, C='1.0',gamma='0.1'
0.239125, 0.006000, 0.257437, 4, 0.018312, C='198.6613474689375',gamma='0.09318781769031856'
