{
  "mean_cost": 0.029637552432475407,
  "finished_ta_runs": 173,
  "inc_changed": 3,
  "n_configs": 153,
  "submitted_ta_runs": 173,
  "ta_time_used": 119.50030589103699,
  "wallclock_time_used": 120.30306005477905,
  "dataset_id": 146824
}