{
  "mean_cost": 0.40585401272656174,
  "finished_ta_runs": 300,
  "inc_changed": 2,
  "n_configs": 183,
  "submitted_ta_runs": 300,
  "ta_time_used": 7.523106336593628,
  "wallclock_time_used": 73.09876871109009,
  "dataset_id": 10101,
  "perf_time": 73.11182724999526
}