{
  "mean_cost": 0.4820492020163073,
  "finished_ta_runs": 300,
  "inc_changed": 4,
  "n_configs": 151,
  "submitted_ta_runs": 300,
  "ta_time_used": 12.013928413391113,
  "wallclock_time_used": 106.61344981193542,
  "dataset_id": 3918,
  "perf_time": 106.62514541699784
}