{
  "mean_cost": 0.17902384035255103,
  "finished_ta_runs": 1,
  "inc_changed": 1,
  "n_configs": 1,
  "submitted_ta_runs": 1,
  "ta_time_used": 0.12383890151977539,
  "wallclock_time_used": 0.12538790702819824
}