{
  "mean_cost": 0.20992564228199814,
  "finished_ta_runs": 102,
  "inc_changed": 4,
  "n_configs": 68,
  "submitted_ta_runs": 102,
  "ta_time_used": 51.43533253669739,
  "wallclock_time_used": 60.54759407043457,
  "dataset_id": 22
}