{
  "mean_cost": 0.42747066008302964,
  "finished_ta_runs": 600,
  "inc_changed": 4,
  "n_configs": 584,
  "submitted_ta_runs": 600,
  "ta_time_used": 70.28473424911499,
  "wallclock_time_used": 75.77876091003418,
  "dataset_id": 3902,
  "perf_time": 75.7955817089969
}