{
  "mean_cost": 0.1099829524844021,
  "finished_ta_runs": 201,
  "inc_changed": 7,
  "n_configs": 171,
  "submitted_ta_runs": 201,
  "ta_time_used": 122.27633476257324,
  "wallclock_time_used": 123.05902194976807,
  "dataset_id": 14952
}