{
  "mean_cost": 0.3553256453277127,
  "finished_ta_runs": 143,
  "inc_changed": 4,
  "n_configs": 127,
  "submitted_ta_runs": 143,
  "ta_time_used": 120.27604508399963,
  "wallclock_time_used": 120.86343288421631,
  "dataset_id": 7592
}