{"cpu_time": 0.0, "wallclock_time": 0.0002167224884033203, "evaluations": 0, "cost": 2147483648.0, "incumbent": {"C": 0.08611366210550205, "gamma": 0.4942679928374453}, "budget": 0, "origin": "Sobol"}
{"cpu_time": 0.01880335807800293, "wallclock_time": 0.01965785026550293, "evaluations": 1, "cost": 0.8333, "incumbent": {"C": 0.08611366210550205, "gamma": 0.4942679928374453}, "budget": 0, "origin": "Sobol"}
