{"cpu_time": 0.0, "wallclock_time": 0.0014560222625732422, "evaluations": 0, "cost": 2147483648.0, "incumbent": {"colsample_bytree": 0.3908073678612709, "eta": 0.02197006114591668, "max_depth": 1, "reg_lambda": 0.025956378731779545}, "budget": 0, "origin": "Sobol"}
{"cpu_time": 0.060898780822753906, "wallclock_time": 0.06334185600280762, "evaluations": 1, "cost": 0.0576, "incumbent": {"colsample_bytree": 0.3908073678612709, "eta": 0.02197006114591668, "max_depth": 1, "reg_lambda": 0.025956378731779545}, "budget": 0, "origin": "Sobol"}
{"cpu_time": 0.8546068668365479, "wallclock_time": 0.8598339557647705, "evaluations": 4, "cost": 0.0067, "incumbent": {"colsample_bytree": 0.7864414579235017, "eta": 0.06876373473778273, "max_depth": 5, "reg_lambda": 2.180661802430785}, "budget": 0, "origin": "Sobol"}
{"cpu_time": 3.9176034927368164, "wallclock_time": 3.938261032104492, "evaluations": 19, "cost": 0.0019, "incumbent": {"colsample_bytree": 0.45945947319269187, "eta": 0.12445917509269228, "max_depth": 2, "reg_lambda": 0.005247079141785378}, "budget": 0, "origin": "Sobol"}
{"cpu_time": 5.782347917556763, "wallclock_time": 5.815798044204712, "evaluations": 27, "cost": 0.0009, "incumbent": {"colsample_bytree": 0.5014099405147135, "eta": 0.0014604975356664845, "max_depth": 4, "reg_lambda": 0.5736197850227875}, "budget": 0, "origin": "Sobol"}
{"cpu_time": 9.196161985397339, "wallclock_time": 9.244202136993408, "evaluations": 37, "cost": 0.0, "incumbent": {"colsample_bytree": 0.5564905133098365, "eta": 0.01605885730841195, "max_depth": 10, "reg_lambda": 0.0010986517054572343}, "budget": 0, "origin": "Sobol"}
