"CPU Time Used","Estimated Training Performance","Wallclock Time","Incumbent ID","Automatic Configurator (CPU) Time","Configuration..."
0.000000, 2147483648.000000, 0.001456, 1, 0.001456, colsample_bytree='0.3908073678612709',eta='0.02197006114591668',max_depth='1',reg_lambda='0.025956378731779545'
0.060899, 0.057600, 0.063342, 1, 0.002443, colsample_bytree='0.3908073678612709',eta='0.02197006114591668',max_depth='1',reg_lambda='0.025956378731779545'
0.854607, 0.006700, 0.859834, 2, 0.005227, colsample_bytree='0.7864414579235017',eta='0.06876373473778273',max_depth='5',reg_lambda='2.180661802430785'
3.917603, 0.001900, 3.938261, 3, 0.020658, colsample_bytree='0.45945947319269187',eta='0.12445917509269228',max_depth='2',reg_lambda='0.005247079141785378'
5.782348, 0.000900, 5.815798, 4, 0.033450, colsample_bytree='0.5014099405147135',eta='0.0014604975356664845',max_depth='4',reg_lambda='0.5736197850227875'
9.196162, 0.000000, 9.244202, 5, 0.048040, colsample_bytree='0.5564905133098365',eta='0.01605885730841195',max_depth='10',reg_lambda='0.0010986517054572343'
