"CPU Time Used","Estimated Training Performance","Wallclock Time","Incumbent ID","Automatic Configurator (CPU) Time","Configuration..."
0.000000, 2147483648.000000, 0.000039, 1, 0.000039, alpha='0.001',eta0='0.01'
0.022839, 0.500000, 0.023511, 1, 0.000672, alpha='0.001',eta0='0.01'
0.107298, 0.416000, 0.110565, 2, 0.003267, alpha='3.649484911512686e-05',eta0='1.2652165208090965e-05'
0.228357, 0.383200, 0.235528, 3, 0.007171, alpha='0.005024635265504522',eta0='2.0035124286213127e-05'
2.976886, 0.338900, 3.267356, 4, 0.290470, alpha='0.0007415113592258097',eta0='1.9176179640325257e-05'
6.474483, 0.337300, 7.525317, 5, 1.050834, alpha='2.706421604375243e-05',eta0='0.01669336421272515'
11.866766, 0.333300, 15.334208, 6, 3.467442, alpha='0.003824383123130165',eta0='2.6838846278210943e-05'
