"CPU Time Used","Estimated Training Performance","Wallclock Time","Incumbent ID","Automatic Configurator (CPU) Time","Configuration..."
0.000000, 2147483648.000000, 0.000413, 1, 0.000413, C='0.08611366210550205',gamma='0.4942679928374453'
50.280399, 0.500000, 50.281878, 1, 0.001479, C='0.08611366210550205',gamma='0.4942679928374453'
