"CPU Time Used","Estimated Training Performance","Wallclock Time","Incumbent ID","Automatic Configurator (CPU) Time","Configuration..."
0.000000, 2147483648.000000, 0.000038, 1, 0.000038, C='1.0',gamma='0.1'
0.157250, 0.019000, 0.157918, 1, 0.000668, C='1.0',gamma='0.1'
5.811044, 0.008100, 5.830816, 2, 0.019772, C='16.640050128980878',gamma='0.02787815770602151'
7.434604, 0.006500, 7.464862, 3, 0.030257, C='7.175638647559039',gamma='0.09259999660241393'
11.293400, 0.002700, 11.339179, 4, 0.045779, C='367.5161020929368',gamma='0.05362665544757772'
57.462624, 0.002000, 57.811294, 5, 0.348670, C='264.42691087311766',gamma='0.1257381919328857'
