{
  "mean_cost": 0.20796061193939178,
  "finished_ta_runs": 377,
  "inc_changed": 4,
  "n_configs": 359,
  "submitted_ta_runs": 377,
  "ta_time_used": 117.16602826118469,
  "wallclock_time_used": 120.15116691589355,
  "dataset_id": 9981
}