"CPU Time Used","Estimated Training Performance","Wallclock Time","Incumbent ID","Automatic Configurator (CPU) Time","Configuration..."
0.000000, 2147483648.000000, 0.000038, 1, 0.000038, alpha='0.001',eta0='0.01'
4.296601, 0.041700, 4.297299, 1, 0.000698, alpha='0.001',eta0='0.01'
42.873236, 0.014700, 42.882234, 2, 0.008998, alpha='1.8419909509685855e-05',eta0='0.05046106065359831'
825.492097, 0.013700, 826.163727, 3, 0.671630, alpha='1.2274896128632242e-05',eta0='0.0834016150910079'
1629.426101, 0.013200, 1631.686464, 4, 2.260363, alpha='1.0647649912830236e-05',eta0='0.033495614074799764'
