"CPU Time Used","Estimated Training Performance","Wallclock Time","Incumbent ID","Automatic Configurator (CPU) Time","Configuration..."
0.000000, 2147483648.000000, 0.000041, 1, 0.000041, alpha='0.001',eta0='0.01'
1.132532, 0.433900, 1.133233, 1, 0.000701, alpha='0.001',eta0='0.01'
16.826102, 0.440200, 16.840589, 2, 0.014487, alpha='0.00035587817016977173',eta0='0.01023975896861313'
32.457744, 0.437400, 32.492398, 3, 0.034654, alpha='2.7423705205440404e-05',eta0='0.00014858639283758796'
55.513903, 0.423100, 55.591221, 4, 0.077318, alpha='8.061084097403806e-05',eta0='0.0004142551711979577'
75.529315, 0.417700, 75.645094, 5, 0.115779, alpha='3.430011414292949e-05',eta0='0.0013113059220184247'
398.142534, 0.417200, 400.022208, 6, 1.879674, alpha='2.1577906279821897e-05',eta0='0.0012303367889488388'
