"CPU Time Used","Estimated Training Performance","Wallclock Time","Incumbent ID","Automatic Configurator (CPU) Time","Configuration..."
0.000000, 2147483648.000000, 0.000033, 1, 0.000033, alpha='0.001',eta0='0.01'
0.156918, 0.491700, 0.157563, 1, 0.000645, alpha='0.001',eta0='0.01'
1.853371, 0.463000, 1.864391, 2, 0.011021, alpha='1.8419909509685855e-05',eta0='0.05046106065359831'
5.823619, 0.450400, 5.872640, 3, 0.049021, alpha='2.7423705205440404e-05',eta0='0.00014858639283758796'
24.724514, 0.441200, 25.182848, 4, 0.458333, alpha='2.549647933057201e-05',eta0='0.000823347624662049'
29.175060, 0.428400, 29.783379, 5, 0.608320, alpha='0.00019648512224066018',eta0='0.00028395720307059966'
