{
  "mean_cost": 0.09172500465047399,
  "finished_ta_runs": 300,
  "inc_changed": 5,
  "n_configs": 145,
  "submitted_ta_runs": 300,
  "ta_time_used": 7.491962194442749,
  "wallclock_time_used": 56.47413516044617,
  "dataset_id": 49,
  "perf_time": 56.48437908399501
}