{
  "mean_cost": 0.5,
  "finished_ta_runs": 2,
  "inc_changed": 1,
  "n_configs": 1,
  "submitted_ta_runs": 2,
  "ta_time_used": 0.026411771774291992,
  "wallclock_time_used": 0.028289794921875,
  "dataset_id": 37,
  "perf_time": 0.03439887500007899
}