{"cpu_time": 0.0, "wallclock_time": 4.100799560546875e-05, "evaluations": 0, "cost": 2147483648.0, "incumbent": {"colsample_bytree": 1.0, "eta": 0.3, "max_depth": 10, "reg_lambda": 1.0}, "budget": 0, "origin": "Default"}
{"cpu_time": 0.08908534049987793, "wallclock_time": 0.08977103233337402, "evaluations": 1, "cost": 0.2026, "incumbent": {"colsample_bytree": 1.0, "eta": 0.3, "max_depth": 10, "reg_lambda": 1.0}, "budget": 0, "origin": "Default"}
{"cpu_time": 0.7993426322937012, "wallclock_time": 0.8189680576324463, "evaluations": 19, "cost": 0.1731, "incumbent": {"colsample_bytree": 0.5177209401315279, "eta": 0.4516158976292579, "max_depth": 2, "reg_lambda": 0.03693883633139159}, "budget": 0, "origin": "Random Search"}
{"cpu_time": 9.181059122085571, "wallclock_time": 10.407626867294312, "evaluations": 270, "cost": 0.1665, "incumbent": {"colsample_bytree": 0.6967662606215692, "eta": 0.5242816400446793, "max_depth": 2, "reg_lambda": 0.005515700288796863}, "budget": 0, "origin": "Random Search"}
{"cpu_time": 11.133888721466064, "wallclock_time": 12.949288845062256, "evaluations": 332, "cost": 0.1635, "incumbent": {"colsample_bytree": 0.6274128205819526, "eta": 0.4331832189732354, "max_depth": 2, "reg_lambda": 0.018472597696633182}, "budget": 0, "origin": "Random Search"}
