{
  "mean_cost": 0.6036868147830399,
  "finished_ta_runs": 1,
  "inc_changed": 1,
  "n_configs": 1,
  "submitted_ta_runs": 1,
  "ta_time_used": 0.027186155319213867,
  "wallclock_time_used": 0.028620004653930664,
  "dataset_id": 23,
  "perf_time": 0.03702387499998849
}