{"cpu_time": 0.0, "wallclock_time": 0.0015099048614501953, "evaluations": 0, "cost": 2147483648.0, "incumbent": ["max_depth='6'", "max_features='0.3290755869820714'", "min_samples_leaf='11'", "min_samples_split='2'"], "origin": "Sobol"}
{"cpu_time": 0.20933198928833008, "wallclock_time": 0.21178984642028809, "evaluations": 1, "cost": 0.2386, "incumbent": ["max_depth='6'", "max_features='0.3290755869820714'", "min_samples_leaf='11'", "min_samples_split='2'"], "origin": "Sobol"}
{"cpu_time": 3.6306114196777344, "wallclock_time": 3.643916130065918, "evaluations": 13, "cost": 0.2254, "incumbent": ["max_depth='31'", "max_features='0.009538660757243633'", "min_samples_leaf='10'", "min_samples_split='16'"], "origin": "Sobol"}
{"cpu_time": 5.43260383605957, "wallclock_time": 5.451629877090454, "evaluations": 18, "cost": 0.2, "incumbent": ["max_depth='10'", "max_features='0.5'", "min_samples_leaf='1'", "min_samples_split='32'"], "origin": null}
{"cpu_time": 7.466013193130493, "wallclock_time": 7.495411157608032, "evaluations": 26, "cost": 0.1946, "incumbent": ["max_depth='14'", "max_features='0.1785462163388729'", "min_samples_leaf='2'", "min_samples_split='10'"], "origin": "Sobol"}
{"cpu_time": 21.44110107421875, "wallclock_time": 23.661420822143555, "evaluations": 65, "cost": 0.1907, "incumbent": ["max_depth='16'", "max_features='0.6693110751467922'", "min_samples_leaf='3'", "min_samples_split='8'"], "origin": "Local Search"}
{"cpu_time": 24.295714139938354, "wallclock_time": 26.526268005371094, "evaluations": 70, "cost": 0.1796, "incumbent": ["max_depth='15'", "max_features='0.6288089061323229'", "min_samples_leaf='3'", "min_samples_split='8'"], "origin": "Local Search"}
{"cpu_time": 43.71622896194458, "wallclock_time": 60.48835492134094, "evaluations": 104, "cost": 0.1774, "incumbent": ["max_depth='16'", "max_features='0.6262425007808149'", "min_samples_leaf='2'", "min_samples_split='2'"], "origin": "Local Search"}
{"cpu_time": 54.84260535240173, "wallclock_time": 76.28544187545776, "evaluations": 125, "cost": 0.1739, "incumbent": ["max_depth='17'", "max_features='0.6138418956898887'", "min_samples_leaf='2'", "min_samples_split='2'"], "origin": "Local Search"}
