"CPU Time Used","Estimated Training Performance","Wallclock Time","Incumbent ID","Automatic Configurator (CPU) Time","Configuration..."
0.000000, 2147483648.000000, 0.000646, 1, 0.000646, alpha='0.0040824718253228975',eta0='0.00044195488125554607'
0.034989, 0.455700, 0.036578, 1, 0.001589, alpha='0.0040824718253228975',eta0='0.00044195488125554607'
0.200835, 0.428400, 0.207695, 2, 0.006860, alpha='2.1186147948258377e-05',eta0='8.558614272324676e-05'
