"CPU Time Used","Estimated Training Performance","Wallclock Time","Incumbent ID","Automatic Configurator (CPU) Time","Configuration..."
0.000000, 2147483648.000000, 0.000037, 1, 0.000037, alpha='0.001',eta0='0.01'
0.704989, 0.107000, 0.705664, 1, 0.000675, alpha='0.001',eta0='0.01'
10.660520, 0.104000, 10.674976, 2, 0.014456, alpha='0.00035587817016977173',eta0='0.01023975896861313'
27.011696, 0.103200, 27.063880, 3, 0.052184, alpha='0.0008703726019684695',eta0='0.0010141952517773397'
41.899237, 0.102400, 41.993283, 4, 0.094046, alpha='8.319323152546776e-05',eta0='0.000244478036339581'
183.314964, 0.102400, 184.328619, 5, 1.013655, alpha='1.589918066943954e-05',eta0='0.00028697582169879795'
242.664048, 0.102300, 244.403018, 6, 1.738970, alpha='0.00022221043284854217',eta0='0.0059177523223908155'
246.165715, 0.102100, 247.943596, 7, 1.777881, alpha='3.073557788124289e-05',eta0='0.0002784173118412193'
