{
  "mean_cost": 0.020361396517829866,
  "finished_ta_runs": 2,
  "inc_changed": 1,
  "n_configs": 1,
  "submitted_ta_runs": 2,
  "ta_time_used": 9.106745958328247,
  "wallclock_time_used": 9.109488010406494,
  "dataset_id": 28,
  "perf_time": 9.116250707999995
}