{
  "mean_cost": 0.1740612691321024,
  "finished_ta_runs": 300,
  "inc_changed": 5,
  "n_configs": 116,
  "submitted_ta_runs": 300,
  "ta_time_used": 99.84345555305481,
  "wallclock_time_used": 130.9567368030548,
  "dataset_id": 9964,
  "perf_time": 130.9697774170054
}