"CPU Time Used","Estimated Training Performance","Wallclock Time","Incumbent ID","Automatic Configurator (CPU) Time","Configuration..."
0.000000, 2147483648.000000, 0.000581, 1, 0.000581, alpha='0.0040824718253228975',eta0='0.00044195488125554607'
1.991842, 0.045200, 1.993251, 1, 0.001409, alpha='0.0040824718253228975',eta0='0.00044195488125554607'
120.863873, 0.044200, 124.528274, 2, 3.664401, alpha='0.007532972498776489',eta0='0.0005012109963029671'
138.253196, 0.041100, 142.252274, 3, 3.999078, alpha='0.010176450081100847',eta0='0.000700678421218743'
