{
  "mean_cost": 0.0638557372410213,
  "finished_ta_runs": 489,
  "inc_changed": 5,
  "n_configs": 439,
  "submitted_ta_runs": 489,
  "ta_time_used": 116.28012728691101,
  "wallclock_time_used": 120.04773187637329,
  "dataset_id": 45
}