{
  "mean_cost": 0.377762557060643,
  "finished_ta_runs": 614,
  "inc_changed": 7,
  "n_configs": 578,
  "submitted_ta_runs": 614,
  "ta_time_used": 113.90405058860779,
  "wallclock_time_used": 120.01007199287415,
  "dataset_id": 18
}