"CPU Time Used","Estimated Training Performance","Wallclock Time","Incumbent ID","Automatic Configurator (CPU) Time","Configuration..."
0.000000, 2147483648.000000, 0.000564, 1, 0.000564, alpha='0.0004126639093412234',eta0='0.0017613324954003418'
0.156817, 0.407200, 0.158128, 1, 0.001311, alpha='0.0004126639093412234',eta0='0.0017613324954003418'
2.313123, 0.329700, 2.329469, 2, 0.016346, alpha='0.0014439030581155858',eta0='2.6843996424460273e-05'
8.110861, 0.302400, 12.144755, 3, 4.033894, alpha='0.00033427296309592255',eta0='1.3424669102520964e-05'
9.936781, 0.300400, 15.143851, 4, 5.207070, alpha='0.0002814468560015085',eta0='1.1278076405806516e-05'
11.143592, 0.297700, 16.735822, 5, 5.592230, alpha='0.0002132090516118572',eta0='1.0482931560438757e-05'
