{"cpu_time": 0.0, "wallclock_time": 0.00028204917907714844, "evaluations": 0, "cost": 2147483648.0, "incumbent": {"C": 0.08611366210550205, "gamma": 0.4942679928374453}, "budget": 0, "origin": "Sobol"}
{"cpu_time": 0.3941519260406494, "wallclock_time": 0.39510488510131836, "evaluations": 1, "cost": 0.5, "incumbent": {"C": 0.08611366210550205, "gamma": 0.4942679928374453}, "budget": 0, "origin": "Sobol"}
