"CPU Time Used","Estimated Training Performance","Wallclock Time","Incumbent ID","Automatic Configurator (CPU) Time","Configuration..."
0.000000, 2147483648.000000, 0.000568, 1, 0.000568, C='1.3600811985592882',gamma='0.09352602871548096'
0.014290, 0.498400, 0.015555, 1, 0.001265, C='1.3600811985592882',gamma='0.09352602871548096'
0.140102, 0.310900, 0.149945, 2, 0.009843, C='102.59827344587585',gamma='0.0039228031036218506'
0.328517, 0.304300, 0.358666, 3, 0.030149, C='4.729862452035014',gamma='0.0020153549174183696'
2.800597, 0.302800, 19.430465, 4, 16.629868, C='5.273750874883108',gamma='0.002096113414343483'
2.932047, 0.297000, 20.423450, 5, 17.491403, C='5.260227966429065',gamma='0.0020809212908081847'
