{
  "mean_cost": 0.10175847300847296,
  "finished_ta_runs": 1,
  "inc_changed": 1,
  "n_configs": 1,
  "submitted_ta_runs": 1,
  "ta_time_used": 5.612273931503296,
  "wallclock_time_used": 5.613770008087158,
  "dataset_id": 9964,
  "perf_time": 5.622902290999718
}