{
  "mean_cost": 0.03657320676829199,
  "finished_ta_runs": 300,
  "inc_changed": 10,
  "n_configs": 176,
  "submitted_ta_runs": 300,
  "ta_time_used": 608.6353652477264,
  "wallclock_time_used": 676.7947931289673,
  "dataset_id": 146824,
  "perf_time": 676.8486109579972
}