{
  "mean_cost": 0.5692040477051121,
  "finished_ta_runs": 300,
  "inc_changed": 10,
  "n_configs": 111,
  "submitted_ta_runs": 300,
  "ta_time_used": 293.5344042778015,
  "wallclock_time_used": 326.42988204956055,
  "dataset_id": 9985,
  "perf_time": 326.45017050000024
}