"CPU Time Used","Estimated Training Performance","Wallclock Time","Incumbent ID","Automatic Configurator (CPU) Time","Configuration..."
0.000000, 2147483648.000000, 0.000543, 1, 0.000543, alpha='0.0004126639093412234',eta0='0.0017613324954003418'
0.783501, 0.199700, 0.784803, 1, 0.001302, alpha='0.0004126639093412234',eta0='0.0017613324954003418'
19.186271, 0.179900, 19.203431, 2, 0.017160, alpha='1.3751027885583958e-05',eta0='0.0001426968473177047'
