{
  "mean_cost": 0.5625111504394675,
  "finished_ta_runs": 1,
  "inc_changed": 1,
  "n_configs": 1,
  "submitted_ta_runs": 1,
  "ta_time_used": 0.27280092239379883,
  "wallclock_time_used": 0.27443623542785645
}