{
  "mean_cost": 0.0475659232838026,
  "finished_ta_runs": 2,
  "inc_changed": 1,
  "n_configs": 1,
  "submitted_ta_runs": 2,
  "ta_time_used": 3.8760826587677,
  "wallclock_time_used": 3.8780999183654785,
  "dataset_id": 16,
  "perf_time": 3.883687957999882
}