"CPU Time Used","Estimated Training Performance","Wallclock Time","Incumbent ID","Automatic Configurator (CPU) Time","Configuration..."
0.000000, 2147483648.000000, 0.000535, 1, 0.000535, C='1.3600811985592882',gamma='0.09352602871548096'
0.119807, 0.190700, 0.121036, 1, 0.001229, C='1.3600811985592882',gamma='0.09352602871548096'
2.356997, 0.129200, 2.372788, 2, 0.015791, C='7.48101646809008',gamma='2.7251940323754646'
7.720242, 0.127900, 10.257385, 3, 2.537143, C='7.503843056882024',gamma='2.661232528162414'
