{
  "mean_cost": 0.5903346856231462,
  "finished_ta_runs": 171,
  "inc_changed": 7,
  "n_configs": 145,
  "submitted_ta_runs": 171,
  "ta_time_used": 119.84300637245178,
  "wallclock_time_used": 120.44515204429626,
  "dataset_id": 14969
}