{
  "mean_cost": 0.07565207830167198,
  "finished_ta_runs": 600,
  "inc_changed": 7,
  "n_configs": 530,
  "submitted_ta_runs": 600,
  "ta_time_used": 1407.5754911899567,
  "wallclock_time_used": 1415.149139881134,
  "dataset_id": 146824,
  "perf_time": 1415.1652652500015
}