{"cpu_time": 0.0, "wallclock_time": 0.0015459060668945312, "evaluations": 0, "cost": 2147483648.0, "incumbent": {"max_depth": 6, "max_features": 0.3290755869820714, "min_samples_leaf": 11, "min_samples_split": 2}, "budget": 0, "origin": "Sobol"}
{"cpu_time": 0.7313220500946045, "wallclock_time": 0.7337708473205566, "evaluations": 1, "cost": 0.6262, "incumbent": {"max_depth": 6, "max_features": 0.3290755869820714, "min_samples_leaf": 11, "min_samples_split": 2}, "budget": 0, "origin": "Sobol"}
{"cpu_time": 38.90890407562256, "wallclock_time": 38.91948390007019, "evaluations": 10, "cost": 0.481, "incumbent": {"max_depth": 18, "max_features": 0.9707894120365381, "min_samples_leaf": 5, "min_samples_split": 26}, "budget": 0, "origin": "Sobol"}
{"cpu_time": 82.49783635139465, "wallclock_time": 82.54464983940125, "evaluations": 36, "cost": 0.4665, "incumbent": {"max_depth": 39, "max_features": 0.3087822897359729, "min_samples_leaf": 3, "min_samples_split": 7}, "budget": 0, "origin": "Sobol"}
{"cpu_time": 127.0848228931427, "wallclock_time": 130.73388195037842, "evaluations": 68, "cost": 0.4429, "incumbent": {"max_depth": 38, "max_features": 0.390481707221418, "min_samples_leaf": 1, "min_samples_split": 7}, "budget": 0, "origin": "Local Search"}
{"cpu_time": 142.37835812568665, "wallclock_time": 148.0862488746643, "evaluations": 80, "cost": 0.4399, "incumbent": {"max_depth": 38, "max_features": 0.3399351481906056, "min_samples_leaf": 1, "min_samples_split": 4}, "budget": 0, "origin": "Local Search"}
{"cpu_time": 168.16163992881775, "wallclock_time": 177.24898409843445, "evaluations": 98, "cost": 0.4377, "incumbent": {"max_depth": 38, "max_features": 0.3423644319087828, "min_samples_leaf": 1, "min_samples_split": 3}, "budget": 0, "origin": "Local Search"}
{"cpu_time": 189.53263807296753, "wallclock_time": 201.53105401992798, "evaluations": 115, "cost": 0.4327, "incumbent": {"max_depth": 38, "max_features": 0.3463477650698748, "min_samples_leaf": 1, "min_samples_split": 2}, "budget": 0, "origin": "Local Search"}
{"cpu_time": 284.412846326828, "wallclock_time": 307.9726309776306, "evaluations": 165, "cost": 0.4198, "incumbent": {"max_depth": 36, "max_features": 0.8853929360293388, "min_samples_leaf": 1, "min_samples_split": 2}, "budget": 0, "origin": "Random Search (sorted)"}
{"cpu_time": 322.6118927001953, "wallclock_time": 346.1921720504761, "evaluations": 170, "cost": 0.4184, "incumbent": {"max_depth": 36, "max_features": 0.8763265874348415, "min_samples_leaf": 1, "min_samples_split": 2}, "budget": 0, "origin": "Random Search (sorted)"}
{"cpu_time": 341.31778621673584, "wallclock_time": 364.91881799697876, "evaluations": 175, "cost": 0.4156, "incumbent": {"max_depth": 36, "max_features": 0.6751726645692627, "min_samples_leaf": 1, "min_samples_split": 2}, "budget": 0, "origin": "Local Search"}
