{
  "mean_cost": 0.18186608966655413,
  "finished_ta_runs": 300,
  "inc_changed": 4,
  "n_configs": 103,
  "submitted_ta_runs": 300,
  "ta_time_used": 656.5815715789795,
  "wallclock_time_used": 703.3284380435944,
  "dataset_id": 14,
  "perf_time": 703.3430882500033
}