{"cpu_time": 0.0, "wallclock_time": 0.001458883285522461, "evaluations": 0, "cost": 2147483648.0, "incumbent": ["colsample_bytree='0.569966175314039'", "eta='0.009556882986489993'", "max_depth='3'", "reg_lambda='0.0020776820882921045'"], "origin": "Sobol"}
{"cpu_time": 0.03376913070678711, "wallclock_time": 0.03621196746826172, "evaluations": 1, "cost": 0.3763, "incumbent": ["colsample_bytree='0.569966175314039'", "eta='0.009556882986489993'", "max_depth='3'", "reg_lambda='0.0020776820882921045'"], "origin": "Sobol"}
{"cpu_time": 0.16480565071105957, "wallclock_time": 0.1721959114074707, "evaluations": 7, "cost": 0.3545, "incumbent": ["colsample_bytree='0.3878000834956765'", "eta='0.004721681612948408'", "max_depth='10'", "reg_lambda='0.09654112415362535'"], "origin": "Sobol"}
{"cpu_time": 0.3360447883605957, "wallclock_time": 0.34632205963134766, "evaluations": 10, "cost": 0.3415, "incumbent": ["colsample_bytree='1.0'", "eta='0.3'", "max_depth='10'", "reg_lambda='1.0'"], "origin": null}
{"cpu_time": 0.4561765193939209, "wallclock_time": 0.4712951183319092, "evaluations": 15, "cost": 0.3302, "incumbent": ["colsample_bytree='0.7997161545790732'", "eta='0.8167090504942917'", "max_depth='1'", "reg_lambda='7.369638786139326'"], "origin": "Sobol"}
{"cpu_time": 0.6408669948577881, "wallclock_time": 0.6642818450927734, "evaluations": 22, "cost": 0.3041, "incumbent": ["colsample_bytree='0.5071276918053628'", "eta='0.18054041228993647'", "max_depth='4'", "reg_lambda='0.7014077911957106'"], "origin": "Sobol"}
{"cpu_time": 0.986447811126709, "wallclock_time": 1.0294520854949951, "evaluations": 37, "cost": 0.2986, "incumbent": ["colsample_bytree='0.6345239883288741'", "eta='0.33181775125056084'", "max_depth='2'", "reg_lambda='0.043291333432912055'"], "origin": "Sobol"}
{"cpu_time": 1.7913305759429932, "wallclock_time": 4.232972860336304, "evaluations": 70, "cost": 0.2597, "incumbent": ["colsample_bytree='0.6267119979665102'", "eta='0.9510588965540769'", "max_depth='2'", "reg_lambda='0.09920424015626715'"], "origin": "Local Search"}
{"cpu_time": 2.1473426818847656, "wallclock_time": 8.045508861541748, "evaluations": 83, "cost": 0.2572, "incumbent": ["colsample_bytree='0.6205890868858861'", "eta='0.9521409400755052'", "max_depth='2'", "reg_lambda='0.10370824985947016'"], "origin": "Local Search"}
{"cpu_time": 4.185389995574951, "wallclock_time": 38.675238847732544, "evaluations": 158, "cost": 0.2476, "incumbent": ["colsample_bytree='0.5394585525245346'", "eta='0.9521409400755052'", "max_depth='2'", "reg_lambda='0.10473165716836266'"], "origin": "Local Search"}
{"cpu_time": 4.6590940952301025, "wallclock_time": 49.25731110572815, "evaluations": 177, "cost": 0.2387, "incumbent": ["colsample_bytree='0.5345384738403239'", "eta='0.9523531186815265'", "max_depth='2'", "reg_lambda='0.18097697182866815'"], "origin": "Local Search"}
