{
  "data": [
    [
      [
        1,
        null,
        379248293,
        0.0
      ],
      [
        0.4198646080105989,
        0.621100902557373,
        {
          "__enum__": "StatusType.SUCCESS"
        },
        1674410370.999417,
        1674410371.620526,
        {}
      ]
    ]
  ],
  "config_origins": {
    "1": "Sobol"
  },
  "configs": {
    "1": {
      "max_depth": 2,
      "max_features": 0.4491682695224881,
      "min_samples_leaf": 1,
      "min_samples_split": 4
    }
  }
}