{
  "data": [
    [
      [
        1,
        null,
        330054389,
        0.0
      ],
      [
        0.35140117205476684,
        0.13406610488891602,
        {
          "__enum__": "StatusType.SUCCESS"
        },
        1674420430.0418298,
        1674420430.1759,
        {}
      ]
    ]
  ],
  "config_origins": {
    "1": "Sobol"
  },
  "configs": {
    "1": {
      "colsample_bytree": 0.569966175314039,
      "eta": 0.009556882986489993,
      "max_depth": 3,
      "reg_lambda": 0.0020776820882921045
    }
  }
}