{
  "mean_cost": 0.44832749506481645,
  "finished_ta_runs": 300,
  "inc_changed": 7,
  "n_configs": 116,
  "submitted_ta_runs": 300,
  "ta_time_used": 40.822463512420654,
  "wallclock_time_used": 101.81143093109131,
  "dataset_id": 3903,
  "perf_time": 101.82163133300492
}