{
  "mean_cost": 422338450.7237009,
  "finished_ta_runs": 300,
  "inc_changed": 8,
  "n_configs": 236,
  "submitted_ta_runs": 300,
  "ta_time_used": 10780.845492839813,
  "wallclock_time_used": 11001.157231807709,
  "dataset_id": 14
}