{
  "mean_cost": 0.0625163161984505,
  "finished_ta_runs": 600,
  "inc_changed": 4,
  "n_configs": 566,
  "submitted_ta_runs": 600,
  "ta_time_used": 66.71332144737244,
  "wallclock_time_used": 72.28908705711365,
  "dataset_id": 3,
  "perf_time": 72.30654245800179
}