{
  "mean_cost": 0.047178846724659135,
  "finished_ta_runs": 116,
  "inc_changed": 2,
  "n_configs": 106,
  "submitted_ta_runs": 116,
  "ta_time_used": 122.09466242790222,
  "wallclock_time_used": 122.41660976409912,
  "dataset_id": 125922
}