{
  "mean_cost": 0.4276696269054844,
  "finished_ta_runs": 300,
  "inc_changed": 6,
  "n_configs": 153,
  "submitted_ta_runs": 300,
  "ta_time_used": 527.3083148002625,
  "wallclock_time_used": 613.8305380344391,
  "dataset_id": 7592,
  "perf_time": 613.8199985840001
}