{"cpu_time": 0.0, "wallclock_time": 4.8160552978515625e-05, "evaluations": 0, "cost": 2147483648.0, "incumbent": ["colsample_bytree='1.0'", "eta='0.3'", "max_depth='10'", "reg_lambda='1.0'"], "origin": "Default"}
{"cpu_time": 0.16450977325439453, "wallclock_time": 0.16518926620483398, "evaluations": 1, "cost": 0.0747, "incumbent": ["colsample_bytree='1.0'", "eta='0.3'", "max_depth='10'", "reg_lambda='1.0'"], "origin": "Default"}
{"cpu_time": 1.8076395988464355, "wallclock_time": 1.8234360218048096, "evaluations": 16, "cost": 0.0453, "incumbent": ["colsample_bytree='0.7639954824069396'", "eta='0.15374481275613402'", "max_depth='5'", "reg_lambda='7.323940477654458'"], "origin": "Random Search"}
