"CPU Time Used","Estimated Training Performance","Wallclock Time","Incumbent ID","Automatic Configurator (CPU) Time","Configuration..."
0.000000, 2147483648.000000, 0.000569, 1, 0.000569, alpha='0.00011227070295712931',eta0='0.0029096933833365197'
0.079273, 0.351900, 0.080566, 1, 0.001293, alpha='0.00011227070295712931',eta0='0.0029096933833365197'
0.274488, 0.343000, 0.279295, 2, 0.004807, alpha='0.09703148166773255',eta0='0.0033876811897594465'
0.987051, 0.335700, 1.001811, 3, 0.014760, alpha='0.0004927044981701337',eta0='0.12537334481910992'
3.451566, 0.323400, 3.517656, 4, 0.066090, alpha='5.6251118794716625e-05',eta0='0.434984328303294'
5.546780, 0.317300, 9.875058, 5, 4.328278, alpha='5.960325982038312e-05',eta0='0.4163809244351059'
6.212428, 0.311600, 10.863704, 6, 4.651276, alpha='5.136943462262958e-05',eta0='0.4136186377170933'
6.765109, 0.292700, 11.851107, 7, 5.085999, alpha='1.4784042082067678e-05',eta0='0.413469254979996'
