{
  "mean_cost": 0.16051979642765557,
  "finished_ta_runs": 1,
  "inc_changed": 1,
  "n_configs": 1,
  "submitted_ta_runs": 1,
  "ta_time_used": 0.45209479331970215,
  "wallclock_time_used": 0.4537849426269531
}