"CPU Time Used","Estimated Training Performance","Wallclock Time","Incumbent ID","Automatic Configurator (CPU) Time","Configuration..."
0.000000, 2147483648.000000, 0.001498, 1, 0.001498, colsample_bytree='0.2890479595400393',eta='0.02972240058848022',max_depth='1',reg_lambda='0.23594281684827217'
0.046784, 0.492400, 0.049296, 1, 0.002512, colsample_bytree='0.2890479595400393',eta='0.02972240058848022',max_depth='1',reg_lambda='0.23594281684827217'
0.347405, 0.096700, 0.352449, 2, 0.005044, colsample_bytree='0.839533680677414',eta='0.03178815964339868',max_depth='7',reg_lambda='260.08137409645684'
0.731677, 0.078600, 0.738422, 3, 0.006745, colsample_bytree='1.0',eta='0.3',max_depth='10',reg_lambda='1.0'
1.490723, 0.074500, 1.504287, 4, 0.013564, colsample_bytree='0.5235572370700539',eta='0.1863242307845216',max_depth='3',reg_lambda='4.4461461740589225'
2.793952, 0.071600, 2.823407, 5, 0.029455, colsample_bytree='0.743421717081219',eta='0.01491763576543679',max_depth='5',reg_lambda='0.0763116896200529'
5.353871, 0.061800, 5.416498, 6, 0.062627, colsample_bytree='0.9626267466694116',eta='0.003064948183665385',max_depth='9',reg_lambda='0.36227426258698386'
10.432349, 0.061600, 14.355927, 7, 3.923578, colsample_bytree='0.9649351480911932',eta='0.005752174638733652',max_depth='9',reg_lambda='0.3867860376738942'
11.536825, 0.059800, 15.471983, 8, 3.935158, colsample_bytree='0.9520009429974292',eta='0.006842803332940698',max_depth='9',reg_lambda='0.41084047636013726'
