{"cpu_time": 0.0, "wallclock_time": 0.0014979839324951172, "evaluations": 0, "cost": 2147483648.0, "incumbent": ["colsample_bytree='0.2890479595400393'", "eta='0.02972240058848022'", "max_depth='1'", "reg_lambda='0.23594281684827217'"], "origin": "Sobol"}
{"cpu_time": 0.0467839241027832, "wallclock_time": 0.049295902252197266, "evaluations": 1, "cost": 0.4924, "incumbent": ["colsample_bytree='0.2890479595400393'", "eta='0.02972240058848022'", "max_depth='1'", "reg_lambda='0.23594281684827217'"], "origin": "Sobol"}
{"cpu_time": 0.34740543365478516, "wallclock_time": 0.3524491786956787, "evaluations": 4, "cost": 0.0967, "incumbent": ["colsample_bytree='0.839533680677414'", "eta='0.03178815964339868'", "max_depth='7'", "reg_lambda='260.08137409645684'"], "origin": "Sobol"}
{"cpu_time": 0.7316768169403076, "wallclock_time": 0.738422155380249, "evaluations": 6, "cost": 0.0786, "incumbent": ["colsample_bytree='1.0'", "eta='0.3'", "max_depth='10'", "reg_lambda='1.0'"], "origin": null}
{"cpu_time": 1.4907231330871582, "wallclock_time": 1.5042870044708252, "evaluations": 13, "cost": 0.0745, "incumbent": ["colsample_bytree='0.5235572370700539'", "eta='0.1863242307845216'", "max_depth='3'", "reg_lambda='4.4461461740589225'"], "origin": "Sobol"}
{"cpu_time": 2.793952226638794, "wallclock_time": 2.823406934738159, "evaluations": 25, "cost": 0.0716, "incumbent": ["colsample_bytree='0.743421717081219'", "eta='0.01491763576543679'", "max_depth='5'", "reg_lambda='0.0763116896200529'"], "origin": "Sobol"}
{"cpu_time": 5.353870630264282, "wallclock_time": 5.4164979457855225, "evaluations": 46, "cost": 0.0618, "incumbent": ["colsample_bytree='0.9626267466694116'", "eta='0.003064948183665385'", "max_depth='9'", "reg_lambda='0.36227426258698386'"], "origin": "Sobol"}
{"cpu_time": 10.432349443435669, "wallclock_time": 14.355926990509033, "evaluations": 81, "cost": 0.0616, "incumbent": ["colsample_bytree='0.9649351480911932'", "eta='0.005752174638733652'", "max_depth='9'", "reg_lambda='0.3867860376738942'"], "origin": "Local Search"}
{"cpu_time": 11.53682541847229, "wallclock_time": 15.471982955932617, "evaluations": 86, "cost": 0.0598, "incumbent": ["colsample_bytree='0.9520009429974292'", "eta='0.006842803332940698'", "max_depth='9'", "reg_lambda='0.41084047636013726'"], "origin": "Local Search"}
