{
  "mean_cost": 0.11087704660221111,
  "finished_ta_runs": 300,
  "inc_changed": 8,
  "n_configs": 192,
  "submitted_ta_runs": 300,
  "ta_time_used": 102.98554491996765,
  "wallclock_time_used": 198.662278175354,
  "dataset_id": 146822,
  "perf_time": 198.69027762499172
}