{"cpu_time": 0.0, "wallclock_time": 0.001535177230834961, "evaluations": 0, "cost": 2147483648.0, "incumbent": {"max_depth": 6, "max_features": 0.3290755869820714, "min_samples_leaf": 11, "min_samples_split": 2}, "budget": 0, "origin": "Sobol"}
{"cpu_time": 0.09401988983154297, "wallclock_time": 0.09644818305969238, "evaluations": 1, "cost": 0.0046, "incumbent": {"max_depth": 6, "max_features": 0.3290755869820714, "min_samples_leaf": 11, "min_samples_split": 2}, "budget": 0, "origin": "Sobol"}
{"cpu_time": 3.1900789737701416, "wallclock_time": 3.228811025619507, "evaluations": 33, "cost": 0.0028, "incumbent": {"max_depth": 39, "max_features": 0.3087822897359729, "min_samples_leaf": 3, "min_samples_split": 7}, "budget": 0, "origin": "Sobol"}
{"cpu_time": 3.711958408355713, "wallclock_time": 3.757862091064453, "evaluations": 38, "cost": 0.0016, "incumbent": {"max_depth": 10, "max_features": 0.5, "min_samples_leaf": 1, "min_samples_split": 32}, "budget": 0, "origin": null}
{"cpu_time": 5.330969333648682, "wallclock_time": 5.401257038116455, "evaluations": 53, "cost": 0.0016, "incumbent": {"max_depth": 6, "max_features": 0.6024900050833821, "min_samples_leaf": 1, "min_samples_split": 19}, "budget": 0, "origin": "Sobol"}
{"cpu_time": 8.117175340652466, "wallclock_time": 10.958708047866821, "evaluations": 76, "cost": 0.0009, "incumbent": {"max_depth": 10, "max_features": 0.4882743755118376, "min_samples_leaf": 1, "min_samples_split": 30}, "budget": 0, "origin": "Local Search"}
{"cpu_time": 11.759638547897339, "wallclock_time": 19.196206092834473, "evaluations": 110, "cost": 0.0, "incumbent": {"max_depth": 22, "max_features": 0.4225356967217625, "min_samples_leaf": 1, "min_samples_split": 3}, "budget": 0, "origin": "Local Search"}
