{"cpu_time": 0.0, "wallclock_time": 3.62396240234375e-05, "evaluations": 0, "cost": 2147483648.0, "incumbent": ["C='1.0'", "gamma='0.1'"], "origin": "Default"}
{"cpu_time": 7.33489990234375, "wallclock_time": 7.3356239795684814, "evaluations": 1, "cost": 0.224, "incumbent": ["C='1.0'", "gamma='0.1'"], "origin": "Default"}
