{
  "mean_cost": 0.08967802289853713,
  "finished_ta_runs": 28,
  "inc_changed": 2,
  "n_configs": 18,
  "submitted_ta_runs": 28,
  "ta_time_used": 63.8321418762207,
  "wallclock_time_used": 63.895774126052856,
  "dataset_id": 167125
}