{"cpu_time": 0.0, "wallclock_time": 5.507469177246094e-05, "evaluations": 0, "cost": 2147483648.0, "incumbent": {"alpha": 0.001, "eta0": 0.01}, "budget": 0, "origin": "Default"}
{"cpu_time": 0.051429033279418945, "wallclock_time": 0.05273294448852539, "evaluations": 1, "cost": 0.4887, "incumbent": {"alpha": 0.001, "eta0": 0.01}, "budget": 0, "origin": "Default"}
{"cpu_time": 0.1396331787109375, "wallclock_time": 0.1480998992919922, "evaluations": 4, "cost": 0.456, "incumbent": {"alpha": 3.649484911512686e-05, "eta0": 1.2652165208090965e-05}, "budget": 0, "origin": "Random Search"}
{"cpu_time": 0.24749279022216797, "wallclock_time": 0.2598400115966797, "evaluations": 8, "cost": 0.45, "incumbent": {"alpha": 0.005024635265504522, "eta0": 2.0035124286213127e-05}, "budget": 0, "origin": "Random Search"}
{"cpu_time": 0.8942670822143555, "wallclock_time": 0.9181170463562012, "evaluations": 19, "cost": 0.4352, "incumbent": {"alpha": 0.00022661234155643443, "eta0": 7.824882505894288e-05}, "budget": 0, "origin": "Random Search"}
