"CPU Time Used","Estimated Training Performance","Wallclock Time","Incumbent ID","Automatic Configurator (CPU) Time","Configuration..."
0.000000, 2147483648.000000, 0.000055, 1, 0.000055, alpha='0.001',eta0='0.01'
0.051429, 0.488700, 0.052733, 1, 0.001304, alpha='0.001',eta0='0.01'
0.139633, 0.456000, 0.148100, 2, 0.008467, alpha='3.649484911512686e-05',eta0='1.2652165208090965e-05'
0.247493, 0.450000, 0.259840, 3, 0.012347, alpha='0.005024635265504522',eta0='2.0035124286213127e-05'
0.894267, 0.435200, 0.918117, 4, 0.023850, alpha='0.00022661234155643443',eta0='7.824882505894288e-05'
