{"cpu_time": 0.0, "wallclock_time": 0.0014858245849609375, "evaluations": 0, "cost": 2147483648.0, "incumbent": {"colsample_bytree": 0.569966175314039, "eta": 0.009556882986489993, "max_depth": 3, "reg_lambda": 0.0020776820882921045}, "budget": 0, "origin": "Sobol"}
{"cpu_time": 3.0179388523101807, "wallclock_time": 3.020524740219116, "evaluations": 1, "cost": 0.6045, "incumbent": {"colsample_bytree": 0.569966175314039, "eta": 0.009556882986489993, "max_depth": 3, "reg_lambda": 0.0020776820882921045}, "budget": 0, "origin": "Sobol"}
{"cpu_time": 34.86530804634094, "wallclock_time": 34.87355184555054, "evaluations": 7, "cost": 0.4799, "incumbent": {"colsample_bytree": 0.3878000834956765, "eta": 0.004721681612948408, "max_depth": 10, "reg_lambda": 0.09654112415362535}, "budget": 0, "origin": "Sobol"}
{"cpu_time": 86.05165791511536, "wallclock_time": 86.06364703178406, "evaluations": 10, "cost": 0.3751, "incumbent": {"colsample_bytree": 1.0, "eta": 0.3, "max_depth": 10, "reg_lambda": 1.0}, "budget": 0, "origin": null}
{"cpu_time": 497.9143671989441, "wallclock_time": 507.7807409763336, "evaluations": 72, "cost": 0.3741, "incumbent": {"colsample_bytree": 1.0, "eta": 0.30000000000000004, "max_depth": 10, "reg_lambda": 0.8966534087916177}, "budget": 0, "origin": "Local Search"}
{"cpu_time": 670.1040184497833, "wallclock_time": 685.5297849178314, "evaluations": 86, "cost": 0.3716, "incumbent": {"colsample_bytree": 1.0, "eta": 0.29866209659057624, "max_depth": 10, "reg_lambda": 0.8966534087916177}, "budget": 0, "origin": "Local Search"}
{"cpu_time": 842.8646619319916, "wallclock_time": 862.4463210105896, "evaluations": 97, "cost": 0.369, "incumbent": {"colsample_bytree": 1.0, "eta": 0.29866209659057624, "max_depth": 9, "reg_lambda": 0.8991573097958017}, "budget": 0, "origin": "Local Search"}
{"cpu_time": 1282.4358923435211, "wallclock_time": 1324.913761138916, "evaluations": 132, "cost": 0.3674, "incumbent": {"colsample_bytree": 1.0, "eta": 0.29866209659057624, "max_depth": 10, "reg_lambda": 0.8526628613015688}, "budget": 0, "origin": "Local Search"}
{"cpu_time": 2016.0813491344452, "wallclock_time": 2107.7103958129883, "evaluations": 187, "cost": 0.3649, "incumbent": {"colsample_bytree": 1.0, "eta": 0.3062976442103777, "max_depth": 10, "reg_lambda": 0.8526628613015688}, "budget": 0, "origin": "Local Search"}
{"cpu_time": 2295.593879699707, "wallclock_time": 2404.793361902237, "evaluations": 207, "cost": 0.3645, "incumbent": {"colsample_bytree": 1.0, "eta": 0.3062976442103777, "max_depth": 10, "reg_lambda": 0.8550078982924382}, "budget": 0, "origin": "Local Search"}
