"CPU Time Used","Estimated Training Performance","Wallclock Time","Incumbent ID","Automatic Configurator (CPU) Time","Configuration..."
0.000000, 2147483648.000000, 0.000584, 1, 0.000584, C='0.017961675793542162',gamma='0.9046232030638993'
0.294419, 0.666700, 0.295752, 1, 0.001333, C='0.017961675793542162',gamma='0.9046232030638993'
1.175512, 0.539400, 1.180112, 2, 0.004600, C='61.71933670840937',gamma='1.0864412265106145'
1.767105, 0.510500, 1.773444, 3, 0.006339, C='1.0',gamma='0.1'
2.451197, 0.086700, 2.461574, 4, 0.010377, C='12.958180650233897',gamma='0.01207858159167579'
7.825110, 0.086000, 8.527861, 5, 0.702751, C='7.674253055722462',gamma='0.013494373662403856'
15.568266, 0.083500, 19.615760, 6, 4.047493, C='5.979583792799894',gamma='0.014055828694066786'
