{
  "mean_cost": 0.06877527449002274,
  "finished_ta_runs": 300,
  "inc_changed": 7,
  "n_configs": 112,
  "submitted_ta_runs": 300,
  "ta_time_used": 178.96595358848572,
  "wallclock_time_used": 248.40984892845154,
  "dataset_id": 125922,
  "perf_time": 248.4239455829993
}