{"cpu_time": 0.0, "wallclock_time": 5.507469177246094e-05, "evaluations": 0, "cost": 2147483648.0, "incumbent": ["colsample_bytree='1.0'", "eta='0.3'", "max_depth='10'", "reg_lambda='1.0'"], "origin": "Default"}
{"cpu_time": 2.870380163192749, "wallclock_time": 2.8711130619049072, "evaluations": 1, "cost": 0.1876, "incumbent": ["colsample_bytree='1.0'", "eta='0.3'", "max_depth='10'", "reg_lambda='1.0'"], "origin": "Default"}
{"cpu_time": 41.56176948547363, "wallclock_time": 41.58370614051819, "evaluations": 18, "cost": 0.1821, "incumbent": ["colsample_bytree='0.42779910928331233'", "eta='0.13140302375308188'", "max_depth='4'", "reg_lambda='1.351829952028138'"], "origin": "Random Search"}
{"cpu_time": 464.1253778934479, "wallclock_time": 465.68064427375793, "evaluations": 297, "cost": 0.1791, "incumbent": ["colsample_bytree='0.2929626198986189'", "eta='0.34679117257866027'", "max_depth='3'", "reg_lambda='0.0016074924317016862'"], "origin": "Random Search"}
{"cpu_time": 544.1525490283966, "wallclock_time": 546.345132112503, "evaluations": 361, "cost": 0.178, "incumbent": ["colsample_bytree='0.2684044305792147'", "eta='0.07904543587422698'", "max_depth='7'", "reg_lambda='0.0022309274418271636'"], "origin": "Random Search"}
