{
  "mean_cost": 0.14840129579750683,
  "finished_ta_runs": 2,
  "inc_changed": 1,
  "n_configs": 1,
  "submitted_ta_runs": 2,
  "ta_time_used": 8.651592254638672,
  "wallclock_time_used": 8.65470576286316,
  "dataset_id": 167125,
  "perf_time": 8.673893667000812
}