{
  "mean_cost": 0.34622417431676705,
  "finished_ta_runs": 300,
  "inc_changed": 3,
  "n_configs": 82,
  "submitted_ta_runs": 300,
  "ta_time_used": 21.16563391685486,
  "wallclock_time_used": 48.81460928916931,
  "dataset_id": 11,
  "perf_time": 48.845352500000445
}