{
  "mean_cost": 0.8571428571428574,
  "finished_ta_runs": 300,
  "inc_changed": 1,
  "n_configs": 62,
  "submitted_ta_runs": 300,
  "ta_time_used": 31.465586185455322,
  "wallclock_time_used": 43.370792865753174,
  "dataset_id": 146817,
  "perf_time": 43.380188499999804
}