"CPU Time Used","Estimated Training Performance","Wallclock Time","Incumbent ID","Automatic Configurator (CPU) Time","Configuration..."
0.000000, 2147483648.000000, 0.000540, 1, 0.000540, C='1.3600811985592882',gamma='0.09352602871548096'
0.202193, 0.500000, 0.203464, 1, 0.001271, C='1.3600811985592882',gamma='0.09352602871548096'
2.410837, 0.275200, 2.427498, 2, 0.016661, C='102.59827344587585',gamma='0.0039228031036218506'
5.504744, 0.214700, 5.811851, 3, 0.307107, C='782.7748729978198',gamma='0.0022611500511579134'
6.888018, 0.163800, 8.551349, 4, 1.663331, C='789.5306064071773',gamma='0.0011543356229720887'
11.253623, 0.163200, 18.848460, 5, 7.594837, C='653.4893949110816',gamma='0.0011270252388322815'
