{"cpu_time": 0.0, "wallclock_time": 0.0005397796630859375, "evaluations": 0, "cost": 2147483648.0, "incumbent": ["C='1.3600811985592882'", "gamma='0.09352602871548096'"], "origin": "Sobol"}
{"cpu_time": 0.2021932601928711, "wallclock_time": 0.20346379280090332, "evaluations": 1, "cost": 0.5, "incumbent": ["C='1.3600811985592882'", "gamma='0.09352602871548096'"], "origin": "Sobol"}
{"cpu_time": 2.410836696624756, "wallclock_time": 2.4274978637695312, "evaluations": 19, "cost": 0.2752, "incumbent": ["C='102.59827344587585'", "gamma='0.0039228031036218506'"], "origin": "Sobol"}
{"cpu_time": 5.504743814468384, "wallclock_time": 5.8118510246276855, "evaluations": 43, "cost": 0.2147, "incumbent": ["C='782.7748729978198'", "gamma='0.0022611500511579134'"], "origin": "Random Search (sorted)"}
{"cpu_time": 6.888017654418945, "wallclock_time": 8.55134892463684, "evaluations": 58, "cost": 0.1638, "incumbent": ["C='789.5306064071773'", "gamma='0.0011543356229720887'"], "origin": "Random Search (sorted)"}
{"cpu_time": 11.253623008728027, "wallclock_time": 18.84845995903015, "evaluations": 116, "cost": 0.1632, "incumbent": ["C='653.4893949110816'", "gamma='0.0011270252388322815'"], "origin": "Random Search (sorted)"}
