{"cpu_time": 0.0, "wallclock_time": 3.504753112792969e-05, "evaluations": 0, "cost": 2147483648.0, "incumbent": {"C": 1.0, "gamma": 0.1}, "budget": 0, "origin": "Default"}
{"cpu_time": 0.0081939697265625, "wallclock_time": 0.008867263793945312, "evaluations": 1, "cost": 0.0509, "incumbent": {"C": 1.0, "gamma": 0.1}, "budget": 0, "origin": "Default"}
