{
  "mean_cost": 0.5699915026967667,
  "finished_ta_runs": 33,
  "inc_changed": 3,
  "n_configs": 18,
  "submitted_ta_runs": 33,
  "ta_time_used": 60.39616370201111,
  "wallclock_time_used": 60.46391224861145,
  "dataset_id": 146195
}