{"cpu_time": 0.0, "wallclock_time": 0.0015780925750732422, "evaluations": 0, "cost": 2147483648.0, "incumbent": ["max_depth='1'", "max_features='0.49276944529265165'", "min_samples_leaf='4'", "min_samples_split='9'"], "origin": "Sobol"}
{"cpu_time": 0.0685429573059082, "wallclock_time": 0.07105612754821777, "evaluations": 1, "cost": 0.576, "incumbent": ["max_depth='1'", "max_features='0.49276944529265165'", "min_samples_leaf='4'", "min_samples_split='9'"], "origin": "Sobol"}
{"cpu_time": 0.2866387367248535, "wallclock_time": 0.2939302921295166, "evaluations": 4, "cost": 0.3267, "incumbent": ["max_depth='22'", "max_features='0.502463330514729'", "min_samples_leaf='18'", "min_samples_split='83'"], "origin": "Sobol"}
{"cpu_time": 0.4711568355560303, "wallclock_time": 0.4801900386810303, "evaluations": 6, "cost": 0.2588, "incumbent": ["max_depth='10'", "max_features='0.5'", "min_samples_leaf='1'", "min_samples_split='32'"], "origin": null}
{"cpu_time": 3.608530044555664, "wallclock_time": 3.6583411693573, "evaluations": 39, "cost": 0.2497, "incumbent": ["max_depth='35'", "max_features='0.653578007593751'", "min_samples_leaf='3'", "min_samples_split='2'"], "origin": "Sobol"}
{"cpu_time": 5.459405183792114, "wallclock_time": 6.177385091781616, "evaluations": 59, "cost": 0.2375, "incumbent": ["max_depth='26'", "max_features='0.6729301032486686'", "min_samples_leaf='1'", "min_samples_split='13'"], "origin": "Local Search"}
{"cpu_time": 10.968719244003296, "wallclock_time": 23.67687702178955, "evaluations": 103, "cost": 0.2319, "incumbent": ["max_depth='43'", "max_features='0.789080444538489'", "min_samples_leaf='1'", "min_samples_split='4'"], "origin": "Local Search"}
{"cpu_time": 15.062805652618408, "wallclock_time": 33.87282395362854, "evaluations": 132, "cost": 0.2285, "incumbent": ["max_depth='35'", "max_features='0.6472027986656141'", "min_samples_leaf='1'", "min_samples_split='20'"], "origin": "Local Search"}
