"CPU Time Used","Estimated Training Performance","Wallclock Time","Incumbent ID","Automatic Configurator (CPU) Time","Configuration..."
0.000000, 2147483648.000000, 0.000046, 1, 0.000046, colsample_bytree='1.0',eta='0.3',max_depth='10',reg_lambda='1.0'
0.569700, 0.008700, 0.570398, 1, 0.000698, colsample_bytree='1.0',eta='0.3',max_depth='10',reg_lambda='1.0'
8.952072, 0.008500, 9.051985, 2, 0.099913, colsample_bytree='0.5569725902137237',eta='0.43617660629602417',max_depth='5',reg_lambda='0.3490054055185923'
26.107047, 0.007500, 27.098938, 3, 0.991891, colsample_bytree='0.7434732620322668',eta='0.8118750865189384',max_depth='7',reg_lambda='0.08074563673909503'
31.442961, 0.007400, 32.862930, 4, 1.419969, colsample_bytree='0.44942133693086517',eta='0.36621610428687373',max_depth='9',reg_lambda='1.4334625397981116'
