"CPU Time Used","Estimated Training Performance","Wallclock Time","Incumbent ID","Automatic Configurator (CPU) Time","Configuration..."
0.000000, 2147483648.000000, 0.000568, 1, 0.000568, alpha='0.0040824718253228975',eta0='0.00044195488125554607'
0.045090, 0.455700, 0.046836, 1, 0.001746, alpha='0.0040824718253228975',eta0='0.00044195488125554607'
0.286386, 0.428400, 0.297625, 2, 0.011238, alpha='2.1186147948258377e-05',eta0='8.558614272324676e-05'
1.220805, 0.422300, 3.158739, 3, 1.937934, alpha='2.142591241042808e-05',eta0='9.72591412347027e-05'
