{
  "mean_cost": 0.2915887353387353,
  "finished_ta_runs": 1,
  "inc_changed": 1,
  "n_configs": 1,
  "submitted_ta_runs": 1,
  "ta_time_used": 0.28810787200927734,
  "wallclock_time_used": 0.28998708724975586,
  "dataset_id": 146800,
  "perf_time": 0.2961565000000519
}