{"cpu_time": 0.0, "wallclock_time": 0.0015990734100341797, "evaluations": 0, "cost": 2147483648.0, "incumbent": {"max_depth": 2, "max_features": 0.4491682695224881, "min_samples_leaf": 1, "min_samples_split": 4}, "budget": 0, "origin": "Sobol"}
{"cpu_time": 0.1701052188873291, "wallclock_time": 0.17269086837768555, "evaluations": 1, "cost": 0.1072, "incumbent": {"max_depth": 2, "max_features": 0.4491682695224881, "min_samples_leaf": 1, "min_samples_split": 4}, "budget": 0, "origin": "Sobol"}
{"cpu_time": 0.8960874080657959, "wallclock_time": 0.9013051986694336, "evaluations": 4, "cost": 0.0602, "incumbent": {"max_depth": 17, "max_features": 0.6137791713699698, "min_samples_leaf": 16, "min_samples_split": 18}, "budget": 0, "origin": "Sobol"}
{"cpu_time": 6.183343410491943, "wallclock_time": 6.206908941268921, "evaluations": 21, "cost": 0.0525, "incumbent": {"max_depth": 30, "max_features": 0.8789303731173277, "min_samples_leaf": 9, "min_samples_split": 48}, "budget": 0, "origin": "Sobol"}
{"cpu_time": 12.980533123016357, "wallclock_time": 13.041745901107788, "evaluations": 46, "cost": 0.0334, "incumbent": {"max_depth": 46, "max_features": 0.7485423665493727, "min_samples_leaf": 1, "min_samples_split": 7}, "budget": 0, "origin": "Sobol"}
{"cpu_time": 19.958116054534912, "wallclock_time": 24.226565837860107, "evaluations": 71, "cost": 0.0306, "incumbent": {"max_depth": 46, "max_features": 0.01794720852704205, "min_samples_leaf": 1, "min_samples_split": 6}, "budget": 0, "origin": "Local Search"}
{"cpu_time": 27.383666038513184, "wallclock_time": 41.10961413383484, "evaluations": 103, "cost": 0.0296, "incumbent": {"max_depth": 47, "max_features": 0.17515685612377394, "min_samples_leaf": 1, "min_samples_split": 6}, "budget": 0, "origin": "Local Search"}
{"cpu_time": 37.951024293899536, "wallclock_time": 61.90729284286499, "evaluations": 147, "cost": 0.0296, "incumbent": {"max_depth": 33, "max_features": 0.1956125438991924, "min_samples_leaf": 1, "min_samples_split": 6}, "budget": 0, "origin": "Local Search"}
{"cpu_time": 65.37054109573364, "wallclock_time": 153.2271430492401, "evaluations": 262, "cost": 0.029, "incumbent": {"max_depth": 33, "max_features": 0.3535583245969367, "min_samples_leaf": 1, "min_samples_split": 3}, "budget": 0, "origin": "Local Search"}
