"CPU Time Used","Estimated Training Performance","Wallclock Time","Incumbent ID","Automatic Configurator (CPU) Time","Configuration..."
0.000000, 2147483648.000000, 0.001428, 1, 0.001428, colsample_bytree='0.3908073678612709',eta='0.02197006114591668',max_depth='1',reg_lambda='0.025956378731779545'
0.027887, 0.077200, 0.030268, 1, 0.002381, colsample_bytree='0.3908073678612709',eta='0.02197006114591668',max_depth='1',reg_lambda='0.025956378731779545'
0.174054, 0.039500, 0.178946, 2, 0.004892, colsample_bytree='0.7864414579235017',eta='0.06876373473778273',max_depth='5',reg_lambda='2.180661802430785'
0.615858, 0.032400, 0.632591, 3, 0.016733, colsample_bytree='0.6266065758652986',eta='0.3646935062279739',max_depth='1',reg_lambda='0.2818207552142512'
1.251009, 0.026100, 1.290909, 4, 0.039900, colsample_bytree='0.34836309412494304',eta='0.26655395384050556',max_depth='6',reg_lambda='0.1036182343546856'
1.462900, 0.020800, 1.514580, 5, 0.051680, colsample_bytree='0.2476114026270807',eta='0.09799148147389534',max_depth='9',reg_lambda='0.22959291519229882'
3.372612, 0.017900, 17.153940, 6, 13.781328, colsample_bytree='0.2591778031244184',eta='0.09027772940382847',max_depth='10',reg_lambda='0.1760838433907802'
