{"cpu_time": 0.0, "wallclock_time": 0.0014281272888183594, "evaluations": 0, "cost": 2147483648.0, "incumbent": {"colsample_bytree": 0.3908073678612709, "eta": 0.02197006114591668, "max_depth": 1, "reg_lambda": 0.025956378731779545}, "budget": 0, "origin": "Sobol"}
{"cpu_time": 0.02788710594177246, "wallclock_time": 0.030268192291259766, "evaluations": 1, "cost": 0.0772, "incumbent": {"colsample_bytree": 0.3908073678612709, "eta": 0.02197006114591668, "max_depth": 1, "reg_lambda": 0.025956378731779545}, "budget": 0, "origin": "Sobol"}
{"cpu_time": 0.17405414581298828, "wallclock_time": 0.17894601821899414, "evaluations": 4, "cost": 0.0395, "incumbent": {"colsample_bytree": 0.7864414579235017, "eta": 0.06876373473778273, "max_depth": 5, "reg_lambda": 2.180661802430785}, "budget": 0, "origin": "Sobol"}
{"cpu_time": 0.6158578395843506, "wallclock_time": 0.6325912475585938, "evaluations": 17, "cost": 0.0324, "incumbent": {"colsample_bytree": 0.6266065758652986, "eta": 0.3646935062279739, "max_depth": 1, "reg_lambda": 0.2818207552142512}, "budget": 0, "origin": "Sobol"}
{"cpu_time": 1.251009225845337, "wallclock_time": 1.2909092903137207, "evaluations": 36, "cost": 0.0261, "incumbent": {"colsample_bytree": 0.34836309412494304, "eta": 0.26655395384050556, "max_depth": 6, "reg_lambda": 0.1036182343546856}, "budget": 0, "origin": "Sobol"}
{"cpu_time": 1.4629004001617432, "wallclock_time": 1.5145800113677979, "evaluations": 44, "cost": 0.0208, "incumbent": {"colsample_bytree": 0.2476114026270807, "eta": 0.09799148147389534, "max_depth": 9, "reg_lambda": 0.22959291519229882}, "budget": 0, "origin": "Sobol"}
{"cpu_time": 3.372612237930298, "wallclock_time": 17.153939962387085, "evaluations": 116, "cost": 0.0179, "incumbent": {"colsample_bytree": 0.2591778031244184, "eta": 0.09027772940382847, "max_depth": 10, "reg_lambda": 0.1760838433907802}, "budget": 0, "origin": "Local Search"}
