{
  "mean_cost": 0.12610785703920327,
  "finished_ta_runs": 300,
  "inc_changed": 6,
  "n_configs": 205,
  "submitted_ta_runs": 300,
  "ta_time_used": 99.63277387619019,
  "wallclock_time_used": 181.87958812713623,
  "dataset_id": 167140,
  "perf_time": 181.8924024579992
}