"CPU Time Used","Estimated Training Performance","Wallclock Time","Incumbent ID","Automatic Configurator (CPU) Time","Configuration..."
0.000000, 2147483648.000000, 0.000043, 1, 0.000043, alpha='0.001',eta0='0.01'
0.165344, 0.770000, 0.166042, 1, 0.000698, alpha='0.001',eta0='0.01'
3.135720, 0.775500, 3.155538, 2, 0.019818, alpha='0.005552327829437055',eta0='4.9488396977195885e-05'
6.800346, 0.772300, 6.856907, 3, 0.056561, alpha='0.00047563268189094034',eta0='2.3569613209121685e-05'
8.438826, 0.766200, 8.513769, 4, 0.074943, alpha='9.399424143105853e-05',eta0='2.1264709675175496e-05'
