"CPU Time Used","Estimated Training Performance","Wallclock Time","Incumbent ID","Automatic Configurator (CPU) Time","Configuration..."
0.000000, 2147483648.000000, 0.000680, 1, 0.000680, C='0.017961675793542162',gamma='0.9046232030638993'
0.011660, 0.500000, 0.013261, 1, 0.001601, C='0.017961675793542162',gamma='0.9046232030638993'
1.302633, 0.483300, 6.340869, 2, 5.038236, C='263.3131349873727',gamma='0.0013806458900698867'
