{
  "data": [
    [
      [
        1,
        null,
        330054389,
        0.0
      ],
      [
        0.1891589891589892,
        2.2219409942626953,
        {
          "__enum__": "StatusType.SUCCESS"
        },
        1674419478.720327,
        1674419480.9422731,
        {}
      ]
    ]
  ],
  "config_origins": {
    "1": "Sobol"
  },
  "configs": {
    "1": {
      "colsample_bytree": 0.569966175314039,
      "eta": 0.009556882986489993,
      "max_depth": 3,
      "reg_lambda": 0.0020776820882921045
    }
  }
}