{
  "mean_cost": 0.019560410476574527,
  "finished_ta_runs": 91,
  "inc_changed": 5,
  "n_configs": 67,
  "submitted_ta_runs": 91,
  "ta_time_used": 52.951953172683716,
  "wallclock_time_used": 60.70657277107239,
  "dataset_id": 32
}