{
  "mean_cost": 0.03315790069150286,
  "finished_ta_runs": 600,
  "inc_changed": 2,
  "n_configs": 286,
  "submitted_ta_runs": 600,
  "ta_time_used": 18.155340433120728,
  "wallclock_time_used": 22.21346688270569,
  "dataset_id": 15,
  "perf_time": 22.229378875010298
}