{"cpu_time": 0.0, "wallclock_time": 0.0014750957489013672, "evaluations": 0, "cost": 2147483648.0, "incumbent": ["colsample_bytree='0.3908073678612709'", "eta='0.02197006114591668'", "max_depth='1'", "reg_lambda='0.025956378731779545'"], "origin": "Sobol"}
{"cpu_time": 0.04596972465515137, "wallclock_time": 0.04843592643737793, "evaluations": 1, "cost": 0.5093, "incumbent": ["colsample_bytree='0.3908073678612709'", "eta='0.02197006114591668'", "max_depth='1'", "reg_lambda='0.025956378731779545'"], "origin": "Sobol"}
{"cpu_time": 0.4599285125732422, "wallclock_time": 0.4649982452392578, "evaluations": 4, "cost": 0.4118, "incumbent": ["colsample_bytree='0.7864414579235017'", "eta='0.06876373473778273'", "max_depth='5'", "reg_lambda='2.180661802430785'"], "origin": "Sobol"}
{"cpu_time": 0.948906421661377, "wallclock_time": 0.9557201862335205, "evaluations": 6, "cost": 0.4023, "incumbent": ["colsample_bytree='1.0'", "eta='0.3'", "max_depth='10'", "reg_lambda='1.0'"], "origin": null}
{"cpu_time": 2.0641863346099854, "wallclock_time": 2.082062244415283, "evaluations": 17, "cost": 0.3856, "incumbent": ["colsample_bytree='0.6266065758652986'", "eta='0.3646935062279739'", "max_depth='1'", "reg_lambda='0.2818207552142512'"], "origin": "Sobol"}
{"cpu_time": 2.5660147666931152, "wallclock_time": 2.5909502506256104, "evaluations": 23, "cost": 0.3832, "incumbent": ["colsample_bytree='0.45945947319269187'", "eta='0.12445917509269228'", "max_depth='2'", "reg_lambda='0.005247079141785378'"], "origin": "Sobol"}
{"cpu_time": 3.466489791870117, "wallclock_time": 3.504850149154663, "evaluations": 33, "cost": 0.3657, "incumbent": ["colsample_bytree='0.7374323334544897'", "eta='0.08892726614867096'", "max_depth='2'", "reg_lambda='0.006056488228714528'"], "origin": "Sobol"}
{"cpu_time": 4.837651491165161, "wallclock_time": 4.901142120361328, "evaluations": 49, "cost": 0.3618, "incumbent": ["colsample_bytree='0.9809364835731685'", "eta='0.17499961648666676'", "max_depth='1'", "reg_lambda='0.13073483507008618'"], "origin": "Sobol"}
{"cpu_time": 7.639258861541748, "wallclock_time": 14.73695421218872, "evaluations": 83, "cost": 0.3596, "incumbent": ["colsample_bytree='0.8542538454845241'", "eta='0.18350552525061306'", "max_depth='1'", "reg_lambda='0.006071490424268546'"], "origin": "Local Search"}
{"cpu_time": 10.295514822006226, "wallclock_time": 29.717690229415894, "evaluations": 118, "cost": 0.3578, "incumbent": ["colsample_bytree='0.9918111824650779'", "eta='0.1729496270568575'", "max_depth='1'", "reg_lambda='0.13541371718784037'"], "origin": "Local Search"}
{"cpu_time": 13.162880182266235, "wallclock_time": 45.95119619369507, "evaluations": 159, "cost": 0.3522, "incumbent": ["colsample_bytree='0.9859213142613898'", "eta='0.17830031570094731'", "max_depth='1'", "reg_lambda='0.0009775126293723637'"], "origin": "Local Search"}
