{
  "mean_cost": 0.44944071094184457,
  "finished_ta_runs": 2,
  "inc_changed": 1,
  "n_configs": 1,
  "submitted_ta_runs": 2,
  "ta_time_used": 0.46859145164489746,
  "wallclock_time_used": 0.47075510025024414,
  "dataset_id": 146821,
  "perf_time": 0.48007933299959404
}