{
  "mean_cost": 0.3588257742837658,
  "finished_ta_runs": 600,
  "inc_changed": 5,
  "n_configs": 572,
  "submitted_ta_runs": 600,
  "ta_time_used": 1318.5751705169678,
  "wallclock_time_used": 1324.2368352413177,
  "dataset_id": 14,
  "perf_time": 1324.2416693749983
}