"CPU Time Used","Estimated Training Performance","Wallclock Time","Incumbent ID","Automatic Configurator (CPU) Time","Configuration..."
0.000000, 2147483648.000000, 0.000044, 1, 0.000044, colsample_bytree='1.0',eta='0.3',max_depth='10',reg_lambda='1.0'
0.115802, 0.334100, 0.116501, 1, 0.000699, colsample_bytree='1.0',eta='0.3',max_depth='10',reg_lambda='1.0'
0.935819, 0.327300, 0.948810, 2, 0.012991, colsample_bytree='0.9806458301683194',eta='0.11021240891825923',max_depth='3',reg_lambda='1.2826061465293854'
2.068511, 0.320300, 2.122951, 3, 0.054440, colsample_bytree='0.9869100253763312',eta='0.07829228237480283',max_depth='10',reg_lambda='0.0011317947333548213'
2.372988, 0.309000, 2.456168, 4, 0.083180, colsample_bytree='0.13479577140410934',eta='0.6022571669643998',max_depth='1',reg_lambda='2.2227026873990723'
3.134640, 0.289200, 3.275683, 5, 0.141043, colsample_bytree='0.9545508300040052',eta='0.5653487635621801',max_depth='2',reg_lambda='5.489750820269845'
