{"cpu_time": 0.0, "wallclock_time": 4.410743713378906e-05, "evaluations": 0, "cost": 2147483648.0, "incumbent": {"colsample_bytree": 1.0, "eta": 0.3, "max_depth": 10, "reg_lambda": 1.0}, "budget": 0, "origin": "Default"}
{"cpu_time": 0.11580181121826172, "wallclock_time": 0.1165010929107666, "evaluations": 1, "cost": 0.3341, "incumbent": {"colsample_bytree": 1.0, "eta": 0.3, "max_depth": 10, "reg_lambda": 1.0}, "budget": 0, "origin": "Default"}
{"cpu_time": 0.935819149017334, "wallclock_time": 0.9488101005554199, "evaluations": 15, "cost": 0.3273, "incumbent": {"colsample_bytree": 0.9806458301683194, "eta": 0.11021240891825923, "max_depth": 3, "reg_lambda": 1.2826061465293854}, "budget": 0, "origin": "Random Search"}
{"cpu_time": 2.0685105323791504, "wallclock_time": 2.122951030731201, "evaluations": 40, "cost": 0.3203, "incumbent": {"colsample_bytree": 0.9869100253763312, "eta": 0.07829228237480283, "max_depth": 10, "reg_lambda": 0.0011317947333548213}, "budget": 0, "origin": "Random Search"}
{"cpu_time": 2.372987985610962, "wallclock_time": 2.4561679363250732, "evaluations": 54, "cost": 0.309, "incumbent": {"colsample_bytree": 0.13479577140410934, "eta": 0.6022571669643998, "max_depth": 1, "reg_lambda": 2.2227026873990723}, "budget": 0, "origin": "Random Search"}
{"cpu_time": 3.1346395015716553, "wallclock_time": 3.2756829261779785, "evaluations": 78, "cost": 0.2892, "incumbent": {"colsample_bytree": 0.9545508300040052, "eta": 0.5653487635621801, "max_depth": 2, "reg_lambda": 5.489750820269845}, "budget": 0, "origin": "Random Search"}
