{
  "mean_cost": 0.5185818243098324,
  "finished_ta_runs": 2,
  "inc_changed": 1,
  "n_configs": 1,
  "submitted_ta_runs": 2,
  "ta_time_used": 0.5421020984649658,
  "wallclock_time_used": 0.5441939830780029,
  "dataset_id": 23,
  "perf_time": 0.5566020829999729
}