{
  "mean_cost": 0.44857082617993427,
  "finished_ta_runs": 1,
  "inc_changed": 1,
  "n_configs": 1,
  "submitted_ta_runs": 1,
  "ta_time_used": 0.17092204093933105,
  "wallclock_time_used": 0.1726541519165039
}