{"cpu_time": 0.0, "wallclock_time": 0.001560211181640625, "evaluations": 0, "cost": 2147483648.0, "incumbent": ["colsample_bytree='0.2890479595400393'", "eta='0.02972240058848022'", "max_depth='1'", "reg_lambda='0.23594281684827217'"], "origin": "Sobol"}
{"cpu_time": 0.09186482429504395, "wallclock_time": 0.09442591667175293, "evaluations": 1, "cost": 0.2923, "incumbent": ["colsample_bytree='0.2890479595400393'", "eta='0.02972240058848022'", "max_depth='1'", "reg_lambda='0.23594281684827217'"], "origin": "Sobol"}
{"cpu_time": 0.8907887935638428, "wallclock_time": 0.8960390090942383, "evaluations": 4, "cost": 0.2867, "incumbent": ["colsample_bytree='0.839533680677414'", "eta='0.03178815964339868'", "max_depth='7'", "reg_lambda='260.08137409645684'"], "origin": "Sobol"}
{"cpu_time": 4.233030319213867, "wallclock_time": 4.250550031661987, "evaluations": 17, "cost": 0.2817, "incumbent": ["colsample_bytree='0.6967330143786967'", "eta='0.5491817241792905'", "max_depth='1'", "reg_lambda='0.02427911263315825'"], "origin": "Sobol"}
{"cpu_time": 7.783385276794434, "wallclock_time": 7.809957981109619, "evaluations": 25, "cost": 0.2766, "incumbent": ["colsample_bytree='0.9015723663382232'", "eta='0.010033035034218575'", "max_depth='4'", "reg_lambda='43.24282114355108'"], "origin": "Sobol"}
{"cpu_time": 10.759623765945435, "wallclock_time": 10.814703941345215, "evaluations": 44, "cost": 0.2745, "incumbent": ["colsample_bytree='0.7499907797202467'", "eta='0.05656667040720061'", "max_depth='1'", "reg_lambda='2.9376493377635304'"], "origin": "Sobol"}
{"cpu_time": 12.292481184005737, "wallclock_time": 12.361102819442749, "evaluations": 52, "cost": 0.2676, "incumbent": ["colsample_bytree='0.9293424371629954'", "eta='0.09060786376256463'", "max_depth='1'", "reg_lambda='0.0013576646171971976'"], "origin": "Sobol"}
{"cpu_time": 18.0942599773407, "wallclock_time": 28.146885871887207, "evaluations": 87, "cost": 0.2672, "incumbent": ["colsample_bytree='0.9293424371629954'", "eta='0.08429998700448818'", "max_depth='1'", "reg_lambda='0.0013576646171971976'"], "origin": "Local Search"}
{"cpu_time": 19.42473840713501, "wallclock_time": 31.892160177230835, "evaluations": 95, "cost": 0.2668, "incumbent": ["colsample_bytree='0.9314663493493058'", "eta='0.08349055933186054'", "max_depth='1'", "reg_lambda='0.0013576644246413555'"], "origin": "Local Search"}
{"cpu_time": 20.866018056869507, "wallclock_time": 35.34562015533447, "evaluations": 105, "cost": 0.2667, "incumbent": ["colsample_bytree='0.9982443902356098'", "eta='0.0842430051311292'", "max_depth='1'", "reg_lambda='0.001031409901352029'"], "origin": "Local Search"}
{"cpu_time": 22.453600883483887, "wallclock_time": 39.13551592826843, "evaluations": 117, "cost": 0.2655, "incumbent": ["colsample_bytree='0.9678445055652026'", "eta='0.08208424736363809'", "max_depth='1'", "reg_lambda='0.0010454815276273197'"], "origin": "Local Search"}
{"cpu_time": 24.11521863937378, "wallclock_time": 44.804858922958374, "evaluations": 127, "cost": 0.2641, "incumbent": ["colsample_bytree='0.9623942029507886'", "eta='0.0672484174847838'", "max_depth='1'", "reg_lambda='0.0010390135012530038'"], "origin": "Local Search"}
{"cpu_time": 24.94894051551819, "wallclock_time": 46.5469651222229, "evaluations": 133, "cost": 0.2637, "incumbent": ["colsample_bytree='0.9608697479879756'", "eta='0.06691512836747708'", "max_depth='1'", "reg_lambda='0.001061375026719939'"], "origin": "Local Search"}
{"cpu_time": 33.14279556274414, "wallclock_time": 70.79447603225708, "evaluations": 194, "cost": 0.2633, "incumbent": ["colsample_bytree='0.9619017191361728'", "eta='0.06610187123307869'", "max_depth='1'", "reg_lambda='0.0010637367629225463'"], "origin": "Local Search"}
