{
  "mean_cost": 0.45309829059829054,
  "finished_ta_runs": 1,
  "inc_changed": 1,
  "n_configs": 1,
  "submitted_ta_runs": 1,
  "ta_time_used": 0.047022104263305664,
  "wallclock_time_used": 0.04845404624938965,
  "dataset_id": 125920,
  "perf_time": 0.05888758300079644
}