{
  "mean_cost": 0.11111111111111116,
  "finished_ta_runs": 2,
  "inc_changed": 1,
  "n_configs": 1,
  "submitted_ta_runs": 2,
  "ta_time_used": 0.06276607513427734,
  "wallclock_time_used": 0.06453180313110352,
  "dataset_id": 146819,
  "perf_time": 0.07016816600025777
}