{
  "mean_cost": 0.29957447566193685,
  "finished_ta_runs": 1,
  "inc_changed": 1,
  "n_configs": 1,
  "submitted_ta_runs": 1,
  "ta_time_used": 0.3101027011871338,
  "wallclock_time_used": 0.3116030693054199,
  "dataset_id": 22,
  "perf_time": 0.3169359999997141
}