{
  "mean_cost": 0.2958866406411049,
  "finished_ta_runs": 1,
  "inc_changed": 1,
  "n_configs": 1,
  "submitted_ta_runs": 1,
  "ta_time_used": 1.5215880870819092,
  "wallclock_time_used": 1.5232460498809814,
  "dataset_id": 9910,
  "perf_time": 1.5325467500000514
}