{"cpu_time": 0.0, "wallclock_time": 0.001547098159790039, "evaluations": 0, "cost": 2147483648.0, "incumbent": {"colsample_bytree": 0.569966175314039, "eta": 0.009556882986489993, "max_depth": 3, "reg_lambda": 0.0020776820882921045}, "budget": 0, "origin": "Sobol"}
{"cpu_time": 0.06767630577087402, "wallclock_time": 0.07026815414428711, "evaluations": 1, "cost": 0.368, "incumbent": {"colsample_bytree": 0.569966175314039, "eta": 0.009556882986489993, "max_depth": 3, "reg_lambda": 0.0020776820882921045}, "budget": 0, "origin": "Sobol"}
{"cpu_time": 0.6342267990112305, "wallclock_time": 0.6421833038330078, "evaluations": 7, "cost": 0.3668, "incumbent": {"colsample_bytree": 0.3878000834956765, "eta": 0.004721681612948408, "max_depth": 10, "reg_lambda": 0.09654112415362535}, "budget": 0, "origin": "Sobol"}
{"cpu_time": 1.1743171215057373, "wallclock_time": 1.1851332187652588, "evaluations": 10, "cost": 0.3048, "incumbent": {"colsample_bytree": 1.0, "eta": 0.3, "max_depth": 10, "reg_lambda": 1.0}, "budget": 0, "origin": null}
{"cpu_time": 2.0238518714904785, "wallclock_time": 2.0443670749664307, "evaluations": 19, "cost": 0.2953, "incumbent": {"colsample_bytree": 0.5071276918053628, "eta": 0.18054041228993647, "max_depth": 4, "reg_lambda": 0.7014077911957106}, "budget": 0, "origin": "Sobol"}
{"cpu_time": 2.823984146118164, "wallclock_time": 2.8631560802459717, "evaluations": 33, "cost": 0.2821, "incumbent": {"colsample_bytree": 0.6345239883288741, "eta": 0.33181775125056084, "max_depth": 2, "reg_lambda": 0.043291333432912055}, "budget": 0, "origin": "Sobol"}
{"cpu_time": 5.163118839263916, "wallclock_time": 6.355395078659058, "evaluations": 64, "cost": 0.2636, "incumbent": {"colsample_bytree": 0.9775733672112304, "eta": 0.9481096604232999, "max_depth": 7, "reg_lambda": 0.0018668847506191034}, "budget": 0, "origin": "Local Search"}
{"cpu_time": 12.248050212860107, "wallclock_time": 39.344632148742676, "evaluations": 137, "cost": 0.26, "incumbent": {"colsample_bytree": 0.9506576873310838, "eta": 0.9472955712435278, "max_depth": 7, "reg_lambda": 0.0014795369165395153}, "budget": 0, "origin": "Local Search"}
{"cpu_time": 20.707833766937256, "wallclock_time": 101.2382390499115, "evaluations": 220, "cost": 0.2553, "incumbent": {"colsample_bytree": 0.9886375744593816, "eta": 0.9479883494597013, "max_depth": 9, "reg_lambda": 0.0018659436173509019}, "budget": 0, "origin": "Local Search"}
{"cpu_time": 21.643540859222412, "wallclock_time": 106.33266615867615, "evaluations": 229, "cost": 0.249, "incumbent": {"colsample_bytree": 0.9851383700591853, "eta": 0.9479883494597013, "max_depth": 9, "reg_lambda": 0.001783430879835887}, "budget": 0, "origin": "Local Search"}
