{
  "mean_cost": 0.25424710433643916,
  "finished_ta_runs": 300,
  "inc_changed": 2,
  "n_configs": 167,
  "submitted_ta_runs": 300,
  "ta_time_used": 783.3418159484863,
  "wallclock_time_used": 882.7840840816498,
  "dataset_id": 2074,
  "perf_time": 882.7980461249999
}