"CPU Time Used","Estimated Training Performance","Wallclock Time","Incumbent ID","Automatic Configurator (CPU) Time","Configuration..."
0.000000, 2147483648.000000, 0.000240, 1, 0.000240, C='0.08611366210550205',gamma='0.4942679928374453'
0.983683, 0.500000, 0.984642, 1, 0.000959, C='0.08611366210550205',gamma='0.4942679928374453'
