"CPU Time Used","Estimated Training Performance","Wallclock Time","Incumbent ID","Automatic Configurator (CPU) Time","Configuration..."
0.000000, 2147483648.000000, 0.001779, 1, 0.001779, colsample_bytree='0.2890479595400393',eta='0.02972240058848022',max_depth='1',reg_lambda='0.23594281684827217'
0.317472, 0.299600, 0.320314, 1, 0.002842, colsample_bytree='0.2890479595400393',eta='0.02972240058848022',max_depth='1',reg_lambda='0.23594281684827217'
10.707504, 0.255000, 10.712911, 2, 0.005407, colsample_bytree='0.839533680677414',eta='0.03178815964339868',max_depth='7',reg_lambda='260.08137409645684'
16.444513, 0.187600, 16.451797, 3, 0.007284, colsample_bytree='1.0',eta='0.3',max_depth='10',reg_lambda='1.0'
28.883525, 0.184600, 28.897630, 4, 0.014105, colsample_bytree='0.5235572370700539',eta='0.1863242307845216',max_depth='3',reg_lambda='4.4461461740589225'
58.336755, 0.180800, 58.388997, 5, 0.052242, colsample_bytree='0.4696397740393877',eta='0.16644532888250615',max_depth='6',reg_lambda='0.015660421770666632'
138.045097, 0.176200, 146.511500, 6, 8.466403, colsample_bytree='0.4598622372779302',eta='0.4024207129539087',max_depth='3',reg_lambda='0.003080841796200881'
169.566090, 0.173300, 188.685772, 7, 19.119682, colsample_bytree='0.533933053677681',eta='0.49380648073431577',max_depth='2',reg_lambda='0.001366008629146619'
205.985225, 0.172300, 246.134493, 8, 40.149268, colsample_bytree='0.5292371506959541',eta='0.39146577738363025',max_depth='2',reg_lambda='0.0015025152824894618'
