{
  "mean_cost": 0.4898876927166401,
  "finished_ta_runs": 300,
  "inc_changed": 6,
  "n_configs": 113,
  "submitted_ta_runs": 300,
  "ta_time_used": 10.757798671722412,
  "wallclock_time_used": 69.2760579586029,
  "dataset_id": 3918,
  "perf_time": 69.2875907079997
}