"CPU Time Used","Estimated Training Performance","Wallclock Time","Incumbent ID","Automatic Configurator (CPU) Time","Configuration..."
0.000000, 2147483648.000000, 0.000046, 1, 0.000046, colsample_bytree='1.0',eta='0.3',max_depth='10',reg_lambda='1.0'
4.540417, 0.020400, 4.541198, 1, 0.000781, colsample_bytree='1.0',eta='0.3',max_depth='10',reg_lambda='1.0'
14.022034, 0.018600, 14.026567, 2, 0.004533, colsample_bytree='0.8787311974598232',eta='0.5789811375409207',max_depth='5',reg_lambda='0.0011373846877749554'
39.503771, 0.018300, 39.517437, 3, 0.013666, colsample_bytree='0.944553396390592',eta='0.7771105186723747',max_depth='4',reg_lambda='6.037064981686672'
69.701422, 0.016300, 69.726266, 4, 0.024844, colsample_bytree='0.9806458301683194',eta='0.11021240891825923',max_depth='3',reg_lambda='1.2826061465293854'
327.080259, 0.014800, 327.516585, 5, 0.436326, colsample_bytree='0.275516607967171',eta='0.11911214463532015',max_depth='7',reg_lambda='0.0055196629921228785'
689.895339, 0.014200, 691.979923, 6, 2.084584, colsample_bytree='0.3872710571704714',eta='0.042948802231275035',max_depth='9',reg_lambda='0.008799905723086152'
1247.655738, 0.014000, 1253.794283, 7, 6.138545, colsample_bytree='0.7516163911870427',eta='0.1705543339763042',max_depth='4',reg_lambda='0.12439475464292414'
