{"cpu_time": 0.0, "wallclock_time": 4.601478576660156e-05, "evaluations": 0, "cost": 2147483648.0, "incumbent": {"colsample_bytree": 1.0, "eta": 0.3, "max_depth": 10, "reg_lambda": 1.0}, "budget": 0, "origin": "Default"}
{"cpu_time": 4.540416955947876, "wallclock_time": 4.541198015213013, "evaluations": 1, "cost": 0.0204, "incumbent": {"colsample_bytree": 1.0, "eta": 0.3, "max_depth": 10, "reg_lambda": 1.0}, "budget": 0, "origin": "Default"}
{"cpu_time": 14.022033929824829, "wallclock_time": 14.026567220687866, "evaluations": 4, "cost": 0.0186, "incumbent": {"colsample_bytree": 0.8787311974598232, "eta": 0.5789811375409207, "max_depth": 5, "reg_lambda": 0.0011373846877749554}, "budget": 0, "origin": "Random Search"}
{"cpu_time": 39.50377130508423, "wallclock_time": 39.51743721961975, "evaluations": 11, "cost": 0.0183, "incumbent": {"colsample_bytree": 0.944553396390592, "eta": 0.7771105186723747, "max_depth": 4, "reg_lambda": 6.037064981686672}, "budget": 0, "origin": "Random Search"}
{"cpu_time": 69.70142245292664, "wallclock_time": 69.72626614570618, "evaluations": 19, "cost": 0.0163, "incumbent": {"colsample_bytree": 0.9806458301683194, "eta": 0.11021240891825923, "max_depth": 3, "reg_lambda": 1.2826061465293854}, "budget": 0, "origin": "Random Search"}
{"cpu_time": 327.0802586078644, "wallclock_time": 327.51658487319946, "evaluations": 125, "cost": 0.0148, "incumbent": {"colsample_bytree": 0.275516607967171, "eta": 0.11911214463532015, "max_depth": 7, "reg_lambda": 0.0055196629921228785}, "budget": 0, "origin": "Random Search"}
{"cpu_time": 689.8953385353088, "wallclock_time": 691.9799230098724, "evaluations": 303, "cost": 0.0142, "incumbent": {"colsample_bytree": 0.3872710571704714, "eta": 0.042948802231275035, "max_depth": 9, "reg_lambda": 0.008799905723086152}, "budget": 0, "origin": "Random Search"}
{"cpu_time": 1247.6557383537292, "wallclock_time": 1253.794282913208, "evaluations": 551, "cost": 0.014, "incumbent": {"colsample_bytree": 0.7516163911870427, "eta": 0.1705543339763042, "max_depth": 4, "reg_lambda": 0.12439475464292414}, "budget": 0, "origin": "Random Search"}
