{
  "mean_cost": 0.00796296296296306,
  "finished_ta_runs": 2,
  "inc_changed": 1,
  "n_configs": 1,
  "submitted_ta_runs": 2,
  "ta_time_used": 0.4188268184661865,
  "wallclock_time_used": 0.4208998680114746,
  "dataset_id": 3549,
  "perf_time": 0.4266807079998216
}