{"cpu_time": 0.0, "wallclock_time": 0.0015799999237060547, "evaluations": 0, "cost": 2147483648.0, "incumbent": ["max_depth='6'", "max_features='0.3290755869820714'", "min_samples_leaf='11'", "min_samples_split='2'"], "origin": "Sobol"}
{"cpu_time": 0.6981761455535889, "wallclock_time": 0.7006158828735352, "evaluations": 1, "cost": 0.6262, "incumbent": ["max_depth='6'", "max_features='0.3290755869820714'", "min_samples_leaf='11'", "min_samples_split='2'"], "origin": "Sobol"}
{"cpu_time": 39.36254811286926, "wallclock_time": 39.37308979034424, "evaluations": 10, "cost": 0.481, "incumbent": ["max_depth='18'", "max_features='0.9707894120365381'", "min_samples_leaf='5'", "min_samples_split='26'"], "origin": "Sobol"}
{"cpu_time": 83.209308385849, "wallclock_time": 83.2570698261261, "evaluations": 36, "cost": 0.4665, "incumbent": ["max_depth='39'", "max_features='0.3087822897359729'", "min_samples_leaf='3'", "min_samples_split='7'"], "origin": "Sobol"}
{"cpu_time": 137.54087853431702, "wallclock_time": 138.9863691329956, "evaluations": 62, "cost": 0.4498, "incumbent": ["max_depth='45'", "max_features='0.7147195728757302'", "min_samples_leaf='3'", "min_samples_split='11'"], "origin": "Local Search"}
{"cpu_time": 185.9714777469635, "wallclock_time": 189.32334995269775, "evaluations": 75, "cost": 0.4373, "incumbent": ["max_depth='46'", "max_features='0.7035753637881912'", "min_samples_leaf='3'", "min_samples_split='4'"], "origin": "Local Search"}
{"cpu_time": 257.2227523326874, "wallclock_time": 264.2688479423523, "evaluations": 95, "cost": 0.4191, "incumbent": ["max_depth='47'", "max_features='0.6903549018592245'", "min_samples_leaf='1'", "min_samples_split='4'"], "origin": "Local Search"}
