"CPU Time Used","Estimated Training Performance","Wallclock Time","Incumbent ID","Automatic Configurator (CPU) Time","Configuration..."
0.000000, 2147483648.000000, 0.000562, 1, 0.000562, alpha='0.0040824718253228975',eta0='0.00044195488125554607'
0.351943, 0.000000, 0.353312, 1, 0.001369, alpha='0.0040824718253228975',eta0='0.00044195488125554607'
