{
  "mean_cost": 0.1387709203750207,
  "finished_ta_runs": 65,
  "inc_changed": 4,
  "n_configs": 54,
  "submitted_ta_runs": 65,
  "ta_time_used": 60.538474559783936,
  "wallclock_time_used": 60.65337014198303,
  "dataset_id": 32
}