{
  "mean_cost": 0.024496073171608554,
  "finished_ta_runs": 300,
  "inc_changed": 6,
  "n_configs": 202,
  "submitted_ta_runs": 300,
  "ta_time_used": 54.617443799972534,
  "wallclock_time_used": 171.00024127960205,
  "dataset_id": 3,
  "perf_time": 171.01420066700666
}