{"cpu_time": 0.0, "wallclock_time": 0.0014657974243164062, "evaluations": 0, "cost": 2147483648.0, "incumbent": ["colsample_bytree='0.569966175314039'", "eta='0.009556882986489993'", "max_depth='3'", "reg_lambda='0.0020776820882921045'"], "origin": "Sobol"}
{"cpu_time": 0.09185910224914551, "wallclock_time": 0.09427380561828613, "evaluations": 1, "cost": 0.4495, "incumbent": ["colsample_bytree='0.569966175314039'", "eta='0.009556882986489993'", "max_depth='3'", "reg_lambda='0.0020776820882921045'"], "origin": "Sobol"}
{"cpu_time": 1.2643096446990967, "wallclock_time": 1.276723861694336, "evaluations": 12, "cost": 0.3987, "incumbent": ["colsample_bytree='0.7997161545790732'", "eta='0.8167090504942917'", "max_depth='1'", "reg_lambda='7.369638786139326'"], "origin": "Sobol"}
{"cpu_time": 3.603856325149536, "wallclock_time": 3.6417617797851562, "evaluations": 33, "cost": 0.3804, "incumbent": ["colsample_bytree='0.3688875536434353'", "eta='0.1474402538510729'", "max_depth='1'", "reg_lambda='0.005270387672289347'"], "origin": "Sobol"}
{"cpu_time": 9.06188440322876, "wallclock_time": 19.27241277694702, "evaluations": 99, "cost": 0.3644, "incumbent": ["colsample_bytree='0.7292602489336435'", "eta='0.9922146776860832'", "max_depth='2'", "reg_lambda='841.9685672023687'"], "origin": "Local Search"}
{"cpu_time": 9.62984848022461, "wallclock_time": 20.9510018825531, "evaluations": 106, "cost": 0.3623, "incumbent": ["colsample_bytree='0.8755604424549596'", "eta='0.9972315979174239'", "max_depth='2'", "reg_lambda='901.742366451909'"], "origin": "Local Search"}
{"cpu_time": 12.868812561035156, "wallclock_time": 32.37389063835144, "evaluations": 135, "cost": 0.3555, "incumbent": ["colsample_bytree='0.9738803662505165'", "eta='0.9545925369038959'", "max_depth='3'", "reg_lambda='892.6148018137997'"], "origin": "Local Search"}
{"cpu_time": 13.665418863296509, "wallclock_time": 33.685035705566406, "evaluations": 141, "cost": 0.3526, "incumbent": ["colsample_bytree='0.9839853991589548'", "eta='0.9956182574390511'", "max_depth='3'", "reg_lambda='1000.5343991673672'"], "origin": "Local Search"}
{"cpu_time": 15.667323589324951, "wallclock_time": 38.770211696624756, "evaluations": 155, "cost": 0.3499, "incumbent": ["colsample_bytree='0.987111663923161'", "eta='0.9747774488607973'", "max_depth='3'", "reg_lambda='1021.8993531399404'"], "origin": "Local Search"}
{"cpu_time": 16.326637506484985, "wallclock_time": 39.44851589202881, "evaluations": 160, "cost": 0.3483, "incumbent": ["colsample_bytree='0.990079953552655'", "eta='0.9719653733961982'", "max_depth='3'", "reg_lambda='1005.0035871321525'"], "origin": "Local Search"}
{"cpu_time": 18.85555911064148, "wallclock_time": 49.14292669296265, "evaluations": 180, "cost": 0.3465, "incumbent": ["colsample_bytree='0.9899525391086403'", "eta='0.9959030839633938'", "max_depth='3'", "reg_lambda='1008.2852967243347'"], "origin": "Local Search"}
{"cpu_time": 33.47045588493347, "wallclock_time": 101.98222994804382, "evaluations": 291, "cost": 0.346, "incumbent": ["colsample_bytree='0.9831166760398254'", "eta='0.9545808750686117'", "max_depth='3'", "reg_lambda='1000.1932840405478'"], "origin": "Local Search"}
