"CPU Time Used","Estimated Training Performance","Wallclock Time","Incumbent ID","Automatic Configurator (CPU) Time","Configuration..."
0.000000, 2147483648.000000, 0.001556, 1, 0.001556, colsample_bytree='0.3908073678612709',eta='0.02197006114591668',max_depth='1',reg_lambda='0.025956378731779545'
0.516611, 0.781300, 0.519188, 1, 0.002577, colsample_bytree='0.3908073678612709',eta='0.02197006114591668',max_depth='1',reg_lambda='0.025956378731779545'
11.127124, 0.571200, 11.133709, 2, 0.006585, colsample_bytree='0.7864414579235017',eta='0.06876373473778273',max_depth='5',reg_lambda='2.180661802430785'
36.657220, 0.523800, 36.667087, 3, 0.009867, colsample_bytree='1.0',eta='0.3',max_depth='10',reg_lambda='1.0'
174.830960, 0.514000, 174.892047, 4, 0.061087, colsample_bytree='0.7050256938673556',eta='0.8105600352594424',max_depth='8',reg_lambda='26.591563225527754'
232.792753, 0.508500, 234.303341, 5, 1.510588, colsample_bytree='0.3350123074042336',eta='0.9066593594999051',max_depth='8',reg_lambda='37.3952559477346'
346.457340, 0.507800, 362.676307, 6, 16.218967, colsample_bytree='0.4183765809133212',eta='0.7161600196011492',max_depth='8',reg_lambda='37.27136541397417'
369.494797, 0.505700, 385.729519, 7, 16.234722, colsample_bytree='0.3710143562277628',eta='0.6754714830730737',max_depth='8',reg_lambda='37.052734256681354'
