{
  "mean_cost": 0.05106182868299991,
  "finished_ta_runs": 1,
  "inc_changed": 1,
  "n_configs": 1,
  "submitted_ta_runs": 1,
  "ta_time_used": 0.1262359619140625,
  "wallclock_time_used": 0.1276390552520752,
  "dataset_id": 3,
  "perf_time": 0.1337161659994308
}