"CPU Time Used","Estimated Training Performance","Wallclock Time","Incumbent ID","Automatic Configurator (CPU) Time","Configuration..."
0.000000, 2147483648.000000, 0.000550, 1, 0.000550, C='1.3600811985592882',gamma='0.09352602871548096'
0.276773, 0.116700, 0.278087, 1, 0.001314, C='1.3600811985592882',gamma='0.09352602871548096'
3.839545, 0.084100, 3.851971, 2, 0.012426, C='102.59827344587585',gamma='0.0039228031036218506'
7.190603, 0.079100, 7.218162, 3, 0.027559, C='15.199688790550503',gamma='0.014931473822877205'
