"CPU Time Used","Estimated Training Performance","Wallclock Time","Incumbent ID","Automatic Configurator (CPU) Time","Configuration..."
0.000000, 2147483648.000000, 0.000535, 1, 0.000535, alpha='0.00011227070295712931',eta0='0.0029096933833365197'
0.138539, 0.271500, 0.139788, 1, 0.001249, alpha='0.00011227070295712931',eta0='0.0029096933833365197'
4.905428, 0.303200, 5.783955, 2, 0.878527, alpha='0.000866510712031159',eta0='1.4664613270311367e-05'
6.059318, 0.300000, 7.259069, 3, 1.199751, alpha='0.0023949115622418676',eta0='1.1948555366728893e-05'
7.996017, 0.299700, 10.342108, 4, 2.346091, alpha='0.0003967714986669477',eta0='1.327066755661689e-05'
