{
  "mean_cost": 0.3769932336182336,
  "finished_ta_runs": 300,
  "inc_changed": 4,
  "n_configs": 123,
  "submitted_ta_runs": 300,
  "ta_time_used": 33.05272889137268,
  "wallclock_time_used": 70.8522880077362,
  "dataset_id": 146819,
  "perf_time": 70.86484841700076
}