"CPU Time Used","Estimated Training Performance","Wallclock Time","Incumbent ID","Automatic Configurator (CPU) Time","Configuration..."
0.000000, 2147483648.000000, 0.001452, 1, 0.001452, colsample_bytree='0.569966175314039',eta='0.009556882986489993',max_depth='3',reg_lambda='0.0020776820882921045'
0.096549, 0.298200, 0.099057, 1, 0.002508, colsample_bytree='0.569966175314039',eta='0.009556882986489993',max_depth='3',reg_lambda='0.0020776820882921045'
0.945987, 0.242400, 0.953581, 2, 0.007594, colsample_bytree='0.3878000834956765',eta='0.004721681612948408',max_depth='10',reg_lambda='0.09654112415362535'
1.627424, 0.213200, 1.637789, 3, 0.010364, colsample_bytree='1.0',eta='0.3',max_depth='10',reg_lambda='1.0'
7.669864, 0.212200, 11.638625, 4, 3.968761, colsample_bytree='1.0',eta='0.26041381140627656',max_depth='10',reg_lambda='2.159291662903419'
8.606444, 0.205600, 12.585356, 5, 3.978912, colsample_bytree='1.0',eta='0.3888280739776247',max_depth='5',reg_lambda='2.246364049980121'
10.865947, 0.202800, 20.579236, 6, 9.713289, colsample_bytree='1.0',eta='0.3888280739776247',max_depth='5',reg_lambda='2.259980810643567'
19.126798, 0.197100, 58.262485, 7, 39.135687, colsample_bytree='1.0',eta='0.3888280739776247',max_depth='9',reg_lambda='2.259980810643567'
23.244294, 0.190200, 75.151115, 8, 51.906821, colsample_bytree='1.0',eta='0.3888280739776247',max_depth='9',reg_lambda='2.2602903934579928'
