{"cpu_time": 0.0, "wallclock_time": 0.0014710426330566406, "evaluations": 0, "cost": 2147483648.0, "incumbent": ["colsample_bytree='0.2890479595400393'", "eta='0.02972240058848022'", "max_depth='1'", "reg_lambda='0.23594281684827217'"], "origin": "Sobol"}
{"cpu_time": 0.03447866439819336, "wallclock_time": 0.03692293167114258, "evaluations": 1, "cost": 0.8102, "incumbent": ["colsample_bytree='0.2890479595400393'", "eta='0.02972240058848022'", "max_depth='1'", "reg_lambda='0.23594281684827217'"], "origin": "Sobol"}
{"cpu_time": 0.2512490749359131, "wallclock_time": 0.2584810256958008, "evaluations": 7, "cost": 0.7936, "incumbent": ["colsample_bytree='0.6621601792052388'", "eta='0.005444283298203882'", "max_depth='1'", "reg_lambda='0.0036621220787314383'"], "origin": "Sobol"}
{"cpu_time": 0.8417482376098633, "wallclock_time": 0.8553609848022461, "evaluations": 14, "cost": 0.7388, "incumbent": ["colsample_bytree='0.5235572370700539'", "eta='0.1863242307845216'", "max_depth='3'", "reg_lambda='4.4461461740589225'"], "origin": "Sobol"}
{"cpu_time": 1.6673855781555176, "wallclock_time": 1.6963379383087158, "evaluations": 27, "cost": 0.7322, "incumbent": ["colsample_bytree='0.9814464318566024'", "eta='0.37123837434896595'", "max_depth='2'", "reg_lambda='12.502183486957058'"], "origin": "Sobol"}
{"cpu_time": 6.102168798446655, "wallclock_time": 20.916025161743164, "evaluations": 105, "cost": 0.7218, "incumbent": ["colsample_bytree='0.9384262085585715'", "eta='0.009880901643167815'", "max_depth='8'", "reg_lambda='5.628687719195523'"], "origin": "Random Search"}
{"cpu_time": 9.32466197013855, "wallclock_time": 31.895354986190796, "evaluations": 137, "cost": 0.7163, "incumbent": ["colsample_bytree='0.9892538564394247'", "eta='0.009695550960551403'", "max_depth='7'", "reg_lambda='5.531705461134734'"], "origin": "Local Search"}
{"cpu_time": 11.183162212371826, "wallclock_time": 36.80661988258362, "evaluations": 154, "cost": 0.7143, "incumbent": ["colsample_bytree='0.9902473844624382'", "eta='0.00958579907789574'", "max_depth='7'", "reg_lambda='5.862477455754213'"], "origin": "Local Search"}
{"cpu_time": 19.232516050338745, "wallclock_time": 67.14224696159363, "evaluations": 226, "cost": 0.7138, "incumbent": ["colsample_bytree='0.9852986617508587'", "eta='0.010157561649533239'", "max_depth='7'", "reg_lambda='5.546621465717785'"], "origin": "Local Search"}
{"cpu_time": 22.848660707473755, "wallclock_time": 80.2291579246521, "evaluations": 258, "cost": 0.7124, "incumbent": ["colsample_bytree='0.9915752507285528'", "eta='0.01047404243509119'", "max_depth='7'", "reg_lambda='5.7401487120084385'"], "origin": "Local Search"}
{"cpu_time": 26.55940079689026, "wallclock_time": 94.45815205574036, "evaluations": 290, "cost": 0.7107, "incumbent": ["colsample_bytree='0.9829215258063229'", "eta='0.01416911934316669'", "max_depth='7'", "reg_lambda='5.850455935052849'"], "origin": "Local Search"}
{"cpu_time": 27.21439242362976, "wallclock_time": 95.70515513420105, "evaluations": 296, "cost": 0.7098, "incumbent": ["colsample_bytree='0.9872875283324932'", "eta='0.01100610812976636'", "max_depth='7'", "reg_lambda='5.850455935052849'"], "origin": "Local Search"}
