{
  "mean_cost": 0.4613825965168675,
  "finished_ta_runs": 1,
  "inc_changed": 1,
  "n_configs": 1,
  "submitted_ta_runs": 1,
  "ta_time_used": 0.04076099395751953,
  "wallclock_time_used": 0.042060136795043945,
  "dataset_id": 37,
  "perf_time": 0.06736654199994518
}