{
  "mean_cost": 0.05759259259259253,
  "finished_ta_runs": 1,
  "inc_changed": 1,
  "n_configs": 1,
  "submitted_ta_runs": 1,
  "ta_time_used": 0.0747079849243164,
  "wallclock_time_used": 0.07620787620544434,
  "dataset_id": 3549,
  "perf_time": 0.08129279199999928
}