{
  "mean_cost": 0.5,
  "finished_ta_runs": 1,
  "inc_changed": 1,
  "n_configs": 1,
  "submitted_ta_runs": 1,
  "ta_time_used": 0.4830801486968994,
  "wallclock_time_used": 0.4845600128173828,
  "dataset_id": 167141,
  "perf_time": 0.492714750000232
}