{
  "mean_cost": 0.4629739482294006,
  "finished_ta_runs": 600,
  "inc_changed": 4,
  "n_configs": 576,
  "submitted_ta_runs": 600,
  "ta_time_used": 406.70177030563354,
  "wallclock_time_used": 412.331955909729,
  "dataset_id": 3904,
  "perf_time": 412.3525122500014
}