"CPU Time Used","Estimated Training Performance","Wallclock Time","Incumbent ID","Automatic Configurator (CPU) Time","Configuration..."
0.000000, 2147483648.000000, 0.000596, 1, 0.000596, alpha='0.0040824718253228975',eta0='0.00044195488125554607'
2.310501, 0.217700, 2.311963, 1, 0.001462, alpha='0.0040824718253228975',eta0='0.00044195488125554607'
8.910195, 0.180700, 8.914195, 2, 0.004000, alpha='0.0007534803600179209',eta0='0.01638324291048883'
37.474218, 0.175200, 37.490570, 3, 0.016352, alpha='8.740778541533059e-05',eta0='0.35545691961437276'
70.451867, 0.161900, 70.486341, 4, 0.034474, alpha='1.4230872500070733e-05',eta0='0.006316939148274451'
367.555007, 0.161400, 388.870354, 5, 21.315346, alpha='1.4164755953993844e-05',eta0='0.006213343603969263'
486.241096, 0.159300, 517.634800, 6, 31.393703, alpha='5.552905977391015e-05',eta0='0.021684226528597323'
510.396763, 0.158300, 543.195810, 7, 32.799047, alpha='5.459875477720935e-05',eta0='0.01902165191524187'
