{
  "mean_cost": 0.15861890637789156,
  "finished_ta_runs": 300,
  "inc_changed": 7,
  "n_configs": 229,
  "submitted_ta_runs": 300,
  "ta_time_used": 23.22835421562195,
  "wallclock_time_used": 184.38448691368103,
  "dataset_id": 146820,
  "perf_time": 184.40007474999948
}