"CPU Time Used","Estimated Training Performance","Wallclock Time","Incumbent ID","Automatic Configurator (CPU) Time","Configuration..."
0.000000, 2147483648.000000, 0.000220, 1, 0.000220, alpha='0.0004126639093412234',eta0='0.0017613324954003418'
0.084704, 0.520700, 0.086031, 1, 0.001327, alpha='0.0004126639093412234',eta0='0.0017613324954003418'
