{
  "mean_cost": 0.29621931411453467,
  "finished_ta_runs": 300,
  "inc_changed": 9,
  "n_configs": 162,
  "submitted_ta_runs": 300,
  "ta_time_used": 28.355062007904053,
  "wallclock_time_used": 155.80374026298523,
  "dataset_id": 3902,
  "perf_time": 155.814973667
}