"CPU Time Used","Estimated Training Performance","Wallclock Time","Incumbent ID","Automatic Configurator (CPU) Time","Configuration..."
0.000000, 2147483648.000000, 0.000533, 1, 0.000533, alpha='0.00011227070295712931',eta0='0.0029096933833365197'
0.029610, 0.309000, 0.030873, 1, 0.001263, alpha='0.00011227070295712931',eta0='0.0029096933833365197'
1.926025, 0.323800, 7.248483, 2, 5.322457, alpha='1.4831833576944647e-05',eta0='0.0001954584389327121'
