{
  "mean_cost": 0.3992132330851894,
  "finished_ta_runs": 1,
  "inc_changed": 1,
  "n_configs": 1,
  "submitted_ta_runs": 1,
  "ta_time_used": 0.1702711582183838,
  "wallclock_time_used": 0.17191505432128906
}