{"cpu_time": 0.0, "wallclock_time": 6.29425048828125e-05, "evaluations": 0, "cost": 2147483648.0, "incumbent": {"colsample_bytree": 1.0, "eta": 0.3, "max_depth": 10, "reg_lambda": 1.0}, "budget": 0, "origin": "Default"}
{"cpu_time": 0.2562718391418457, "wallclock_time": 0.2570359706878662, "evaluations": 1, "cost": 0.3717, "incumbent": {"colsample_bytree": 1.0, "eta": 0.3, "max_depth": 10, "reg_lambda": 1.0}, "budget": 0, "origin": "Default"}
{"cpu_time": 4.0512940883636475, "wallclock_time": 4.091982841491699, "evaluations": 30, "cost": 0.3698, "incumbent": {"colsample_bytree": 0.9998494866560442, "eta": 0.4926361595982613, "max_depth": 10, "reg_lambda": 10.601362085146015}, "budget": 0, "origin": "Random Search"}
{"cpu_time": 6.933806419372559, "wallclock_time": 7.056854009628296, "evaluations": 66, "cost": 0.3693, "incumbent": {"colsample_bytree": 0.34255141957441193, "eta": 0.4409460209182906, "max_depth": 9, "reg_lambda": 0.00838339088073357}, "budget": 0, "origin": "Random Search"}
{"cpu_time": 30.822120189666748, "wallclock_time": 33.183318853378296, "evaluations": 375, "cost": 0.3523, "incumbent": {"colsample_bytree": 0.7136146382401102, "eta": 0.676076088239798, "max_depth": 5, "reg_lambda": 0.002063892887387815}, "budget": 0, "origin": "Random Search"}
