"CPU Time Used","Estimated Training Performance","Wallclock Time","Incumbent ID","Automatic Configurator (CPU) Time","Configuration..."
0.000000, 2147483648.000000, 0.001379, 1, 0.001379, colsample_bytree='0.2890479595400393',eta='0.02972240058848022',max_depth='1',reg_lambda='0.23594281684827217'
0.014718, 0.500000, 0.017077, 1, 0.002359, colsample_bytree='0.2890479595400393',eta='0.02972240058848022',max_depth='1',reg_lambda='0.23594281684827217'
0.057668, 0.493900, 0.062298, 2, 0.004630, colsample_bytree='0.839533680677414',eta='0.03178815964339868',max_depth='7',reg_lambda='260.08137409645684'
0.130937, 0.386800, 0.137130, 3, 0.006193, colsample_bytree='1.0',eta='0.3',max_depth='10',reg_lambda='1.0'
0.268716, 0.372100, 0.282067, 4, 0.013350, colsample_bytree='0.5235572370700539',eta='0.1863242307845216',max_depth='3',reg_lambda='4.4461461740589225'
0.341217, 0.314200, 0.362211, 5, 0.020994, colsample_bytree='0.6967330143786967',eta='0.5491817241792905',max_depth='1',reg_lambda='0.02427911263315825'
0.470476, 0.298200, 0.504804, 6, 0.034328, colsample_bytree='0.9814464318566024',eta='0.37123837434896595',max_depth='2',reg_lambda='12.502183486957058'
