{
  "mean_cost": 0.05126403765987097,
  "finished_ta_runs": 300,
  "inc_changed": 8,
  "n_configs": 208,
  "submitted_ta_runs": 300,
  "ta_time_used": 208.961923122406,
  "wallclock_time_used": 288.66070675849915,
  "dataset_id": 146800,
  "perf_time": 288.67349020799884
}