"CPU Time Used","Estimated Training Performance","Wallclock Time","Incumbent ID","Automatic Configurator (CPU) Time","Configuration..."
0.000000, 2147483648.000000, 0.001619, 1, 0.001619, colsample_bytree='0.2890479595400393',eta='0.02972240058848022',max_depth='1',reg_lambda='0.23594281684827217'
0.067335, 0.500000, 0.070027, 1, 0.002692, colsample_bytree='0.2890479595400393',eta='0.02972240058848022',max_depth='1',reg_lambda='0.23594281684827217'
1.212040, 0.479800, 1.218421, 2, 0.006381, colsample_bytree='0.839533680677414',eta='0.03178815964339868',max_depth='7',reg_lambda='260.08137409645684'
2.408353, 0.439200, 2.416559, 3, 0.008205, colsample_bytree='1.0',eta='0.3',max_depth='10',reg_lambda='1.0'
4.502937, 0.424300, 4.519486, 4, 0.016549, colsample_bytree='0.5235572370700539',eta='0.1863242307845216',max_depth='3',reg_lambda='4.4461461740589225'
17.235636, 0.426000, 20.782200, 5, 3.546564, colsample_bytree='0.5601830043829495',eta='0.7570426669714624',max_depth='2',reg_lambda='0.0017867560793293185'
19.938471, 0.420700, 24.417341, 6, 4.478870, colsample_bytree='0.8831162572990631',eta='0.4798544033872585',max_depth='2',reg_lambda='0.001570501848635286'
22.535934, 0.409500, 31.056112, 7, 8.520178, colsample_bytree='0.8445148643432313',eta='0.49704383285259046',max_depth='2',reg_lambda='0.0014917246508267428'
31.705495, 0.399300, 51.429800, 8, 19.724305, colsample_bytree='0.5589392687979399',eta='0.9101719756567973',max_depth='9',reg_lambda='0.0015201336080495054'
