{"cpu_time": 0.0, "wallclock_time": 0.0016188621520996094, "evaluations": 0, "cost": 2147483648.0, "incumbent": ["colsample_bytree='0.2890479595400393'", "eta='0.02972240058848022'", "max_depth='1'", "reg_lambda='0.23594281684827217'"], "origin": "Sobol"}
{"cpu_time": 0.06733512878417969, "wallclock_time": 0.07002663612365723, "evaluations": 1, "cost": 0.5, "incumbent": ["colsample_bytree='0.2890479595400393'", "eta='0.02972240058848022'", "max_depth='1'", "reg_lambda='0.23594281684827217'"], "origin": "Sobol"}
{"cpu_time": 1.2120401859283447, "wallclock_time": 1.2184209823608398, "evaluations": 4, "cost": 0.4798, "incumbent": ["colsample_bytree='0.839533680677414'", "eta='0.03178815964339868'", "max_depth='7'", "reg_lambda='260.08137409645684'"], "origin": "Sobol"}
{"cpu_time": 2.408353328704834, "wallclock_time": 2.4165587425231934, "evaluations": 6, "cost": 0.4392, "incumbent": ["colsample_bytree='1.0'", "eta='0.3'", "max_depth='10'", "reg_lambda='1.0'"], "origin": null}
{"cpu_time": 4.502937316894531, "wallclock_time": 4.519485950469971, "evaluations": 13, "cost": 0.4243, "incumbent": ["colsample_bytree='0.5235572370700539'", "eta='0.1863242307845216'", "max_depth='3'", "reg_lambda='4.4461461740589225'"], "origin": "Sobol"}
{"cpu_time": 17.235635995864868, "wallclock_time": 20.78219985961914, "evaluations": 71, "cost": 0.426, "incumbent": ["colsample_bytree='0.5601830043829495'", "eta='0.7570426669714624'", "max_depth='2'", "reg_lambda='0.0017867560793293185'"], "origin": "Random Search"}
{"cpu_time": 19.93847107887268, "wallclock_time": 24.417340755462646, "evaluations": 80, "cost": 0.4207, "incumbent": ["colsample_bytree='0.8831162572990631'", "eta='0.4798544033872585'", "max_depth='2'", "reg_lambda='0.001570501848635286'"], "origin": "Local Search"}
{"cpu_time": 22.53593420982361, "wallclock_time": 31.056111812591553, "evaluations": 93, "cost": 0.4095, "incumbent": ["colsample_bytree='0.8445148643432313'", "eta='0.49704383285259046'", "max_depth='2'", "reg_lambda='0.0014917246508267428'"], "origin": "Local Search"}
{"cpu_time": 31.70549511909485, "wallclock_time": 51.42979979515076, "evaluations": 126, "cost": 0.3993, "incumbent": ["colsample_bytree='0.5589392687979399'", "eta='0.9101719756567973'", "max_depth='9'", "reg_lambda='0.0015201336080495054'"], "origin": "Local Search"}
