{
  "mean_cost": 0.57771227200004,
  "finished_ta_runs": 36,
  "inc_changed": 3,
  "n_configs": 26,
  "submitted_ta_runs": 36,
  "ta_time_used": 62.24589776992798,
  "wallclock_time_used": 62.3093478679657,
  "dataset_id": 14969
}