{"cpu_time": 0.0, "wallclock_time": 0.0005388259887695312, "evaluations": 0, "cost": 2147483648.0, "incumbent": ["alpha='0.00011227070295712931'", "eta0='0.0029096933833365197'"], "origin": "Sobol"}
{"cpu_time": 0.0358891487121582, "wallclock_time": 0.037142038345336914, "evaluations": 1, "cost": 0.1111, "incumbent": ["alpha='0.00011227070295712931'", "eta0='0.0029096933833365197'"], "origin": "Sobol"}
