"CPU Time Used","Estimated Training Performance","Wallclock Time","Incumbent ID","Automatic Configurator (CPU) Time","Configuration..."
0.000000, 2147483648.000000, 0.000539, 1, 0.000539, alpha='0.00011227070295712931',eta0='0.0029096933833365197'
0.035889, 0.111100, 0.037142, 1, 0.001253, alpha='0.00011227070295712931',eta0='0.0029096933833365197'
