{
  "mean_cost": 0.3180684050109015,
  "finished_ta_runs": 1147,
  "inc_changed": 8,
  "n_configs": 1031,
  "submitted_ta_runs": 1147,
  "ta_time_used": 99.8955442905426,
  "wallclock_time_used": 120.11453294754028,
  "dataset_id": 14954
}