"CPU Time Used","Estimated Training Performance","Wallclock Time","Incumbent ID","Automatic Configurator (CPU) Time","Configuration..."
0.000000, 2147483648.000000, 0.000037, 1, 0.000037, C='1.0',gamma='0.1'
0.555594, 0.892600, 0.556462, 1, 0.000868, C='1.0',gamma='0.1'
3.190412, 0.015600, 3.199001, 2, 0.008589, C='52.455931369707116',gamma='0.0011373846877749554'
