"CPU Time Used","Estimated Training Performance","Wallclock Time","Incumbent ID","Automatic Configurator (CPU) Time","Configuration..."
0.000000, 2147483648.000000, 0.000045, 1, 0.000045, alpha='0.001',eta0='0.01'
0.092071, 0.556100, 0.092725, 1, 0.000654, alpha='0.001',eta0='0.01'
0.504046, 0.504000, 0.509468, 2, 0.005422, alpha='0.181986542229818',eta0='0.0022107949138319687'
1.063022, 0.491800, 1.076064, 3, 0.013042, alpha='0.002374055867675844',eta0='5.8767874739523716e-05'
2.458878, 0.490500, 2.501880, 4, 0.043002, alpha='2.7423705205440404e-05',eta0='0.00014858639283758796'
4.599461, 0.488600, 4.699064, 5, 0.099603, alpha='0.0001078522055815542',eta0='4.9275829905502194e-05'
13.329574, 0.486500, 13.863115, 6, 0.533541, alpha='3.594385955979377e-05',eta0='0.00014233252134589512'
17.393536, 0.485800, 18.246948, 7, 0.853412, alpha='0.00015041208401994185',eta0='1.753978996704297e-05'
33.225373, 0.484400, 35.989954, 8, 2.764581, alpha='2.1577906279821897e-05',eta0='0.0012303367889488388'
