{
  "mean_cost": 0.19866590512419421,
  "finished_ta_runs": 212,
  "inc_changed": 6,
  "n_configs": 186,
  "submitted_ta_runs": 212,
  "ta_time_used": 119.18923997879028,
  "wallclock_time_used": 120.0618269443512,
  "dataset_id": 2074
}