"CPU Time Used","Estimated Training Performance","Wallclock Time","Incumbent ID","Automatic Configurator (CPU) Time","Configuration..."
0.000000, 2147483648.000000, 0.000523, 1, 0.000523, C='1.3600811985592882',gamma='0.09352602871548096'
0.016482, 0.213500, 0.017659, 1, 0.001177, C='1.3600811985592882',gamma='0.09352602871548096'
0.399194, 0.202300, 1.107778, 2, 0.708584, C='1.2988096529645128',gamma='0.10201894154178116'
0.548030, 0.011900, 1.755115, 3, 1.207085, C='32.297262459043644',gamma='0.10264449286411177'
1.149987, 0.006000, 8.141074, 4, 6.991086, C='55.402912534028616',gamma='0.10390000306875799'
