{
  "mean_cost": 0.4873874209522124,
  "finished_ta_runs": 600,
  "inc_changed": 5,
  "n_configs": 571,
  "submitted_ta_runs": 600,
  "ta_time_used": 124.21720886230469,
  "wallclock_time_used": 129.97521114349365,
  "dataset_id": 146817,
  "perf_time": 130.0037350829989
}