{
  "mean_cost": 0.4302742345650147,
  "finished_ta_runs": 1645,
  "inc_changed": 4,
  "n_configs": 1589,
  "submitted_ta_runs": 1645,
  "ta_time_used": 77.66064143180847,
  "wallclock_time_used": 120.05079984664917,
  "dataset_id": 11
}