{"cpu_time": 0.0, "wallclock_time": 0.00347900390625, "evaluations": 0, "cost": 2147483648.0, "incumbent": ["colsample_bytree='0.569966175314039'", "eta='0.009556882986489993'", "max_depth='3'", "reg_lambda='0.0020776820882921045'"], "origin": "Sobol"}
{"cpu_time": 0.07449889183044434, "wallclock_time": 0.07896018028259277, "evaluations": 1, "cost": 0.5274, "incumbent": ["colsample_bytree='0.569966175314039'", "eta='0.009556882986489993'", "max_depth='3'", "reg_lambda='0.0020776820882921045'"], "origin": "Sobol"}
{"cpu_time": 0.8267185688018799, "wallclock_time": 0.8427839279174805, "evaluations": 14, "cost": 0.4933, "incumbent": ["colsample_bytree='0.5071276918053628'", "eta='0.18054041228993647'", "max_depth='4'", "reg_lambda='0.7014077911957106'"], "origin": "Sobol"}
{"cpu_time": 2.37083101272583, "wallclock_time": 2.397522211074829, "evaluations": 24, "cost": 0.4793, "incumbent": ["colsample_bytree='0.6897349533624947'", "eta='0.11093751049628797'", "max_depth='5'", "reg_lambda='0.005625821167002132'"], "origin": "Sobol"}
{"cpu_time": 6.233733415603638, "wallclock_time": 12.752053022384644, "evaluations": 78, "cost": 0.4711, "incumbent": ["colsample_bytree='0.6895479119865239'", "eta='0.07617496535795452'", "max_depth='4'", "reg_lambda='0.001003864974369728'"], "origin": "Local Search"}
{"cpu_time": 10.811753988265991, "wallclock_time": 48.786994218826294, "evaluations": 141, "cost": 0.4709, "incumbent": ["colsample_bytree='0.9362872601131738'", "eta='0.062172189848298864'", "max_depth='2'", "reg_lambda='0.0010600234228147689'"], "origin": "Local Search"}
{"cpu_time": 12.689215660095215, "wallclock_time": 68.94711232185364, "evaluations": 167, "cost": 0.4693, "incumbent": ["colsample_bytree='0.6894390710080326'", "eta='0.06141415519455914'", "max_depth='4'", "reg_lambda='0.0012551234819590325'"], "origin": "Local Search"}
{"cpu_time": 16.446284532546997, "wallclock_time": 100.69095396995544, "evaluations": 217, "cost": 0.468, "incumbent": ["colsample_bytree='0.6887532489461027'", "eta='0.06522802709763777'", "max_depth='4'", "reg_lambda='0.0010601869235658638'"], "origin": "Local Search"}
{"cpu_time": 16.819056272506714, "wallclock_time": 101.09007406234741, "evaluations": 222, "cost": 0.4659, "incumbent": ["colsample_bytree='0.6888986880218837'", "eta='0.06459673355598332'", "max_depth='4'", "reg_lambda='0.001060166298415808'"], "origin": "Local Search"}
