"CPU Time Used","Estimated Training Performance","Wallclock Time","Incumbent ID","Automatic Configurator (CPU) Time","Configuration..."
0.000000, 2147483648.000000, 0.003479, 1, 0.003479, colsample_bytree='0.569966175314039',eta='0.009556882986489993',max_depth='3',reg_lambda='0.0020776820882921045'
0.074499, 0.527400, 0.078960, 1, 0.004461, colsample_bytree='0.569966175314039',eta='0.009556882986489993',max_depth='3',reg_lambda='0.0020776820882921045'
0.826719, 0.493300, 0.842784, 2, 0.016065, colsample_bytree='0.5071276918053628',eta='0.18054041228993647',max_depth='4',reg_lambda='0.7014077911957106'
2.370831, 0.479300, 2.397522, 3, 0.026691, colsample_bytree='0.6897349533624947',eta='0.11093751049628797',max_depth='5',reg_lambda='0.005625821167002132'
6.233733, 0.471100, 12.752053, 4, 6.518320, colsample_bytree='0.6895479119865239',eta='0.07617496535795452',max_depth='4',reg_lambda='0.001003864974369728'
10.811754, 0.470900, 48.786994, 5, 37.975240, colsample_bytree='0.9362872601131738',eta='0.062172189848298864',max_depth='2',reg_lambda='0.0010600234228147689'
12.689216, 0.469300, 68.947112, 6, 56.257897, colsample_bytree='0.6894390710080326',eta='0.06141415519455914',max_depth='4',reg_lambda='0.0012551234819590325'
16.446285, 0.468000, 100.690954, 7, 84.244669, colsample_bytree='0.6887532489461027',eta='0.06522802709763777',max_depth='4',reg_lambda='0.0010601869235658638'
16.819056, 0.465900, 101.090074, 8, 84.271018, colsample_bytree='0.6888986880218837',eta='0.06459673355598332',max_depth='4',reg_lambda='0.001060166298415808'
