{
  "mean_cost": 0.4865211185280564,
  "finished_ta_runs": 300,
  "inc_changed": 7,
  "n_configs": 109,
  "submitted_ta_runs": 300,
  "ta_time_used": 19.289307355880737,
  "wallclock_time_used": 73.5598418712616,
  "dataset_id": 3902,
  "perf_time": 73.57926545800001
}