"CPU Time Used","Estimated Training Performance","Wallclock Time","Incumbent ID","Automatic Configurator (CPU) Time","Configuration..."
0.000000, 2147483648.000000, 0.000577, 1, 0.000577, alpha='0.0040824718253228975',eta0='0.00044195488125554607'
0.035987, 0.386200, 0.037343, 1, 0.001356, alpha='0.0040824718253228975',eta0='0.00044195488125554607'
0.195954, 0.410100, 0.202100, 2, 0.006145, alpha='2.1186147948258377e-05',eta0='8.558614272324676e-05'
0.652863, 0.407400, 0.676142, 3, 0.023279, alpha='5.872228902171585e-05',eta0='0.00027724604623741747'
0.726288, 0.401000, 0.752876, 4, 0.026588, alpha='0.001',eta0='0.01'
0.888871, 0.389700, 0.924199, 5, 0.035328, alpha='1.4230872500070733e-05',eta0='0.006316939148274451'
5.892193, 0.389100, 45.700277, 6, 39.808084, alpha='5.8736933089424325e-05',eta0='0.000278500924747568'
