{"cpu_time": 0.0, "wallclock_time": 0.0014483928680419922, "evaluations": 0, "cost": 2147483648.0, "incumbent": ["colsample_bytree='0.569966175314039'", "eta='0.009556882986489993'", "max_depth='3'", "reg_lambda='0.0020776820882921045'"], "origin": "Sobol"}
{"cpu_time": 0.030594825744628906, "wallclock_time": 0.033016204833984375, "evaluations": 1, "cost": 0.2983, "incumbent": ["colsample_bytree='0.569966175314039'", "eta='0.009556882986489993'", "max_depth='3'", "reg_lambda='0.0020776820882921045'"], "origin": "Sobol"}
{"cpu_time": 0.19701051712036133, "wallclock_time": 0.20430731773376465, "evaluations": 7, "cost": 0.2477, "incumbent": ["colsample_bytree='0.3878000834956765'", "eta='0.004721681612948408'", "max_depth='10'", "reg_lambda='0.09654112415362535'"], "origin": "Sobol"}
{"cpu_time": 0.534656286239624, "wallclock_time": 0.5523531436920166, "evaluations": 18, "cost": 0.2297, "incumbent": ["colsample_bytree='0.5071276918053628'", "eta='0.18054041228993647'", "max_depth='4'", "reg_lambda='0.7014077911957106'"], "origin": "Sobol"}
{"cpu_time": 1.669844388961792, "wallclock_time": 2.859621286392212, "evaluations": 63, "cost": 0.2202, "incumbent": ["colsample_bytree='0.4634456606419789'", "eta='0.21258228418801212'", "max_depth='6'", "reg_lambda='6.328720855496776'"], "origin": "Local Search"}
{"cpu_time": 1.824902057647705, "wallclock_time": 3.0245471000671387, "evaluations": 68, "cost": 0.2191, "incumbent": ["colsample_bytree='0.44241168270347175'", "eta='0.1895689236611667'", "max_depth='6'", "reg_lambda='6.17824462215687'"], "origin": "Local Search"}
{"cpu_time": 3.0012755393981934, "wallclock_time": 12.074942350387573, "evaluations": 100, "cost": 0.2154, "incumbent": ["colsample_bytree='0.7218465863692083'", "eta='0.1378305635980467'", "max_depth='6'", "reg_lambda='0.005808992791272667'"], "origin": "Random Search"}
{"cpu_time": 5.835080146789551, "wallclock_time": 50.12247014045715, "evaluations": 164, "cost": 0.2131, "incumbent": ["colsample_bytree='0.729829075769386'", "eta='0.1378305635980467'", "max_depth='6'", "reg_lambda='0.006058567484756162'"], "origin": "Local Search"}
{"cpu_time": 8.226306200027466, "wallclock_time": 85.73291015625, "evaluations": 214, "cost": 0.212, "incumbent": ["colsample_bytree='0.7318045710119788'", "eta='0.1378305635980467'", "max_depth='6'", "reg_lambda='0.006185533691262295'"], "origin": "Local Search"}
{"cpu_time": 10.776884317398071, "wallclock_time": 132.05802130699158, "evaluations": 273, "cost": 0.2092, "incumbent": ["colsample_bytree='0.7311247444020437'", "eta='0.13782383523523953'", "max_depth='6'", "reg_lambda='0.006743347966304635'"], "origin": "Local Search"}
