"CPU Time Used","Estimated Training Performance","Wallclock Time","Incumbent ID","Automatic Configurator (CPU) Time","Configuration..."
0.000000, 2147483648.000000, 0.000723, 1, 0.000723, C='0.017961675793542162',gamma='0.9046232030638993'
0.144807, 0.500000, 0.146395, 1, 0.001588, C='0.017961675793542162',gamma='0.9046232030638993'
9.109139, 0.478800, 9.201835, 2, 0.092695, C='176.75556488562856',gamma='0.002712060563487799'
11.168217, 0.464900, 11.698715, 3, 0.530499, C='48.023493059352575',gamma='0.0026505894085314986'
12.046638, 0.453000, 13.009223, 4, 0.962585, C='37.171609181156136',gamma='0.0026014350939730455'
13.611026, 0.427200, 15.050087, 5, 1.439061, C='161.39792618860966',gamma='0.001956766890942158'
15.728049, 0.415200, 18.291070, 6, 2.563021, C='27.412297175131258',gamma='0.0017338093042809613'
19.247902, 0.414300, 24.625779, 7, 5.377877, C='6.8959393460030745',gamma='0.001420466896955957'
