"CPU Time Used","Estimated Training Performance","Wallclock Time","Incumbent ID","Automatic Configurator (CPU) Time","Configuration..."
0.000000, 2147483648.000000, 0.000531, 1, 0.000531, alpha='0.00011227070295712931',eta0='0.0029096933833365197'
0.751903, 0.205800, 0.753160, 1, 0.001257, alpha='0.00011227070295712931',eta0='0.0029096933833365197'
7.309831, 0.191100, 7.316194, 2, 0.006363, alpha='0.026542866188361353',eta0='8.075114966892127e-05'
19.961174, 0.182800, 19.980834, 3, 0.019660, alpha='0.0025540066964094537',eta0='1.2228344859878906e-05'
32.051670, 0.179800, 32.086162, 4, 0.034492, alpha='1.715136253541309e-05',eta0='0.0001288871339815063'
131.534206, 0.174600, 139.686178, 5, 8.151972, alpha='0.0007509705543609384',eta0='3.7162522416867694e-05'
