{
  "mean_cost": 0.3828715844340844,
  "finished_ta_runs": 1,
  "inc_changed": 1,
  "n_configs": 1,
  "submitted_ta_runs": 1,
  "ta_time_used": 0.3052670955657959,
  "wallclock_time_used": 0.30684590339660645,
  "dataset_id": 146800,
  "perf_time": 0.312992583999403
}