{
  "mean_cost": 0.46765708122420857,
  "finished_ta_runs": 20,
  "inc_changed": 1,
  "n_configs": 16,
  "submitted_ta_runs": 20,
  "ta_time_used": 60.436615228652954,
  "wallclock_time_used": 60.46266317367554,
  "dataset_id": 14969
}