{
  "mean_cost": 0.8571428571428574,
  "finished_ta_runs": 300,
  "inc_changed": 1,
  "n_configs": 62,
  "submitted_ta_runs": 300,
  "ta_time_used": 29.41960382461548,
  "wallclock_time_used": 46.39899015426636,
  "dataset_id": 146817,
  "perf_time": 46.410651458005304
}