{"cpu_time": 0.0, "wallclock_time": 0.000225067138671875, "evaluations": 0, "cost": 2147483648.0, "incumbent": {"alpha": 0.0004126639093412234, "eta0": 0.0017613324954003418}, "budget": 0, "origin": "Sobol"}
{"cpu_time": 0.029539108276367188, "wallclock_time": 0.03036808967590332, "evaluations": 1, "cost": 0.4899, "incumbent": {"alpha": 0.0004126639093412234, "eta0": 0.0017613324954003418}, "budget": 0, "origin": "Sobol"}
