{
  "data": [
    [
      [
        1,
        null,
        379248293,
        0.0
      ],
      [
        0.5,
        0.038990020751953125,
        {
          "__enum__": "StatusType.SUCCESS"
        },
        1674417520.2532978,
        1674417520.292293,
        {}
      ]
    ]
  ],
  "config_origins": {
    "1": "Sobol"
  },
  "configs": {
    "1": {
      "colsample_bytree": 0.3908073678612709,
      "eta": 0.02197006114591668,
      "max_depth": 1,
      "reg_lambda": 0.025956378731779545
    }
  }
}