{
  "mean_cost": 0.06523830439767797,
  "finished_ta_runs": 600,
  "inc_changed": 2,
  "n_configs": 574,
  "submitted_ta_runs": 600,
  "ta_time_used": 64.63201332092285,
  "wallclock_time_used": 70.6350610256195,
  "dataset_id": 3,
  "perf_time": 70.65397604100872
}