"CPU Time Used","Estimated Training Performance","Wallclock Time","Incumbent ID","Automatic Configurator (CPU) Time","Configuration..."
0.000000, 2147483648.000000, 0.000037, 1, 0.000037, C='1.0',gamma='0.1'
1.343468, 0.485300, 1.344101, 1, 0.000633, C='1.0',gamma='0.1'
13.089536, 0.482600, 13.094988, 2, 0.005452, C='52.455931369707116',gamma='0.0011373846877749554'
21.925045, 0.474700, 21.937792, 3, 0.012748, C='7.615166584313989',gamma='0.10560628945782698'
56.990986, 0.464100, 57.032748, 4, 0.041762, C='348.6879246606398',gamma='0.01954142554261534'
