"CPU Time Used","Estimated Training Performance","Wallclock Time","Incumbent ID","Automatic Configurator (CPU) Time","Configuration..."
0.000000, 2147483648.000000, 0.000623, 1, 0.000623, C='0.017961675793542162',gamma='0.9046232030638993'
0.017167, 0.800000, 0.018675, 1, 0.001508, C='0.017961675793542162',gamma='0.9046232030638993'
0.059273, 0.787900, 0.063239, 2, 0.003966, C='61.71933670840937',gamma='1.0864412265106145'
0.087705, 0.735800, 0.093331, 3, 0.005626, C='1.0',gamma='0.1'
0.152071, 0.628600, 0.161138, 4, 0.009068, C='12.958180650233897',gamma='0.01207858159167579'
0.292442, 0.590400, 0.312192, 5, 0.019750, C='0.7731863785266639',gamma='0.0012442315522724887'
0.679662, 0.575500, 1.019468, 6, 0.339806, C='50.16305032002843',gamma='0.0012511107174579528'
