{"cpu_time": 0.0, "wallclock_time": 0.0015189647674560547, "evaluations": 0, "cost": 2147483648.0, "incumbent": {"max_depth": 6, "max_features": 0.3290755869820714, "min_samples_leaf": 11, "min_samples_split": 2}, "budget": 0, "origin": "Sobol"}
{"cpu_time": 0.09305119514465332, "wallclock_time": 0.09549283981323242, "evaluations": 1, "cost": 0.283, "incumbent": {"max_depth": 6, "max_features": 0.3290755869820714, "min_samples_leaf": 11, "min_samples_split": 2}, "budget": 0, "origin": "Sobol"}
{"cpu_time": 1.1463031768798828, "wallclock_time": 1.1567528247833252, "evaluations": 10, "cost": 0.2574, "incumbent": {"max_depth": 18, "max_features": 0.9707894120365381, "min_samples_leaf": 5, "min_samples_split": 26}, "budget": 0, "origin": "Sobol"}
{"cpu_time": 3.3951478004455566, "wallclock_time": 3.4416909217834473, "evaluations": 36, "cost": 0.2455, "incumbent": {"max_depth": 39, "max_features": 0.3087822897359729, "min_samples_leaf": 3, "min_samples_split": 7}, "budget": 0, "origin": "Sobol"}
{"cpu_time": 5.9082725048065186, "wallclock_time": 7.70467209815979, "evaluations": 63, "cost": 0.2428, "incumbent": {"max_depth": 28, "max_features": 0.6288311935770201, "min_samples_leaf": 3, "min_samples_split": 3}, "budget": 0, "origin": "Random Search (sorted)"}
{"cpu_time": 9.214215278625488, "wallclock_time": 18.627464056015015, "evaluations": 92, "cost": 0.2325, "incumbent": {"max_depth": 42, "max_features": 0.5926643402093544, "min_samples_leaf": 1, "min_samples_split": 3}, "budget": 0, "origin": "Local Search"}
{"cpu_time": 11.166613340377808, "wallclock_time": 26.255470752716064, "evaluations": 109, "cost": 0.225, "incumbent": {"max_depth": 42, "max_features": 0.596994126890727, "min_samples_leaf": 1, "min_samples_split": 2}, "budget": 0, "origin": "Local Search"}
