{"cpu_time": 0.0, "wallclock_time": 0.0015170574188232422, "evaluations": 0, "cost": 2147483648.0, "incumbent": {"max_depth": 1, "max_features": 0.49276944529265165, "min_samples_leaf": 4, "min_samples_split": 9}, "budget": 0, "origin": "Sobol"}
{"cpu_time": 0.08136892318725586, "wallclock_time": 0.08375716209411621, "evaluations": 1, "cost": 0.3798, "incumbent": {"max_depth": 1, "max_features": 0.49276944529265165, "min_samples_leaf": 4, "min_samples_split": 9}, "budget": 0, "origin": "Sobol"}
{"cpu_time": 0.287506103515625, "wallclock_time": 0.29236626625061035, "evaluations": 4, "cost": 0.2665, "incumbent": {"max_depth": 22, "max_features": 0.502463330514729, "min_samples_leaf": 18, "min_samples_split": 83}, "budget": 0, "origin": "Sobol"}
{"cpu_time": 0.4500153064727783, "wallclock_time": 0.4565250873565674, "evaluations": 6, "cost": 0.2153, "incumbent": {"max_depth": 10, "max_features": 0.5, "min_samples_leaf": 1, "min_samples_split": 32}, "budget": 0, "origin": null}
{"cpu_time": 1.687288761138916, "wallclock_time": 1.706273078918457, "evaluations": 19, "cost": 0.2048, "incumbent": {"max_depth": 11, "max_features": 0.9135355520993471, "min_samples_leaf": 2, "min_samples_split": 4}, "budget": 0, "origin": "Sobol"}
{"cpu_time": 18.638647079467773, "wallclock_time": 57.12801003456116, "evaluations": 180, "cost": 0.2024, "incumbent": {"max_depth": 10, "max_features": 0.9368508131273906, "min_samples_leaf": 2, "min_samples_split": 3}, "budget": 0, "origin": "Local Search"}
