"CPU Time Used","Estimated Training Performance","Wallclock Time","Incumbent ID","Automatic Configurator (CPU) Time","Configuration..."
0.000000, 2147483648.000000, 0.000554, 1, 0.000554, C='1.3600811985592882',gamma='0.09352602871548096'
0.010697, 0.460600, 0.011990, 1, 0.001293, C='1.3600811985592882',gamma='0.09352602871548096'
0.126519, 0.425800, 0.136678, 2, 0.010159, C='102.59827344587585',gamma='0.0039228031036218506'
0.300520, 0.373200, 0.331271, 3, 0.030751, C='4.729862452035014',gamma='0.0020153549174183696'
0.610341, 0.369000, 3.851369, 4, 3.241029, C='4.313554860370424',gamma='0.0020153549174183696'
0.934787, 0.365200, 7.004229, 5, 6.069443, C='4.417029914381019',gamma='0.0018911833486471396'
