{"cpu_time": 0.0, "wallclock_time": 0.0005543231964111328, "evaluations": 0, "cost": 2147483648.0, "incumbent": {"C": 1.3600811985592882, "gamma": 0.09352602871548096}, "budget": 0, "origin": "Sobol"}
{"cpu_time": 0.010697126388549805, "wallclock_time": 0.011990070343017578, "evaluations": 1, "cost": 0.4606, "incumbent": {"C": 1.3600811985592882, "gamma": 0.09352602871548096}, "budget": 0, "origin": "Sobol"}
{"cpu_time": 0.12651872634887695, "wallclock_time": 0.13667821884155273, "evaluations": 13, "cost": 0.4258, "incumbent": {"C": 102.59827344587585, "gamma": 0.0039228031036218506}, "budget": 0, "origin": "Sobol"}
{"cpu_time": 0.3005204200744629, "wallclock_time": 0.3312711715698242, "evaluations": 33, "cost": 0.3732, "incumbent": {"C": 4.729862452035014, "gamma": 0.0020153549174183696}, "budget": 0, "origin": "Sobol"}
{"cpu_time": 0.6103405952453613, "wallclock_time": 3.8513693809509277, "evaluations": 55, "cost": 0.369, "incumbent": {"C": 4.313554860370424, "gamma": 0.0020153549174183696}, "budget": 0, "origin": "Local Search"}
{"cpu_time": 0.9347867965698242, "wallclock_time": 7.004229307174683, "evaluations": 81, "cost": 0.3652, "incumbent": {"C": 4.417029914381019, "gamma": 0.0018911833486471396}, "budget": 0, "origin": "Local Search"}
