{
  "data": [
    [
      [
        1,
        null,
        379248293,
        0.0
      ],
      [
        0.40083240642228457,
        0.2328200340270996,
        {
          "__enum__": "StatusType.SUCCESS"
        },
        1674410486.298401,
        1674410486.5312262,
        {}
      ]
    ]
  ],
  "config_origins": {
    "1": "Sobol"
  },
  "configs": {
    "1": {
      "max_depth": 2,
      "max_features": 0.4491682695224881,
      "min_samples_leaf": 1,
      "min_samples_split": 4
    }
  }
}