"CPU Time Used","Estimated Training Performance","Wallclock Time","Incumbent ID","Automatic Configurator (CPU) Time","Configuration..."
0.000000, 2147483648.000000, 0.000524, 1, 0.000524, alpha='0.00011227070295712931',eta0='0.0029096933833365197'
0.027032, 0.075400, 0.028222, 1, 0.001190, alpha='0.00011227070295712931',eta0='0.0029096933833365197'
0.203819, 0.090600, 0.209189, 2, 0.005370, alpha='0.026542866188361353',eta0='8.075114966892127e-05'
