{"cpu_time": 0.0, "wallclock_time": 3.4809112548828125e-05, "evaluations": 0, "cost": 2147483648.0, "incumbent": ["alpha='0.001'", "eta0='0.01'"], "origin": "Default"}
{"cpu_time": 6.4443089962005615, "wallclock_time": 6.445001840591431, "evaluations": 1, "cost": 0.0578, "incumbent": ["alpha='0.001'", "eta0='0.01'"], "origin": "Default"}
