{"cpu_time": 0.0, "wallclock_time": 0.0015978813171386719, "evaluations": 0, "cost": 2147483648.0, "incumbent": {"max_depth": 6, "max_features": 0.3290755869820714, "min_samples_leaf": 11, "min_samples_split": 2}, "budget": 0, "origin": "Sobol"}
{"cpu_time": 0.09483742713928223, "wallclock_time": 0.09736776351928711, "evaluations": 1, "cost": 0.1464, "incumbent": {"max_depth": 6, "max_features": 0.3290755869820714, "min_samples_leaf": 11, "min_samples_split": 2}, "budget": 0, "origin": "Sobol"}
{"cpu_time": 1.6209373474121094, "wallclock_time": 1.6315226554870605, "evaluations": 10, "cost": 0.1205, "incumbent": {"max_depth": 18, "max_features": 0.9707894120365381, "min_samples_leaf": 5, "min_samples_split": 26}, "budget": 0, "origin": "Sobol"}
{"cpu_time": 9.225300550460815, "wallclock_time": 13.13757586479187, "evaluations": 78, "cost": 0.1189, "incumbent": {"max_depth": 37, "max_features": 0.3045072718872045, "min_samples_leaf": 1, "min_samples_split": 7}, "budget": 0, "origin": "Local Search"}
{"cpu_time": 11.528598308563232, "wallclock_time": 23.18777871131897, "evaluations": 97, "cost": 0.1176, "incumbent": {"max_depth": 16, "max_features": 0.3045684849866349, "min_samples_leaf": 1, "min_samples_split": 7}, "budget": 0, "origin": "Local Search"}
{"cpu_time": 12.281652688980103, "wallclock_time": 26.298083782196045, "evaluations": 105, "cost": 0.1152, "incumbent": {"max_depth": 14, "max_features": 0.3051963233280557, "min_samples_leaf": 1, "min_samples_split": 7}, "budget": 0, "origin": "Local Search"}
{"cpu_time": 15.799721956253052, "wallclock_time": 47.96637272834778, "evaluations": 140, "cost": 0.114, "incumbent": {"max_depth": 13, "max_features": 0.30467784121766756, "min_samples_leaf": 1, "min_samples_split": 7}, "budget": 0, "origin": "Local Search"}
