"CPU Time Used","Estimated Training Performance","Wallclock Time","Incumbent ID","Automatic Configurator (CPU) Time","Configuration..."
0.000000, 2147483648.000000, 0.000591, 1, 0.000591, C='0.017961675793542162',gamma='0.9046232030638993'
0.165527, 0.900000, 0.166914, 1, 0.001387, C='0.017961675793542162',gamma='0.9046232030638993'
0.693417, 0.892600, 0.697315, 2, 0.003898, C='61.71933670840937',gamma='1.0864412265106145'
1.015336, 0.876200, 1.020924, 3, 0.005589, C='1.0',gamma='0.1'
1.632557, 0.028000, 1.641671, 4, 0.009114, C='12.958180650233897',gamma='0.01207858159167579'
2.296428, 0.019900, 2.314502, 5, 0.018074, C='0.7731863785266639',gamma='0.0012442315522724887'
6.553459, 0.017700, 8.979799, 6, 2.426340, C='272.9796419689107',gamma='0.0012382559807221794'
10.815591, 0.015600, 19.313650, 7, 8.498060, C='2.073857950076713',gamma='0.0012351199896688187'
