"CPU Time Used","Estimated Training Performance","Wallclock Time","Incumbent ID","Automatic Configurator (CPU) Time","Configuration..."
0.000000, 2147483648.000000, 0.000547, 1, 0.000547, C='0.08611366210550205',gamma='0.4942679928374453'
0.112883, 0.857100, 0.114107, 1, 0.001224, C='0.08611366210550205',gamma='0.4942679928374453'
