"CPU Time Used","Estimated Training Performance","Wallclock Time","Incumbent ID","Automatic Configurator (CPU) Time","Configuration..."
0.000000, 2147483648.000000, 0.000036, 1, 0.000036, alpha='0.001',eta0='0.01'
1.947457, 0.052500, 1.948108, 1, 0.000651, alpha='0.001',eta0='0.01'
13.535450, 0.040300, 13.541540, 2, 0.006090, alpha='0.181986542229818',eta0='0.0022107949138319687'
30.704999, 0.041200, 30.720731, 3, 0.015732, alpha='0.028387033006830095',eta0='0.0034936207237134015'
457.084811, 0.041100, 458.060442, 4, 0.975631, alpha='0.050239074372720335',eta0='0.0013873411914689423'
665.246393, 0.040200, 667.169539, 5, 1.923145, alpha='0.08898573372305063',eta0='0.0012510902488586165'
751.887974, 0.039300, 754.288463, 6, 2.400489, alpha='0.08199996878920687',eta0='0.0009504495378788399'
