{
  "mean_cost": 0.564352365313152,
  "finished_ta_runs": 42,
  "inc_changed": 1,
  "n_configs": 36,
  "submitted_ta_runs": 42,
  "ta_time_used": 61.382049322128296,
  "wallclock_time_used": 61.44281482696533,
  "dataset_id": 9985
}