{
  "mean_cost": 0.8627534826556886,
  "finished_ta_runs": 300,
  "inc_changed": 14,
  "n_configs": 97,
  "submitted_ta_runs": 300,
  "ta_time_used": 40.258800745010376,
  "wallclock_time_used": 63.2094669342041,
  "dataset_id": 22,
  "perf_time": 63.221039083990036
}