"CPU Time Used","Estimated Training Performance","Wallclock Time","Incumbent ID","Automatic Configurator (CPU) Time","Configuration..."
0.000000, 2147483648.000000, 0.000689, 1, 0.000689, C='0.017961675793542162',gamma='0.9046232030638993'
0.017279, 0.500000, 0.018921, 1, 0.001642, C='0.017961675793542162',gamma='0.9046232030638993'
0.065651, 0.448400, 0.069840, 2, 0.004189, C='61.71933670840937',gamma='1.0864412265106145'
