"CPU Time Used","Estimated Training Performance","Wallclock Time","Incumbent ID","Automatic Configurator (CPU) Time","Configuration..."
0.000000, 2147483648.000000, 0.000044, 1, 0.000044, C='1.0',gamma='0.1'
0.029279, 0.185500, 0.029944, 1, 0.000665, C='1.0',gamma='0.1'
0.088523, 0.135700, 0.091699, 2, 0.003176, C='167.43465269107315',gamma='0.010473312293162985'
0.321814, 0.131200, 0.339511, 3, 0.017697, C='1.9695969079413513',gamma='0.0066983131773587995'
1.303424, 0.115500, 1.412856, 4, 0.109432, C='679.0325401248423',gamma='0.0030357544050474464'
1.689124, 0.109000, 1.849322, 5, 0.160198, C='5.210893925462535',gamma='0.021618044105831926'
