{
  "mean_cost": 0.259068080718114,
  "finished_ta_runs": 124,
  "inc_changed": 4,
  "n_configs": 93,
  "submitted_ta_runs": 124,
  "ta_time_used": 48.887195348739624,
  "wallclock_time_used": 60.41384291648865,
  "dataset_id": 3021
}