"CPU Time Used","Estimated Training Performance","Wallclock Time","Incumbent ID","Automatic Configurator (CPU) Time","Configuration..."
0.000000, 2147483648.000000, 0.000595, 1, 0.000595, alpha='0.0040824718253228975',eta0='0.00044195488125554607'
0.067808, 0.028000, 0.076886, 1, 0.009078, alpha='0.0040824718253228975',eta0='0.00044195488125554607'
0.205733, 0.022600, 0.231358, 2, 0.025625, alpha='0.0007534803600179209',eta0='0.01638324291048883'
0.597937, 0.022600, 0.635292, 3, 0.037354, alpha='0.000182884801566337',eta0='0.0008272593854647256'
2.778777, 0.021100, 5.480055, 4, 2.701277, alpha='0.014788708640432526',eta0='0.010212559741690256'
