"CPU Time Used","Estimated Training Performance","Wallclock Time","Incumbent ID","Automatic Configurator (CPU) Time","Configuration..."
0.000000, 2147483648.000000, 0.000555, 1, 0.000555, C='0.08611366210550205',gamma='0.4942679928374453'
0.053314, 0.500000, 0.054618, 1, 0.001304, C='0.08611366210550205',gamma='0.4942679928374453'
0.200034, 0.488900, 0.203671, 2, 0.003638, C='19.433598606658386',gamma='9.232350409327609'
0.489057, 0.465600, 0.497468, 3, 0.008411, C='69.38389384208695',gamma='0.0015531477828170245'
0.971833, 0.461100, 0.991072, 4, 0.019240, C='4.532544074901469',gamma='0.03382327396632573'
