{
  "mean_cost": 0.03539941849445325,
  "finished_ta_runs": 600,
  "inc_changed": 6,
  "n_configs": 502,
  "submitted_ta_runs": 600,
  "ta_time_used": 38.21837139129639,
  "wallclock_time_used": 43.17850875854492,
  "dataset_id": 15,
  "perf_time": 43.195062791000055
}