{"cpu_time": 0.0, "wallclock_time": 0.0015401840209960938, "evaluations": 0, "cost": 2147483648.0, "incumbent": ["max_depth='2'", "max_features='0.4491682695224881'", "min_samples_leaf='1'", "min_samples_split='4'"], "origin": "Sobol"}
{"cpu_time": 0.2513899803161621, "wallclock_time": 0.253878116607666, "evaluations": 1, "cost": 0.4831, "incumbent": ["max_depth='2'", "max_features='0.4491682695224881'", "min_samples_leaf='1'", "min_samples_split='4'"], "origin": "Sobol"}
{"cpu_time": 2.354918956756592, "wallclock_time": 2.3601620197296143, "evaluations": 4, "cost": 0.4362, "incumbent": ["max_depth='17'", "max_features='0.6137791713699698'", "min_samples_leaf='16'", "min_samples_split='18'"], "origin": "Sobol"}
{"cpu_time": 20.637648344039917, "wallclock_time": 20.663830995559692, "evaluations": 21, "cost": 0.4341, "incumbent": ["max_depth='30'", "max_features='0.8789303731173277'", "min_samples_leaf='9'", "min_samples_split='48'"], "origin": "Sobol"}
{"cpu_time": 39.943726778030396, "wallclock_time": 40.00749897956848, "evaluations": 44, "cost": 0.4107, "incumbent": ["max_depth='46'", "max_features='0.7485423665493727'", "min_samples_leaf='1'", "min_samples_split='7'"], "origin": "Sobol"}
{"cpu_time": 54.44559693336487, "wallclock_time": 55.160731077194214, "evaluations": 63, "cost": 0.4088, "incumbent": ["max_depth='47'", "max_features='0.38069385111656817'", "min_samples_leaf='1'", "min_samples_split='4'"], "origin": "Random Search (sorted)"}
{"cpu_time": 63.569084882736206, "wallclock_time": 65.45483207702637, "evaluations": 74, "cost": 0.4037, "incumbent": ["max_depth='49'", "max_features='0.5140233683113563'", "min_samples_leaf='1'", "min_samples_split='2'"], "origin": "Local Search"}
{"cpu_time": 72.47139000892639, "wallclock_time": 76.61623120307922, "evaluations": 83, "cost": 0.4001, "incumbent": ["max_depth='49'", "max_features='0.5199928671682853'", "min_samples_leaf='1'", "min_samples_split='3'"], "origin": "Local Search"}
