{"cpu_time": 0.0, "wallclock_time": 0.0014450550079345703, "evaluations": 0, "cost": 2147483648.0, "incumbent": {"colsample_bytree": 0.3908073678612709, "eta": 0.02197006114591668, "max_depth": 1, "reg_lambda": 0.025956378731779545}, "budget": 0, "origin": "Sobol"}
{"cpu_time": 0.650458812713623, "wallclock_time": 0.6533939838409424, "evaluations": 1, "cost": 0.124, "incumbent": {"colsample_bytree": 0.3908073678612709, "eta": 0.02197006114591668, "max_depth": 1, "reg_lambda": 0.025956378731779545}, "budget": 0, "origin": "Sobol"}
{"cpu_time": 1.5581939220428467, "wallclock_time": 1.5644099712371826, "evaluations": 4, "cost": 0.0015, "incumbent": {"colsample_bytree": 0.7864414579235017, "eta": 0.06876373473778273, "max_depth": 5, "reg_lambda": 2.180661802430785}, "budget": 0, "origin": "Sobol"}
{"cpu_time": 4.098529577255249, "wallclock_time": 4.142178058624268, "evaluations": 36, "cost": 0.0, "incumbent": {"colsample_bytree": 0.9384917790070176, "eta": 0.0010440472213029146, "max_depth": 7, "reg_lambda": 0.013769361653309416}, "budget": 0, "origin": "Sobol"}
