"CPU Time Used","Estimated Training Performance","Wallclock Time","Incumbent ID","Automatic Configurator (CPU) Time","Configuration..."
0.000000, 2147483648.000000, 0.001445, 1, 0.001445, colsample_bytree='0.3908073678612709',eta='0.02197006114591668',max_depth='1',reg_lambda='0.025956378731779545'
0.650459, 0.124000, 0.653394, 1, 0.002935, colsample_bytree='0.3908073678612709',eta='0.02197006114591668',max_depth='1',reg_lambda='0.025956378731779545'
1.558194, 0.001500, 1.564410, 2, 0.006216, colsample_bytree='0.7864414579235017',eta='0.06876373473778273',max_depth='5',reg_lambda='2.180661802430785'
4.098530, 0.000000, 4.142178, 3, 0.043648, colsample_bytree='0.9384917790070176',eta='0.0010440472213029146',max_depth='7',reg_lambda='0.013769361653309416'
