"CPU Time Used","Estimated Training Performance","Wallclock Time","Incumbent ID","Automatic Configurator (CPU) Time","Configuration..."
0.000000, 2147483648.000000, 0.000584, 1, 0.000584, C='0.017961675793542162',gamma='0.9046232030638993'
0.026088, 0.806100, 0.027415, 1, 0.001327, C='0.017961675793542162',gamma='0.9046232030638993'
0.097700, 0.032500, 0.101160, 2, 0.003460, C='61.71933670840937',gamma='1.0864412265106145'
0.335942, 0.011900, 0.355528, 3, 0.019586, C='198.6613474689375',gamma='0.09318781769031856'
