"CPU Time Used","Estimated Training Performance","Wallclock Time","Incumbent ID","Automatic Configurator (CPU) Time","Configuration..."
0.000000, 2147483648.000000, 0.000566, 1, 0.000566, alpha='0.00011227070295712931',eta0='0.0029096933833365197'
0.034033, 0.500000, 0.035366, 1, 0.001333, alpha='0.00011227070295712931',eta0='0.0029096933833365197'
1.344273, 0.466500, 1.403981, 2, 0.059708, alpha='8.493190945563282e-05',eta0='3.713240341799095e-05'
8.328541, 0.462200, 49.372011, 3, 41.043470, alpha='0.0010597879707558667',eta0='2.1450321278162656e-05'
