{"cpu_time": 0.0, "wallclock_time": 0.0015759468078613281, "evaluations": 0, "cost": 2147483648.0, "incumbent": {"max_depth": 2, "max_features": 0.4491682695224881, "min_samples_leaf": 1, "min_samples_split": 4}, "budget": 0, "origin": "Sobol"}
{"cpu_time": 0.08029580116271973, "wallclock_time": 0.08283209800720215, "evaluations": 1, "cost": 0.5, "incumbent": {"max_depth": 2, "max_features": 0.4491682695224881, "min_samples_leaf": 1, "min_samples_split": 4}, "budget": 0, "origin": "Sobol"}
{"cpu_time": 2.3314321041107178, "wallclock_time": 2.3591420650482178, "evaluations": 24, "cost": 0.4468, "incumbent": {"max_depth": 7, "max_features": 0.8544756416231394, "min_samples_leaf": 3, "min_samples_split": 9}, "budget": 0, "origin": "Sobol"}
{"cpu_time": 34.6196186542511, "wallclock_time": 67.98052501678467, "evaluations": 235, "cost": 0.4434, "incumbent": {"max_depth": 38, "max_features": 0.8544855762028558, "min_samples_leaf": 1, "min_samples_split": 9}, "budget": 0, "origin": "Local Search"}
{"cpu_time": 42.80507016181946, "wallclock_time": 93.00704503059387, "evaluations": 285, "cost": 0.4272, "incumbent": {"max_depth": 37, "max_features": 0.9177696598543538, "min_samples_leaf": 1, "min_samples_split": 2}, "budget": 0, "origin": "Random Search (sorted)"}
