"CPU Time Used","Estimated Training Performance","Wallclock Time","Incumbent ID","Automatic Configurator (CPU) Time","Configuration..."
0.000000, 2147483648.000000, 0.001384, 1, 0.001384, colsample_bytree='0.3908073678612709',eta='0.02197006114591668',max_depth='1',reg_lambda='0.025956378731779545'
0.405140, 0.338000, 0.407459, 1, 0.002319, colsample_bytree='0.3908073678612709',eta='0.02197006114591668',max_depth='1',reg_lambda='0.025956378731779545'
8.112267, 0.207900, 8.117216, 2, 0.004949, colsample_bytree='0.7864414579235017',eta='0.06876373473778273',max_depth='5',reg_lambda='2.180661802430785'
13.837569, 0.187600, 13.844400, 3, 0.006831, colsample_bytree='1.0',eta='0.3',max_depth='10',reg_lambda='1.0'
56.509713, 0.180100, 56.534451, 4, 0.024738, colsample_bytree='0.5564905133098365',eta='0.01605885730841195',max_depth='10',reg_lambda='0.0010986517054572343'
73.825846, 0.176800, 73.872853, 5, 0.047007, colsample_bytree='0.2476114026270807',eta='0.09799148147389534',max_depth='9',reg_lambda='0.22959291519229882'
352.738805, 0.175200, 377.805699, 6, 25.066894, colsample_bytree='0.4042830594576917',eta='0.26347651260614197',max_depth='10',reg_lambda='0.7876411831935733'
420.466344, 0.173700, 467.909792, 7, 47.443448, colsample_bytree='0.20452061737731037',eta='0.37578060396665475',max_depth='2',reg_lambda='0.10987396574301134'
445.737107, 0.170800, 502.918417, 8, 57.181310, colsample_bytree='0.24999140367850645',eta='0.29376765267816807',max_depth='4',reg_lambda='0.22992258859043546'
