{
  "mean_cost": 0.3054962250511787,
  "finished_ta_runs": 1,
  "inc_changed": 1,
  "n_configs": 1,
  "submitted_ta_runs": 1,
  "ta_time_used": 0.14948010444641113,
  "wallclock_time_used": 0.15113496780395508
}