{
  "mean_cost": 0.21187818180271734,
  "finished_ta_runs": 2,
  "inc_changed": 1,
  "n_configs": 1,
  "submitted_ta_runs": 2,
  "ta_time_used": 0.7504892349243164,
  "wallclock_time_used": 0.7533528804779053,
  "dataset_id": 22,
  "perf_time": 0.7589085829999931
}