"CPU Time Used","Estimated Training Performance","Wallclock Time","Incumbent ID","Automatic Configurator (CPU) Time","Configuration..."
0.000000, 2147483648.000000, 0.000526, 1, 0.000526, alpha='0.0040824718253228975',eta0='0.00044195488125554607'
0.198961, 0.507400, 0.200204, 1, 0.001243, alpha='0.0040824718253228975',eta0='0.00044195488125554607'
1.333507, 0.537900, 1.340068, 2, 0.006562, alpha='2.1186147948258377e-05',eta0='8.558614272324676e-05'
19.668687, 0.537200, 31.644513, 3, 11.975826, alpha='1.0902900578537481e-05',eta0='8.541496834911661e-05'
29.575051, 0.533100, 49.490639, 4, 19.915588, alpha='6.112273208478184e-05',eta0='2.2831694832855466e-05'
