"CPU Time Used","Estimated Training Performance","Wallclock Time","Incumbent ID","Automatic Configurator (CPU) Time","Configuration..."
0.000000, 2147483648.000000, 0.000543, 1, 0.000543, C='0.017961675793542162',gamma='0.9046232030638993'
0.013187, 0.500000, 0.014481, 1, 0.001294, C='0.017961675793542162',gamma='0.9046232030638993'
0.163520, 0.274600, 0.177184, 2, 0.013664, C='0.7731863785266639',gamma='0.0012442315522724887'
0.489998, 0.273200, 2.114235, 3, 1.624237, C='3.8839672854999967',gamma='0.0012450658966529945'
0.568396, 0.273100, 2.769207, 4, 2.200811, C='3.492108204713333',gamma='0.0012450658966529945'
2.930432, 0.258800, 28.188005, 5, 25.257573, C='3.429353982849304',gamma='0.0013761114135283105'
