{
  "mean_cost": 0.1531475143421425,
  "finished_ta_runs": 300,
  "inc_changed": 3,
  "n_configs": 284,
  "submitted_ta_runs": 300,
  "ta_time_used": 613.7198860645294,
  "wallclock_time_used": 753.1422901153564,
  "dataset_id": 2074,
  "perf_time": 753.1644522499992
}