"CPU Time Used","Estimated Training Performance","Wallclock Time","Incumbent ID","Automatic Configurator (CPU) Time","Configuration..."
0.000000, 2147483648.000000, 0.000044, 1, 0.000044, alpha='0.001',eta0='0.01'
0.228990, 0.457200, 0.229779, 1, 0.000789, alpha='0.001',eta0='0.01'
1.332566, 0.451800, 1.338289, 2, 0.005723, alpha='0.08477318530405828',eta0='1.1349690026383863e-05'
32.004891, 0.436500, 32.609210, 3, 0.604319, alpha='0.0074383903626601255',eta0='1.0883819901646995e-05'
43.718521, 0.434500, 44.788729, 4, 1.070208, alpha='3.7161293623519926e-05',eta0='2.032803123806774e-05'
75.300956, 0.419400, 78.078714, 5, 2.777757, alpha='0.0006338380144148664',eta0='1.4992855578475283e-05'
