"CPU Time Used","Estimated Training Performance","Wallclock Time","Incumbent ID","Automatic Configurator (CPU) Time","Configuration..."
0.000000, 2147483648.000000, 0.000038, 1, 0.000038, alpha='0.001',eta0='0.01'
0.311021, 0.886000, 0.311685, 1, 0.000664, alpha='0.001',eta0='0.01'
1.475288, 0.866300, 1.478746, 2, 0.003458, alpha='0.2222611632956835',eta0='7.173240601211391e-05'
3.857126, 0.829000, 3.867057, 3, 0.009932, alpha='1.8419909509685855e-05',eta0='0.05046106065359831'
6.900837, 0.812100, 6.919175, 4, 0.018338, alpha='0.002374055867675844',eta0='5.8767874739523716e-05'
17.160470, 0.809800, 17.230930, 5, 0.070461, alpha='0.0017967930358939118',eta0='7.299469686226166e-05'
18.678511, 0.794000, 18.758278, 6, 0.079767, alpha='2.2549688115947852e-05',eta0='0.04153687300299965'
59.988243, 0.789800, 60.467199, 7, 0.478956, alpha='0.0012777641998507267',eta0='4.6055653233706234e-05'
97.468096, 0.782100, 98.569412, 8, 1.101316, alpha='0.00015948069757782727',eta0='0.00016984206652004822'
