"CPU Time Used","Estimated Training Performance","Wallclock Time","Incumbent ID","Automatic Configurator (CPU) Time","Configuration..."
0.000000, 2147483648.000000, 0.000230, 1, 0.000230, C='0.08611366210550205',gamma='0.4942679928374453'
0.282590, 0.666700, 0.283436, 1, 0.000846, C='0.08611366210550205',gamma='0.4942679928374453'
