"CPU Time Used","Estimated Training Performance","Wallclock Time","Incumbent ID","Automatic Configurator (CPU) Time","Configuration..."
0.000000, 2147483648.000000, 0.001568, 1, 0.001568, colsample_bytree='0.2890479595400393',eta='0.02972240058848022',max_depth='1',reg_lambda='0.23594281684827217'
0.032669, 0.056600, 0.035400, 1, 0.002731, colsample_bytree='0.2890479595400393',eta='0.02972240058848022',max_depth='1',reg_lambda='0.23594281684827217'
0.564867, 0.046000, 0.570242, 2, 0.005375, colsample_bytree='0.839533680677414',eta='0.03178815964339868',max_depth='7',reg_lambda='260.08137409645684'
1.175063, 0.008700, 1.182279, 3, 0.007216, colsample_bytree='1.0',eta='0.3',max_depth='10',reg_lambda='1.0'
4.277352, 0.007400, 4.315795, 4, 0.038443, colsample_bytree='0.4696397740393877',eta='0.16644532888250615',max_depth='6',reg_lambda='0.015660421770666632'
14.550922, 0.007300, 29.472005, 5, 14.921083, colsample_bytree='0.509282199354863',eta='0.14719851423642155',max_depth='6',reg_lambda='0.04110190779710648'
33.711547, 0.006700, 92.509661, 6, 58.798114, colsample_bytree='0.915353806075625',eta='0.8379981156575892',max_depth='10',reg_lambda='0.36849729940426007'
