"CPU Time Used","Estimated Training Performance","Wallclock Time","Incumbent ID","Automatic Configurator (CPU) Time","Configuration..."
0.000000, 2147483648.000000, 0.000619, 1, 0.000619, C='0.017961675793542162',gamma='0.9046232030638993'
0.164279, 0.674500, 0.165684, 1, 0.001405, C='0.017961675793542162',gamma='0.9046232030638993'
0.432166, 0.121300, 0.436038, 2, 0.003872, C='61.71933670840937',gamma='1.0864412265106145'
3.500381, 0.117800, 4.412917, 3, 0.912536, C='58.092933990399665',gamma='1.0629884947360047'
4.091970, 0.115800, 5.563717, 4, 1.471747, C='54.12640150728043',gamma='1.026468796116658'
5.574325, 0.113700, 8.559327, 5, 2.985002, C='52.41606986815951',gamma='1.056263515417267'
8.663927, 0.105700, 16.253499, 6, 7.589572, C='52.41606986815951',gamma='0.11338221423632024'
