{
  "mean_cost": 0.4967911218066498,
  "finished_ta_runs": 161,
  "inc_changed": 4,
  "n_configs": 108,
  "submitted_ta_runs": 161,
  "ta_time_used": 27.24734115600586,
  "wallclock_time_used": 60.000824213027954,
  "dataset_id": 2079
}