{"cpu_time": 0.0, "wallclock_time": 3.5762786865234375e-05, "evaluations": 0, "cost": 2147483648.0, "incumbent": ["C='1.0'", "gamma='0.1'"], "origin": "Default"}
{"cpu_time": 0.030244827270507812, "wallclock_time": 0.03086686134338379, "evaluations": 1, "cost": 0.4982, "incumbent": ["C='1.0'", "gamma='0.1'"], "origin": "Default"}
