{"cpu_time": 0.0, "wallclock_time": 0.0006401538848876953, "evaluations": 0, "cost": 2147483648.0, "incumbent": {"C": 0.017961675793542162, "gamma": 0.9046232030638993}, "budget": 0, "origin": "Sobol"}
{"cpu_time": 0.02347707748413086, "wallclock_time": 0.02498936653137207, "evaluations": 1, "cost": 0.8, "incumbent": {"C": 0.017961675793542162, "gamma": 0.9046232030638993}, "budget": 0, "origin": "Sobol"}
{"cpu_time": 0.07092666625976562, "wallclock_time": 0.07491207122802734, "evaluations": 4, "cost": 0.7879, "incumbent": {"C": 61.71933670840937, "gamma": 1.0864412265106145}, "budget": 0, "origin": "Sobol"}
{"cpu_time": 0.10188770294189453, "wallclock_time": 0.10761499404907227, "evaluations": 6, "cost": 0.7358, "incumbent": {"C": 1.0, "gamma": 0.1}, "budget": 0, "origin": null}
{"cpu_time": 0.16737985610961914, "wallclock_time": 0.17665934562683105, "evaluations": 10, "cost": 0.6286, "incumbent": {"C": 12.958180650233897, "gamma": 0.01207858159167579}, "budget": 0, "origin": "Sobol"}
{"cpu_time": 0.3143935203552246, "wallclock_time": 0.33323025703430176, "evaluations": 18, "cost": 0.5904, "incumbent": {"C": 0.7731863785266639, "gamma": 0.0012442315522724887}, "budget": 0, "origin": "Sobol"}
{"cpu_time": 0.9545893669128418, "wallclock_time": 2.913837194442749, "evaluations": 54, "cost": 0.5855, "incumbent": {"C": 1.4575969929226316, "gamma": 0.0012094715891801803}, "budget": 0, "origin": "Local Search"}
{"cpu_time": 1.0461833477020264, "wallclock_time": 3.013808250427246, "evaluations": 59, "cost": 0.5807, "incumbent": {"C": 1.3954347377433218, "gamma": 0.0012191794662190707}, "budget": 0, "origin": "Local Search"}
{"cpu_time": 1.427720546722412, "wallclock_time": 4.663219213485718, "evaluations": 78, "cost": 0.5779, "incumbent": {"C": 3.8080777852456396, "gamma": 0.0012252752109537623}, "budget": 0, "origin": "Random Search (sorted)"}
