"CPU Time Used","Estimated Training Performance","Wallclock Time","Incumbent ID","Automatic Configurator (CPU) Time","Configuration..."
0.000000, 2147483648.000000, 0.000640, 1, 0.000640, C='0.017961675793542162',gamma='0.9046232030638993'
0.023477, 0.800000, 0.024989, 1, 0.001512, C='0.017961675793542162',gamma='0.9046232030638993'
0.070927, 0.787900, 0.074912, 2, 0.003985, C='61.71933670840937',gamma='1.0864412265106145'
0.101888, 0.735800, 0.107615, 3, 0.005727, C='1.0',gamma='0.1'
0.167380, 0.628600, 0.176659, 4, 0.009279, C='12.958180650233897',gamma='0.01207858159167579'
0.314394, 0.590400, 0.333230, 5, 0.018837, C='0.7731863785266639',gamma='0.0012442315522724887'
0.954589, 0.585500, 2.913837, 6, 1.959248, C='1.4575969929226316',gamma='0.0012094715891801803'
1.046183, 0.580700, 3.013808, 7, 1.967625, C='1.3954347377433218',gamma='0.0012191794662190707'
1.427721, 0.577900, 4.663219, 8, 3.235499, C='3.8080777852456396',gamma='0.0012252752109537623'
