"CPU Time Used","Estimated Training Performance","Wallclock Time","Incumbent ID","Automatic Configurator (CPU) Time","Configuration..."
0.000000, 2147483648.000000, 0.000035, 1, 0.000035, C='1.0',gamma='0.1'
0.173398, 0.876200, 0.174038, 1, 0.000640, C='1.0',gamma='0.1'
0.779945, 0.017900, 0.785688, 2, 0.005743, C='1.746441318982685',gamma='0.0022547265063997683'
11.585063, 0.017700, 11.758058, 3, 0.172995, C='613.8366144551533',gamma='0.0010152179917278495'
12.749584, 0.015600, 12.954011, 4, 0.204427, C='23.975776717526003',gamma='0.00252242241319379'
