"CPU Time Used","Estimated Training Performance","Wallclock Time","Incumbent ID","Automatic Configurator (CPU) Time","Configuration..."
0.000000, 2147483648.000000, 0.000037, 1, 0.000037, alpha='0.001',eta0='0.01'
0.437749, 0.794200, 0.438375, 1, 0.000626, alpha='0.001',eta0='0.01'
1.684951, 0.761500, 1.688467, 2, 0.003516, alpha='3.649484911512686e-05',eta0='1.2652165208090965e-05'
4.586694, 0.767700, 4.598260, 3, 0.011566, alpha='1.0455662723206625e-05',eta0='0.001729647929337629'
24.984811, 0.767400, 25.083990, 4, 0.099179, alpha='0.0002044728811608274',eta0='0.0006324444152715982'
57.168673, 0.762400, 57.499498, 5, 0.330825, alpha='0.0006879205248790761',eta0='6.435892451215314e-05'
175.371348, 0.753700, 177.664407, 6, 2.293059, alpha='0.00012024158309641023',eta0='8.175460041095014e-05'
