{
  "mean_cost": 0.18767567242839872,
  "finished_ta_runs": 67,
  "inc_changed": 5,
  "n_configs": 45,
  "submitted_ta_runs": 67,
  "ta_time_used": 127.01449513435364,
  "wallclock_time_used": 127.1476559638977,
  "dataset_id": 14
}