{
  "mean_cost": 0.13744272543262032,
  "finished_ta_runs": 506,
  "inc_changed": 1,
  "n_configs": 492,
  "submitted_ta_runs": 506,
  "ta_time_used": 116.01462864875793,
  "wallclock_time_used": 120.16401624679565,
  "dataset_id": 9952
}