"CPU Time Used","Estimated Training Performance","Wallclock Time","Incumbent ID","Automatic Configurator (CPU) Time","Configuration..."
0.000000, 2147483648.000000, 0.001696, 1, 0.001696, colsample_bytree='0.3908073678612709',eta='0.02197006114591668',max_depth='1',reg_lambda='0.025956378731779545'
1.656005, 0.188500, 1.659234, 1, 0.003229, colsample_bytree='0.3908073678612709',eta='0.02197006114591668',max_depth='1',reg_lambda='0.025956378731779545'
16.072009, 0.028600, 16.078659, 2, 0.006650, colsample_bytree='0.7864414579235017',eta='0.06876373473778273',max_depth='5',reg_lambda='2.180661802430785'
105.602443, 0.025500, 105.634166, 3, 0.031723, colsample_bytree='0.5564905133098365',eta='0.01605885730841195',max_depth='10',reg_lambda='0.0010986517054572343'
134.056542, 0.022500, 134.110193, 4, 0.053652, colsample_bytree='0.34836309412494304',eta='0.26655395384050556',max_depth='6',reg_lambda='0.1036182343546856'
316.419880, 0.022000, 333.963231, 5, 17.543351, colsample_bytree='0.36277010505852214',eta='0.18849854601930233',max_depth='4',reg_lambda='0.10616405522721965'
414.310842, 0.021300, 455.648397, 6, 41.337555, colsample_bytree='0.13473738731267448',eta='0.2698746569928621',max_depth='4',reg_lambda='0.10864059568501867'
