{"cpu_time": 0.0, "wallclock_time": 0.0016961097717285156, "evaluations": 0, "cost": 2147483648.0, "incumbent": {"colsample_bytree": 0.3908073678612709, "eta": 0.02197006114591668, "max_depth": 1, "reg_lambda": 0.025956378731779545}, "budget": 0, "origin": "Sobol"}
{"cpu_time": 1.6560051441192627, "wallclock_time": 1.6592340469360352, "evaluations": 1, "cost": 0.1885, "incumbent": {"colsample_bytree": 0.3908073678612709, "eta": 0.02197006114591668, "max_depth": 1, "reg_lambda": 0.025956378731779545}, "budget": 0, "origin": "Sobol"}
{"cpu_time": 16.072009325027466, "wallclock_time": 16.078659057617188, "evaluations": 4, "cost": 0.0286, "incumbent": {"colsample_bytree": 0.7864414579235017, "eta": 0.06876373473778273, "max_depth": 5, "reg_lambda": 2.180661802430785}, "budget": 0, "origin": "Sobol"}
{"cpu_time": 105.60244250297546, "wallclock_time": 105.63416600227356, "evaluations": 22, "cost": 0.0255, "incumbent": {"colsample_bytree": 0.5564905133098365, "eta": 0.01605885730841195, "max_depth": 10, "reg_lambda": 0.0010986517054572343}, "budget": 0, "origin": "Sobol"}
{"cpu_time": 134.05654168128967, "wallclock_time": 134.11019325256348, "evaluations": 34, "cost": 0.0225, "incumbent": {"colsample_bytree": 0.34836309412494304, "eta": 0.26655395384050556, "max_depth": 6, "reg_lambda": 0.1036182343546856}, "budget": 0, "origin": "Sobol"}
{"cpu_time": 316.41988015174866, "wallclock_time": 333.96323108673096, "evaluations": 101, "cost": 0.022, "incumbent": {"colsample_bytree": 0.36277010505852214, "eta": 0.18849854601930233, "max_depth": 4, "reg_lambda": 0.10616405522721965}, "budget": 0, "origin": "Local Search"}
{"cpu_time": 414.3108420372009, "wallclock_time": 455.64839696884155, "evaluations": 147, "cost": 0.0213, "incumbent": {"colsample_bytree": 0.13473738731267448, "eta": 0.2698746569928621, "max_depth": 4, "reg_lambda": 0.10864059568501867}, "budget": 0, "origin": "Local Search"}
