"CPU Time Used","Estimated Training Performance","Wallclock Time","Incumbent ID","Automatic Configurator (CPU) Time","Configuration..."
0.000000, 2147483648.000000, 0.000540, 1, 0.000540, C='0.017961675793542162',gamma='0.9046232030638993'
0.110030, 0.857100, 0.111331, 1, 0.001301, C='0.017961675793542162',gamma='0.9046232030638993'
