"CPU Time Used","Estimated Training Performance","Wallclock Time","Incumbent ID","Automatic Configurator (CPU) Time","Configuration..."
0.000000, 2147483648.000000, 0.000560, 1, 0.000560, C='0.08611366210550205',gamma='0.4942679928374453'
0.243535, 0.500000, 0.244876, 1, 0.001341, C='0.08611366210550205',gamma='0.4942679928374453'
1.230457, 0.269800, 1.237248, 2, 0.006791, C='69.38389384208695',gamma='0.0015531477828170245'
4.639512, 0.171200, 5.174309, 3, 0.534797, C='487.0441135398443',gamma='0.0010948750007252928'
