{
  "mean_cost": 0.2332327756652849,
  "finished_ta_runs": 810,
  "inc_changed": 2,
  "n_configs": 754,
  "submitted_ta_runs": 810,
  "ta_time_used": 110.2554714679718,
  "wallclock_time_used": 120.11021995544434,
  "dataset_id": 37
}