"CPU Time Used","Estimated Training Performance","Wallclock Time","Incumbent ID","Automatic Configurator (CPU) Time","Configuration..."
0.000000, 2147483648.000000, 0.000569, 1, 0.000569, C='0.08611366210550205',gamma='0.4942679928374453'
0.059185, 0.500000, 0.060532, 1, 0.001347, C='0.08611366210550205',gamma='0.4942679928374453'
0.187344, 0.488900, 0.191052, 2, 0.003708, C='19.433598606658386',gamma='9.232350409327609'
0.434359, 0.465600, 0.442877, 3, 0.008518, C='69.38389384208695',gamma='0.0015531477828170245'
0.859108, 0.461100, 0.878161, 4, 0.019053, C='4.532544074901469',gamma='0.03382327396632573'
