{
  "mean_cost": 0.7026360553027218,
  "finished_ta_runs": 300,
  "inc_changed": 8,
  "n_configs": 100,
  "submitted_ta_runs": 300,
  "ta_time_used": 4.634815216064453,
  "wallclock_time_used": 25.288485288619995,
  "dataset_id": 3560,
  "perf_time": 25.301006292007514
}