"CPU Time Used","Estimated Training Performance","Wallclock Time","Incumbent ID","Automatic Configurator (CPU) Time","Configuration..."
0.000000, 2147483648.000000, 0.000624, 1, 0.000624, C='0.08611366210550205',gamma='0.4942679928374453'
0.118713, 0.204600, 0.120146, 1, 0.001433, C='0.08611366210550205',gamma='0.4942679928374453'
0.821296, 0.176000, 0.825134, 2, 0.003838, C='19.433598606658386',gamma='9.232350409327609'
3.693626, 0.155400, 3.711675, 3, 0.018049, C='0.9777853374117317',gamma='4.200721606776305'
7.029601, 0.126800, 7.059503, 4, 0.029902, C='490.89071375229827',gamma='0.4114559193983836'
17.094150, 0.126400, 19.977413, 5, 2.883263, C='493.2848807546873',gamma='0.3534625933005807'
19.500896, 0.119900, 22.393434, 6, 2.892538, C='495.3862879150388',gamma='0.3188501411339007'
23.426374, 0.118600, 27.177310, 7, 3.750936, C='495.7224148225054',gamma='0.3210114311689725'
