"CPU Time Used","Estimated Training Performance","Wallclock Time","Incumbent ID","Automatic Configurator (CPU) Time","Configuration..."
0.000000, 2147483648.000000, 0.000533, 1, 0.000533, C='0.017961675793542162',gamma='0.9046232030638993'
0.457899, 0.750000, 0.459189, 1, 0.001290, C='0.017961675793542162',gamma='0.9046232030638993'
2.081192, 0.318500, 2.085102, 2, 0.003910, C='61.71933670840937',gamma='1.0864412265106145'
2.657877, 0.129600, 2.663625, 3, 0.005748, C='1.0',gamma='0.1'
3.380381, 0.089400, 3.389831, 4, 0.009450, C='12.958180650233897',gamma='0.01207858159167579'
9.844765, 0.086600, 9.879593, 5, 0.034828, C='176.75556488562856',gamma='0.002712060563487799'
15.629107, 0.079600, 17.906710, 6, 2.277602, C='430.45346998147267',gamma='0.0027566401602063706'
26.017238, 0.079100, 33.522722, 7, 7.505484, C='426.641632530106',gamma='0.0027856044119060936'
