"CPU Time Used","Estimated Training Performance","Wallclock Time","Incumbent ID","Automatic Configurator (CPU) Time","Configuration..."
0.000000, 2147483648.000000, 0.000558, 1, 0.000558, C='1.3600811985592882',gamma='0.09352602871548096'
0.118456, 0.167100, 0.119753, 1, 0.001297, C='1.3600811985592882',gamma='0.09352602871548096'
1.185138, 0.139800, 1.196149, 2, 0.011011, C='102.59827344587585',gamma='0.0039228031036218506'
2.205983, 0.119100, 2.227953, 3, 0.021970, C='7.48101646809008',gamma='2.7251940323754646'
5.396250, 0.109800, 6.844080, 4, 1.447830, C='7.4681067255129925',gamma='0.30277516788526454'
5.745064, 0.109300, 7.899516, 5, 2.154452, C='7.4681067255129925',gamma='0.3516318383234842'
6.147546, 0.106900, 8.627372, 6, 2.479826, C='7.4681067255129925',gamma='0.3394268194114748'
