{"cpu_time": 0.0, "wallclock_time": 0.0005578994750976562, "evaluations": 0, "cost": 2147483648.0, "incumbent": ["C='1.3600811985592882'", "gamma='0.09352602871548096'"], "origin": "Sobol"}
{"cpu_time": 0.11845612525939941, "wallclock_time": 0.11975288391113281, "evaluations": 1, "cost": 0.1671, "incumbent": ["C='1.3600811985592882'", "gamma='0.09352602871548096'"], "origin": "Sobol"}
{"cpu_time": 1.18513822555542, "wallclock_time": 1.1961488723754883, "evaluations": 13, "cost": 0.1398, "incumbent": ["C='102.59827344587585'", "gamma='0.0039228031036218506'"], "origin": "Sobol"}
{"cpu_time": 2.2059831619262695, "wallclock_time": 2.2279529571533203, "evaluations": 24, "cost": 0.1191, "incumbent": ["C='7.48101646809008'", "gamma='2.7251940323754646'"], "origin": "Sobol"}
{"cpu_time": 5.396250009536743, "wallclock_time": 6.844079971313477, "evaluations": 52, "cost": 0.1098, "incumbent": ["C='7.4681067255129925'", "gamma='0.30277516788526454'"], "origin": "Random Search (sorted)"}
{"cpu_time": 5.745063781738281, "wallclock_time": 7.8995161056518555, "evaluations": 59, "cost": 0.1093, "incumbent": ["C='7.4681067255129925'", "gamma='0.3516318383234842'"], "origin": "Local Search"}
{"cpu_time": 6.147546052932739, "wallclock_time": 8.627372026443481, "evaluations": 65, "cost": 0.1069, "incumbent": ["C='7.4681067255129925'", "gamma='0.3394268194114748'"], "origin": "Local Search"}
