"CPU Time Used","Estimated Training Performance","Wallclock Time","Incumbent ID","Automatic Configurator (CPU) Time","Configuration..."
0.000000, 2147483648.000000, 0.000325, 1, 0.000325, C='0.08611366210550205',gamma='0.4942679928374453'
4.129422, 0.500000, 4.130422, 1, 0.001000, C='0.08611366210550205',gamma='0.4942679928374453'
