{"cpu_time": 0.0, "wallclock_time": 0.0003247261047363281, "evaluations": 0, "cost": 2147483648.0, "incumbent": ["C='0.08611366210550205'", "gamma='0.4942679928374453'"], "origin": "Sobol"}
{"cpu_time": 4.129422187805176, "wallclock_time": 4.130421876907349, "evaluations": 1, "cost": 0.5, "incumbent": ["C='0.08611366210550205'", "gamma='0.4942679928374453'"], "origin": "Sobol"}
