{"cpu_time": 0.0, "wallclock_time": 0.0015668869018554688, "evaluations": 0, "cost": 2147483648.0, "incumbent": ["max_depth='2'", "max_features='0.4491682695224881'", "min_samples_leaf='1'", "min_samples_split='4'"], "origin": "Sobol"}
{"cpu_time": 0.07519388198852539, "wallclock_time": 0.07769989967346191, "evaluations": 1, "cost": 0.5746, "incumbent": ["max_depth='2'", "max_features='0.4491682695224881'", "min_samples_leaf='1'", "min_samples_split='4'"], "origin": "Sobol"}
{"cpu_time": 0.31565189361572266, "wallclock_time": 0.32071399688720703, "evaluations": 4, "cost": 0.4997, "incumbent": ["max_depth='17'", "max_features='0.6137791713699698'", "min_samples_leaf='16'", "min_samples_split='18'"], "origin": "Sobol"}
{"cpu_time": 0.47870659828186035, "wallclock_time": 0.4855358600616455, "evaluations": 6, "cost": 0.4881, "incumbent": ["max_depth='10'", "max_features='0.5'", "min_samples_leaf='1'", "min_samples_split='32'"], "origin": null}
{"cpu_time": 1.4079384803771973, "wallclock_time": 1.4261047840118408, "evaluations": 17, "cost": 0.4709, "incumbent": ["max_depth='7'", "max_features='0.8544756416231394'", "min_samples_leaf='3'", "min_samples_split='9'"], "origin": "Sobol"}
{"cpu_time": 3.960113525390625, "wallclock_time": 4.025710821151733, "evaluations": 49, "cost": 0.4613, "incumbent": ["max_depth='19'", "max_features='0.9526863796636462'", "min_samples_leaf='5'", "min_samples_split='4'"], "origin": "Sobol"}
