{
  "mean_cost": 0.3080406663526869,
  "finished_ta_runs": 1,
  "inc_changed": 1,
  "n_configs": 1,
  "submitted_ta_runs": 1,
  "ta_time_used": 0.1307380199432373,
  "wallclock_time_used": 0.13248276710510254
}