{"cpu_time": 0.0, "wallclock_time": 0.0002422332763671875, "evaluations": 0, "cost": 2147483648.0, "incumbent": ["C='0.08611366210550205'", "gamma='0.4942679928374453'"], "origin": "Sobol"}
{"cpu_time": 0.11400580406188965, "wallclock_time": 0.11496591567993164, "evaluations": 1, "cost": 0.8571, "incumbent": ["C='0.08611366210550205'", "gamma='0.4942679928374453'"], "origin": "Sobol"}
