{"cpu_time": 0.0, "wallclock_time": 0.0006890296936035156, "evaluations": 0, "cost": 2147483648.0, "incumbent": ["alpha='0.0004126639093412234'", "eta0='0.0017613324954003418'"], "origin": "Sobol"}
{"cpu_time": 2.213779926300049, "wallclock_time": 2.2153711318969727, "evaluations": 1, "cost": 0.1826, "incumbent": ["alpha='0.0004126639093412234'", "eta0='0.0017613324954003418'"], "origin": "Sobol"}
{"cpu_time": 22.0497887134552, "wallclock_time": 22.05987310409546, "evaluations": 10, "cost": 0.1596, "incumbent": ["alpha='6.675963694532246e-05'", "eta0='0.13455959491033861'"], "origin": "Sobol"}
{"cpu_time": 121.11431527137756, "wallclock_time": 124.2012550830841, "evaluations": 55, "cost": 0.1574, "incumbent": ["alpha='6.77139186473021e-05'", "eta0='0.13536729606697773'"], "origin": "Local Search"}
{"cpu_time": 288.31647968292236, "wallclock_time": 301.2571840286255, "evaluations": 131, "cost": 0.1572, "incumbent": ["alpha='6.781184702096017e-05'", "eta0='0.10454253075963744'"], "origin": "Local Search"}
{"cpu_time": 345.5230040550232, "wallclock_time": 362.62663412094116, "evaluations": 157, "cost": 0.1567, "incumbent": ["alpha='6.737713441035007e-05'", "eta0='0.10306775049523705'"], "origin": "Local Search"}
{"cpu_time": 393.94390869140625, "wallclock_time": 415.089271068573, "evaluations": 179, "cost": 0.1551, "incumbent": ["alpha='6.820088587844966e-05'", "eta0='0.056322857988154625'"], "origin": "Local Search"}
{"cpu_time": 431.33631682395935, "wallclock_time": 456.464723110199, "evaluations": 196, "cost": 0.1546, "incumbent": ["alpha='4.0375302934404076e-05'", "eta0='0.04805880619757702'"], "origin": "Random Search (sorted)"}
{"cpu_time": 442.3188762664795, "wallclock_time": 467.4682819843292, "evaluations": 201, "cost": 0.1541, "incumbent": ["alpha='4.051657735363431e-05'", "eta0='0.0515093056001434'"], "origin": "Local Search"}
{"cpu_time": 530.3244092464447, "wallclock_time": 566.9641671180725, "evaluations": 241, "cost": 0.1537, "incumbent": ["alpha='4.042881057817182e-05'", "eta0='0.05283531522725394'"], "origin": "Local Search"}
