{
  "mean_cost": 0.4882943708542511,
  "finished_ta_runs": 167,
  "inc_changed": 4,
  "n_configs": 116,
  "submitted_ta_runs": 167,
  "ta_time_used": 12.523481845855713,
  "wallclock_time_used": 61.432517766952515,
  "dataset_id": 2079
}