"CPU Time Used","Estimated Training Performance","Wallclock Time","Incumbent ID","Automatic Configurator (CPU) Time","Configuration..."
0.000000, 2147483648.000000, 0.000049, 1, 0.000049, alpha='0.001',eta0='0.01'
0.057247, 0.269400, 0.058915, 1, 0.001668, alpha='0.001',eta0='0.01'
1.242764, 0.270000, 1.260300, 2, 0.017536, alpha='0.002374055867675844',eta0='5.8767874739523716e-05'
2.263499, 0.265900, 2.317100, 3, 0.053601, alpha='0.00047563268189094034',eta0='2.3569613209121685e-05'
2.676945, 0.260700, 2.756751, 4, 0.079806, alpha='9.399424143105853e-05',eta0='2.1264709675175496e-05'
5.328074, 0.253700, 5.658816, 5, 0.330741, alpha='0.0008979784103930562',eta0='1.0555299750248877e-05'
8.350036, 0.251700, 9.167436, 6, 0.817400, alpha='0.003988302483276155',eta0='1.0915126394459524e-05'
