{
  "mean_cost": 0.0710272238050016,
  "finished_ta_runs": 1,
  "inc_changed": 1,
  "n_configs": 1,
  "submitted_ta_runs": 1,
  "ta_time_used": 11.218658208847046,
  "wallclock_time_used": 11.22049880027771,
  "dataset_id": 9981,
  "perf_time": 11.227613667000696
}