{
  "mean_cost": 0.2667465115945554,
  "finished_ta_runs": 2,
  "inc_changed": 1,
  "n_configs": 1,
  "submitted_ta_runs": 2,
  "ta_time_used": 1.7960941791534424,
  "wallclock_time_used": 1.798187017440796,
  "dataset_id": 167119,
  "perf_time": 1.8472071669998513
}