{"cpu_time": 0.0, "wallclock_time": 0.0014421939849853516, "evaluations": 0, "cost": 2147483648.0, "incumbent": {"colsample_bytree": 0.3908073678612709, "eta": 0.02197006114591668, "max_depth": 1, "reg_lambda": 0.025956378731779545}, "budget": 0, "origin": "Sobol"}
{"cpu_time": 0.7353997230529785, "wallclock_time": 0.7377941608428955, "evaluations": 1, "cost": 0.1885, "incumbent": {"colsample_bytree": 0.3908073678612709, "eta": 0.02197006114591668, "max_depth": 1, "reg_lambda": 0.025956378731779545}, "budget": 0, "origin": "Sobol"}
{"cpu_time": 13.946960687637329, "wallclock_time": 13.952064990997314, "evaluations": 4, "cost": 0.0286, "incumbent": {"colsample_bytree": 0.7864414579235017, "eta": 0.06876373473778273, "max_depth": 5, "reg_lambda": 2.180661802430785}, "budget": 0, "origin": "Sobol"}
{"cpu_time": 102.24788975715637, "wallclock_time": 102.2728943824768, "evaluations": 22, "cost": 0.0255, "incumbent": {"colsample_bytree": 0.5564905133098365, "eta": 0.01605885730841195, "max_depth": 10, "reg_lambda": 0.0010986517054572343}, "budget": 0, "origin": "Sobol"}
{"cpu_time": 130.7141284942627, "wallclock_time": 130.75567531585693, "evaluations": 34, "cost": 0.0225, "incumbent": {"colsample_bytree": 0.34836309412494304, "eta": 0.26655395384050556, "max_depth": 6, "reg_lambda": 0.1036182343546856}, "budget": 0, "origin": "Sobol"}
{"cpu_time": 264.1690077781677, "wallclock_time": 271.33991718292236, "evaluations": 85, "cost": 0.0219, "incumbent": {"colsample_bytree": 0.15223109819198835, "eta": 0.29586826845914926, "max_depth": 4, "reg_lambda": 0.7424742692497434}, "budget": 0, "origin": "Local Search"}
{"cpu_time": 292.4964735507965, "wallclock_time": 301.6901960372925, "evaluations": 95, "cost": 0.0217, "incumbent": {"colsample_bytree": 0.32869782239216633, "eta": 0.0844795403021756, "max_depth": 7, "reg_lambda": 0.8067105829499667}, "budget": 0, "origin": "Local Search"}
{"cpu_time": 303.0266065597534, "wallclock_time": 312.8692443370819, "evaluations": 101, "cost": 0.0206, "incumbent": {"colsample_bytree": 0.20766510836153146, "eta": 0.27497551023806616, "max_depth": 5, "reg_lambda": 0.8196226378702471}, "budget": 0, "origin": "Local Search"}
{"cpu_time": 658.8699839115143, "wallclock_time": 745.9399302005768, "evaluations": 285, "cost": 0.0201, "incumbent": {"colsample_bytree": 0.1476186311663425, "eta": 0.5401400890549951, "max_depth": 3, "reg_lambda": 0.003952503993535596}, "budget": 0, "origin": "Local Search"}
