"CPU Time Used","Estimated Training Performance","Wallclock Time","Incumbent ID","Automatic Configurator (CPU) Time","Configuration..."
0.000000, 2147483648.000000, 0.001442, 1, 0.001442, colsample_bytree='0.3908073678612709',eta='0.02197006114591668',max_depth='1',reg_lambda='0.025956378731779545'
0.735400, 0.188500, 0.737794, 1, 0.002394, colsample_bytree='0.3908073678612709',eta='0.02197006114591668',max_depth='1',reg_lambda='0.025956378731779545'
13.946961, 0.028600, 13.952065, 2, 0.005104, colsample_bytree='0.7864414579235017',eta='0.06876373473778273',max_depth='5',reg_lambda='2.180661802430785'
102.247890, 0.025500, 102.272894, 3, 0.025005, colsample_bytree='0.5564905133098365',eta='0.01605885730841195',max_depth='10',reg_lambda='0.0010986517054572343'
130.714128, 0.022500, 130.755675, 4, 0.041547, colsample_bytree='0.34836309412494304',eta='0.26655395384050556',max_depth='6',reg_lambda='0.1036182343546856'
264.169008, 0.021900, 271.339917, 5, 7.170909, colsample_bytree='0.15223109819198835',eta='0.29586826845914926',max_depth='4',reg_lambda='0.7424742692497434'
292.496474, 0.021700, 301.690196, 6, 9.193722, colsample_bytree='0.32869782239216633',eta='0.0844795403021756',max_depth='7',reg_lambda='0.8067105829499667'
303.026607, 0.020600, 312.869244, 7, 9.842638, colsample_bytree='0.20766510836153146',eta='0.27497551023806616',max_depth='5',reg_lambda='0.8196226378702471'
658.869984, 0.020100, 745.939930, 8, 87.069946, colsample_bytree='0.1476186311663425',eta='0.5401400890549951',max_depth='3',reg_lambda='0.003952503993535596'
