{
  "mean_cost": 0.37118024142023953,
  "finished_ta_runs": 1680,
  "inc_changed": 6,
  "n_configs": 1480,
  "submitted_ta_runs": 1680,
  "ta_time_used": 78.20407485961914,
  "wallclock_time_used": 120.07794904708862,
  "dataset_id": 37
}