"CPU Time Used","Estimated Training Performance","Wallclock Time","Incumbent ID","Automatic Configurator (CPU) Time","Configuration..."
0.000000, 2147483648.000000, 0.000035, 1, 0.000035, C='1.0',gamma='0.1'
0.030908, 0.740200, 0.031518, 1, 0.000610, C='1.0',gamma='0.1'
0.132406, 0.336700, 0.137684, 2, 0.005278, C='52.455931369707116',gamma='0.0011373846877749554'
2.776547, 0.328400, 3.237299, 3, 0.460752, C='2.8009492907098563',gamma='0.001081407053553846'
