"CPU Time Used","Estimated Training Performance","Wallclock Time","Incumbent ID","Automatic Configurator (CPU) Time","Configuration..."
0.000000, 2147483648.000000, 0.000621, 1, 0.000621, alpha='0.0004126639093412234',eta0='0.0017613324954003418'
0.079475, 0.500000, 0.081827, 1, 0.002352, alpha='0.0004126639093412234',eta0='0.0017613324954003418'
0.230334, 0.467800, 0.237917, 2, 0.007583, alpha='0.037163815274404384',eta0='0.020029702345968858'
1.158297, 0.480700, 1.198892, 3, 0.040596, alpha='2.6979332069179497e-05',eta0='0.03342560639959951'
3.378858, 0.480200, 7.818528, 4, 4.439670, alpha='0.00017018384535594523',eta0='0.0030072022471837627'
4.979791, 0.470900, 14.208468, 5, 9.228678, alpha='0.00016542796240279686',eta0='0.8381937848268203'
