{"cpu_time": 0.0, "wallclock_time": 3.504753112792969e-05, "evaluations": 0, "cost": 2147483648.0, "incumbent": {"C": 1.0, "gamma": 0.1}, "budget": 0, "origin": "Default"}
{"cpu_time": 0.1763288974761963, "wallclock_time": 0.17698216438293457, "evaluations": 1, "cost": 0.5, "incumbent": {"C": 1.0, "gamma": 0.1}, "budget": 0, "origin": "Default"}
{"cpu_time": 1.0012397766113281, "wallclock_time": 1.0075972080230713, "evaluations": 8, "cost": 0.4649, "incumbent": {"C": 1.746441318982685, "gamma": 0.0022547265063997683}, "budget": 0, "origin": "Random Search"}
{"cpu_time": 11.7146897315979, "wallclock_time": 11.891438245773315, "evaluations": 85, "cost": 0.4429, "incumbent": {"C": 613.8366144551533, "gamma": 0.0010152179917278495}, "budget": 0, "origin": "Random Search"}
{"cpu_time": 13.25834846496582, "wallclock_time": 13.46803092956543, "evaluations": 96, "cost": 0.4272, "incumbent": {"C": 23.975776717526003, "gamma": 0.00252242241319379}, "budget": 0, "origin": "Random Search"}
{"cpu_time": 43.369436740875244, "wallclock_time": 45.00367522239685, "evaluations": 318, "cost": 0.4152, "incumbent": {"C": 111.06734826002383, "gamma": 0.0016046709382708743}, "budget": 0, "origin": "Random Search"}
