"CPU Time Used","Estimated Training Performance","Wallclock Time","Incumbent ID","Automatic Configurator (CPU) Time","Configuration..."
0.000000, 2147483648.000000, 0.000035, 1, 0.000035, C='1.0',gamma='0.1'
0.176329, 0.500000, 0.176982, 1, 0.000653, C='1.0',gamma='0.1'
1.001240, 0.464900, 1.007597, 2, 0.006357, C='1.746441318982685',gamma='0.0022547265063997683'
11.714690, 0.442900, 11.891438, 3, 0.176749, C='613.8366144551533',gamma='0.0010152179917278495'
13.258348, 0.427200, 13.468031, 4, 0.209682, C='23.975776717526003',gamma='0.00252242241319379'
43.369437, 0.415200, 45.003675, 5, 1.634238, C='111.06734826002383',gamma='0.0016046709382708743'
