"CPU Time Used","Estimated Training Performance","Wallclock Time","Incumbent ID","Automatic Configurator (CPU) Time","Configuration..."
0.000000, 2147483648.000000, 0.000289, 1, 0.000289, alpha='0.0004126639093412234',eta0='0.0017613324954003418'
0.049280, 0.044900, 0.050324, 1, 0.001044, alpha='0.0004126639093412234',eta0='0.0017613324954003418'
