{"cpu_time": 0.0, "wallclock_time": 0.00028896331787109375, "evaluations": 0, "cost": 2147483648.0, "incumbent": ["alpha='0.0004126639093412234'", "eta0='0.0017613324954003418'"], "origin": "Sobol"}
{"cpu_time": 0.04928016662597656, "wallclock_time": 0.0503239631652832, "evaluations": 1, "cost": 0.0449, "incumbent": ["alpha='0.0004126639093412234'", "eta0='0.0017613324954003418'"], "origin": "Sobol"}
