"CPU Time Used","Estimated Training Performance","Wallclock Time","Incumbent ID","Automatic Configurator (CPU) Time","Configuration..."
0.000000, 2147483648.000000, 0.000037, 1, 0.000037, C='1.0',gamma='0.1'
0.094122, 0.179600, 0.094780, 1, 0.000658, C='1.0',gamma='0.1'
0.819042, 0.136200, 0.827135, 2, 0.008093, C='7.615166584313989',gamma='0.10560628945782698'
1.356115, 0.125500, 1.369938, 3, 0.013823, C='292.4994967580367',gamma='3.9659151741281455'
2.184286, 0.119900, 2.209006, 4, 0.024720, C='2.6234320025999063',gamma='1.2826061465293854'
3.129283, 0.118400, 3.168696, 5, 0.039413, C='348.6879246606398',gamma='0.01954142554261534'
4.241403, 0.109500, 4.300704, 6, 0.059301, C='11.681730948865015',gamma='0.23445175413074382'
40.743731, 0.106700, 42.374529, 7, 1.630798, C='309.2193741179055',gamma='0.009566619344023303'
