{
  "mean_cost": 0.2234861685484295,
  "finished_ta_runs": 204,
  "inc_changed": 3,
  "n_configs": 184,
  "submitted_ta_runs": 204,
  "ta_time_used": 119.50545024871826,
  "wallclock_time_used": 120.28621172904968,
  "dataset_id": 22
}