{"cpu_time": 0.0, "wallclock_time": 0.003795146942138672, "evaluations": 0, "cost": 2147483648.0, "incumbent": {"max_depth": 2, "max_features": 0.4491682695224881, "min_samples_leaf": 1, "min_samples_split": 4}, "budget": 0, "origin": "Sobol"}
{"cpu_time": 0.11666107177734375, "wallclock_time": 0.12146711349487305, "evaluations": 1, "cost": 0.3034, "incumbent": {"max_depth": 2, "max_features": 0.4491682695224881, "min_samples_leaf": 1, "min_samples_split": 4}, "budget": 0, "origin": "Sobol"}
{"cpu_time": 0.6957957744598389, "wallclock_time": 0.7031440734863281, "evaluations": 4, "cost": 0.0888, "incumbent": {"max_depth": 17, "max_features": 0.6137791713699698, "min_samples_leaf": 16, "min_samples_split": 18}, "budget": 0, "origin": "Sobol"}
{"cpu_time": 1.1065568923950195, "wallclock_time": 1.11582612991333, "evaluations": 6, "cost": 0.052, "incumbent": {"max_depth": 10, "max_features": 0.5, "min_samples_leaf": 1, "min_samples_split": 32}, "budget": 0, "origin": null}
{"cpu_time": 5.825842618942261, "wallclock_time": 5.849087238311768, "evaluations": 19, "cost": 0.0228, "incumbent": {"max_depth": 7, "max_features": 0.8544756416231394, "min_samples_leaf": 3, "min_samples_split": 9}, "budget": 0, "origin": "Sobol"}
{"cpu_time": 12.397423028945923, "wallclock_time": 12.459519863128662, "evaluations": 43, "cost": 0.0159, "incumbent": {"max_depth": 46, "max_features": 0.7485423665493727, "min_samples_leaf": 1, "min_samples_split": 7}, "budget": 0, "origin": "Sobol"}
{"cpu_time": 19.03093910217285, "wallclock_time": 19.700469970703125, "evaluations": 62, "cost": 0.0123, "incumbent": {"max_depth": 50, "max_features": 0.7678970118228479, "min_samples_leaf": 1, "min_samples_split": 3}, "budget": 0, "origin": "Local Search"}
{"cpu_time": 21.6013343334198, "wallclock_time": 22.28358006477356, "evaluations": 67, "cost": 0.0089, "incumbent": {"max_depth": 48, "max_features": 0.7527264804592251, "min_samples_leaf": 1, "min_samples_split": 5}, "budget": 0, "origin": "Local Search"}
{"cpu_time": 27.362593173980713, "wallclock_time": 31.855874061584473, "evaluations": 80, "cost": 0.0089, "incumbent": {"max_depth": 44, "max_features": 0.7566604386437176, "min_samples_leaf": 2, "min_samples_split": 5}, "budget": 0, "origin": "Local Search"}
{"cpu_time": 39.083550453186035, "wallclock_time": 51.671000957489014, "evaluations": 106, "cost": 0.0069, "incumbent": {"max_depth": 39, "max_features": 0.7308869294631041, "min_samples_leaf": 1, "min_samples_split": 5}, "budget": 0, "origin": "Local Search"}
