{"cpu_time": 0.0, "wallclock_time": 0.0015628337860107422, "evaluations": 0, "cost": 2147483648.0, "incumbent": {"max_depth": 6, "max_features": 0.3290755869820714, "min_samples_leaf": 11, "min_samples_split": 2}, "budget": 0, "origin": "Sobol"}
{"cpu_time": 0.14026808738708496, "wallclock_time": 0.14270496368408203, "evaluations": 1, "cost": 0.3476, "incumbent": {"max_depth": 6, "max_features": 0.3290755869820714, "min_samples_leaf": 11, "min_samples_split": 2}, "budget": 0, "origin": "Sobol"}
{"cpu_time": 3.7618374824523926, "wallclock_time": 3.7724978923797607, "evaluations": 10, "cost": 0.2563, "incumbent": {"max_depth": 18, "max_features": 0.9707894120365381, "min_samples_leaf": 5, "min_samples_split": 26}, "budget": 0, "origin": "Sobol"}
{"cpu_time": 6.812815427780151, "wallclock_time": 6.839026927947998, "evaluations": 24, "cost": 0.2446, "incumbent": {"max_depth": 14, "max_features": 0.1785462163388729, "min_samples_leaf": 2, "min_samples_split": 10}, "budget": 0, "origin": "Sobol"}
{"cpu_time": 10.607953786849976, "wallclock_time": 10.661524057388306, "evaluations": 43, "cost": 0.2407, "incumbent": {"max_depth": 39, "max_features": 0.3087822897359729, "min_samples_leaf": 3, "min_samples_split": 7}, "budget": 0, "origin": "Sobol"}
{"cpu_time": 17.5717351436615, "wallclock_time": 18.65971612930298, "evaluations": 68, "cost": 0.2168, "incumbent": {"max_depth": 13, "max_features": 0.8698624856229967, "min_samples_leaf": 3, "min_samples_split": 8}, "budget": 0, "origin": "Local Search"}
{"cpu_time": 33.19513964653015, "wallclock_time": 39.9678750038147, "evaluations": 95, "cost": 0.2126, "incumbent": {"max_depth": 12, "max_features": 0.813994894527672, "min_samples_leaf": 3, "min_samples_split": 4}, "budget": 0, "origin": "Local Search"}
{"cpu_time": 39.77498722076416, "wallclock_time": 47.33832001686096, "evaluations": 107, "cost": 0.2004, "incumbent": {"max_depth": 22, "max_features": 0.8659640328489878, "min_samples_leaf": 2, "min_samples_split": 4}, "budget": 0, "origin": "Local Search"}
{"cpu_time": 49.419036626815796, "wallclock_time": 59.26507210731506, "evaluations": 123, "cost": 0.1732, "incumbent": {"max_depth": 26, "max_features": 0.8514547413327548, "min_samples_leaf": 1, "min_samples_split": 2}, "budget": 0, "origin": "Local Search"}
