{
  "mean_cost": 0.12420129793046458,
  "finished_ta_runs": 300,
  "inc_changed": 9,
  "n_configs": 182,
  "submitted_ta_runs": 300,
  "ta_time_used": 77.41165518760681,
  "wallclock_time_used": 140.7200231552124,
  "dataset_id": 9964,
  "perf_time": 140.73477679200005
}