"CPU Time Used","Estimated Training Performance","Wallclock Time","Incumbent ID","Automatic Configurator (CPU) Time","Configuration..."
0.000000, 2147483648.000000, 0.000050, 1, 0.000050, colsample_bytree='1.0',eta='0.3',max_depth='10',reg_lambda='1.0'
0.706958, 0.038400, 0.708085, 1, 0.001127, colsample_bytree='1.0',eta='0.3',max_depth='10',reg_lambda='1.0'
2.469393, 0.031300, 2.476783, 2, 0.007390, colsample_bytree='0.6817994018422264',eta='0.010155350414863052',max_depth='8',reg_lambda='3.9659151741281455'
2.578756, 0.028100, 2.591290, 3, 0.012535, colsample_bytree='0.944553396390592',eta='0.7771105186723747',max_depth='4',reg_lambda='6.037064981686672'
2.705967, 0.019600, 2.726829, 4, 0.020862, colsample_bytree='0.9806458301683194',eta='0.11021240891825923',max_depth='3',reg_lambda='1.2826061465293854'
3.598447, 0.016100, 3.668529, 5, 0.070083, colsample_bytree='0.9869100253763312',eta='0.07829228237480283',max_depth='10',reg_lambda='0.0011317947333548213'
