{
  "mean_cost": 0.05320307470239165,
  "finished_ta_runs": 159,
  "inc_changed": 6,
  "n_configs": 82,
  "submitted_ta_runs": 159,
  "ta_time_used": 40.9495792388916,
  "wallclock_time_used": 60.12696981430054,
  "dataset_id": 43
}