{
  "data": [
    [
      [
        1,
        null,
        379248293,
        0.0
      ],
      [
        0.5,
        0.1519770622253418,
        {
          "__enum__": "StatusType.SUCCESS"
        },
        1674410472.148437,
        1674410472.300426,
        {}
      ]
    ]
  ],
  "config_origins": {
    "1": "Sobol"
  },
  "configs": {
    "1": {
      "max_depth": 2,
      "max_features": 0.4491682695224881,
      "min_samples_leaf": 1,
      "min_samples_split": 4
    }
  }
}