{
  "mean_cost": 0.29379270876734537,
  "finished_ta_runs": 540,
  "inc_changed": 5,
  "n_configs": 484,
  "submitted_ta_runs": 540,
  "ta_time_used": 115.55370378494263,
  "wallclock_time_used": 120.19231700897217,
  "dataset_id": 3021
}