{
  "mean_cost": 0.4857487018173533,
  "finished_ta_runs": 1,
  "inc_changed": 1,
  "n_configs": 1,
  "submitted_ta_runs": 1,
  "ta_time_used": 2.9026758670806885,
  "wallclock_time_used": 2.906773090362549
}