{
  "mean_cost": 0.03950216450216448,
  "finished_ta_runs": 1,
  "inc_changed": 1,
  "n_configs": 1,
  "submitted_ta_runs": 1,
  "ta_time_used": 0.16776704788208008,
  "wallclock_time_used": 0.16941404342651367
}