{
  "mean_cost": 0.3537613036826,
  "finished_ta_runs": 600,
  "inc_changed": 6,
  "n_configs": 474,
  "submitted_ta_runs": 600,
  "ta_time_used": 40.136192321777344,
  "wallclock_time_used": 44.86903500556946,
  "dataset_id": 11,
  "perf_time": 44.893427540999255
}