{
  "mean_cost": 0.45324989824989825,
  "finished_ta_runs": 300,
  "inc_changed": 6,
  "n_configs": 123,
  "submitted_ta_runs": 300,
  "ta_time_used": 30.40159320831299,
  "wallclock_time_used": 93.79985094070435,
  "dataset_id": 3918,
  "perf_time": 93.81001879099858
}