{"cpu_time": 0.0, "wallclock_time": 0.0006070137023925781, "evaluations": 0, "cost": 2147483648.0, "incumbent": {"C": 1.3600811985592882, "gamma": 0.09352602871548096}, "budget": 0, "origin": "Sobol"}
{"cpu_time": 0.2073500156402588, "wallclock_time": 0.20875191688537598, "evaluations": 1, "cost": 0.5, "incumbent": {"C": 1.3600811985592882, "gamma": 0.09352602871548096}, "budget": 0, "origin": "Sobol"}
{"cpu_time": 2.380869150161743, "wallclock_time": 2.403779983520508, "evaluations": 19, "cost": 0.2752, "incumbent": {"C": 102.59827344587585, "gamma": 0.0039228031036218506}, "budget": 0, "origin": "Sobol"}
{"cpu_time": 5.529992580413818, "wallclock_time": 6.547386884689331, "evaluations": 45, "cost": 0.2711, "incumbent": {"C": 85.28004390412325, "gamma": 0.002092891212633489}, "budget": 0, "origin": "Random Search (sorted)"}
{"cpu_time": 6.023996591567993, "wallclock_time": 7.874265909194946, "evaluations": 52, "cost": 0.2376, "incumbent": {"C": 87.29257618356978, "gamma": 0.000986065935890834}, "budget": 0, "origin": "Random Search (sorted)"}
{"cpu_time": 6.268293619155884, "wallclock_time": 8.126750946044922, "evaluations": 57, "cost": 0.2369, "incumbent": {"C": 81.41315496135664, "gamma": 0.0012000824026409218}, "budget": 0, "origin": "Random Search (sorted)"}
{"cpu_time": 11.324857234954834, "wallclock_time": 20.414895057678223, "evaluations": 144, "cost": 0.2199, "incumbent": {"C": 106.75345372379802, "gamma": 0.0012068813172659055}, "budget": 0, "origin": "Local Search"}
{"cpu_time": 12.35767674446106, "wallclock_time": 22.56826686859131, "evaluations": 158, "cost": 0.1946, "incumbent": {"C": 364.15978766781996, "gamma": 0.0012007200896937253}, "budget": 0, "origin": "Local Search"}
{"cpu_time": 13.018738508224487, "wallclock_time": 23.66901397705078, "evaluations": 168, "cost": 0.1707, "incumbent": {"C": 573.1168544191695, "gamma": 0.0012007200896937253}, "budget": 0, "origin": "Local Search"}
{"cpu_time": 15.791046857833862, "wallclock_time": 29.927063941955566, "evaluations": 206, "cost": 0.1701, "incumbent": {"C": 576.4658358901542, "gamma": 0.0012003801860298144}, "budget": 0, "origin": "Local Search"}
