"CPU Time Used","Estimated Training Performance","Wallclock Time","Incumbent ID","Automatic Configurator (CPU) Time","Configuration..."
0.000000, 2147483648.000000, 0.000649, 1, 0.000649, C='0.017961675793542162',gamma='0.9046232030638993'
0.169444, 0.500000, 0.170974, 1, 0.001530, C='0.017961675793542162',gamma='0.9046232030638993'
0.749517, 0.482000, 0.753503, 2, 0.003986, C='61.71933670840937',gamma='1.0864412265106145'
2.299463, 0.342500, 2.308601, 3, 0.009138, C='12.958180650233897',gamma='0.01207858159167579'
3.463298, 0.130700, 3.481108, 4, 0.017810, C='0.7731863785266639',gamma='0.0012442315522724887'
8.408603, 0.106300, 12.516289, 5, 4.107686, C='146.10987495051683',gamma='0.0012612685260693101'
