{"cpu_time": 0.0, "wallclock_time": 0.0015957355499267578, "evaluations": 0, "cost": 2147483648.0, "incumbent": {"max_depth": 2, "max_features": 0.4491682695224881, "min_samples_leaf": 1, "min_samples_split": 4}, "budget": 0, "origin": "Sobol"}
{"cpu_time": 0.10470294952392578, "wallclock_time": 0.10724973678588867, "evaluations": 1, "cost": 0.2595, "incumbent": {"max_depth": 2, "max_features": 0.4491682695224881, "min_samples_leaf": 1, "min_samples_split": 4}, "budget": 0, "origin": "Sobol"}
{"cpu_time": 0.6146852970123291, "wallclock_time": 0.6198358535766602, "evaluations": 4, "cost": 0.0893, "incumbent": {"max_depth": 17, "max_features": 0.6137791713699698, "min_samples_leaf": 16, "min_samples_split": 18}, "budget": 0, "origin": "Sobol"}
{"cpu_time": 1.010634183883667, "wallclock_time": 1.017669916152954, "evaluations": 6, "cost": 0.083, "incumbent": {"max_depth": 10, "max_features": 0.5, "min_samples_leaf": 1, "min_samples_split": 32}, "budget": 0, "origin": null}
{"cpu_time": 7.529194593429565, "wallclock_time": 7.579322099685669, "evaluations": 39, "cost": 0.0657, "incumbent": {"max_depth": 46, "max_features": 0.7485423665493727, "min_samples_leaf": 1, "min_samples_split": 7}, "budget": 0, "origin": "Sobol"}
{"cpu_time": 14.854233026504517, "wallclock_time": 18.316041946411133, "evaluations": 67, "cost": 0.0655, "incumbent": {"max_depth": 48, "max_features": 0.7559347927705543, "min_samples_leaf": 1, "min_samples_split": 3}, "budget": 0, "origin": "Local Search"}
{"cpu_time": 45.62256908416748, "wallclock_time": 78.0396180152893, "evaluations": 157, "cost": 0.0653, "incumbent": {"max_depth": 50, "max_features": 0.7336999933749078, "min_samples_leaf": 2, "min_samples_split": 6}, "budget": 0, "origin": "Local Search"}
{"cpu_time": 49.47061038017273, "wallclock_time": 84.21016597747803, "evaluations": 168, "cost": 0.065, "incumbent": {"max_depth": 49, "max_features": 0.7339794878914766, "min_samples_leaf": 1, "min_samples_split": 6}, "budget": 0, "origin": "Local Search"}
