{
  "mean_cost": 0.08043185374642237,
  "finished_ta_runs": 97,
  "inc_changed": 4,
  "n_configs": 77,
  "submitted_ta_runs": 97,
  "ta_time_used": 119.84569048881531,
  "wallclock_time_used": 120.07724714279175,
  "dataset_id": 16
}