{"cpu_time": 0.0, "wallclock_time": 0.0015397071838378906, "evaluations": 0, "cost": 2147483648.0, "incumbent": ["max_depth='6'", "max_features='0.3290755869820714'", "min_samples_leaf='11'", "min_samples_split='2'"], "origin": "Sobol"}
{"cpu_time": 0.21217107772827148, "wallclock_time": 0.2145848274230957, "evaluations": 1, "cost": 0.1895, "incumbent": ["max_depth='6'", "max_features='0.3290755869820714'", "min_samples_leaf='11'", "min_samples_split='2'"], "origin": "Sobol"}
{"cpu_time": 10.294445276260376, "wallclock_time": 10.323155879974365, "evaluations": 26, "cost": 0.177, "incumbent": ["max_depth='44'", "max_features='0.5041332198306918'", "min_samples_leaf='13'", "min_samples_split='44'"], "origin": "Sobol"}
{"cpu_time": 12.495187520980835, "wallclock_time": 12.530306816101074, "evaluations": 31, "cost": 0.1735, "incumbent": ["max_depth='10'", "max_features='0.5'", "min_samples_leaf='1'", "min_samples_split='32'"], "origin": null}
{"cpu_time": 17.501434803009033, "wallclock_time": 17.55567479133606, "evaluations": 44, "cost": 0.1669, "incumbent": ["max_depth='39'", "max_features='0.3087822897359729'", "min_samples_leaf='3'", "min_samples_split='7'"], "origin": "Sobol"}
{"cpu_time": 40.04900145530701, "wallclock_time": 49.86496376991272, "evaluations": 94, "cost": 0.1608, "incumbent": ["max_depth='39'", "max_features='0.46057817350820507'", "min_samples_leaf='2'", "min_samples_split='10'"], "origin": "Local Search"}
{"cpu_time": 48.60449147224426, "wallclock_time": 61.17915081977844, "evaluations": 110, "cost": 0.1586, "incumbent": ["max_depth='9'", "max_features='0.421902308184158'", "min_samples_leaf='2'", "min_samples_split='5'"], "origin": "Local Search"}
{"cpu_time": 54.907116174697876, "wallclock_time": 68.85650897026062, "evaluations": 119, "cost": 0.1555, "incumbent": ["max_depth='39'", "max_features='0.416681606878586'", "min_samples_leaf='2'", "min_samples_split='6'"], "origin": "Local Search"}
{"cpu_time": 58.4388792514801, "wallclock_time": 73.04329586029053, "evaluations": 129, "cost": 0.1543, "incumbent": ["max_depth='37'", "max_features='0.4117960142662716'", "min_samples_leaf='2'", "min_samples_split='7'"], "origin": "Local Search"}
{"cpu_time": 122.56834125518799, "wallclock_time": 178.3301157951355, "evaluations": 290, "cost": 0.1517, "incumbent": ["max_depth='17'", "max_features='0.40275663316648447'", "min_samples_leaf='2'", "min_samples_split='7'"], "origin": "Local Search"}
