"CPU Time Used","Estimated Training Performance","Wallclock Time","Incumbent ID","Automatic Configurator (CPU) Time","Configuration..."
0.000000, 2147483648.000000, 0.000576, 1, 0.000576, alpha='0.0004126639093412234',eta0='0.0017613324954003418'
0.052860, 0.009400, 0.054292, 1, 0.001432, alpha='0.0004126639093412234',eta0='0.0017613324954003418'
0.597668, 0.009400, 0.608281, 2, 0.010613, alpha='1.3751027885583958e-05',eta0='0.0001426968473177047'
2.398693, 0.008400, 2.456663, 3, 0.057970, alpha='0.00010552133485562857',eta0='0.004699384441638126'
