{
  "mean_cost": 0.23766666666666666,
  "finished_ta_runs": 300,
  "inc_changed": 9,
  "n_configs": 175,
  "submitted_ta_runs": 300,
  "ta_time_used": 12.041028499603271,
  "wallclock_time_used": 155.8982481956482,
  "dataset_id": 3913,
  "perf_time": 155.91089633299998
}