{"cpu_time": 0.0, "wallclock_time": 0.0015888214111328125, "evaluations": 0, "cost": 2147483648.0, "incumbent": ["max_depth='6'", "max_features='0.3290755869820714'", "min_samples_leaf='11'", "min_samples_split='2'"], "origin": "Sobol"}
{"cpu_time": 0.06917190551757812, "wallclock_time": 0.07174086570739746, "evaluations": 1, "cost": 0.3725, "incumbent": ["max_depth='6'", "max_features='0.3290755869820714'", "min_samples_leaf='11'", "min_samples_split='2'"], "origin": "Sobol"}
{"cpu_time": 0.43096065521240234, "wallclock_time": 0.43859362602233887, "evaluations": 7, "cost": 0.3727, "incumbent": ["max_depth='2'", "max_features='0.22735164780169725'", "min_samples_leaf='20'", "min_samples_split='7'"], "origin": "Sobol"}
{"cpu_time": 1.044839859008789, "wallclock_time": 1.0617966651916504, "evaluations": 17, "cost": 0.3526, "incumbent": ["max_depth='31'", "max_features='0.009538660757243633'", "min_samples_leaf='10'", "min_samples_split='16'"], "origin": "Sobol"}
