{
  "mean_cost": 0.4734134548461197,
  "finished_ta_runs": 1745,
  "inc_changed": 8,
  "n_configs": 1610,
  "submitted_ta_runs": 1745,
  "ta_time_used": 72.43960642814636,
  "wallclock_time_used": 120.00737929344177,
  "dataset_id": 9971
}