{"cpu_time": 0.0, "wallclock_time": 3.814697265625e-05, "evaluations": 0, "cost": 2147483648.0, "incumbent": {"C": 1.0, "gamma": 0.1}, "budget": 0, "origin": "Default"}
{"cpu_time": 0.020160913467407227, "wallclock_time": 0.020817041397094727, "evaluations": 1, "cost": 0.7358, "incumbent": {"C": 1.0, "gamma": 0.1}, "budget": 0, "origin": "Default"}
