{
  "mean_cost": 0.5,
  "finished_ta_runs": 1,
  "inc_changed": 1,
  "n_configs": 1,
  "submitted_ta_runs": 1,
  "ta_time_used": 0.012521028518676758,
  "wallclock_time_used": 0.014016866683959961,
  "dataset_id": 29,
  "perf_time": 0.05227745799948025
}