"CPU Time Used","Estimated Training Performance","Wallclock Time","Incumbent ID","Automatic Configurator (CPU) Time","Configuration..."
0.000000, 2147483648.000000, 0.000578, 1, 0.000578, alpha='0.0004126639093412234',eta0='0.0017613324954003418'
0.241639, 0.568800, 0.242986, 1, 0.001347, alpha='0.0004126639093412234',eta0='0.0017613324954003418'
2.353425, 0.495600, 2.363128, 2, 0.009703, alpha='6.675963694532246e-05',eta0='0.13455959491033861'
6.768207, 0.415900, 6.800125, 3, 0.031918, alpha='2.6979332069179497e-05',eta0='0.03342560639959951'
