{"cpu_time": 0.0, "wallclock_time": 0.0015270709991455078, "evaluations": 0, "cost": 2147483648.0, "incumbent": {"max_depth": 1, "max_features": 0.49276944529265165, "min_samples_leaf": 4, "min_samples_split": 9}, "budget": 0, "origin": "Sobol"}
{"cpu_time": 0.07813501358032227, "wallclock_time": 0.08055877685546875, "evaluations": 1, "cost": 0.5, "incumbent": {"max_depth": 1, "max_features": 0.49276944529265165, "min_samples_leaf": 4, "min_samples_split": 9}, "budget": 0, "origin": "Sobol"}
{"cpu_time": 0.29027676582336426, "wallclock_time": 0.29518699645996094, "evaluations": 4, "cost": 0.4255, "incumbent": {"max_depth": 22, "max_features": 0.502463330514729, "min_samples_leaf": 18, "min_samples_split": 83}, "budget": 0, "origin": "Sobol"}
{"cpu_time": 0.4481668472290039, "wallclock_time": 0.4547688961029053, "evaluations": 6, "cost": 0.3538, "incumbent": {"max_depth": 10, "max_features": 0.5, "min_samples_leaf": 1, "min_samples_split": 32}, "budget": 0, "origin": null}
{"cpu_time": 1.5785181522369385, "wallclock_time": 1.5963819026947021, "evaluations": 17, "cost": 0.3352, "incumbent": {"max_depth": 11, "max_features": 0.9135355520993471, "min_samples_leaf": 2, "min_samples_split": 4}, "budget": 0, "origin": "Sobol"}
{"cpu_time": 4.530104875564575, "wallclock_time": 4.602266788482666, "evaluations": 53, "cost": 0.3319, "incumbent": {"max_depth": 25, "max_features": 0.7711025746539235, "min_samples_leaf": 1, "min_samples_split": 10}, "budget": 0, "origin": "Sobol"}
{"cpu_time": 6.0666234493255615, "wallclock_time": 7.660456895828247, "evaluations": 68, "cost": 0.3205, "incumbent": {"max_depth": 35, "max_features": 0.8247580209651962, "min_samples_leaf": 1, "min_samples_split": 2}, "budget": 0, "origin": "Local Search"}
{"cpu_time": 8.842875242233276, "wallclock_time": 14.572834014892578, "evaluations": 90, "cost": 0.3192, "incumbent": {"max_depth": 34, "max_features": 0.90159577151785, "min_samples_leaf": 1, "min_samples_split": 8}, "budget": 0, "origin": "Local Search"}
{"cpu_time": 12.455390453338623, "wallclock_time": 24.249305963516235, "evaluations": 118, "cost": 0.3136, "incumbent": {"max_depth": 50, "max_features": 0.9019522119735058, "min_samples_leaf": 1, "min_samples_split": 2}, "budget": 0, "origin": "Local Search"}
