{
  "mean_cost": 0.18684670374005885,
  "finished_ta_runs": 300,
  "inc_changed": 9,
  "n_configs": 203,
  "submitted_ta_runs": 300,
  "ta_time_used": 95.13040614128113,
  "wallclock_time_used": 273.8843958377838,
  "dataset_id": 167141,
  "perf_time": 273.8945464589997
}