"CPU Time Used","Estimated Training Performance","Wallclock Time","Incumbent ID","Automatic Configurator (CPU) Time","Configuration..."
0.000000, 2147483648.000000, 0.000570, 1, 0.000570, alpha='0.0040824718253228975',eta0='0.00044195488125554607'
0.095502, 0.443000, 0.097237, 1, 0.001735, alpha='0.0040824718253228975',eta0='0.00044195488125554607'
3.402148, 0.478300, 9.280497, 2, 5.878349, alpha='1.4151908051120459e-05',eta0='0.007294492306684671'
5.579786, 0.472700, 18.042510, 3, 12.462724, alpha='1.401882437727972e-05',eta0='0.006197923287215597'
7.147749, 0.463000, 24.970381, 4, 17.822632, alpha='1.4396638448271912e-05',eta0='0.006232245948845058'
