"CPU Time Used","Estimated Training Performance","Wallclock Time","Incumbent ID","Automatic Configurator (CPU) Time","Configuration..."
0.000000, 2147483648.000000, 0.000059, 1, 0.000059, colsample_bytree='1.0',eta='0.3',max_depth='10',reg_lambda='1.0'
1.523729, 0.310500, 1.524984, 1, 0.001255, colsample_bytree='1.0',eta='0.3',max_depth='10',reg_lambda='1.0'
5.015908, 0.304900, 5.023747, 2, 0.007839, colsample_bytree='0.10348328177363207',eta='0.021731256783940816',max_depth='1',reg_lambda='0.01162932604255631'
8.302021, 0.301800, 8.314749, 3, 0.012728, colsample_bytree='0.9735460407805239',eta='0.3678418820983057',max_depth='10',reg_lambda='21.683858388188526'
10.329553, 0.292200, 10.351501, 4, 0.021948, colsample_bytree='0.8625691817869158',eta='0.08982327503364798',max_depth='1',reg_lambda='141.6157408137826'
12.113782, 0.288100, 12.149208, 5, 0.035426, colsample_bytree='0.6642636364310145',eta='0.7571793657624744',max_depth='1',reg_lambda='289.3995933811108'
13.839750, 0.271600, 13.897699, 6, 0.057949, colsample_bytree='0.45436387151619084',eta='0.1136618353968126',max_depth='1',reg_lambda='0.047827407432336634'
18.701707, 0.270000, 18.791055, 7, 0.089348, colsample_bytree='0.9887853265995901',eta='0.04253780746944164',max_depth='9',reg_lambda='141.9784549500424'
19.971094, 0.266200, 20.074826, 8, 0.103732, colsample_bytree='0.9929602112933086',eta='0.19248300456737744',max_depth='2',reg_lambda='224.36445931873072'
