{
  "mean_cost": 0.48888888888888893,
  "finished_ta_runs": 2,
  "inc_changed": 1,
  "n_configs": 1,
  "submitted_ta_runs": 2,
  "ta_time_used": 0.08582711219787598,
  "wallclock_time_used": 0.08957099914550781,
  "dataset_id": 3903,
  "perf_time": 0.09519999999974971
}