"CPU Time Used","Estimated Training Performance","Wallclock Time","Incumbent ID","Automatic Configurator (CPU) Time","Configuration..."
0.000000, 2147483648.000000, 0.000040, 1, 0.000040, alpha='0.001',eta0='0.01'
0.038401, 0.500000, 0.039060, 1, 0.000659, alpha='0.001',eta0='0.01'
0.126160, 0.490800, 0.129217, 2, 0.003057, alpha='0.2222611632956835',eta0='7.173240601211391e-05'
1.952441, 0.480400, 2.049884, 3, 0.097442, alpha='3.1661549182645724e-05',eta0='0.859839043032428'
5.624378, 0.479700, 6.151138, 4, 0.526760, alpha='0.2798517106138419',eta0='0.00020656133473567233'
6.896752, 0.478800, 7.640532, 5, 0.743780, alpha='0.08715366432102518',eta0='0.00032030112078492513'
8.225255, 0.477300, 9.237943, 6, 1.012687, alpha='7.148619349887645e-05',eta0='0.35581754362909496'
14.621895, 0.475800, 17.560418, 7, 2.938523, alpha='0.6017288374942857',eta0='1.7235808232357475e-05'
