"CPU Time Used","Estimated Training Performance","Wallclock Time","Incumbent ID","Automatic Configurator (CPU) Time","Configuration..."
0.000000, 2147483648.000000, 0.000042, 1, 0.000042, C='1.0',gamma='0.1'
0.007571, 0.050900, 0.008229, 1, 0.000658, C='1.0',gamma='0.1'
0.076159, 0.020400, 0.087367, 2, 0.011208, C='0.7080699222261617',gamma='0.008238286081969528'
0.319628, 0.015100, 0.394521, 3, 0.074893, C='0.017113944454407788',gamma='0.006663684398901587'
