{
  "mean_cost": 0.03419020356892466,
  "finished_ta_runs": 2,
  "inc_changed": 1,
  "n_configs": 1,
  "submitted_ta_runs": 2,
  "ta_time_used": 7.57057523727417,
  "wallclock_time_used": 7.572941064834595,
  "dataset_id": 167140,
  "perf_time": 7.580901957999913
}