"CPU Time Used","Estimated Training Performance","Wallclock Time","Incumbent ID","Automatic Configurator (CPU) Time","Configuration..."
0.000000, 2147483648.000000, 0.000037, 1, 0.000037, C='1.0',gamma='0.1'
0.024488, 0.160600, 0.025123, 1, 0.000635, C='1.0',gamma='0.1'
0.073142, 0.109900, 0.076389, 2, 0.003247, C='167.43465269107315',gamma='0.010473312293162985'
0.179405, 0.076800, 0.185885, 3, 0.006480, C='131.61290023311957',gamma='0.649856834080378'
2.800899, 0.050600, 2.954159, 4, 0.153260, C='310.54195175803994',gamma='0.037423865677612134'
3.340900, 0.029500, 3.548142, 5, 0.207242, C='8.307456030796704',gamma='0.3192316207190183'
