{"cpu_time": 0.0, "wallclock_time": 0.0016393661499023438, "evaluations": 0, "cost": 2147483648.0, "incumbent": {"colsample_bytree": 0.569966175314039, "eta": 0.009556882986489993, "max_depth": 3, "reg_lambda": 0.0020776820882921045}, "budget": 0, "origin": "Sobol"}
{"cpu_time": 0.2498629093170166, "wallclock_time": 0.25261807441711426, "evaluations": 1, "cost": 0.0855, "incumbent": {"colsample_bytree": 0.569966175314039, "eta": 0.009556882986489993, "max_depth": 3, "reg_lambda": 0.0020776820882921045}, "budget": 0, "origin": "Sobol"}
{"cpu_time": 3.3325917720794678, "wallclock_time": 3.342409372329712, "evaluations": 7, "cost": 0.048, "incumbent": {"colsample_bytree": 0.3878000834956765, "eta": 0.004721681612948408, "max_depth": 10, "reg_lambda": 0.09654112415362535}, "budget": 0, "origin": "Sobol"}
{"cpu_time": 7.483355760574341, "wallclock_time": 7.496211290359497, "evaluations": 10, "cost": 0.0297, "incumbent": {"colsample_bytree": 1.0, "eta": 0.3, "max_depth": 10, "reg_lambda": 1.0}, "budget": 0, "origin": null}
{"cpu_time": 37.00459122657776, "wallclock_time": 44.897826194763184, "evaluations": 69, "cost": 0.0295, "incumbent": {"colsample_bytree": 1.0, "eta": 0.246569106135981, "max_depth": 10, "reg_lambda": 0.232622328387895}, "budget": 0, "origin": "Local Search"}
{"cpu_time": 53.942915201187134, "wallclock_time": 67.38225412368774, "evaluations": 83, "cost": 0.0291, "incumbent": {"colsample_bytree": 1.0, "eta": 0.246569106135981, "max_depth": 10, "reg_lambda": 0.0014924450660877549}, "budget": 0, "origin": "Local Search"}
{"cpu_time": 79.15256071090698, "wallclock_time": 104.5958662033081, "evaluations": 105, "cost": 0.029, "incumbent": {"colsample_bytree": 1.0, "eta": 0.2460658230879961, "max_depth": 10, "reg_lambda": 0.0014924450660877549}, "budget": 0, "origin": "Local Search"}
