"CPU Time Used","Estimated Training Performance","Wallclock Time","Incumbent ID","Automatic Configurator (CPU) Time","Configuration..."
0.000000, 2147483648.000000, 0.001639, 1, 0.001639, colsample_bytree='0.569966175314039',eta='0.009556882986489993',max_depth='3',reg_lambda='0.0020776820882921045'
0.249863, 0.085500, 0.252618, 1, 0.002755, colsample_bytree='0.569966175314039',eta='0.009556882986489993',max_depth='3',reg_lambda='0.0020776820882921045'
3.332592, 0.048000, 3.342409, 2, 0.009818, colsample_bytree='0.3878000834956765',eta='0.004721681612948408',max_depth='10',reg_lambda='0.09654112415362535'
7.483356, 0.029700, 7.496211, 3, 0.012856, colsample_bytree='1.0',eta='0.3',max_depth='10',reg_lambda='1.0'
37.004591, 0.029500, 44.897826, 4, 7.893235, colsample_bytree='1.0',eta='0.246569106135981',max_depth='10',reg_lambda='0.232622328387895'
53.942915, 0.029100, 67.382254, 5, 13.439339, colsample_bytree='1.0',eta='0.246569106135981',max_depth='10',reg_lambda='0.0014924450660877549'
79.152561, 0.029000, 104.595866, 6, 25.443305, colsample_bytree='1.0',eta='0.2460658230879961',max_depth='10',reg_lambda='0.0014924450660877549'
