"CPU Time Used","Estimated Training Performance","Wallclock Time","Incumbent ID","Automatic Configurator (CPU) Time","Configuration..."
0.000000, 2147483648.000000, 0.000708, 1, 0.000708, alpha='0.0040824718253228975',eta0='0.00044195488125554607'
0.970912, 0.217100, 0.972424, 1, 0.001512, alpha='0.0040824718253228975',eta0='0.00044195488125554607'
3.856375, 0.147300, 3.860348, 2, 0.003973, alpha='0.0007534803600179209',eta0='0.01638324291048883'
24.046744, 0.038300, 24.073073, 3, 0.026329, alpha='1.4230872500070733e-05',eta0='0.006316939148274451'
38.396247, 0.033800, 39.134989, 4, 0.738742, alpha='1.3615292104074084e-05',eta0='0.01112373315601793'
44.134944, 0.028900, 45.169557, 5, 1.034613, alpha='1.3151485341834437e-05',eta0='0.0157237055634294'
54.646853, 0.028200, 56.130790, 6, 1.483937, alpha='1.2686280715837465e-05',eta0='0.015732810745995335'
