{
  "mean_cost": 0.13059331038655703,
  "finished_ta_runs": 300,
  "inc_changed": 5,
  "n_configs": 172,
  "submitted_ta_runs": 300,
  "ta_time_used": 56.92694282531738,
  "wallclock_time_used": 116.99985885620117,
  "dataset_id": 3021,
  "perf_time": 117.01239041700319
}