{
  "mean_cost": 0.45812225886419433,
  "finished_ta_runs": 600,
  "inc_changed": 1,
  "n_configs": 588,
  "submitted_ta_runs": 600,
  "ta_time_used": 15.010581493377686,
  "wallclock_time_used": 20.778424978256226,
  "dataset_id": 9971,
  "perf_time": 20.795323583000027
}