"CPU Time Used","Estimated Training Performance","Wallclock Time","Incumbent ID","Automatic Configurator (CPU) Time","Configuration..."
0.000000, 2147483648.000000, 0.000037, 1, 0.000037, alpha='0.001',eta0='0.01'
0.083983, 0.470400, 0.084635, 1, 0.000652, alpha='0.001',eta0='0.01'
0.500521, 0.453700, 0.506152, 2, 0.005631, alpha='0.08477318530405828',eta0='1.1349690026383863e-05'
1.521045, 0.465000, 1.546455, 3, 0.025410, alpha='3.802084885425103e-05',eta0='0.9268259705128266'
7.696158, 0.453400, 7.950362, 4, 0.254204, alpha='0.005606431964803301',eta0='9.987437359026597e-05'
30.884069, 0.449200, 33.757502, 5, 2.873433, alpha='2.3876424621774174e-05',eta0='0.010050669404567265'
