"CPU Time Used","Estimated Training Performance","Wallclock Time","Incumbent ID","Automatic Configurator (CPU) Time","Configuration..."
0.000000, 2147483648.000000, 0.000032, 1, 0.000032, C='1.0',gamma='0.1'
0.143667, 0.019000, 0.144313, 1, 0.000646, C='1.0',gamma='0.1'
0.409459, 0.004900, 0.412701, 2, 0.003242, C='167.43465269107315',gamma='0.010473312293162985'
0.663697, 0.002700, 0.670265, 3, 0.006568, C='131.61290023311957',gamma='0.649856834080378'
103.855598, 0.002000, 104.739095, 4, 0.883497, C='84.92077836858748',gamma='0.1757655476197304'
