{
  "mean_cost": 0.2928385416666667,
  "finished_ta_runs": 168,
  "inc_changed": 6,
  "n_configs": 117,
  "submitted_ta_runs": 168,
  "ta_time_used": 12.655048608779907,
  "wallclock_time_used": 60.6024968624115,
  "dataset_id": 3913
}