"CPU Time Used","Estimated Training Performance","Wallclock Time","Incumbent ID","Automatic Configurator (CPU) Time","Configuration..."
0.000000, 2147483648.000000, 0.000069, 1, 0.000069, alpha='0.001',eta0='0.01'
6.650874, 0.057800, 6.651753, 1, 0.000879, alpha='0.001',eta0='0.01'
26.538109, 0.025100, 26.542201, 2, 0.004092, alpha='0.2222611632956835',eta0='7.173240601211391e-05'
1121.744877, 0.025000, 1122.627771, 3, 0.882894, alpha='0.2183134047915063',eta0='2.9559800156397577e-05'
1552.105890, 0.024600, 1553.631771, 4, 1.525881, alpha='0.16987315750675805',eta0='4.679561127397464e-05'
1839.698401, 0.023300, 1841.751784, 5, 2.053382, alpha='0.1845133879504553',eta0='1.4836596865230576e-05'
