"CPU Time Used","Estimated Training Performance","Wallclock Time","Incumbent ID","Automatic Configurator (CPU) Time","Configuration..."
0.000000, 2147483648.000000, 0.001539, 1, 0.001539, colsample_bytree='0.2890479595400393',eta='0.02972240058848022',max_depth='1',reg_lambda='0.23594281684827217'
0.562374, 0.656600, 0.564975, 1, 0.002601, colsample_bytree='0.2890479595400393',eta='0.02972240058848022',max_depth='1',reg_lambda='0.23594281684827217'
23.264712, 0.573000, 23.272201, 2, 0.007489, colsample_bytree='0.839533680677414',eta='0.03178815964339868',max_depth='7',reg_lambda='260.08137409645684'
57.395042, 0.375100, 57.405235, 3, 0.010193, colsample_bytree='1.0',eta='0.3',max_depth='10',reg_lambda='1.0'
364.961955, 0.374700, 368.594160, 4, 3.632205, colsample_bytree='1.0',eta='0.6072396840896935',max_depth='10',reg_lambda='9.45978499081127'
531.152549, 0.374300, 537.069244, 5, 5.916695, colsample_bytree='0.999702597146855',eta='0.28782558016937987',max_depth='10',reg_lambda='8.111000046698912'
806.810309, 0.373400, 817.059253, 6, 10.248944, colsample_bytree='0.9996922833568471',eta='0.24513170688272015',max_depth='10',reg_lambda='3.9822587721437013'
1808.216998, 0.372500, 1849.349455, 7, 41.132457, colsample_bytree='0.9997230132805668',eta='0.2337775428315565',max_depth='10',reg_lambda='4.006282871435898'
