{
  "mean_cost": 0.3867687051510581,
  "finished_ta_runs": 2,
  "inc_changed": 1,
  "n_configs": 1,
  "submitted_ta_runs": 2,
  "ta_time_used": 0.07369804382324219,
  "wallclock_time_used": 0.0760335922241211,
  "dataset_id": 10101,
  "perf_time": 0.0810652499999378
}