{"cpu_time": 0.0, "wallclock_time": 0.0015690326690673828, "evaluations": 0, "cost": 2147483648.0, "incumbent": ["max_depth='1'", "max_features='0.49276944529265165'", "min_samples_leaf='4'", "min_samples_split='9'"], "origin": "Sobol"}
{"cpu_time": 0.08790183067321777, "wallclock_time": 0.09042501449584961, "evaluations": 1, "cost": 0.5, "incumbent": ["max_depth='1'", "max_features='0.49276944529265165'", "min_samples_leaf='4'", "min_samples_split='9'"], "origin": "Sobol"}
{"cpu_time": 0.2810366153717041, "wallclock_time": 0.28603219985961914, "evaluations": 4, "cost": 0.4941, "incumbent": ["max_depth='22'", "max_features='0.502463330514729'", "min_samples_leaf='18'", "min_samples_split='83'"], "origin": "Sobol"}
{"cpu_time": 0.4285144805908203, "wallclock_time": 0.4352090358734131, "evaluations": 6, "cost": 0.4701, "incumbent": ["max_depth='10'", "max_features='0.5'", "min_samples_leaf='1'", "min_samples_split='32'"], "origin": null}
{"cpu_time": 0.7085819244384766, "wallclock_time": 0.7187912464141846, "evaluations": 10, "cost": 0.4226, "incumbent": ["max_depth='9'", "max_features='0.24789578560739756'", "min_samples_leaf='6'", "min_samples_split='2'"], "origin": "Sobol"}
{"cpu_time": 3.27386212348938, "wallclock_time": 3.329439878463745, "evaluations": 45, "cost": 0.4109, "incumbent": ["max_depth='35'", "max_features='0.653578007593751'", "min_samples_leaf='3'", "min_samples_split='2'"], "origin": "Sobol"}
{"cpu_time": 4.361051321029663, "wallclock_time": 4.443026065826416, "evaluations": 59, "cost": 0.4063, "incumbent": ["max_depth='25'", "max_features='0.7711025746539235'", "min_samples_leaf='1'", "min_samples_split='10'"], "origin": "Sobol"}
{"cpu_time": 5.7901740074157715, "wallclock_time": 7.636627912521362, "evaluations": 76, "cost": 0.3713, "incumbent": ["max_depth='24'", "max_features='0.7502660565091286'", "min_samples_leaf='1'", "min_samples_split='4'"], "origin": "Local Search"}
{"cpu_time": 9.226592063903809, "wallclock_time": 20.05048394203186, "evaluations": 113, "cost": 0.364, "incumbent": ["max_depth='14'", "max_features='0.7687745000099865'", "min_samples_leaf='1'", "min_samples_split='4'"], "origin": "Local Search"}
