"CPU Time Used","Estimated Training Performance","Wallclock Time","Incumbent ID","Automatic Configurator (CPU) Time","Configuration..."
0.000000, 2147483648.000000, 0.000610, 1, 0.000610, C='0.08611366210550205',gamma='0.4942679928374453'
0.123160, 0.207500, 0.124697, 1, 0.001537, C='0.08611366210550205',gamma='0.4942679928374453'
0.564086, 0.145400, 0.568195, 2, 0.004109, C='19.433598606658386',gamma='9.232350409327609'
2.387717, 0.124100, 2.407020, 3, 0.019303, C='0.9777853374117317',gamma='4.200721606776305'
3.230276, 0.122800, 3.261462, 4, 0.031186, C='490.89071375229827',gamma='0.4114559193983836'
3.837161, 0.121300, 3.878351, 5, 0.041189, C='174.3335385705781',gamma='1.5332384395652485'
4.675814, 0.112000, 4.730926, 6, 0.055112, C='76.5060885254147',gamma='0.08851540004701101'
5.694449, 0.107800, 7.034513, 7, 1.340064, C='72.33196949527961',gamma='0.08432325430160979'
