"CPU Time Used","Estimated Training Performance","Wallclock Time","Incumbent ID","Automatic Configurator (CPU) Time","Configuration..."
0.000000, 2147483648.000000, 0.000544, 1, 0.000544, C='0.017961675793542162',gamma='0.9046232030638993'
1.279088, 0.900000, 1.280447, 1, 0.001359, C='0.017961675793542162',gamma='0.9046232030638993'
10.463742, 0.213000, 10.475142, 2, 0.011400, C='12.958180650233897',gamma='0.01207858159167579'
18.803605, 0.006400, 18.831777, 3, 0.028172, C='0.7731863785266639',gamma='0.0012442315522724887'
48.551068, 0.005600, 50.265366, 4, 1.714298, C='4.140399478602128',gamma='0.0013812853052965737'
