{
  "mean_cost": 0.33535477482471565,
  "finished_ta_runs": 1,
  "inc_changed": 1,
  "n_configs": 1,
  "submitted_ta_runs": 1,
  "ta_time_used": 17.411566019058228,
  "wallclock_time_used": 17.41467523574829
}