"CPU Time Used","Estimated Training Performance","Wallclock Time","Incumbent ID","Automatic Configurator (CPU) Time","Configuration..."
0.000000, 2147483648.000000, 0.000572, 1, 0.000572, alpha='0.00011227070295712931',eta0='0.0029096933833365197'
0.422669, 0.762100, 0.424044, 1, 0.001375, alpha='0.00011227070295712931',eta0='0.0029096933833365197'
13.711606, 0.769100, 13.753132, 2, 0.041527, alpha='8.493190945563282e-05',eta0='3.713240341799095e-05'
36.731137, 0.765100, 43.948182, 3, 7.217045, alpha='3.5036169959541064e-05',eta0='0.008216350502442729'
