{
  "mean_cost": 0.7584991569318195,
  "finished_ta_runs": 2,
  "inc_changed": 1,
  "n_configs": 1,
  "submitted_ta_runs": 2,
  "ta_time_used": 0.1460578441619873,
  "wallclock_time_used": 0.1479778289794922,
  "dataset_id": 18,
  "perf_time": 0.15373470800022915
}