{"cpu_time": 0.0, "wallclock_time": 0.0015480518341064453, "evaluations": 0, "cost": 2147483648.0, "incumbent": {"max_depth": 1, "max_features": 0.49276944529265165, "min_samples_leaf": 4, "min_samples_split": 9}, "budget": 0, "origin": "Sobol"}
{"cpu_time": 0.08347511291503906, "wallclock_time": 0.08590006828308105, "evaluations": 1, "cost": 0.5, "incumbent": {"max_depth": 1, "max_features": 0.49276944529265165, "min_samples_leaf": 4, "min_samples_split": 9}, "budget": 0, "origin": "Sobol"}
{"cpu_time": 0.394517183303833, "wallclock_time": 0.3994560241699219, "evaluations": 4, "cost": 0.1971, "incumbent": {"max_depth": 22, "max_features": 0.502463330514729, "min_samples_leaf": 18, "min_samples_split": 83}, "budget": 0, "origin": "Sobol"}
{"cpu_time": 0.6432080268859863, "wallclock_time": 0.649867057800293, "evaluations": 6, "cost": 0.0873, "incumbent": {"max_depth": 10, "max_features": 0.5, "min_samples_leaf": 1, "min_samples_split": 32}, "budget": 0, "origin": null}
{"cpu_time": 2.409444570541382, "wallclock_time": 2.426741123199463, "evaluations": 17, "cost": 0.0716, "incumbent": {"max_depth": 11, "max_features": 0.9135355520993471, "min_samples_leaf": 2, "min_samples_split": 4}, "budget": 0, "origin": "Sobol"}
{"cpu_time": 10.955604553222656, "wallclock_time": 17.255243062973022, "evaluations": 75, "cost": 0.0679, "incumbent": {"max_depth": 11, "max_features": 0.9020828995620598, "min_samples_leaf": 2, "min_samples_split": 2}, "budget": 0, "origin": "Local Search"}
