{
  "mean_cost": 0.33007048558664465,
  "finished_ta_runs": 187,
  "inc_changed": 5,
  "n_configs": 98,
  "submitted_ta_runs": 187,
  "ta_time_used": 26.033859729766846,
  "wallclock_time_used": 60.10278034210205,
  "dataset_id": 31
}