{"cpu_time": 0.0, "wallclock_time": 0.0014562606811523438, "evaluations": 0, "cost": 2147483648.0, "incumbent": {"colsample_bytree": 0.569966175314039, "eta": 0.009556882986489993, "max_depth": 3, "reg_lambda": 0.0020776820882921045}, "budget": 0, "origin": "Sobol"}
{"cpu_time": 0.09379220008850098, "wallclock_time": 0.09625506401062012, "evaluations": 1, "cost": 0.2982, "incumbent": {"colsample_bytree": 0.569966175314039, "eta": 0.009556882986489993, "max_depth": 3, "reg_lambda": 0.0020776820882921045}, "budget": 0, "origin": "Sobol"}
{"cpu_time": 0.9402139186859131, "wallclock_time": 0.9478170871734619, "evaluations": 7, "cost": 0.2424, "incumbent": {"colsample_bytree": 0.3878000834956765, "eta": 0.004721681612948408, "max_depth": 10, "reg_lambda": 0.09654112415362535}, "budget": 0, "origin": "Sobol"}
{"cpu_time": 1.6235251426696777, "wallclock_time": 1.6338601112365723, "evaluations": 10, "cost": 0.2132, "incumbent": {"colsample_bytree": 1.0, "eta": 0.3, "max_depth": 10, "reg_lambda": 1.0}, "budget": 0, "origin": null}
{"cpu_time": 8.867932081222534, "wallclock_time": 14.163535118103027, "evaluations": 67, "cost": 0.1961, "incumbent": {"colsample_bytree": 1.0, "eta": 0.8459627646958522, "max_depth": 10, "reg_lambda": 1.3534904433012902}, "budget": 0, "origin": "Local Search"}
{"cpu_time": 9.738680124282837, "wallclock_time": 15.597813129425049, "evaluations": 73, "cost": 0.1951, "incumbent": {"colsample_bytree": 1.0, "eta": 0.9769822537257432, "max_depth": 6, "reg_lambda": 1.0484799833105731}, "budget": 0, "origin": "Local Search"}
{"cpu_time": 10.86120867729187, "wallclock_time": 18.342053174972534, "evaluations": 81, "cost": 0.1895, "incumbent": {"colsample_bytree": 1.0, "eta": 0.9675744355030571, "max_depth": 6, "reg_lambda": 1.0484799833105731}, "budget": 0, "origin": "Local Search"}
{"cpu_time": 26.958271980285645, "wallclock_time": 82.39463496208191, "evaluations": 202, "cost": 0.1875, "incumbent": {"colsample_bytree": 1.0, "eta": 0.9815905559020738, "max_depth": 6, "reg_lambda": 1.0484576010155504}, "budget": 0, "origin": "Local Search"}
{"cpu_time": 28.044161081314087, "wallclock_time": 84.85868811607361, "evaluations": 210, "cost": 0.1864, "incumbent": {"colsample_bytree": 1.0, "eta": 0.9825315120165662, "max_depth": 6, "reg_lambda": 1.0484576010155504}, "budget": 0, "origin": "Local Search"}
{"cpu_time": 31.153449773788452, "wallclock_time": 94.54418110847473, "evaluations": 232, "cost": 0.1833, "incumbent": {"colsample_bytree": 1.0, "eta": 0.9786607221321428, "max_depth": 6, "reg_lambda": 1.0484576010155504}, "budget": 0, "origin": "Local Search"}
{"cpu_time": 31.840850830078125, "wallclock_time": 95.25848507881165, "evaluations": 237, "cost": 0.181, "incumbent": {"colsample_bytree": 1.0, "eta": 0.9806712495778699, "max_depth": 6, "reg_lambda": 1.0484576010155504}, "budget": 0, "origin": "Local Search"}
{"cpu_time": 35.31166434288025, "wallclock_time": 110.50946712493896, "evaluations": 264, "cost": 0.1766, "incumbent": {"colsample_bytree": 1.0, "eta": 0.9805678102135421, "max_depth": 6, "reg_lambda": 1.0484576010155504}, "budget": 0, "origin": "Local Search"}
