"CPU Time Used","Estimated Training Performance","Wallclock Time","Incumbent ID","Automatic Configurator (CPU) Time","Configuration..."
0.000000, 2147483648.000000, 0.000068, 1, 0.000068, alpha='0.001',eta0='0.01'
0.654326, 0.379300, 0.656853, 1, 0.002527, alpha='0.001',eta0='0.01'
2.641805, 0.175800, 2.647543, 2, 0.005738, alpha='0.2222611632956835',eta0='7.173240601211391e-05'
9.320346, 0.151000, 9.337416, 3, 0.017070, alpha='0.002374055867675844',eta0='5.8767874739523716e-05'
31.590375, 0.148500, 31.672584, 4, 0.082209, alpha='0.0001078522055815542',eta0='4.9275829905502194e-05'
114.224339, 0.148000, 114.856963, 5, 0.632623, alpha='0.0003724169203066743',eta0='4.866146058284827e-05'
