"CPU Time Used","Estimated Training Performance","Wallclock Time","Incumbent ID","Automatic Configurator (CPU) Time","Configuration..."
0.000000, 2147483648.000000, 0.000047, 1, 0.000047, alpha='0.001',eta0='0.01'
0.092316, 0.009400, 0.093130, 1, 0.000813, alpha='0.001',eta0='0.01'
0.885740, 0.009400, 0.909245, 2, 0.023505, alpha='0.007044721831944322',eta0='0.003888387662681052'
3.336620, 0.007700, 3.448246, 3, 0.111626, alpha='2.2820115411688363e-05',eta0='0.005866860318194866'
9.836692, 0.007600, 10.458502, 4, 0.621810, alpha='1.880321046227831e-05',eta0='0.01209692889382243'
10.994607, 0.006300, 11.739777, 5, 0.745170, alpha='5.127588562429307e-05',eta0='0.0013542251609721572'
