{
  "mean_cost": 0.1870041860444337,
  "finished_ta_runs": 1,
  "inc_changed": 1,
  "n_configs": 1,
  "submitted_ta_runs": 1,
  "ta_time_used": 2.7555549144744873,
  "wallclock_time_used": 2.7571520805358887,
  "dataset_id": 14,
  "perf_time": 2.7624614579999616
}