{
  "mean_cost": 0.24583023071322713,
  "finished_ta_runs": 600,
  "inc_changed": 4,
  "n_configs": 566,
  "submitted_ta_runs": 600,
  "ta_time_used": 2216.911001443863,
  "wallclock_time_used": 2222.7777540683746,
  "dataset_id": 32,
  "perf_time": 2222.751349375001
}