"CPU Time Used","Estimated Training Performance","Wallclock Time","Incumbent ID","Automatic Configurator (CPU) Time","Configuration..."
0.000000, 2147483648.000000, 0.000546, 1, 0.000546, alpha='0.0040824718253228975',eta0='0.00044195488125554607'
0.083893, 0.163100, 0.085156, 1, 0.001263, alpha='0.0040824718253228975',eta0='0.00044195488125554607'
1.719666, 0.158100, 1.739759, 2, 0.020093, alpha='0.03030347755881635',eta0='9.629973594130217e-05'
2.696072, 0.148500, 2.733147, 3, 0.037075, alpha='5.872228902171585e-05',eta0='0.00027724604623741747'
5.969879, 0.147200, 9.653408, 4, 3.683529, alpha='0.0008296664285162007',eta0='0.0002725636402971775'
7.407608, 0.147100, 13.387611, 5, 5.980003, alpha='0.001687032372109733',eta0='0.00029077350178151833'
8.671248, 0.146900, 16.295299, 6, 7.624051, alpha='0.0016737688147354642',eta0='0.0002717362042136879'
