"CPU Time Used","Estimated Training Performance","Wallclock Time","Incumbent ID","Automatic Configurator (CPU) Time","Configuration..."
0.000000, 2147483648.000000, 0.000559, 1, 0.000559, alpha='0.00011227070295712931',eta0='0.0029096933833365197'
0.174112, 0.779800, 0.175419, 1, 0.001307, alpha='0.00011227070295712931',eta0='0.0029096933833365197'
1.123420, 0.768400, 1.129335, 2, 0.005915, alpha='0.026542866188361353',eta0='8.075114966892127e-05'
37.740813, 0.766400, 88.727502, 3, 50.986688, alpha='0.004202410131693146',eta0='0.019248881287532677'
