"CPU Time Used","Estimated Training Performance","Wallclock Time","Incumbent ID","Automatic Configurator (CPU) Time","Configuration..."
0.000000, 2147483648.000000, 0.000047, 1, 0.000047, colsample_bytree='1.0',eta='0.3',max_depth='10',reg_lambda='1.0'
0.039186, 0.286200, 0.039901, 1, 0.000715, colsample_bytree='1.0',eta='0.3',max_depth='10',reg_lambda='1.0'
1.255976, 0.285400, 1.314466, 2, 0.058490, colsample_bytree='0.9889612372770497',eta='0.20863804937028232',max_depth='4',reg_lambda='47.83467557954899'
1.427679, 0.270800, 1.505673, 3, 0.077994, colsample_bytree='0.13479577140410934',eta='0.6022571669643998',max_depth='1',reg_lambda='2.2227026873990723'
2.512701, 0.205000, 2.713175, 4, 0.200475, colsample_bytree='0.34058208781885646',eta='0.5376907084014492',max_depth='1',reg_lambda='0.3601733929477305'
8.815613, 0.173400, 10.921313, 5, 2.105700, colsample_bytree='0.47439521540980367',eta='0.7242927091791613',max_depth='1',reg_lambda='0.006620490222862233'
