{
  "mean_cost": 0.23171228297716395,
  "finished_ta_runs": 1,
  "inc_changed": 1,
  "n_configs": 1,
  "submitted_ta_runs": 1,
  "ta_time_used": 0.5889060497283936,
  "wallclock_time_used": 0.5906360149383545
}