"CPU Time Used","Estimated Training Performance","Wallclock Time","Incumbent ID","Automatic Configurator (CPU) Time","Configuration..."
0.000000, 2147483648.000000, 0.001500, 1, 0.001500, colsample_bytree='0.569966175314039',eta='0.009556882986489993',max_depth='3',reg_lambda='0.0020776820882921045'
0.043492, 0.476200, 0.046011, 1, 0.002519, colsample_bytree='0.569966175314039',eta='0.009556882986489993',max_depth='3',reg_lambda='0.0020776820882921045'
0.353581, 0.424600, 0.361144, 2, 0.007563, colsample_bytree='0.3878000834956765',eta='0.004721681612948408',max_depth='10',reg_lambda='0.09654112415362535'
1.136062, 0.419100, 1.156722, 3, 0.020660, colsample_bytree='0.6897349533624947',eta='0.11093751049628797',max_depth='5',reg_lambda='0.005625821167002132'
1.804338, 0.396800, 1.844074, 4, 0.039736, colsample_bytree='0.6345239883288741',eta='0.33181775125056084',max_depth='2',reg_lambda='0.043291333432912055'
3.743099, 0.393500, 11.126011, 5, 7.382912, colsample_bytree='0.6424957228158608',eta='0.3317176310076013',max_depth='2',reg_lambda='0.043705454062207945'
4.341123, 0.382400, 14.531271, 6, 10.190148, colsample_bytree='0.875011419719662',eta='0.3317176310076013',max_depth='2',reg_lambda='0.043705454062207945'
9.966933, 0.374100, 62.545041, 7, 52.578109, colsample_bytree='0.8999621851661466',eta='0.3318670323250126',max_depth='2',reg_lambda='0.043334779697070724'
