{
  "mean_cost": 0.5490793882043881,
  "finished_ta_runs": 1040,
  "inc_changed": 6,
  "n_configs": 966,
  "submitted_ta_runs": 1040,
  "ta_time_used": 102.64416241645813,
  "wallclock_time_used": 120.40322208404541,
  "dataset_id": 2079
}