{
  "mean_cost": 0.49148441427853196,
  "finished_ta_runs": 1,
  "inc_changed": 1,
  "n_configs": 1,
  "submitted_ta_runs": 1,
  "ta_time_used": 0.04353475570678711,
  "wallclock_time_used": 0.04491686820983887,
  "dataset_id": 31,
  "perf_time": 0.0550786670000889
}