{
  "mean_cost": 0.1808425682645216,
  "finished_ta_runs": 300,
  "inc_changed": 6,
  "n_configs": 129,
  "submitted_ta_runs": 300,
  "ta_time_used": 201.11985111236572,
  "wallclock_time_used": 272.08587074279785,
  "dataset_id": 146822,
  "perf_time": 272.0971645000027
}