"CPU Time Used","Estimated Training Performance","Wallclock Time","Incumbent ID","Automatic Configurator (CPU) Time","Configuration..."
0.000000, 2147483648.000000, 0.000232, 1, 0.000232, alpha='0.0004126639093412234',eta0='0.0017613324954003418'
0.425198, 0.478800, 0.426161, 1, 0.000963, alpha='0.0004126639093412234',eta0='0.0017613324954003418'
