"CPU Time Used","Estimated Training Performance","Wallclock Time","Incumbent ID","Automatic Configurator (CPU) Time","Configuration..."
0.000000, 2147483648.000000, 0.000562, 1, 0.000562, alpha='0.00011227070295712931',eta0='0.0029096933833365197'
0.120740, 0.404100, 0.122065, 1, 0.001325, alpha='0.00011227070295712931',eta0='0.0029096933833365197'
2.551565, 0.339000, 2.571309, 2, 0.019744, alpha='1.715136253541309e-05',eta0='0.0001288871339815063'
5.776036, 0.330400, 6.979520, 3, 1.203484, alpha='0.0002089167501402109',eta0='0.006743290280053194'
11.960613, 0.329900, 21.269516, 4, 9.308903, alpha='1.2375716182535886e-05',eta0='0.00019568304940181921'
35.834542, 0.314200, 112.422461, 5, 76.587919, alpha='1.25066032441998e-05',eta0='0.00019369626974581803'
