{
  "data": [
    [
      [
        1,
        null,
        379248293,
        0.0
      ],
      [
        0.43329507193143557,
        0.08980894088745117,
        {
          "__enum__": "StatusType.SUCCESS"
        },
        1674410346.852354,
        1674410346.942168,
        {}
      ]
    ]
  ],
  "config_origins": {
    "1": "Sobol"
  },
  "configs": {
    "1": {
      "max_depth": 2,
      "max_features": 0.4491682695224881,
      "min_samples_leaf": 1,
      "min_samples_split": 4
    }
  }
}