{
  "mean_cost": 0.02260505392123147,
  "finished_ta_runs": 207,
  "inc_changed": 2,
  "n_configs": 193,
  "submitted_ta_runs": 207,
  "ta_time_used": 119.54953169822693,
  "wallclock_time_used": 120.41923308372498,
  "dataset_id": 32
}