{
  "mean_cost": 0.06850681912400179,
  "finished_ta_runs": 300,
  "inc_changed": 6,
  "n_configs": 168,
  "submitted_ta_runs": 300,
  "ta_time_used": 117.28072714805603,
  "wallclock_time_used": 179.3420810699463,
  "dataset_id": 16,
  "perf_time": 179.35690687499982
}