{"cpu_time": 0.0, "wallclock_time": 0.00028204917907714844, "evaluations": 0, "cost": 2147483648.0, "incumbent": ["max_depth='2'", "max_features='0.4491682695224881'", "min_samples_leaf='1'", "min_samples_split='4'"], "origin": "Sobol"}
{"cpu_time": 0.06643199920654297, "wallclock_time": 0.06732988357543945, "evaluations": 1, "cost": 0.4729, "incumbent": ["max_depth='2'", "max_features='0.4491682695224881'", "min_samples_leaf='1'", "min_samples_split='4'"], "origin": "Sobol"}
