"CPU Time Used","Estimated Training Performance","Wallclock Time","Incumbent ID","Automatic Configurator (CPU) Time","Configuration..."
0.000000, 2147483648.000000, 0.000576, 1, 0.000576, alpha='0.0004126639093412234',eta0='0.0017613324954003418'
0.087995, 0.009400, 0.089820, 1, 0.001825, alpha='0.0004126639093412234',eta0='0.0017613324954003418'
0.667406, 0.009400, 0.681962, 2, 0.014556, alpha='1.3751027885583958e-05',eta0='0.0001426968473177047'
2.428354, 0.008400, 2.492414, 3, 0.064059, alpha='0.00010552133485562857',eta0='0.004699384441638126'
8.555815, 0.007000, 17.146358, 4, 8.590543, alpha='2.0048930526188128e-05',eta0='0.001289420956458183'
8.833900, 0.006300, 17.900049, 5, 9.066149, alpha='2.022879911515396e-05',eta0='0.0011265058846111932'
