{
  "mean_cost": 0.400396614041355,
  "finished_ta_runs": 13,
  "inc_changed": 2,
  "n_configs": 5,
  "submitted_ta_runs": 13,
  "ta_time_used": 65.96300435066223,
  "wallclock_time_used": 65.98337006568909,
  "dataset_id": 6
}