"CPU Time Used","Estimated Training Performance","Wallclock Time","Incumbent ID","Automatic Configurator (CPU) Time","Configuration..."
0.000000, 2147483648.000000, 0.000039, 1, 0.000039, alpha='0.001',eta0='0.01'
0.418410, 0.811100, 0.419057, 1, 0.000647, alpha='0.001',eta0='0.01'
2.907547, 0.770600, 2.913553, 2, 0.006006, alpha='0.08477318530405828',eta0='1.1349690026383863e-05'
10.830150, 0.759500, 10.861166, 3, 0.031016, alpha='2.3820742831526158e-05',eta0='0.05455360234342531'
18.702537, 0.753600, 18.767260, 4, 0.064723, alpha='0.0005346027675744891',eta0='0.00012611819074130615'
28.609906, 0.751300, 28.727582, 5, 0.117676, alpha='2.5643539238058386e-05',eta0='0.006227850372368081'
81.644975, 0.749900, 82.265550, 6, 0.620575, alpha='2.013642512086176e-05',eta0='9.494750468434107e-05'
107.351858, 0.744000, 108.378244, 7, 1.026386, alpha='0.00011324181296339541',eta0='0.0003304770317777983'
