"CPU Time Used","Estimated Training Performance","Wallclock Time","Incumbent ID","Automatic Configurator (CPU) Time","Configuration..."
0.000000, 2147483648.000000, 0.000235, 1, 0.000235, C='0.08611366210550205',gamma='0.4942679928374453'
0.462832, 0.497500, 0.463685, 1, 0.000853, C='0.08611366210550205',gamma='0.4942679928374453'
