"CPU Time Used","Estimated Training Performance","Wallclock Time","Incumbent ID","Automatic Configurator (CPU) Time","Configuration..."
0.000000, 2147483648.000000, 0.000656, 1, 0.000656, alpha='0.00011227070295712931',eta0='0.0029096933833365197'
5.650844, 0.104500, 5.652563, 1, 0.001719, alpha='0.00011227070295712931',eta0='0.0029096933833365197'
39.210147, 0.099400, 39.218853, 2, 0.008706, alpha='0.026542866188361353',eta0='8.075114966892127e-05'
55.895989, 0.095800, 55.909789, 3, 0.013800, alpha='0.001',eta0='0.01'
122.941111, 0.094800, 122.973253, 4, 0.032142, alpha='1.715136253541309e-05',eta0='0.0001288871339815063'
156.421388, 0.088000, 156.465568, 5, 0.044180, alpha='0.006935621833333125',eta0='0.0010997603618150208'
251.316945, 0.086600, 251.980536, 6, 0.663591, alpha='0.006653258961302827',eta0='0.0016974742739090038'
279.182548, 0.086100, 279.861544, 7, 0.678996, alpha='0.0065510710198194285',eta0='0.0022628307871446823'
1332.487515, 0.083800, 1364.060047, 8, 31.572532, alpha='0.01296944594235235',eta0='0.002263146467937005'
