"CPU Time Used","Estimated Training Performance","Wallclock Time","Incumbent ID","Automatic Configurator (CPU) Time","Configuration..."
0.000000, 2147483648.000000, 0.000566, 1, 0.000566, alpha='0.00011227070295712931',eta0='0.0029096933833365197'
0.222077, 0.330200, 0.223400, 1, 0.001323, alpha='0.00011227070295712931',eta0='0.0029096933833365197'
5.162519, 0.331100, 5.186270, 2, 0.023751, alpha='0.00022294150416561802',eta0='0.00019929399219757566'
7.380769, 0.330200, 7.419251, 3, 0.038481, alpha='5.6251118794716625e-05',eta0='0.434984328303294'
42.894611, 0.328900, 83.911102, 4, 41.016491, alpha='7.788302601932438e-05',eta0='0.485599141592509'
