"CPU Time Used","Estimated Training Performance","Wallclock Time","Incumbent ID","Automatic Configurator (CPU) Time","Configuration..."
0.000000, 2147483648.000000, 0.000874, 1, 0.000874, alpha='0.00011227070295712931',eta0='0.0029096933833365197'
0.236302, 0.410400, 0.238041, 1, 0.001739, alpha='0.00011227070295712931',eta0='0.0029096933833365197'
4.594212, 0.403700, 4.635340, 2, 0.041128, alpha='8.493190945563282e-05',eta0='3.713240341799095e-05'
15.132739, 0.395200, 23.426592, 3, 8.293853, alpha='9.289029971598426e-05',eta0='1.0594379349859636e-05'
45.753268, 0.393500, 104.965828, 4, 59.212560, alpha='0.0001087042566630122',eta0='1.0472978035482747e-05'
