{
  "mean_cost": 0.5641465846995369,
  "finished_ta_runs": 300,
  "inc_changed": 14,
  "n_configs": 167,
  "submitted_ta_runs": 300,
  "ta_time_used": 957.2030222415924,
  "wallclock_time_used": 1010.7888209819794,
  "dataset_id": 9985,
  "perf_time": 1010.8016242499871
}