{
  "mean_cost": 0.18075287887207392,
  "finished_ta_runs": 1,
  "inc_changed": 1,
  "n_configs": 1,
  "submitted_ta_runs": 1,
  "ta_time_used": 1.3681011199951172,
  "wallclock_time_used": 1.3697590827941895
}