"CPU Time Used","Estimated Training Performance","Wallclock Time","Incumbent ID","Automatic Configurator (CPU) Time","Configuration..."
0.000000, 2147483648.000000, 0.000584, 1, 0.000584, alpha='0.0040824718253228975',eta0='0.00044195488125554607'
1.004476, 0.092800, 1.005890, 1, 0.001414, alpha='0.0040824718253228975',eta0='0.00044195488125554607'
6.418379, 0.086700, 6.425034, 2, 0.006655, alpha='2.1186147948258377e-05',eta0='8.558614272324676e-05'
17.206574, 0.083400, 17.225497, 3, 0.018923, alpha='0.000182884801566337',eta0='0.0008272593854647256'
41.650404, 0.081800, 43.024629, 4, 1.374225, alpha='3.867879015763818e-05',eta0='0.0013412027760195074'
77.815047, 0.081600, 85.886207, 5, 8.071160, alpha='1.3452345488742659e-05',eta0='0.0013581360444376936'
84.154921, 0.081200, 92.716539, 6, 8.561619, alpha='1.1057542496326774e-05',eta0='0.0013692922031129334'
