"CPU Time Used","Estimated Training Performance","Wallclock Time","Incumbent ID","Automatic Configurator (CPU) Time","Configuration..."
0.000000, 2147483648.000000, 0.000535, 1, 0.000535, C='1.3600811985592882',gamma='0.09352602871548096'
0.024739, 0.696400, 0.025948, 1, 0.001209, C='1.3600811985592882',gamma='0.09352602871548096'
0.226420, 0.586900, 0.236916, 2, 0.010496, C='102.59827344587585',gamma='0.0039228031036218506'
