{
  "data": [
    [
      [
        1,
        null,
        379248293,
        0.0
      ],
      [
        0.28680555555555554,
        0.07640695571899414,
        {
          "__enum__": "StatusType.SUCCESS"
        },
        1674410357.177074,
        1674410357.253485,
        {}
      ]
    ]
  ],
  "config_origins": {
    "1": "Sobol"
  },
  "configs": {
    "1": {
      "max_depth": 2,
      "max_features": 0.4491682695224881,
      "min_samples_leaf": 1,
      "min_samples_split": 4
    }
  }
}