"CPU Time Used","Estimated Training Performance","Wallclock Time","Incumbent ID","Automatic Configurator (CPU) Time","Configuration..."
0.000000, 2147483648.000000, 0.000765, 1, 0.000765, alpha='0.0004126639093412234',eta0='0.0017613324954003418'
3.265722, 0.707200, 3.267425, 1, 0.001703, alpha='0.0004126639093412234',eta0='0.0017613324954003418'
72.268849, 0.702800, 72.294245, 2, 0.025396, alpha='0.00014331222076014103',eta0='0.0006285756509200554'
119.379931, 0.701700, 119.427212, 3, 0.047281, alpha='0.00010552133485562857',eta0='0.004699384441638126'
138.213120, 0.699700, 138.536385, 4, 0.323265, alpha='5.975218245321381e-05',eta0='0.002204230641549522'
210.398031, 0.699500, 213.815985, 5, 3.417954, alpha='3.67874064860356e-05',eta0='0.001954548677903253'
495.974318, 0.699500, 519.743217, 6, 23.768900, alpha='2.9004108952870945e-05',eta0='0.0019319924872940465'
