{"cpu_time": 0.0, "wallclock_time": 0.0015399456024169922, "evaluations": 0, "cost": 2147483648.0, "incumbent": {"max_depth": 1, "max_features": 0.49276944529265165, "min_samples_leaf": 4, "min_samples_split": 9}, "budget": 0, "origin": "Sobol"}
{"cpu_time": 0.1410810947418213, "wallclock_time": 0.14350390434265137, "evaluations": 1, "cost": 0.7502, "incumbent": {"max_depth": 1, "max_features": 0.49276944529265165, "min_samples_leaf": 4, "min_samples_split": 9}, "budget": 0, "origin": "Sobol"}
{"cpu_time": 0.5705862045288086, "wallclock_time": 0.575592041015625, "evaluations": 4, "cost": 0.3548, "incumbent": {"max_depth": 22, "max_features": 0.502463330514729, "min_samples_leaf": 18, "min_samples_split": 83}, "budget": 0, "origin": "Sobol"}
{"cpu_time": 0.993213415145874, "wallclock_time": 0.9999959468841553, "evaluations": 6, "cost": 0.265, "incumbent": {"max_depth": 10, "max_features": 0.5, "min_samples_leaf": 1, "min_samples_split": 32}, "budget": 0, "origin": null}
{"cpu_time": 5.539280414581299, "wallclock_time": 5.556879997253418, "evaluations": 17, "cost": 0.2058, "incumbent": {"max_depth": 11, "max_features": 0.9135355520993471, "min_samples_leaf": 2, "min_samples_split": 4}, "budget": 0, "origin": "Sobol"}
{"cpu_time": 13.09450626373291, "wallclock_time": 13.161221981048584, "evaluations": 49, "cost": 0.198, "incumbent": {"max_depth": 25, "max_features": 0.7711025746539235, "min_samples_leaf": 1, "min_samples_split": 10}, "budget": 0, "origin": "Sobol"}
{"cpu_time": 24.89807367324829, "wallclock_time": 33.185062885284424, "evaluations": 78, "cost": 0.1847, "incumbent": {"max_depth": 36, "max_features": 0.771596647677293, "min_samples_leaf": 1, "min_samples_split": 4}, "budget": 0, "origin": "Local Search"}
{"cpu_time": 27.533087253570557, "wallclock_time": 35.831753969192505, "evaluations": 83, "cost": 0.1811, "incumbent": {"max_depth": 36, "max_features": 0.7712071744644087, "min_samples_leaf": 1, "min_samples_split": 3}, "budget": 0, "origin": "Local Search"}
{"cpu_time": 40.98240566253662, "wallclock_time": 56.64049410820007, "evaluations": 110, "cost": 0.1749, "incumbent": {"max_depth": 39, "max_features": 0.7710951248217173, "min_samples_leaf": 1, "min_samples_split": 2}, "budget": 0, "origin": "Local Search"}
{"cpu_time": 50.394105672836304, "wallclock_time": 67.72878217697144, "evaluations": 125, "cost": 0.1679, "incumbent": {"max_depth": 39, "max_features": 0.9181567400675517, "min_samples_leaf": 1, "min_samples_split": 2}, "budget": 0, "origin": "Local Search"}
