"CPU Time Used","Estimated Training Performance","Wallclock Time","Incumbent ID","Automatic Configurator (CPU) Time","Configuration..."
0.000000, 2147483648.000000, 0.000078, 1, 0.000078, alpha='0.001',eta0='0.01'
4.266588, 0.038800, 4.267444, 1, 0.000856, alpha='0.001',eta0='0.01'
94.952325, 0.016900, 94.979925, 2, 0.027600, alpha='2.3820742831526158e-05',eta0='0.05455360234342531'
590.339258, 0.013500, 590.747021, 3, 0.407763, alpha='1.0592339609294647e-05',eta0='0.04748880699101303'
2144.078219, 0.013300, 2148.101826, 4, 4.023607, alpha='1.0232129998400417e-05',eta0='0.04957822433595793'
