{"cpu_time": 0.0, "wallclock_time": 0.0015778541564941406, "evaluations": 0, "cost": 2147483648.0, "incumbent": {"colsample_bytree": 0.3908073678612709, "eta": 0.02197006114591668, "max_depth": 1, "reg_lambda": 0.025956378731779545}, "budget": 0, "origin": "Sobol"}
{"cpu_time": 0.032106876373291016, "wallclock_time": 0.034787893295288086, "evaluations": 1, "cost": 0.387, "incumbent": {"colsample_bytree": 0.3908073678612709, "eta": 0.02197006114591668, "max_depth": 1, "reg_lambda": 0.025956378731779545}, "budget": 0, "origin": "Sobol"}
{"cpu_time": 0.3322131633758545, "wallclock_time": 0.33756399154663086, "evaluations": 4, "cost": 0.1402, "incumbent": {"colsample_bytree": 0.7864414579235017, "eta": 0.06876373473778273, "max_depth": 5, "reg_lambda": 2.180661802430785}, "budget": 0, "origin": "Sobol"}
{"cpu_time": 1.0663223266601562, "wallclock_time": 1.0735149383544922, "evaluations": 6, "cost": 0.1159, "incumbent": {"colsample_bytree": 1.0, "eta": 0.3, "max_depth": 10, "reg_lambda": 1.0}, "budget": 0, "origin": null}
{"cpu_time": 9.17892050743103, "wallclock_time": 16.029932022094727, "evaluations": 64, "cost": 0.1149, "incumbent": {"colsample_bytree": 1.0, "eta": 0.35332011185686957, "max_depth": 10, "reg_lambda": 1.8614330797137477}, "budget": 0, "origin": "Local Search"}
{"cpu_time": 12.016805648803711, "wallclock_time": 20.724982976913452, "evaluations": 72, "cost": 0.1124, "incumbent": {"colsample_bytree": 1.0, "eta": 0.35394018844882486, "max_depth": 9, "reg_lambda": 1.6463158485725946}, "budget": 0, "origin": "Local Search"}
{"cpu_time": 18.2957284450531, "wallclock_time": 38.373119831085205, "evaluations": 95, "cost": 0.1118, "incumbent": {"colsample_bytree": 1.0, "eta": 0.35394018844882486, "max_depth": 9, "reg_lambda": 1.6054658462950298}, "budget": 0, "origin": "Local Search"}
{"cpu_time": 36.68267369270325, "wallclock_time": 108.63531112670898, "evaluations": 160, "cost": 0.1116, "incumbent": {"colsample_bytree": 1.0, "eta": 0.35394018844882486, "max_depth": 9, "reg_lambda": 1.6052920128607966}, "budget": 0, "origin": "Local Search"}
{"cpu_time": 46.708720684051514, "wallclock_time": 149.3821439743042, "evaluations": 193, "cost": 0.1101, "incumbent": {"colsample_bytree": 1.0, "eta": 0.35395244377359675, "max_depth": 9, "reg_lambda": 1.6052920128607966}, "budget": 0, "origin": "Local Search"}
