"CPU Time Used","Estimated Training Performance","Wallclock Time","Incumbent ID","Automatic Configurator (CPU) Time","Configuration..."
0.000000, 2147483648.000000, 0.001578, 1, 0.001578, colsample_bytree='0.3908073678612709',eta='0.02197006114591668',max_depth='1',reg_lambda='0.025956378731779545'
0.032107, 0.387000, 0.034788, 1, 0.002681, colsample_bytree='0.3908073678612709',eta='0.02197006114591668',max_depth='1',reg_lambda='0.025956378731779545'
0.332213, 0.140200, 0.337564, 2, 0.005351, colsample_bytree='0.7864414579235017',eta='0.06876373473778273',max_depth='5',reg_lambda='2.180661802430785'
1.066322, 0.115900, 1.073515, 3, 0.007193, colsample_bytree='1.0',eta='0.3',max_depth='10',reg_lambda='1.0'
9.178921, 0.114900, 16.029932, 4, 6.851012, colsample_bytree='1.0',eta='0.35332011185686957',max_depth='10',reg_lambda='1.8614330797137477'
12.016806, 0.112400, 20.724983, 5, 8.708177, colsample_bytree='1.0',eta='0.35394018844882486',max_depth='9',reg_lambda='1.6463158485725946'
18.295728, 0.111800, 38.373120, 6, 20.077391, colsample_bytree='1.0',eta='0.35394018844882486',max_depth='9',reg_lambda='1.6054658462950298'
36.682674, 0.111600, 108.635311, 7, 71.952637, colsample_bytree='1.0',eta='0.35394018844882486',max_depth='9',reg_lambda='1.6052920128607966'
46.708721, 0.110100, 149.382144, 8, 102.673423, colsample_bytree='1.0',eta='0.35395244377359675',max_depth='9',reg_lambda='1.6052920128607966'
