{
  "mean_cost": 0.05607349826099826,
  "finished_ta_runs": 624,
  "inc_changed": 8,
  "n_configs": 463,
  "submitted_ta_runs": 624,
  "ta_time_used": 115.23738837242126,
  "wallclock_time_used": 120.75090670585632,
  "dataset_id": 9946
}