{"cpu_time": 0.0, "wallclock_time": 0.0016529560089111328, "evaluations": 0, "cost": 2147483648.0, "incumbent": {"max_depth": 1, "max_features": 0.49276944529265165, "min_samples_leaf": 4, "min_samples_split": 9}, "budget": 0, "origin": "Sobol"}
{"cpu_time": 0.13776588439941406, "wallclock_time": 0.1404709815979004, "evaluations": 1, "cost": 0.2261, "incumbent": {"max_depth": 1, "max_features": 0.49276944529265165, "min_samples_leaf": 4, "min_samples_split": 9}, "budget": 0, "origin": "Sobol"}
{"cpu_time": 1.2812550067901611, "wallclock_time": 1.2871391773223877, "evaluations": 4, "cost": 0.0526, "incumbent": {"max_depth": 22, "max_features": 0.502463330514729, "min_samples_leaf": 18, "min_samples_split": 83}, "budget": 0, "origin": "Sobol"}
{"cpu_time": 2.4485878944396973, "wallclock_time": 2.4564449787139893, "evaluations": 6, "cost": 0.0332, "incumbent": {"max_depth": 10, "max_features": 0.5, "min_samples_leaf": 1, "min_samples_split": 32}, "budget": 0, "origin": null}
{"cpu_time": 44.400672912597656, "wallclock_time": 44.49133014678955, "evaluations": 47, "cost": 0.0309, "incumbent": {"max_depth": 25, "max_features": 0.7711025746539235, "min_samples_leaf": 1, "min_samples_split": 10}, "budget": 0, "origin": "Sobol"}
{"cpu_time": 56.488738775253296, "wallclock_time": 58.47648906707764, "evaluations": 60, "cost": 0.0288, "incumbent": {"max_depth": 41, "max_features": 0.6196434805234812, "min_samples_leaf": 1, "min_samples_split": 20}, "budget": 0, "origin": "Local Search"}
{"cpu_time": 63.53415298461914, "wallclock_time": 66.26627516746521, "evaluations": 68, "cost": 0.0271, "incumbent": {"max_depth": 33, "max_features": 0.6027998025024502, "min_samples_leaf": 1, "min_samples_split": 2}, "budget": 0, "origin": "Local Search"}
{"cpu_time": 68.21450543403625, "wallclock_time": 70.96532893180847, "evaluations": 73, "cost": 0.0248, "incumbent": {"max_depth": 33, "max_features": 0.6107084920214928, "min_samples_leaf": 1, "min_samples_split": 2}, "budget": 0, "origin": "Local Search"}
{"cpu_time": 100.82807636260986, "wallclock_time": 116.29752492904663, "evaluations": 105, "cost": 0.0247, "incumbent": {"max_depth": 31, "max_features": 0.6225556702189751, "min_samples_leaf": 2, "min_samples_split": 2}, "budget": 0, "origin": "Local Search"}
{"cpu_time": 143.58190393447876, "wallclock_time": 177.83588004112244, "evaluations": 152, "cost": 0.0244, "incumbent": {"max_depth": 29, "max_features": 0.6521076916337136, "min_samples_leaf": 1, "min_samples_split": 4}, "budget": 0, "origin": "Local Search"}
{"cpu_time": 196.84512996673584, "wallclock_time": 249.5990960597992, "evaluations": 201, "cost": 0.0231, "incumbent": {"max_depth": 30, "max_features": 0.6240332698453599, "min_samples_leaf": 1, "min_samples_split": 2}, "budget": 0, "origin": "Local Search"}
