{
  "mean_cost": 0.06027958793034022,
  "finished_ta_runs": 2,
  "inc_changed": 1,
  "n_configs": 1,
  "submitted_ta_runs": 2,
  "ta_time_used": 0.4932830333709717,
  "wallclock_time_used": 0.4954061508178711,
  "dataset_id": 14952,
  "perf_time": 0.500922208999782
}