{
  "mean_cost": 0.4374864786629492,
  "finished_ta_runs": 2,
  "inc_changed": 1,
  "n_configs": 1,
  "submitted_ta_runs": 2,
  "ta_time_used": 0.01783299446105957,
  "wallclock_time_used": 0.019556760787963867,
  "dataset_id": 10101,
  "perf_time": 0.04704249999940657
}