{"cpu_time": 0.0, "wallclock_time": 3.0994415283203125e-05, "evaluations": 0, "cost": 2147483648.0, "incumbent": ["C='1.0'", "gamma='0.1'"], "origin": "Default"}
{"cpu_time": 0.012942075729370117, "wallclock_time": 0.013509750366210938, "evaluations": 1, "cost": 0.0, "incumbent": ["C='1.0'", "gamma='0.1'"], "origin": "Default"}
