{
  "data": [
    [
      [
        1,
        null,
        1799960134,
        0.0
      ],
      [
        0.8101927393594061,
        0.035022735595703125,
        {
          "__enum__": "StatusType.SUCCESS"
        },
        1674421027.5734332,
        1674421027.60846,
        {}
      ]
    ]
  ],
  "config_origins": {
    "1": "Sobol"
  },
  "configs": {
    "1": {
      "colsample_bytree": 0.2890479595400393,
      "eta": 0.02972240058848022,
      "max_depth": 1,
      "reg_lambda": 0.23594281684827217
    }
  }
}