{
  "mean_cost": 0.4113111500208274,
  "finished_ta_runs": 1,
  "inc_changed": 1,
  "n_configs": 1,
  "submitted_ta_runs": 1,
  "ta_time_used": 0.13635778427124023,
  "wallclock_time_used": 0.1380002498626709
}