{"cpu_time": 0.0, "wallclock_time": 0.0005908012390136719, "evaluations": 0, "cost": 2147483648.0, "incumbent": ["alpha='0.0040824718253228975'", "eta0='0.00044195488125554607'"], "origin": "Sobol"}
{"cpu_time": 0.6840949058532715, "wallclock_time": 0.6854970455169678, "evaluations": 1, "cost": 0.1924, "incumbent": ["alpha='0.0040824718253228975'", "eta0='0.00044195488125554607'"], "origin": "Sobol"}
{"cpu_time": 4.6752965450286865, "wallclock_time": 4.681657791137695, "evaluations": 7, "cost": 0.1609, "incumbent": ["alpha='2.1186147948258377e-05'", "eta0='8.558614272324676e-05'"], "origin": "Sobol"}
{"cpu_time": 51.122589349746704, "wallclock_time": 64.46371984481812, "evaluations": 78, "cost": 0.1636, "incumbent": ["alpha='0.0004314691615746176'", "eta0='8.495631001389469e-05'"], "origin": "Local Search"}
{"cpu_time": 73.91650938987732, "wallclock_time": 92.97345876693726, "evaluations": 112, "cost": 0.1625, "incumbent": ["alpha='7.505742595443958e-05'", "eta0='2.0898840859708382e-05'"], "origin": "Random Search"}
{"cpu_time": 89.37717700004578, "wallclock_time": 111.28924369812012, "evaluations": 135, "cost": 0.1556, "incumbent": ["alpha='1.89827716793743e-05'", "eta0='6.41384975346688e-05'"], "origin": "Local Search"}
{"cpu_time": 97.47478675842285, "wallclock_time": 120.02920699119568, "evaluations": 147, "cost": 0.1536, "incumbent": ["alpha='1.203599327143722e-05'", "eta0='4.9786230760297414e-05'"], "origin": "Local Search"}
{"cpu_time": 149.05154848098755, "wallclock_time": 187.5155749320984, "evaluations": 224, "cost": 0.1523, "incumbent": ["alpha='1.1928105911954632e-05'", "eta0='5.073732195202415e-05'"], "origin": "Local Search"}
{"cpu_time": 154.44022822380066, "wallclock_time": 194.37169098854065, "evaluations": 232, "cost": 0.1514, "incumbent": ["alpha='1.1925048921588431e-05'", "eta0='5.052875395643713e-05'"], "origin": "Local Search"}
