"CPU Time Used","Estimated Training Performance","Wallclock Time","Incumbent ID","Automatic Configurator (CPU) Time","Configuration..."
0.000000, 2147483648.000000, 0.000591, 1, 0.000591, alpha='0.0040824718253228975',eta0='0.00044195488125554607'
0.684095, 0.192400, 0.685497, 1, 0.001402, alpha='0.0040824718253228975',eta0='0.00044195488125554607'
4.675297, 0.160900, 4.681658, 2, 0.006361, alpha='2.1186147948258377e-05',eta0='8.558614272324676e-05'
51.122589, 0.163600, 64.463720, 3, 13.341130, alpha='0.0004314691615746176',eta0='8.495631001389469e-05'
73.916509, 0.162500, 92.973459, 4, 19.056949, alpha='7.505742595443958e-05',eta0='2.0898840859708382e-05'
89.377177, 0.155600, 111.289244, 5, 21.912067, alpha='1.89827716793743e-05',eta0='6.41384975346688e-05'
97.474787, 0.153600, 120.029207, 6, 22.554420, alpha='1.203599327143722e-05',eta0='4.9786230760297414e-05'
149.051548, 0.152300, 187.515575, 7, 38.464026, alpha='1.1928105911954632e-05',eta0='5.073732195202415e-05'
154.440228, 0.151400, 194.371691, 8, 39.931463, alpha='1.1925048921588431e-05',eta0='5.052875395643713e-05'
