"CPU Time Used","Estimated Training Performance","Wallclock Time","Incumbent ID","Automatic Configurator (CPU) Time","Configuration..."
0.000000, 2147483648.000000, 0.000033, 1, 0.000033, alpha='0.001',eta0='0.01'
0.366538, 0.291200, 0.367218, 1, 0.000680, alpha='0.001',eta0='0.01'
3.284007, 0.224500, 3.295490, 2, 0.011483, alpha='1.8419909509685855e-05',eta0='0.05046106065359831'
5.698926, 0.171600, 5.716857, 3, 0.017931, alpha='0.002374055867675844',eta0='5.8767874739523716e-05'
12.237260, 0.152400, 12.280983, 4, 0.043723, alpha='2.7423705205440404e-05',eta0='0.00014858639283758796'
24.193760, 0.137200, 24.300089, 5, 0.106328, alpha='8.319323152546776e-05',eta0='0.000244478036339581'
94.352724, 0.135000, 95.279779, 6, 0.927055, alpha='0.00022561864777368828',eta0='1.1319204591114823e-05'
