{
  "mean_cost": 0.31050915802463797,
  "finished_ta_runs": 2,
  "inc_changed": 1,
  "n_configs": 1,
  "submitted_ta_runs": 2,
  "ta_time_used": 1.2080285549163818,
  "wallclock_time_used": 1.2100768089294434,
  "dataset_id": 18,
  "perf_time": 1.2184299170003214
}