{
  "mean_cost": 0.25841286644440165,
  "finished_ta_runs": 2,
  "inc_changed": 1,
  "n_configs": 1,
  "submitted_ta_runs": 2,
  "ta_time_used": 0.76055908203125,
  "wallclock_time_used": 0.7626538276672363,
  "dataset_id": 43,
  "perf_time": 0.7683107500001825
}