{
  "mean_cost": 0.7420020041686708,
  "finished_ta_runs": 600,
  "inc_changed": 5,
  "n_configs": 434,
  "submitted_ta_runs": 600,
  "ta_time_used": 74.25568842887878,
  "wallclock_time_used": 78.94677090644836,
  "dataset_id": 2079,
  "perf_time": 78.9654255830028
}