{"cpu_time": 0.0, "wallclock_time": 3.2901763916015625e-05, "evaluations": 0, "cost": 2147483648.0, "incumbent": ["alpha='0.001'", "eta0='0.01'"], "origin": "Default"}
{"cpu_time": 0.14070606231689453, "wallclock_time": 0.1413559913635254, "evaluations": 1, "cost": 0.4917, "incumbent": ["alpha='0.001'", "eta0='0.01'"], "origin": "Default"}
