"CPU Time Used","Estimated Training Performance","Wallclock Time","Incumbent ID","Automatic Configurator (CPU) Time","Configuration..."
0.000000, 2147483648.000000, 0.000589, 1, 0.000589, alpha='0.0004126639093412234',eta0='0.0017613324954003418'
0.111042, 0.451100, 0.114332, 1, 0.003290, alpha='0.0004126639093412234',eta0='0.0017613324954003418'
0.322798, 0.431400, 0.330981, 2, 0.008182, alpha='0.037163815274404384',eta0='0.020029702345968858'
