{
  "mean_cost": 0.49295409603871027,
  "finished_ta_runs": 300,
  "inc_changed": 5,
  "n_configs": 101,
  "submitted_ta_runs": 300,
  "ta_time_used": 19.99139142036438,
  "wallclock_time_used": 56.950376987457275,
  "dataset_id": 3903,
  "perf_time": 56.975540374995035
}