"CPU Time Used","Estimated Training Performance","Wallclock Time","Incumbent ID","Automatic Configurator (CPU) Time","Configuration..."
0.000000, 2147483648.000000, 0.000556, 1, 0.000556, C='1.3600811985592882',gamma='0.09352602871548096'
0.347975, 0.050500, 0.349263, 1, 0.001288, C='1.3600811985592882',gamma='0.09352602871548096'
19.859350, 0.037900, 19.885232, 2, 0.025882, C='206.50233439434604',gamma='0.9897482788196605'
36.475651, 0.036600, 37.424328, 3, 0.948678, C='261.4842582284777',gamma='0.7609753112885654'
