{
  "mean_cost": 0.6352926367544762,
  "finished_ta_runs": 1,
  "inc_changed": 1,
  "n_configs": 1,
  "submitted_ta_runs": 1,
  "ta_time_used": 0.5729289054870605,
  "wallclock_time_used": 0.5750091075897217
}