{"cpu_time": 0.0, "wallclock_time": 0.001505136489868164, "evaluations": 0, "cost": 2147483648.0, "incumbent": {"max_depth": 1, "max_features": 0.49276944529265165, "min_samples_leaf": 4, "min_samples_split": 9}, "budget": 0, "origin": "Sobol"}
{"cpu_time": 0.16666889190673828, "wallclock_time": 0.16907501220703125, "evaluations": 1, "cost": 0.541, "incumbent": {"max_depth": 1, "max_features": 0.49276944529265165, "min_samples_leaf": 4, "min_samples_split": 9}, "budget": 0, "origin": "Sobol"}
{"cpu_time": 1.163254976272583, "wallclock_time": 1.168959140777588, "evaluations": 4, "cost": 0.1707, "incumbent": {"max_depth": 22, "max_features": 0.502463330514729, "min_samples_leaf": 18, "min_samples_split": 83}, "budget": 0, "origin": "Sobol"}
{"cpu_time": 2.135216236114502, "wallclock_time": 2.1426990032196045, "evaluations": 6, "cost": 0.1469, "incumbent": {"max_depth": 10, "max_features": 0.5, "min_samples_leaf": 1, "min_samples_split": 32}, "budget": 0, "origin": null}
{"cpu_time": 13.682547807693481, "wallclock_time": 13.70104193687439, "evaluations": 17, "cost": 0.1196, "incumbent": {"max_depth": 11, "max_features": 0.9135355520993471, "min_samples_leaf": 2, "min_samples_split": 4}, "budget": 0, "origin": "Sobol"}
{"cpu_time": 35.44934129714966, "wallclock_time": 35.52483892440796, "evaluations": 53, "cost": 0.1176, "incumbent": {"max_depth": 25, "max_features": 0.7711025746539235, "min_samples_leaf": 1, "min_samples_split": 10}, "budget": 0, "origin": "Sobol"}
{"cpu_time": 51.18487095832825, "wallclock_time": 55.14545512199402, "evaluations": 72, "cost": 0.1162, "incumbent": {"max_depth": 49, "max_features": 0.6127534803877337, "min_samples_leaf": 2, "min_samples_split": 6}, "budget": 0, "origin": "Local Search"}
{"cpu_time": 64.81119537353516, "wallclock_time": 70.48904609680176, "evaluations": 87, "cost": 0.1109, "incumbent": {"max_depth": 24, "max_features": 0.5918542434521592, "min_samples_leaf": 1, "min_samples_split": 4}, "budget": 0, "origin": "Local Search"}
{"cpu_time": 85.51425671577454, "wallclock_time": 99.80083322525024, "evaluations": 118, "cost": 0.1093, "incumbent": {"max_depth": 28, "max_features": 0.5902919980609236, "min_samples_leaf": 1, "min_samples_split": 6}, "budget": 0, "origin": "Local Search"}
{"cpu_time": 131.64946460723877, "wallclock_time": 157.07691597938538, "evaluations": 178, "cost": 0.1084, "incumbent": {"max_depth": 23, "max_features": 0.5953422298189767, "min_samples_leaf": 1, "min_samples_split": 6}, "budget": 0, "origin": "Local Search"}
{"cpu_time": 147.62458419799805, "wallclock_time": 176.20605325698853, "evaluations": 197, "cost": 0.1083, "incumbent": {"max_depth": 22, "max_features": 0.5900237830075141, "min_samples_leaf": 1, "min_samples_split": 6}, "budget": 0, "origin": "Local Search"}
