"CPU Time Used","Estimated Training Performance","Wallclock Time","Incumbent ID","Automatic Configurator (CPU) Time","Configuration..."
0.000000, 2147483648.000000, 0.000038, 1, 0.000038, alpha='0.001',eta0='0.01'
0.160277, 0.801100, 0.160917, 1, 0.000640, alpha='0.001',eta0='0.01'
1.920339, 0.780000, 1.930719, 2, 0.010380, alpha='0.01706942529044376',eta0='0.0004888683437126603'
6.504920, 0.779400, 6.557631, 3, 0.052711, alpha='0.01373581320388105',eta0='3.6699345852038843e-05'
7.596762, 0.775900, 7.660883, 4, 0.064121, alpha='0.00010338971252634734',eta0='0.00012997194084303965'
8.877885, 0.772300, 8.957318, 5, 0.079433, alpha='0.00027413255540362463',eta0='2.5353007616912505e-05'
30.931246, 0.765800, 31.526887, 6, 0.595641, alpha='0.00205166301948667',eta0='1.9427142128358018e-05'
