{
  "mean_cost": 0.4071723167579181,
  "finished_ta_runs": 180,
  "inc_changed": 7,
  "n_configs": 129,
  "submitted_ta_runs": 180,
  "ta_time_used": 16.249111652374268,
  "wallclock_time_used": 61.314948081970215,
  "dataset_id": 146821
}