{
  "mean_cost": 0.8571428571428574,
  "finished_ta_runs": 300,
  "inc_changed": 1,
  "n_configs": 62,
  "submitted_ta_runs": 300,
  "ta_time_used": 31.52303910255432,
  "wallclock_time_used": 48.1851851940155,
  "dataset_id": 146817,
  "perf_time": 48.19705824999255
}