{
  "mean_cost": 0.4810985718275138,
  "finished_ta_runs": 300,
  "inc_changed": 5,
  "n_configs": 132,
  "submitted_ta_runs": 300,
  "ta_time_used": 31.416415691375732,
  "wallclock_time_used": 76.50831413269043,
  "dataset_id": 23,
  "perf_time": 76.5218939589995
}