{"cpu_time": 0.0, "wallclock_time": 4.9114227294921875e-05, "evaluations": 0, "cost": 2147483648.0, "incumbent": {"colsample_bytree": 1.0, "eta": 0.3, "max_depth": 10, "reg_lambda": 1.0}, "budget": 0, "origin": "Default"}
{"cpu_time": 0.10207366943359375, "wallclock_time": 0.1027519702911377, "evaluations": 1, "cost": 0.4289, "incumbent": {"colsample_bytree": 1.0, "eta": 0.3, "max_depth": 10, "reg_lambda": 1.0}, "budget": 0, "origin": "Default"}
{"cpu_time": 1.3370296955108643, "wallclock_time": 1.3587801456451416, "evaluations": 20, "cost": 0.4246, "incumbent": {"colsample_bytree": 0.240020761526117, "eta": 0.004988078916285493, "max_depth": 8, "reg_lambda": 0.05362665544757772}, "budget": 0, "origin": "Random Search"}
{"cpu_time": 1.4779942035675049, "wallclock_time": 1.505730152130127, "evaluations": 25, "cost": 0.4085, "incumbent": {"colsample_bytree": 0.5177209401315279, "eta": 0.4516158976292579, "max_depth": 2, "reg_lambda": 0.03693883633139159}, "budget": 0, "origin": "Random Search"}
{"cpu_time": 3.534846544265747, "wallclock_time": 3.666638135910034, "evaluations": 76, "cost": 0.4024, "incumbent": {"colsample_bytree": 0.34255141957441193, "eta": 0.4409460209182906, "max_depth": 9, "reg_lambda": 0.00838339088073357}, "budget": 0, "origin": "Random Search"}
{"cpu_time": 3.9237592220306396, "wallclock_time": 4.07981014251709, "evaluations": 85, "cost": 0.3846, "incumbent": {"colsample_bytree": 0.9834044209547126, "eta": 0.44808684850398656, "max_depth": 2, "reg_lambda": 0.09911885838032648}, "budget": 0, "origin": "Random Search"}
