"CPU Time Used","Estimated Training Performance","Wallclock Time","Incumbent ID","Automatic Configurator (CPU) Time","Configuration..."
0.000000, 2147483648.000000, 0.000535, 1, 0.000535, C='1.3600811985592882',gamma='0.09352602871548096'
0.490845, 0.894000, 0.492234, 1, 0.001389, C='1.3600811985592882',gamma='0.09352602871548096'
7.818846, 0.866200, 7.846930, 2, 0.028084, C='102.59827344587585',gamma='0.0039228031036218506'
19.511874, 0.863400, 20.013634, 3, 0.501760, C='56.904262871585026',gamma='0.003840165128399792'
23.459669, 0.860700, 24.653398, 4, 1.193729, C='18.04143937707404',gamma='0.003585065741631493'
