{
  "mean_cost": 0.0548729272103885,
  "finished_ta_runs": 2,
  "inc_changed": 1,
  "n_configs": 1,
  "submitted_ta_runs": 2,
  "ta_time_used": 5.117355108261108,
  "wallclock_time_used": 5.119493722915649,
  "dataset_id": 16,
  "perf_time": 5.1248471250000875
}