{"cpu_time": 0.0, "wallclock_time": 0.0005497932434082031, "evaluations": 0, "cost": 2147483648.0, "incumbent": ["C='1.3600811985592882'", "gamma='0.09352602871548096'"], "origin": "Sobol"}
{"cpu_time": 0.007862091064453125, "wallclock_time": 0.00910496711730957, "evaluations": 1, "cost": 0.3333, "incumbent": ["C='1.3600811985592882'", "gamma='0.09352602871548096'"], "origin": "Sobol"}
{"cpu_time": 0.09137940406799316, "wallclock_time": 0.10080409049987793, "evaluations": 13, "cost": 0.1239, "incumbent": ["C='102.59827344587585'", "gamma='0.0039228031036218506'"], "origin": "Sobol"}
{"cpu_time": 0.26973462104797363, "wallclock_time": 0.5408520698547363, "evaluations": 37, "cost": 0.0822, "incumbent": ["C='189.72900378263466'", "gamma='0.003901912422016375'"], "origin": "Random Search (sorted)"}
{"cpu_time": 0.3566882610321045, "wallclock_time": 1.725602149963379, "evaluations": 50, "cost": 0.0611, "incumbent": ["C='291.7082948943779'", "gamma='0.0038530336765786022'"], "origin": "Random Search (sorted)"}
{"cpu_time": 0.5906035900115967, "wallclock_time": 4.689807891845703, "evaluations": 82, "cost": 0.0556, "incumbent": ["C='289.108304820096'", "gamma='0.0041831159484712315'"], "origin": "Local Search"}
{"cpu_time": 0.6628541946411133, "wallclock_time": 5.080742835998535, "evaluations": 92, "cost": 0.037, "incumbent": ["C='290.01311191056715'", "gamma='0.022382129172237645'"], "origin": "Local Search"}
{"cpu_time": 0.7159504890441895, "wallclock_time": 5.4543678760528564, "evaluations": 98, "cost": 0.0, "incumbent": ["C='390.2156654190056'", "gamma='0.029789434946291063'"], "origin": "Random Search (sorted)"}
