"CPU Time Used","Estimated Training Performance","Wallclock Time","Incumbent ID","Automatic Configurator (CPU) Time","Configuration..."
0.000000, 2147483648.000000, 0.000550, 1, 0.000550, C='1.3600811985592882',gamma='0.09352602871548096'
0.007862, 0.333300, 0.009105, 1, 0.001243, C='1.3600811985592882',gamma='0.09352602871548096'
0.091379, 0.123900, 0.100804, 2, 0.009425, C='102.59827344587585',gamma='0.0039228031036218506'
0.269735, 0.082200, 0.540852, 3, 0.271117, C='189.72900378263466',gamma='0.003901912422016375'
0.356688, 0.061100, 1.725602, 4, 1.368914, C='291.7082948943779',gamma='0.0038530336765786022'
0.590604, 0.055600, 4.689808, 5, 4.099204, C='289.108304820096',gamma='0.0041831159484712315'
0.662854, 0.037000, 5.080743, 6, 4.417889, C='290.01311191056715',gamma='0.022382129172237645'
0.715950, 0.000000, 5.454368, 7, 4.738417, C='390.2156654190056',gamma='0.029789434946291063'
