{
  "mean_cost": 0.02701374595264744,
  "finished_ta_runs": 181,
  "inc_changed": 4,
  "n_configs": 105,
  "submitted_ta_runs": 181,
  "ta_time_used": 22.39635992050171,
  "wallclock_time_used": 60.662487745285034,
  "dataset_id": 15
}