"CPU Time Used","Estimated Training Performance","Wallclock Time","Incumbent ID","Automatic Configurator (CPU) Time","Configuration..."
0.000000, 2147483648.000000, 0.000041, 1, 0.000041, alpha='0.001',eta0='0.01'
0.144381, 0.504700, 0.145085, 1, 0.000704, alpha='0.001',eta0='0.01'
1.230089, 0.474700, 1.236988, 2, 0.006899, alpha='0.08477318530405828',eta0='1.1349690026383863e-05'
3.570543, 0.473900, 3.597726, 3, 0.027183, alpha='0.007044721831944322',eta0='0.003888387662681052'
7.363924, 0.469300, 7.432089, 4, 0.068165, alpha='0.01373581320388105',eta0='3.6699345852038843e-05'
21.784536, 0.462900, 22.159702, 5, 0.375166, alpha='0.05033334652908725',eta0='0.0006206925548705907'
