"CPU Time Used","Estimated Training Performance","Wallclock Time","Incumbent ID","Automatic Configurator (CPU) Time","Configuration..."
0.000000, 2147483648.000000, 0.000667, 1, 0.000667, alpha='0.00011227070295712931',eta0='0.0029096933833365197'
0.033086, 0.430700, 0.034497, 1, 0.001411, alpha='0.00011227070295712931',eta0='0.0029096933833365197'
4.308048, 0.418800, 32.535238, 2, 28.227190, alpha='0.006928337033577557',eta0='0.0010997603618150208'
8.961677, 0.417900, 94.372367, 3, 85.410690, alpha='1.752183755789075e-05',eta0='0.0029387318974602086'
