{"cpu_time": 0.0, "wallclock_time": 0.0006380081176757812, "evaluations": 0, "cost": 2147483648.0, "incumbent": {"alpha": 0.0040824718253228975, "eta0": 0.00044195488125554607}, "budget": 0, "origin": "Sobol"}
{"cpu_time": 0.06087088584899902, "wallclock_time": 0.0625300407409668, "evaluations": 1, "cost": 0.3862, "incumbent": {"alpha": 0.0040824718253228975, "eta0": 0.00044195488125554607}, "budget": 0, "origin": "Sobol"}
{"cpu_time": 0.2624959945678711, "wallclock_time": 0.27758312225341797, "evaluations": 7, "cost": 0.4101, "incumbent": {"alpha": 2.1186147948258377e-05, "eta0": 8.558614272324676e-05}, "budget": 0, "origin": "Sobol"}
{"cpu_time": 0.7204058170318604, "wallclock_time": 0.7546072006225586, "evaluations": 25, "cost": 0.4074, "incumbent": {"alpha": 5.872228902171585e-05, "eta0": 0.00027724604623741747}, "budget": 0, "origin": "Sobol"}
{"cpu_time": 0.7918245792388916, "wallclock_time": 0.8296740055084229, "evaluations": 28, "cost": 0.401, "incumbent": {"alpha": 0.001, "eta0": 0.01}, "budget": 0, "origin": null}
{"cpu_time": 0.9556457996368408, "wallclock_time": 1.0025579929351807, "evaluations": 35, "cost": 0.3897, "incumbent": {"alpha": 1.4230872500070733e-05, "eta0": 0.006316939148274451}, "budget": 0, "origin": "Sobol"}
{"cpu_time": 1.2246220111846924, "wallclock_time": 1.7567710876464844, "evaluations": 46, "cost": 0.37, "incumbent": {"alpha": 1.2897597996852777e-05, "eta0": 0.005992219190509889}, "budget": 0, "origin": "Random Search (sorted)"}
