"CPU Time Used","Estimated Training Performance","Wallclock Time","Incumbent ID","Automatic Configurator (CPU) Time","Configuration..."
0.000000, 2147483648.000000, 0.000638, 1, 0.000638, alpha='0.0040824718253228975',eta0='0.00044195488125554607'
0.060871, 0.386200, 0.062530, 1, 0.001659, alpha='0.0040824718253228975',eta0='0.00044195488125554607'
0.262496, 0.410100, 0.277583, 2, 0.015087, alpha='2.1186147948258377e-05',eta0='8.558614272324676e-05'
0.720406, 0.407400, 0.754607, 3, 0.034201, alpha='5.872228902171585e-05',eta0='0.00027724604623741747'
0.791825, 0.401000, 0.829674, 4, 0.037849, alpha='0.001',eta0='0.01'
0.955646, 0.389700, 1.002558, 5, 0.046912, alpha='1.4230872500070733e-05',eta0='0.006316939148274451'
1.224622, 0.370000, 1.756771, 6, 0.532149, alpha='1.2897597996852777e-05',eta0='0.005992219190509889'
