"CPU Time Used","Estimated Training Performance","Wallclock Time","Incumbent ID","Automatic Configurator (CPU) Time","Configuration..."
0.000000, 2147483648.000000, 0.000258, 1, 0.000258, alpha='0.0004126639093412234',eta0='0.0017613324954003418'
20.527806, 0.353100, 20.528777, 1, 0.000971, alpha='0.0004126639093412234',eta0='0.0017613324954003418'
