{"cpu_time": 0.0, "wallclock_time": 4.601478576660156e-05, "evaluations": 0, "cost": 2147483648.0, "incumbent": ["colsample_bytree='1.0'", "eta='0.3'", "max_depth='10'", "reg_lambda='1.0'"], "origin": "Default"}
{"cpu_time": 0.06098198890686035, "wallclock_time": 0.06169915199279785, "evaluations": 1, "cost": 0.2653, "incumbent": ["colsample_bytree='1.0'", "eta='0.3'", "max_depth='10'", "reg_lambda='1.0'"], "origin": "Default"}
{"cpu_time": 0.477886438369751, "wallclock_time": 0.48719215393066406, "evaluations": 11, "cost": 0.2308, "incumbent": ["colsample_bytree='0.944553396390592'", "eta='0.7771105186723747'", "max_depth='4'", "reg_lambda='6.037064981686672'"], "origin": "Random Search"}
{"cpu_time": 0.66560959815979, "wallclock_time": 0.6808040142059326, "evaluations": 17, "cost": 0.2198, "incumbent": ["colsample_bytree='0.9806458301683194'", "eta='0.11021240891825923'", "max_depth='3'", "reg_lambda='1.2826061465293854'"], "origin": "Random Search"}
{"cpu_time": 10.044975757598877, "wallclock_time": 12.409789085388184, "evaluations": 393, "cost": 0.2167, "incumbent": ["colsample_bytree='0.9892734914396705'", "eta='0.005257911609352253'", "max_depth='8'", "reg_lambda='0.05712947873915227'"], "origin": "Random Search"}
{"cpu_time": 13.002810001373291, "wallclock_time": 16.922497034072876, "evaluations": 516, "cost": 0.2124, "incumbent": ["colsample_bytree='0.6803551336821522'", "eta='0.18829803937713507'", "max_depth='9'", "reg_lambda='1.1748483170638715'"], "origin": "Random Search"}
