"CPU Time Used","Estimated Training Performance","Wallclock Time","Incumbent ID","Automatic Configurator (CPU) Time","Configuration..."
0.000000, 2147483648.000000, 0.000038, 1, 0.000038, alpha='0.001',eta0='0.01'
0.231540, 0.398800, 0.232198, 1, 0.000658, alpha='0.001',eta0='0.01'
11.313377, 0.392200, 11.391284, 2, 0.077907, alpha='0.0003968688812970747',eta0='0.01835756282014655'
18.356650, 0.383200, 18.516150, 3, 0.159500, alpha='0.00045219814816176433',eta0='0.025980999559146224'
29.906739, 0.360400, 30.236278, 4, 0.329540, alpha='2.6828684589402847e-05',eta0='0.12793037550071734'
