{
  "mean_cost": 0.4603753548954861,
  "finished_ta_runs": 300,
  "inc_changed": 7,
  "n_configs": 233,
  "submitted_ta_runs": 300,
  "ta_time_used": 118.96299147605896,
  "wallclock_time_used": 120.45341610908508,
  "dataset_id": 9978
}