{
  "mean_cost": 0.5,
  "finished_ta_runs": 2,
  "inc_changed": 1,
  "n_configs": 1,
  "submitted_ta_runs": 2,
  "ta_time_used": 0.02477717399597168,
  "wallclock_time_used": 0.026906728744506836,
  "dataset_id": 14954,
  "perf_time": 0.03386045900060708
}