"CPU Time Used","Estimated Training Performance","Wallclock Time","Incumbent ID","Automatic Configurator (CPU) Time","Configuration..."
0.000000, 2147483648.000000, 0.000579, 1, 0.000579, alpha='0.0040824718253228975',eta0='0.00044195488125554607'
1.939512, 0.045200, 1.940872, 1, 0.001360, alpha='0.0040824718253228975',eta0='0.00044195488125554607'
55.474065, 0.043400, 55.765602, 2, 0.291537, alpha='0.028775183088656137',eta0='0.0005657885997505098'
86.433174, 0.042900, 87.442419, 3, 1.009245, alpha='0.023538372473262965',eta0='0.0006729053684684901'
99.911513, 0.041400, 101.547716, 4, 1.636203, alpha='0.017791577070254038',eta0='0.0005787963719394891'
115.321070, 0.041100, 117.345645, 5, 2.024575, alpha='0.017718335949021093',eta0='0.0007045010198299448'
226.858264, 0.038900, 233.471362, 6, 6.613098, alpha='0.016961060219242666',eta0='0.003027367254662849'
