{
  "mean_cost": 0.056639950034545805,
  "finished_ta_runs": 1,
  "inc_changed": 1,
  "n_configs": 1,
  "submitted_ta_runs": 1,
  "ta_time_used": 0.04088401794433594,
  "wallclock_time_used": 0.04234886169433594,
  "dataset_id": 3,
  "perf_time": 0.04763912499993239
}