{
  "mean_cost": 0.16185671778540367,
  "finished_ta_runs": 1,
  "inc_changed": 1,
  "n_configs": 1,
  "submitted_ta_runs": 1,
  "ta_time_used": 0.41912031173706055,
  "wallclock_time_used": 0.4207479953765869
}