{
  "data": [
    [
      [
        1,
        null,
        379248293,
        0.0
      ],
      [
        0.3206833442232101,
        0.19463706016540527,
        {
          "__enum__": "StatusType.SUCCESS"
        },
        1674410384.8354292,
        1674410385.030071,
        {}
      ]
    ]
  ],
  "config_origins": {
    "1": "Sobol"
  },
  "configs": {
    "1": {
      "max_depth": 2,
      "max_features": 0.4491682695224881,
      "min_samples_leaf": 1,
      "min_samples_split": 4
    }
  }
}