{
  "mean_cost": 0.022094791887531606,
  "finished_ta_runs": 2,
  "inc_changed": 1,
  "n_configs": 1,
  "submitted_ta_runs": 2,
  "ta_time_used": 25.776213884353638,
  "wallclock_time_used": 25.779376983642578,
  "dataset_id": 167125,
  "perf_time": 25.785431166999842
}