"CPU Time Used","Estimated Training Performance","Wallclock Time","Incumbent ID","Automatic Configurator (CPU) Time","Configuration..."
0.000000, 2147483648.000000, 0.000618, 1, 0.000618, C='0.08611366210550205',gamma='0.4942679928374453'
0.009333, 0.337400, 0.010897, 1, 0.001564, C='0.08611366210550205',gamma='0.4942679928374453'
0.053074, 0.333300, 0.059085, 2, 0.006011, C='69.38389384208695',gamma='0.0015531477828170245'
0.185066, 0.212300, 0.212137, 3, 0.027071, C='490.89071375229827',gamma='0.4114559193983836'
0.281436, 0.074200, 0.327818, 4, 0.046382, C='76.5060885254147',gamma='0.08851540004701101'
0.364609, 0.041300, 1.640008, 5, 1.275399, C='76.45003219113377',gamma='0.014835254310686616'
0.901091, 0.037000, 9.791135, 6, 8.890044, C='581.8707510478624',gamma='0.01478280955624465'
0.980347, 0.000000, 10.824157, 7, 9.843810, C='1014.0181569387007',gamma='0.02422982800908223'
