"CPU Time Used","Estimated Training Performance","Wallclock Time","Incumbent ID","Automatic Configurator (CPU) Time","Configuration..."
0.000000, 2147483648.000000, 0.000526, 1, 0.000526, alpha='0.00011227070295712931',eta0='0.0029096933833365197'
0.117579, 0.404100, 0.118815, 1, 0.001236, alpha='0.00011227070295712931',eta0='0.0029096933833365197'
2.550083, 0.339000, 2.573619, 2, 0.023537, alpha='1.715136253541309e-05',eta0='0.0001288871339815063'
6.464687, 0.310600, 8.152271, 3, 1.687584, alpha='7.976612519202222e-05',eta0='0.004659223397321718'
