"CPU Time Used","Estimated Training Performance","Wallclock Time","Incumbent ID","Automatic Configurator (CPU) Time","Configuration..."
0.000000, 2147483648.000000, 0.000050, 1, 0.000050, alpha='0.001',eta0='0.01'
3.177600, 0.741800, 3.178372, 1, 0.000772, alpha='0.001',eta0='0.01'
33.049942, 0.700100, 33.059842, 2, 0.009900, alpha='1.0455662723206625e-05',eta0='0.001729647929337629'
139.415910, 0.696500, 139.481452, 3, 0.065542, alpha='2.3857802069496928e-05',eta0='0.0002532184522807743'
159.596109, 0.690900, 159.674409, 4, 0.078300, alpha='0.0002044728811608274',eta0='0.0006324444152715982'
1755.486130, 0.689800, 1759.912016, 5, 4.425886, alpha='0.0001915458014673905',eta0='0.0007321311182754458'
