"CPU Time Used","Estimated Training Performance","Wallclock Time","Incumbent ID","Automatic Configurator (CPU) Time","Configuration..."
0.000000, 2147483648.000000, 0.000588, 1, 0.000588, alpha='0.00011227070295712931',eta0='0.0029096933833365197'
0.188829, 0.223300, 0.190225, 1, 0.001396, alpha='0.00011227070295712931',eta0='0.0029096933833365197'
0.689984, 0.154400, 0.697973, 2, 0.007989, alpha='0.026542866188361353',eta0='8.075114966892127e-05'
1.833532, 0.151800, 1.854312, 3, 0.020780, alpha='1.715136253541309e-05',eta0='0.0001288871339815063'
3.565019, 0.150700, 3.914087, 4, 0.349068, alpha='3.101713552636032e-05',eta0='0.0001364332077198232'
4.492764, 0.147500, 4.939810, 5, 0.447046, alpha='6.24613862656681e-05',eta0='4.374242177272683e-05'
10.647976, 0.146000, 19.432387, 6, 8.784411, alpha='2.7451489443425037e-05',eta0='3.3510277769364024e-05'
18.675163, 0.145500, 41.928365, 7, 23.253202, alpha='1.060977147835517e-05',eta0='3.622284221097411e-05'
19.189650, 0.145000, 42.832735, 8, 23.643085, alpha='0.001589260107346705',eta0='5.457636722909078e-05'
