"CPU Time Used","Estimated Training Performance","Wallclock Time","Incumbent ID","Automatic Configurator (CPU) Time","Configuration..."
0.000000, 2147483648.000000, 0.000250, 1, 0.000250, alpha='0.0004126639093412234',eta0='0.0017613324954003418'
0.413289, 0.805100, 0.414185, 1, 0.000896, alpha='0.0004126639093412234',eta0='0.0017613324954003418'
