{
  "mean_cost": 0.039918078843103444,
  "finished_ta_runs": 139,
  "inc_changed": 6,
  "n_configs": 93,
  "submitted_ta_runs": 139,
  "ta_time_used": 34.92598557472229,
  "wallclock_time_used": 60.6602509021759,
  "dataset_id": 14952
}