{
  "mean_cost": 0.5,
  "finished_ta_runs": 1,
  "inc_changed": 1,
  "n_configs": 1,
  "submitted_ta_runs": 1,
  "ta_time_used": 0.08486127853393555,
  "wallclock_time_used": 0.08649015426635742,
  "dataset_id": 146819,
  "perf_time": 0.09550645899980736
}