{
  "mean_cost": 0.42092035841498204,
  "finished_ta_runs": 300,
  "inc_changed": 3,
  "n_configs": 182,
  "submitted_ta_runs": 300,
  "ta_time_used": 10.570139408111572,
  "wallclock_time_used": 63.286436796188354,
  "dataset_id": 9971,
  "perf_time": 63.31023612499848
}