{
  "mean_cost": 0.08985074449360161,
  "finished_ta_runs": 7,
  "inc_changed": 1,
  "n_configs": 4,
  "submitted_ta_runs": 7,
  "ta_time_used": 71.74053978919983,
  "wallclock_time_used": 71.75991773605347,
  "dataset_id": 9964
}