"CPU Time Used","Estimated Training Performance","Wallclock Time","Incumbent ID","Automatic Configurator (CPU) Time","Configuration..."
0.000000, 2147483648.000000, 0.001459, 1, 0.001459, colsample_bytree='0.569966175314039',eta='0.009556882986489993',max_depth='3',reg_lambda='0.0020776820882921045'
0.021225, 0.464200, 0.023623, 1, 0.002398, colsample_bytree='0.569966175314039',eta='0.009556882986489993',max_depth='3',reg_lambda='0.0020776820882921045'
0.140916, 0.312100, 0.150546, 2, 0.009630, colsample_bytree='0.7997161545790732',eta='0.8167090504942917',max_depth='1',reg_lambda='7.369638786139326'
1.100625, 0.309500, 4.547227, 3, 3.446602, colsample_bytree='0.8030038800728464',eta='0.9817036107583719',max_depth='2',reg_lambda='61.10982352037267'
1.290952, 0.308200, 6.451266, 4, 5.160314, colsample_bytree='0.8206181868855353',eta='0.9694378724143687',max_depth='2',reg_lambda='91.76587877715735'
1.663327, 0.303800, 11.330993, 5, 9.667666, colsample_bytree='0.9001352951679499',eta='0.9542224789562066',max_depth='3',reg_lambda='103.41136153851227'
2.504858, 0.297000, 19.738908, 6, 17.234049, colsample_bytree='0.7990469285981907',eta='0.8305409433552646',max_depth='3',reg_lambda='98.01317707532786'
