"CPU Time Used","Estimated Training Performance","Wallclock Time","Incumbent ID","Automatic Configurator (CPU) Time","Configuration..."
0.000000, 2147483648.000000, 0.000638, 1, 0.000638, alpha='0.0040824718253228975',eta0='0.00044195488125554607'
5.550125, 0.087500, 5.551740, 1, 0.001616, alpha='0.0040824718253228975',eta0='0.00044195488125554607'
223.296542, 0.082200, 225.339894, 2, 2.043352, alpha='0.0230881741719464',eta0='0.00043775909432426267'
602.115224, 0.081100, 611.776984, 3, 9.661760, alpha='0.023073684293092117',eta0='0.00039720941433594135'
696.791393, 0.079400, 708.532485, 4, 11.741092, alpha='0.023806928251991658',eta0='0.00038056936980598215'
