"CPU Time Used","Estimated Training Performance","Wallclock Time","Incumbent ID","Automatic Configurator (CPU) Time","Configuration..."
0.000000, 2147483648.000000, 0.000618, 1, 0.000618, alpha='0.0004126639093412234',eta0='0.0017613324954003418'
2.634695, 0.243100, 2.636195, 1, 0.001500, alpha='0.0004126639093412234',eta0='0.0017613324954003418'
125.245330, 0.242200, 128.489466, 2, 3.244137, alpha='0.00039062546881885035',eta0='0.0010114268481394384'
