"CPU Time Used","Estimated Training Performance","Wallclock Time","Incumbent ID","Automatic Configurator (CPU) Time","Configuration..."
0.000000, 2147483648.000000, 0.001424, 1, 0.001424, colsample_bytree='0.2890479595400393',eta='0.02972240058848022',max_depth='1',reg_lambda='0.23594281684827217'
0.020661, 0.358300, 0.023048, 1, 0.002387, colsample_bytree='0.2890479595400393',eta='0.02972240058848022',max_depth='1',reg_lambda='0.23594281684827217'
0.185131, 0.334300, 0.189958, 2, 0.004827, colsample_bytree='0.839533680677414',eta='0.03178815964339868',max_depth='7',reg_lambda='260.08137409645684'
0.330118, 0.202600, 0.336651, 3, 0.006533, colsample_bytree='1.0',eta='0.3',max_depth='10',reg_lambda='1.0'
0.712182, 0.187700, 0.729148, 4, 0.016967, colsample_bytree='0.6967330143786967',eta='0.5491817241792905',max_depth='1',reg_lambda='0.02427911263315825'
1.424017, 0.163900, 1.472373, 5, 0.048356, colsample_bytree='0.4696397740393877',eta='0.16644532888250615',max_depth='6',reg_lambda='0.015660421770666632'
2.506043, 0.163300, 6.611207, 6, 4.105164, colsample_bytree='0.37107076644679815',eta='0.24526580825228855',max_depth='5',reg_lambda='0.0018638992308357733'
4.280246, 0.152700, 20.912675, 7, 16.632430, colsample_bytree='0.674444584286888',eta='0.2807808896873666',max_depth='3',reg_lambda='0.0020510249626303823'
