"CPU Time Used","Estimated Training Performance","Wallclock Time","Incumbent ID","Automatic Configurator (CPU) Time","Configuration..."
0.000000, 2147483648.000000, 0.000648, 1, 0.000648, alpha='0.00011227070295712931',eta0='0.0029096933833365197'
0.978510, 0.074100, 0.979997, 1, 0.001487, alpha='0.00011227070295712931',eta0='0.0029096933833365197'
15.419666, 0.032800, 15.435472, 2, 0.015806, alpha='2.9848599322377e-05',eta0='0.022418115180003955'
35.715566, 0.032200, 36.019554, 3, 0.303988, alpha='1.6672230118193312e-05',eta0='0.02403730416274004'
72.397744, 0.031600, 75.954964, 4, 3.557220, alpha='1.7884792391261117e-05',eta0='0.02686977497982375'
77.204658, 0.031000, 80.772481, 5, 3.567823, alpha='1.7841877385315328e-05',eta0='0.026985507362942758'
86.844431, 0.031000, 90.821074, 6, 3.976643, alpha='1.5316421640545883e-05',eta0='0.026588645304340863'
91.656081, 0.030400, 95.644914, 7, 3.988833, alpha='1.5323261399373317e-05',eta0='0.026963316726838944'
96.465475, 0.029800, 100.466206, 8, 4.000731, alpha='1.142663974236695e-05',eta0='0.02674310448617529'
