"CPU Time Used","Estimated Training Performance","Wallclock Time","Incumbent ID","Automatic Configurator (CPU) Time","Configuration..."
0.000000, 2147483648.000000, 0.000038, 1, 0.000038, C='1.0',gamma='0.1'
0.166142, 0.500000, 0.166769, 1, 0.000627, C='1.0',gamma='0.1'
1.149301, 0.429000, 1.155537, 2, 0.006236, C='52.455931369707116',gamma='0.0011373846877749554'
21.905471, 0.415200, 22.415421, 3, 0.509950, C='9.936189981360835',gamma='0.0017987913537249826'
