"CPU Time Used","Estimated Training Performance","Wallclock Time","Incumbent ID","Automatic Configurator (CPU) Time","Configuration..."
0.000000, 2147483648.000000, 0.000552, 1, 0.000552, C='1.3600811985592882',gamma='0.09352602871548096'
0.153453, 0.893400, 0.154747, 1, 0.001294, C='1.3600811985592882',gamma='0.09352602871548096'
1.893350, 0.892400, 1.904105, 2, 0.010755, C='102.59827344587585',gamma='0.0039228031036218506'
6.008540, 0.882000, 6.814830, 3, 0.806290, C='56.39784497524353',gamma='0.001274124948795864'
25.905635, 0.846200, 37.341774, 4, 11.436139, C='12.97820102172552',gamma='0.033369943217663935'
28.191431, 0.843400, 41.425744, 5, 13.234313, C='55.32511880727637',gamma='0.026031237376992825'
30.465084, 0.840700, 45.668965, 6, 15.203882, C='37.449037408968444',gamma='0.024466182634260827'
