{
  "mean_cost": 0.00796296296296306,
  "finished_ta_runs": 2,
  "inc_changed": 1,
  "n_configs": 1,
  "submitted_ta_runs": 2,
  "ta_time_used": 0.4204421043395996,
  "wallclock_time_used": 0.4225330352783203,
  "dataset_id": 3549,
  "perf_time": 0.42825283399997716
}