{
  "mean_cost": 0.2285253465070848,
  "finished_ta_runs": 36,
  "inc_changed": 3,
  "n_configs": 28,
  "submitted_ta_runs": 36,
  "ta_time_used": 63.14806151390076,
  "wallclock_time_used": 63.21306800842285,
  "dataset_id": 7592
}