"CPU Time Used","Estimated Training Performance","Wallclock Time","Incumbent ID","Automatic Configurator (CPU) Time","Configuration..."
0.000000, 2147483648.000000, 0.000568, 1, 0.000568, alpha='0.00011227070295712931',eta0='0.0029096933833365197'
0.913623, 0.088400, 0.915008, 1, 0.001385, alpha='0.00011227070295712931',eta0='0.0029096933833365197'
26.155036, 0.083400, 26.432645, 2, 0.277609, alpha='0.0001511651986152488',eta0='0.002988369906428216'
36.996610, 0.083200, 37.936110, 3, 0.939500, alpha='0.00011285545686883255',eta0='0.002987555580034381'
79.440524, 0.083000, 86.463082, 4, 7.022558, alpha='0.00012156749625590687',eta0='0.0029825109388297503'
89.379063, 0.082800, 97.205849, 5, 7.826786, alpha='0.00011221968689229276',eta0='0.002979784385133164'
144.853770, 0.082800, 165.008235, 6, 20.154464, alpha='1.1616365233573903e-05',eta0='0.002947019521284585'
193.983594, 0.082400, 238.104181, 7, 44.120587, alpha='1.068693833836592e-05',eta0='0.002974528130439558'
