{"cpu_time": 0.0, "wallclock_time": 0.0005681514739990234, "evaluations": 0, "cost": 2147483648.0, "incumbent": ["alpha='0.00011227070295712931'", "eta0='0.0029096933833365197'"], "origin": "Sobol"}
{"cpu_time": 0.9136230945587158, "wallclock_time": 0.9150080680847168, "evaluations": 1, "cost": 0.0884, "incumbent": ["alpha='0.00011227070295712931'", "eta0='0.0029096933833365197'"], "origin": "Sobol"}
{"cpu_time": 26.155036211013794, "wallclock_time": 26.432645082473755, "evaluations": 29, "cost": 0.0834, "incumbent": ["alpha='0.0001511651986152488'", "eta0='0.002988369906428216'"], "origin": "Random Search (sorted)"}
{"cpu_time": 36.996609687805176, "wallclock_time": 37.93611001968384, "evaluations": 41, "cost": 0.0832, "incumbent": ["alpha='0.00011285545686883255'", "eta0='0.002987555580034381'"], "origin": "Random Search (sorted)"}
{"cpu_time": 79.44052410125732, "wallclock_time": 86.46308207511902, "evaluations": 88, "cost": 0.083, "incumbent": ["alpha='0.00012156749625590687'", "eta0='0.0029825109388297503'"], "origin": "Local Search"}
{"cpu_time": 89.37906312942505, "wallclock_time": 97.20584917068481, "evaluations": 99, "cost": 0.0828, "incumbent": ["alpha='0.00011221968689229276'", "eta0='0.002979784385133164'"], "origin": "Local Search"}
{"cpu_time": 144.85377049446106, "wallclock_time": 165.00823497772217, "evaluations": 160, "cost": 0.0828, "incumbent": ["alpha='1.1616365233573903e-05'", "eta0='0.002947019521284585'"], "origin": "Random Search"}
{"cpu_time": 193.98359441757202, "wallclock_time": 238.10418105125427, "evaluations": 214, "cost": 0.0824, "incumbent": ["alpha='1.068693833836592e-05'", "eta0='0.002974528130439558'"], "origin": "Local Search"}
