{
  "mean_cost": 0.4857634780122225,
  "finished_ta_runs": 1,
  "inc_changed": 1,
  "n_configs": 1,
  "submitted_ta_runs": 1,
  "ta_time_used": 0.42070817947387695,
  "wallclock_time_used": 0.4223148822784424,
  "dataset_id": 167119,
  "perf_time": 0.42950074999998833
}