{"cpu_time": 0.0, "wallclock_time": 0.0015099048614501953, "evaluations": 0, "cost": 2147483648.0, "incumbent": ["max_depth='1'", "max_features='0.49276944529265165'", "min_samples_leaf='4'", "min_samples_split='9'"], "origin": "Sobol"}
{"cpu_time": 0.18941116333007812, "wallclock_time": 0.19181203842163086, "evaluations": 1, "cost": 0.6133, "incumbent": ["max_depth='1'", "max_features='0.49276944529265165'", "min_samples_leaf='4'", "min_samples_split='9'"], "origin": "Sobol"}
{"cpu_time": 1.5450880527496338, "wallclock_time": 1.5500500202178955, "evaluations": 4, "cost": 0.0364, "incumbent": ["max_depth='22'", "max_features='0.502463330514729'", "min_samples_leaf='18'", "min_samples_split='83'"], "origin": "Sobol"}
{"cpu_time": 2.8341140747070312, "wallclock_time": 2.8408279418945312, "evaluations": 6, "cost": 0.021, "incumbent": ["max_depth='10'", "max_features='0.5'", "min_samples_leaf='1'", "min_samples_split='32'"], "origin": null}
{"cpu_time": 14.493211269378662, "wallclock_time": 14.510926008224487, "evaluations": 17, "cost": 0.0177, "incumbent": ["max_depth='11'", "max_features='0.9135355520993471'", "min_samples_leaf='2'", "min_samples_split='4'"], "origin": "Sobol"}
{"cpu_time": 29.828213691711426, "wallclock_time": 29.88268494606018, "evaluations": 43, "cost": 0.0125, "incumbent": ["max_depth='35'", "max_features='0.653578007593751'", "min_samples_leaf='3'", "min_samples_split='2'"], "origin": "Sobol"}
{"cpu_time": 41.128146171569824, "wallclock_time": 42.12109398841858, "evaluations": 62, "cost": 0.0098, "incumbent": ["max_depth='24'", "max_features='0.6640023318620016'", "min_samples_leaf='1'", "min_samples_split='2'"], "origin": "Local Search"}
{"cpu_time": 90.6346025466919, "wallclock_time": 100.63281512260437, "evaluations": 112, "cost": 0.0096, "incumbent": ["max_depth='13'", "max_features='0.6650041658715905'", "min_samples_leaf='1'", "min_samples_split='2'"], "origin": "Local Search"}
