{"cpu_time": 0.0, "wallclock_time": 0.00021505355834960938, "evaluations": 0, "cost": 2147483648.0, "incumbent": {"alpha": 0.0004126639093412234, "eta0": 0.0017613324954003418}, "budget": 0, "origin": "Sobol"}
{"cpu_time": 0.3384678363800049, "wallclock_time": 0.3392970561981201, "evaluations": 1, "cost": 0.0, "incumbent": {"alpha": 0.0004126639093412234, "eta0": 0.0017613324954003418}, "budget": 0, "origin": "Sobol"}
