"CPU Time Used","Estimated Training Performance","Wallclock Time","Incumbent ID","Automatic Configurator (CPU) Time","Configuration..."
0.000000, 2147483648.000000, 0.000215, 1, 0.000215, alpha='0.0004126639093412234',eta0='0.0017613324954003418'
0.338468, 0.000000, 0.339297, 1, 0.000829, alpha='0.0004126639093412234',eta0='0.0017613324954003418'
