"CPU Time Used","Estimated Training Performance","Wallclock Time","Incumbent ID","Automatic Configurator (CPU) Time","Configuration..."
0.000000, 2147483648.000000, 0.000039, 1, 0.000039, C='1.0',gamma='0.1'
0.028485, 0.498200, 0.029113, 1, 0.000628, C='1.0',gamma='0.1'
0.565588, 0.487200, 0.586750, 2, 0.021162, C='13.010154284884432',gamma='0.006601784113304256'
1.600014, 0.475000, 1.670626, 3, 0.070611, C='9.179301862644406',gamma='0.016542996680034523'
3.766687, 0.465300, 4.018780, 4, 0.252093, C='64.9998285013093',gamma='0.010372084509422277'
7.514639, 0.460300, 8.292288, 5, 0.777649, C='63.068537426565655',gamma='0.00974387808797127'
