{
  "mean_cost": 0.09148542414512315,
  "finished_ta_runs": 600,
  "inc_changed": 4,
  "n_configs": 564,
  "submitted_ta_runs": 600,
  "ta_time_used": 478.4142916202545,
  "wallclock_time_used": 484.00173807144165,
  "dataset_id": 9960,
  "perf_time": 484.050794166018
}