"CPU Time Used","Estimated Training Performance","Wallclock Time","Incumbent ID","Automatic Configurator (CPU) Time","Configuration..."
0.000000, 2147483648.000000, 0.000579, 1, 0.000579, alpha='0.0004126639093412234',eta0='0.0017613324954003418'
4.298719, 0.033800, 4.300090, 1, 0.001371, alpha='0.0004126639093412234',eta0='0.0017613324954003418'
42.817365, 0.024700, 42.828668, 2, 0.011303, alpha='6.675963694532246e-05',eta0='0.13455959491033861'
115.741940, 0.017200, 115.772420, 3, 0.030481, alpha='2.6979332069179497e-05',eta0='0.03342560639959951'
188.768357, 0.016300, 189.830937, 4, 1.062580, alpha='2.4557216435740995e-05',eta0='0.04042989952643635'
235.891086, 0.013300, 237.626236, 5, 1.735150, alpha='1.0986431301445897e-05',eta0='0.04264809395280718'
291.635244, 0.013100, 294.631910, 6, 2.996666, alpha='1.1124989610920756e-05',eta0='0.05065969271566709'
338.862038, 0.012900, 343.699709, 7, 4.837671, alpha='1.0838925202793947e-05',eta0='0.09776144018721444'
360.328140, 0.012700, 365.178050, 8, 4.849910, alpha='1.07567590310353e-05',eta0='0.09182061436373438'
