{"cpu_time": 0.0, "wallclock_time": 0.0014641284942626953, "evaluations": 0, "cost": 2147483648.0, "incumbent": {"colsample_bytree": 0.2890479595400393, "eta": 0.02972240058848022, "max_depth": 1, "reg_lambda": 0.23594281684827217}, "budget": 0, "origin": "Sobol"}
{"cpu_time": 0.33626770973205566, "wallclock_time": 0.3389430046081543, "evaluations": 1, "cost": 0.1264, "incumbent": {"colsample_bytree": 0.2890479595400393, "eta": 0.02972240058848022, "max_depth": 1, "reg_lambda": 0.23594281684827217}, "budget": 0, "origin": "Sobol"}
{"cpu_time": 7.166233777999878, "wallclock_time": 7.173036098480225, "evaluations": 4, "cost": 0.0697, "incumbent": {"colsample_bytree": 0.839533680677414, "eta": 0.03178815964339868, "max_depth": 7, "reg_lambda": 260.08137409645684}, "budget": 0, "origin": "Sobol"}
{"cpu_time": 14.732818841934204, "wallclock_time": 14.743459224700928, "evaluations": 6, "cost": 0.0342, "incumbent": {"colsample_bytree": 1.0, "eta": 0.3, "max_depth": 10, "reg_lambda": 1.0}, "budget": 0, "origin": null}
{"cpu_time": 26.854044198989868, "wallclock_time": 26.876541137695312, "evaluations": 13, "cost": 0.0305, "incumbent": {"colsample_bytree": 0.5235572370700539, "eta": 0.1863242307845216, "max_depth": 3, "reg_lambda": 4.4461461740589225}, "budget": 0, "origin": "Sobol"}
{"cpu_time": 83.14422392845154, "wallclock_time": 84.38154816627502, "evaluations": 63, "cost": 0.0301, "incumbent": {"colsample_bytree": 0.3543396276234523, "eta": 0.5843311543549865, "max_depth": 3, "reg_lambda": 9.327884394785617}, "budget": 0, "origin": "Local Search"}
{"cpu_time": 90.28389310836792, "wallclock_time": 91.94017815589905, "evaluations": 69, "cost": 0.0292, "incumbent": {"colsample_bytree": 0.29589227910359495, "eta": 0.5219526548484273, "max_depth": 3, "reg_lambda": 13.775446998375092}, "budget": 0, "origin": "Local Search"}
{"cpu_time": 120.94217419624329, "wallclock_time": 132.714426279068, "evaluations": 109, "cost": 0.029, "incumbent": {"colsample_bytree": 0.24814743172592255, "eta": 0.33062496979641204, "max_depth": 3, "reg_lambda": 13.71427854893234}, "budget": 0, "origin": "Local Search"}
{"cpu_time": 149.4772448539734, "wallclock_time": 168.0017373561859, "evaluations": 138, "cost": 0.029, "incumbent": {"colsample_bytree": 0.34531415247164954, "eta": 0.09483179733226625, "max_depth": 6, "reg_lambda": 0.002702134508320457}, "budget": 0, "origin": "Local Search"}
{"cpu_time": 174.57926058769226, "wallclock_time": 196.63536715507507, "evaluations": 154, "cost": 0.0283, "incumbent": {"colsample_bytree": 0.3780017336538357, "eta": 0.09442740616046792, "max_depth": 7, "reg_lambda": 0.006174072988592433}, "budget": 0, "origin": "Local Search"}
{"cpu_time": 206.79633474349976, "wallclock_time": 234.4376199245453, "evaluations": 175, "cost": 0.0283, "incumbent": {"colsample_bytree": 0.30924825253728594, "eta": 0.09383565269541766, "max_depth": 6, "reg_lambda": 0.052635361470863236}, "budget": 0, "origin": "Local Search"}
{"cpu_time": 231.1545286178589, "wallclock_time": 264.7831082344055, "evaluations": 198, "cost": 0.0263, "incumbent": {"colsample_bytree": 0.2759110268685331, "eta": 0.09760691920784131, "max_depth": 5, "reg_lambda": 0.0554672383981275}, "budget": 0, "origin": "Local Search"}
