{
  "mean_cost": 0.39100952949415063,
  "finished_ta_runs": 172,
  "inc_changed": 1,
  "n_configs": 110,
  "submitted_ta_runs": 172,
  "ta_time_used": 19.72498893737793,
  "wallclock_time_used": 60.08848309516907,
  "dataset_id": 9971
}