"CPU Time Used","Estimated Training Performance","Wallclock Time","Incumbent ID","Automatic Configurator (CPU) Time","Configuration..."
0.000000, 2147483648.000000, 0.000633, 1, 0.000633, alpha='0.00011227070295712931',eta0='0.0029096933833365197'
0.333127, 0.037700, 0.334658, 1, 0.001530, alpha='0.00011227070295712931',eta0='0.0029096933833365197'
8.039522, 0.036400, 8.322226, 2, 0.282703, alpha='8.195818087981189e-05',eta0='0.0014602725143657207'
10.048250, 0.036100, 10.610713, 3, 0.562463, alpha='0.00011301339978406589',eta0='0.0019034620482141717'
31.749702, 0.035100, 51.986266, 4, 20.236563, alpha='4.0514913918155535e-05',eta0='0.0032859724454412545'
