{"cpu_time": 0.0, "wallclock_time": 4.124641418457031e-05, "evaluations": 0, "cost": 2147483648.0, "incumbent": ["C='1.0'", "gamma='0.1'"], "origin": "Default"}
{"cpu_time": 0.11566996574401855, "wallclock_time": 0.11638021469116211, "evaluations": 1, "cost": 0.1929, "incumbent": ["C='1.0'", "gamma='0.1'"], "origin": "Default"}
