"CPU Time Used","Estimated Training Performance","Wallclock Time","Incumbent ID","Automatic Configurator (CPU) Time","Configuration..."
0.000000, 2147483648.000000, 0.000249, 1, 0.000249, C='0.08611366210550205',gamma='0.4942679928374453'
0.461153, 0.497500, 0.462150, 1, 0.000997, C='0.08611366210550205',gamma='0.4942679928374453'
