{
  "data": [
    [
      [
        1,
        null,
        1799960134,
        0.0
      ],
      [
        0.035287249471310234,
        0.015886783599853516,
        {
          "__enum__": "StatusType.SUCCESS"
        },
        1674420700.145377,
        1674420700.161268,
        {}
      ]
    ]
  ],
  "config_origins": {
    "1": "Sobol"
  },
  "configs": {
    "1": {
      "colsample_bytree": 0.2890479595400393,
      "eta": 0.02972240058848022,
      "max_depth": 1,
      "reg_lambda": 0.23594281684827217
    }
  }
}