"CPU Time Used","Estimated Training Performance","Wallclock Time","Incumbent ID","Automatic Configurator (CPU) Time","Configuration..."
0.000000, 2147483648.000000, 0.000681, 1, 0.000681, alpha='0.00011227070295712931',eta0='0.0029096933833365197'
4.368156, 0.027200, 4.369757, 1, 0.001601, alpha='0.00011227070295712931',eta0='0.0029096933833365197'
68.715908, 0.016700, 68.736375, 2, 0.020467, alpha='2.9848599322377e-05',eta0='0.022418115180003955'
185.091398, 0.016500, 186.325576, 3, 1.234178, alpha='2.428415596613573e-05',eta0='0.017123833327242967'
232.502586, 0.016200, 235.093167, 4, 2.590581, alpha='2.477385526390102e-05',eta0='0.012738113121747281'
279.679523, 0.015300, 282.916543, 5, 3.237020, alpha='1.5222058918252858e-05',eta0='0.014538634512355802'
356.842635, 0.014600, 362.410060, 6, 5.567425, alpha='1.2719162575524001e-05',eta0='0.014682950672384204'
378.323562, 0.014300, 383.905391, 7, 5.581829, alpha='1.096980404892599e-05',eta0='0.014895566392837336'
429.797491, 0.014200, 436.607838, 8, 6.810347, alpha='1.0439633468760318e-05',eta0='0.014895566392837336'
