{
  "mean_cost": 0.29227989631627416,
  "finished_ta_runs": 1,
  "inc_changed": 1,
  "n_configs": 1,
  "submitted_ta_runs": 1,
  "ta_time_used": 0.07444000244140625,
  "wallclock_time_used": 0.07623291015625,
  "dataset_id": 18,
  "perf_time": 0.0824451250000493
}