{
  "mean_cost": 0.6169494887506507,
  "finished_ta_runs": 2,
  "inc_changed": 1,
  "n_configs": 1,
  "submitted_ta_runs": 2,
  "ta_time_used": 1.4152247905731201,
  "wallclock_time_used": 1.4172561168670654,
  "dataset_id": 9985,
  "perf_time": 1.4285887920000278
}