{
  "mean_cost": 0.27103654020756485,
  "finished_ta_runs": 1,
  "inc_changed": 1,
  "n_configs": 1,
  "submitted_ta_runs": 1,
  "ta_time_used": 0.1531059741973877,
  "wallclock_time_used": 0.15473508834838867,
  "dataset_id": 9952,
  "perf_time": 0.1599562500000502
}