{"cpu_time": 0.0, "wallclock_time": 0.0005950927734375, "evaluations": 0, "cost": 2147483648.0, "incumbent": {"alpha": 0.0004126639093412234, "eta0": 0.0017613324954003418}, "budget": 0, "origin": "Sobol"}
{"cpu_time": 2.192422866821289, "wallclock_time": 2.19396710395813, "evaluations": 1, "cost": 0.3213, "incumbent": {"alpha": 0.0004126639093412234, "eta0": 0.0017613324954003418}, "budget": 0, "origin": "Sobol"}
{"cpu_time": 27.493931770324707, "wallclock_time": 27.510431051254272, "evaluations": 13, "cost": 0.3025, "incumbent": {"alpha": 1.3751027885583958e-05, "eta0": 0.0001426968473177047}, "budget": 0, "origin": "Sobol"}
{"cpu_time": 58.72519373893738, "wallclock_time": 58.76693415641785, "evaluations": 28, "cost": 0.29, "incumbent": {"alpha": 2.6979332069179497e-05, "eta0": 0.03342560639959951}, "budget": 0, "origin": "Sobol"}
{"cpu_time": 94.3584132194519, "wallclock_time": 94.43534231185913, "evaluations": 45, "cost": 0.2899, "incumbent": {"alpha": 0.00010552133485562857, "eta0": 0.004699384441638126}, "budget": 0, "origin": "Sobol"}
{"cpu_time": 106.5738456249237, "wallclock_time": 107.27505898475647, "evaluations": 51, "cost": 0.2809, "incumbent": {"alpha": 2.7834006790453546e-05, "eta0": 0.01850747846611266}, "budget": 0, "origin": "Local Search"}
{"cpu_time": 118.57646822929382, "wallclock_time": 119.58244609832764, "evaluations": 57, "cost": 0.2764, "incumbent": {"alpha": 1.939996275420748e-05, "eta0": 0.017409570746763716}, "budget": 0, "origin": "Random Search (sorted)"}
{"cpu_time": 130.4896810054779, "wallclock_time": 131.86176204681396, "evaluations": 63, "cost": 0.2759, "incumbent": {"alpha": 1.3819971715022158e-05, "eta0": 0.018240682540532488}, "budget": 0, "origin": "Random Search (sorted)"}
{"cpu_time": 164.59781765937805, "wallclock_time": 167.21851921081543, "evaluations": 80, "cost": 0.275, "incumbent": {"alpha": 1.6809190408898536e-05, "eta0": 0.015210369251664054}, "budget": 0, "origin": "Local Search"}
{"cpu_time": 186.69420433044434, "wallclock_time": 190.86103296279907, "evaluations": 91, "cost": 0.274, "incumbent": {"alpha": 1.7144598901810534e-05, "eta0": 0.013166826321465186}, "budget": 0, "origin": "Local Search"}
{"cpu_time": 226.89062881469727, "wallclock_time": 234.51366114616394, "evaluations": 111, "cost": 0.2739, "incumbent": {"alpha": 1.5258929369602067e-05, "eta0": 0.014267548401691494}, "budget": 0, "origin": "Local Search"}
{"cpu_time": 387.57313776016235, "wallclock_time": 429.93406796455383, "evaluations": 191, "cost": 0.2738, "incumbent": {"alpha": 1.5678034720787228e-05, "eta0": 0.01344993757650563}, "budget": 0, "origin": "Local Search"}
{"cpu_time": 397.6022107601166, "wallclock_time": 439.99440121650696, "evaluations": 196, "cost": 0.2738, "incumbent": {"alpha": 1.6085377495510527e-05, "eta0": 0.013468250482469022}, "budget": 0, "origin": "Local Search"}
{"cpu_time": 583.4644174575806, "wallclock_time": 677.6790370941162, "evaluations": 289, "cost": 0.273, "incumbent": {"alpha": 1.684367030622232e-05, "eta0": 0.010436021060076978}, "budget": 0, "origin": "Local Search"}
{"cpu_time": 605.4986340999603, "wallclock_time": 701.6574630737305, "evaluations": 300, "cost": 0.2711, "incumbent": {"alpha": 1.655074527655994e-05, "eta0": 0.004903064941227482}, "budget": 0, "origin": "Local Search"}
