"CPU Time Used","Estimated Training Performance","Wallclock Time","Incumbent ID","Automatic Configurator (CPU) Time","Configuration..."
0.000000, 2147483648.000000, 0.000607, 1, 0.000607, C='0.08611366210550205',gamma='0.4942679928374453'
0.056284, 0.382900, 0.057645, 1, 0.001361, C='0.08611366210550205',gamma='0.4942679928374453'
0.217951, 0.142800, 0.221607, 2, 0.003655, C='19.433598606658386',gamma='9.232350409327609'
0.272547, 0.118800, 0.277667, 3, 0.005119, C='1.0',gamma='0.1'
0.673802, 0.086000, 0.689311, 4, 0.015508, C='4.532544074901469',gamma='0.03382327396632573'
0.962035, 0.072700, 0.982996, 5, 0.020961, C='0.9777853374117317',gamma='4.200721606776305'
1.222535, 0.020700, 1.251741, 6, 0.029206, C='490.89071375229827',gamma='0.4114559193983836'
1.675915, 0.000000, 1.721216, 7, 0.045301, C='76.5060885254147',gamma='0.08851540004701101'
