{
  "mean_cost": 0.4497922405876951,
  "finished_ta_runs": 740,
  "inc_changed": 7,
  "n_configs": 706,
  "submitted_ta_runs": 740,
  "ta_time_used": 111.13692569732666,
  "wallclock_time_used": 120.02617025375366,
  "dataset_id": 3022
}