{
  "mean_cost": 0.2590344120473062,
  "finished_ta_runs": 202,
  "inc_changed": 5,
  "n_configs": 178,
  "submitted_ta_runs": 202,
  "ta_time_used": 119.60237646102905,
  "wallclock_time_used": 120.38529109954834,
  "dataset_id": 167119
}