{
  "mean_cost": 0.4804303503756828,
  "finished_ta_runs": 300,
  "inc_changed": 6,
  "n_configs": 84,
  "submitted_ta_runs": 300,
  "ta_time_used": 6.391672372817993,
  "wallclock_time_used": 26.2469539642334,
  "dataset_id": 31,
  "perf_time": 26.258967583009508
}