{"cpu_time": 0.0, "wallclock_time": 0.0015578269958496094, "evaluations": 0, "cost": 2147483648.0, "incumbent": {"max_depth": 6, "max_features": 0.3290755869820714, "min_samples_leaf": 11, "min_samples_split": 2}, "budget": 0, "origin": "Sobol"}
{"cpu_time": 0.23597192764282227, "wallclock_time": 0.23860383033752441, "evaluations": 1, "cost": 0.1769, "incumbent": {"max_depth": 6, "max_features": 0.3290755869820714, "min_samples_leaf": 11, "min_samples_split": 2}, "budget": 0, "origin": "Sobol"}
{"cpu_time": 4.91342830657959, "wallclock_time": 4.9283318519592285, "evaluations": 10, "cost": 0.0897, "incumbent": {"max_depth": 18, "max_features": 0.9707894120365381, "min_samples_leaf": 5, "min_samples_split": 26}, "budget": 0, "origin": "Sobol"}
{"cpu_time": 6.025440216064453, "wallclock_time": 6.049468994140625, "evaluations": 14, "cost": 0.0601, "incumbent": {"max_depth": 10, "max_features": 0.5, "min_samples_leaf": 1, "min_samples_split": 32}, "budget": 0, "origin": null}
{"cpu_time": 30.282690048217773, "wallclock_time": 51.42083978652954, "evaluations": 98, "cost": 0.0583, "incumbent": {"max_depth": 11, "max_features": 0.49727311904989985, "min_samples_leaf": 1, "min_samples_split": 32}, "budget": 0, "origin": "Local Search"}
{"cpu_time": 34.13417291641235, "wallclock_time": 60.478007793426514, "evaluations": 112, "cost": 0.0571, "incumbent": {"max_depth": 12, "max_features": 0.497209112617062, "min_samples_leaf": 1, "min_samples_split": 33}, "budget": 0, "origin": "Local Search"}
{"cpu_time": 36.44308018684387, "wallclock_time": 63.695979833602905, "evaluations": 120, "cost": 0.0501, "incumbent": {"max_depth": 12, "max_features": 0.4972474023002076, "min_samples_leaf": 1, "min_samples_split": 16}, "budget": 0, "origin": "Local Search"}
{"cpu_time": 43.185311794281006, "wallclock_time": 75.72139763832092, "evaluations": 143, "cost": 0.0497, "incumbent": {"max_depth": 28, "max_features": 0.4868609177635712, "min_samples_leaf": 1, "min_samples_split": 14}, "budget": 0, "origin": "Local Search"}
{"cpu_time": 56.57620596885681, "wallclock_time": 108.57200384140015, "evaluations": 188, "cost": 0.0495, "incumbent": {"max_depth": 22, "max_features": 0.4998844571410767, "min_samples_leaf": 1, "min_samples_split": 16}, "budget": 0, "origin": "Local Search"}
{"cpu_time": 68.38924884796143, "wallclock_time": 135.41138982772827, "evaluations": 228, "cost": 0.0478, "incumbent": {"max_depth": 40, "max_features": 0.4964096660241045, "min_samples_leaf": 1, "min_samples_split": 10}, "budget": 0, "origin": "Local Search"}
