{
  "mean_cost": 0.4599803107909466,
  "finished_ta_runs": 300,
  "inc_changed": 8,
  "n_configs": 109,
  "submitted_ta_runs": 300,
  "ta_time_used": 1243.7426006793976,
  "wallclock_time_used": 1311.8426451683044,
  "dataset_id": 14969,
  "perf_time": 1311.8488942500007
}