"CPU Time Used","Estimated Training Performance","Wallclock Time","Incumbent ID","Automatic Configurator (CPU) Time","Configuration..."
0.000000, 2147483648.000000, 0.000584, 1, 0.000584, C='0.08611366210550205',gamma='0.4942679928374453'
0.012903, 0.337400, 0.014196, 1, 0.001293, C='0.08611366210550205',gamma='0.4942679928374453'
0.058166, 0.333300, 0.063502, 2, 0.005337, C='69.38389384208695',gamma='0.0015531477828170245'
0.198614, 0.212300, 0.223660, 3, 0.025046, C='490.89071375229827',gamma='0.4114559193983836'
0.294260, 0.074200, 0.336958, 4, 0.042698, C='76.5060885254147',gamma='0.08851540004701101'
0.724649, 0.041300, 4.088406, 5, 3.363757, C='543.8624070925091',gamma='0.006502524701418361'
0.833298, 0.037000, 5.319794, 6, 4.486496, C='289.7301203896039',gamma='0.00639852870903758'
