{"cpu_time": 0.0, "wallclock_time": 0.0005660057067871094, "evaluations": 0, "cost": 2147483648.0, "incumbent": ["alpha='0.0004126639093412234'", "eta0='0.0017613324954003418'"], "origin": "Sobol"}
{"cpu_time": 0.04340505599975586, "wallclock_time": 0.04472708702087402, "evaluations": 1, "cost": 0.4899, "incumbent": ["alpha='0.0004126639093412234'", "eta0='0.0017613324954003418'"], "origin": "Sobol"}
{"cpu_time": 3.040776491165161, "wallclock_time": 9.94989800453186, "evaluations": 94, "cost": 0.4748, "incumbent": ["alpha='0.00033739880536110857'", "eta0='1.306267212896735e-05'"], "origin": "Local Search"}
