"CPU Time Used","Estimated Training Performance","Wallclock Time","Incumbent ID","Automatic Configurator (CPU) Time","Configuration..."
0.000000, 2147483648.000000, 0.000566, 1, 0.000566, alpha='0.0004126639093412234',eta0='0.0017613324954003418'
0.043405, 0.489900, 0.044727, 1, 0.001322, alpha='0.0004126639093412234',eta0='0.0017613324954003418'
3.040776, 0.474800, 9.949898, 2, 6.909122, alpha='0.00033739880536110857',eta0='1.306267212896735e-05'
