{
  "mean_cost": 0.24314032193398283,
  "finished_ta_runs": 1,
  "inc_changed": 1,
  "n_configs": 1,
  "submitted_ta_runs": 1,
  "ta_time_used": 2.604457139968872,
  "wallclock_time_used": 2.6060750484466553,
  "dataset_id": 2074,
  "perf_time": 2.612176792000355
}