{
  "mean_cost": 0.029597010307220173,
  "finished_ta_runs": 2,
  "inc_changed": 1,
  "n_configs": 1,
  "submitted_ta_runs": 2,
  "ta_time_used": 9.560091972351074,
  "wallclock_time_used": 9.56217098236084,
  "dataset_id": 125922,
  "perf_time": 9.569534750000003
}