{
  "mean_cost": 0.17301819956255324,
  "finished_ta_runs": 300,
  "inc_changed": 6,
  "n_configs": 169,
  "submitted_ta_runs": 300,
  "ta_time_used": 25.432220220565796,
  "wallclock_time_used": 105.32479310035706,
  "dataset_id": 146821,
  "perf_time": 105.33862258299999
}