{
  "mean_cost": 0.24628838239949355,
  "finished_ta_runs": 300,
  "inc_changed": 13,
  "n_configs": 161,
  "submitted_ta_runs": 300,
  "ta_time_used": 8.73907732963562,
  "wallclock_time_used": 133.37933373451233,
  "dataset_id": 11,
  "perf_time": 133.39292008298798
}