{
  "mean_cost": 0.33067718057549234,
  "finished_ta_runs": 2,
  "inc_changed": 1,
  "n_configs": 1,
  "submitted_ta_runs": 2,
  "ta_time_used": 0.493833065032959,
  "wallclock_time_used": 0.4958498477935791,
  "dataset_id": 3917,
  "perf_time": 0.5066802080000343
}