"CPU Time Used","Estimated Training Performance","Wallclock Time","Incumbent ID","Automatic Configurator (CPU) Time","Configuration..."
0.000000, 2147483648.000000, 0.000530, 1, 0.000530, alpha='0.0040824718253228975',eta0='0.00044195488125554607'
0.147069, 0.429800, 0.148329, 1, 0.001260, alpha='0.0040824718253228975',eta0='0.00044195488125554607'
2.558978, 0.453000, 2.575943, 2, 0.016965, alpha='8.740778541533059e-05',eta0='0.35545691961437276'
7.327533, 0.452500, 9.901663, 3, 2.574130, alpha='0.00015750792081440458',eta0='0.001020450318874955'
14.941900, 0.446600, 25.654604, 4, 10.712704, alpha='0.00018301265368072476',eta0='0.0002229033631552904'
18.513957, 0.433500, 32.838832, 5, 14.324875, alpha='0.007383944963738128',eta0='5.1383396558803596e-05'
