"CPU Time Used","Estimated Training Performance","Wallclock Time","Incumbent ID","Automatic Configurator (CPU) Time","Configuration..."
0.000000, 2147483648.000000, 0.000579, 1, 0.000579, C='0.08611366210550205',gamma='0.4942679928374453'
0.010885, 0.500000, 0.012168, 1, 0.001283, C='0.08611366210550205',gamma='0.4942679928374453'
0.068072, 0.438500, 0.073814, 2, 0.005743, C='69.38389384208695',gamma='0.0015531477828170245'
0.155342, 0.427000, 0.170888, 3, 0.015546, C='4.532544074901469',gamma='0.03382327396632573'
0.308804, 0.420600, 0.619140, 4, 0.310336, C='5.278290793019379',gamma='0.0306933643691698'
0.552757, 0.414200, 3.771879, 5, 3.219122, C='5.94088230693203',gamma='0.030792837509741974'
1.486735, 0.406900, 17.181148, 6, 15.694413, C='5.9749513051270435',gamma='0.023325486462229483'
1.576174, 0.400000, 18.663067, 7, 17.086893, C='5.988928370336841',gamma='0.018184047476589728'
