{
  "mean_cost": 0.33606497241663363,
  "finished_ta_runs": 600,
  "inc_changed": 6,
  "n_configs": 566,
  "submitted_ta_runs": 600,
  "ta_time_used": 235.31623482704163,
  "wallclock_time_used": 240.913715839386,
  "dataset_id": 167141,
  "perf_time": 240.9306053340042
}