"CPU Time Used","Estimated Training Performance","Wallclock Time","Incumbent ID","Automatic Configurator (CPU) Time","Configuration..."
0.000000, 2147483648.000000, 0.000539, 1, 0.000539, alpha='0.00011227070295712931',eta0='0.0029096933833365197'
0.068615, 0.437100, 0.069860, 1, 0.001245, alpha='0.00011227070295712931',eta0='0.0029096933833365197'
0.816029, 0.409300, 0.830324, 2, 0.014295, alpha='1.715136253541309e-05',eta0='0.0001288871339815063'
2.054099, 0.406000, 2.116210, 3, 0.062111, alpha='8.493190945563282e-05',eta0='3.713240341799095e-05'
2.479140, 0.403000, 2.917250, 4, 0.438110, alpha='0.0002517589658955455',eta0='0.0007286409919203988'
3.629490, 0.402000, 7.522898, 5, 3.893408, alpha='0.0010403427193598706',eta0='0.0010677018922808977'
8.233119, 0.400900, 23.050487, 6, 14.817368, alpha='0.0029518392994518183',eta0='0.0009950499783869008'
