{
  "mean_cost": 0.13335463507322518,
  "finished_ta_runs": 169,
  "inc_changed": 5,
  "n_configs": 120,
  "submitted_ta_runs": 169,
  "ta_time_used": 10.828231573104858,
  "wallclock_time_used": 61.47118401527405,
  "dataset_id": 10093
}