"CPU Time Used","Estimated Training Performance","Wallclock Time","Incumbent ID","Automatic Configurator (CPU) Time","Configuration..."
0.000000, 2147483648.000000, 0.000038, 1, 0.000038, C='1.0',gamma='0.1'
0.309242, 0.510500, 0.309897, 1, 0.000655, C='1.0',gamma='0.1'
1.397328, 0.091400, 1.403259, 2, 0.005931, C='1.746441318982685',gamma='0.0022547265063997683'
8.804318, 0.089300, 8.855244, 3, 0.050926, C='0.6844176414093325',gamma='0.021121203608795207'
12.270617, 0.085100, 12.350990, 4, 0.080373, C='9.179301862644406',gamma='0.016542996680034523'
21.471775, 0.083900, 21.649317, 5, 0.177542, C='7.829253805572137',gamma='0.021189374499696167'
38.025733, 0.082000, 38.470399, 6, 0.444666, C='60.892090133809305',gamma='0.01973920087189567'
