{"cpu_time": 0.0, "wallclock_time": 3.790855407714844e-05, "evaluations": 0, "cost": 2147483648.0, "incumbent": ["C='1.0'", "gamma='0.1'"], "origin": "Default"}
{"cpu_time": 0.30924224853515625, "wallclock_time": 0.30989718437194824, "evaluations": 1, "cost": 0.5105, "incumbent": ["C='1.0'", "gamma='0.1'"], "origin": "Default"}
{"cpu_time": 1.3973281383514404, "wallclock_time": 1.403259038925171, "evaluations": 7, "cost": 0.0914, "incumbent": ["C='1.746441318982685'", "gamma='0.0022547265063997683'"], "origin": "Random Search"}
{"cpu_time": 8.804318189620972, "wallclock_time": 8.855244159698486, "evaluations": 38, "cost": 0.0893, "incumbent": ["C='0.6844176414093325'", "gamma='0.021121203608795207'"], "origin": "Random Search"}
{"cpu_time": 12.270617008209229, "wallclock_time": 12.350990056991577, "evaluations": 52, "cost": 0.0851, "incumbent": ["C='9.179301862644406'", "gamma='0.016542996680034523'"], "origin": "Random Search"}
{"cpu_time": 21.47177529335022, "wallclock_time": 21.649317026138306, "evaluations": 87, "cost": 0.0839, "incumbent": ["C='7.829253805572137'", "gamma='0.021189374499696167'"], "origin": "Random Search"}
{"cpu_time": 38.02573347091675, "wallclock_time": 38.470399141311646, "evaluations": 154, "cost": 0.082, "incumbent": ["C='60.892090133809305'", "gamma='0.01973920087189567'"], "origin": "Random Search"}
