{"cpu_time": 0.0, "wallclock_time": 5.602836608886719e-05, "evaluations": 0, "cost": 2147483648.0, "incumbent": {"colsample_bytree": 1.0, "eta": 0.3, "max_depth": 10, "reg_lambda": 1.0}, "budget": 0, "origin": "Default"}
{"cpu_time": 0.1986219882965088, "wallclock_time": 0.19942617416381836, "evaluations": 1, "cost": 0.0786, "incumbent": {"colsample_bytree": 1.0, "eta": 0.3, "max_depth": 10, "reg_lambda": 1.0}, "budget": 0, "origin": "Default"}
{"cpu_time": 0.795264720916748, "wallclock_time": 0.798957109451294, "evaluations": 4, "cost": 0.0683, "incumbent": {"colsample_bytree": 0.8824354449539316, "eta": 0.0031981000666476914, "max_depth": 7, "reg_lambda": 0.649856834080378}, "budget": 0, "origin": "Random Search"}
{"cpu_time": 12.354370832443237, "wallclock_time": 12.744040966033936, "evaluations": 132, "cost": 0.0598, "incumbent": {"colsample_bytree": 0.8955238378032226, "eta": 0.005422756214977759, "max_depth": 7, "reg_lambda": 0.006261918724477001}, "budget": 0, "origin": "Random Search"}
{"cpu_time": 22.37600541114807, "wallclock_time": 23.497135877609253, "evaluations": 244, "cost": 0.0589, "incumbent": {"colsample_bytree": 0.8859906732664186, "eta": 0.03656733589474161, "max_depth": 10, "reg_lambda": 0.06750026054706082}, "budget": 0, "origin": "Random Search"}
