{"cpu_time": 0.0, "wallclock_time": 0.0012178421020507812, "evaluations": 0, "cost": 2147483648.0, "incumbent": {"alpha": 0.00011227070295712931, "eta0": 0.0029096933833365197}, "budget": 0, "origin": "Sobol"}
{"cpu_time": 3.467846155166626, "wallclock_time": 3.4700489044189453, "evaluations": 1, "cost": 0.6994, "incumbent": {"alpha": 0.00011227070295712931, "eta0": 0.0029096933833365197}, "budget": 0, "origin": "Sobol"}
{"cpu_time": 112.81190204620361, "wallclock_time": 113.13996887207031, "evaluations": 34, "cost": 0.6985, "incumbent": {"alpha": 3.409446916728801e-05, "eta0": 0.0012659614977052144}, "budget": 0, "origin": "Random Search (sorted)"}
{"cpu_time": 149.07911801338196, "wallclock_time": 150.08301401138306, "evaluations": 45, "cost": 0.697, "incumbent": {"alpha": 3.3858110773726e-05, "eta0": 0.0009445730384104736}, "budget": 0, "origin": "Local Search"}
{"cpu_time": 171.8489637374878, "wallclock_time": 173.44272089004517, "evaluations": 52, "cost": 0.694, "incumbent": {"alpha": 3.242060232619762e-05, "eta0": 0.0006393547028477185}, "budget": 0, "origin": "Random Search (sorted)"}
{"cpu_time": 188.0409059524536, "wallclock_time": 189.64371991157532, "evaluations": 57, "cost": 0.6927, "incumbent": {"alpha": 4.0666267930359173e-05, "eta0": 0.00030287142954887723}, "budget": 0, "origin": "Random Search"}
{"cpu_time": 221.32804679870605, "wallclock_time": 224.6104588508606, "evaluations": 67, "cost": 0.692, "incumbent": {"alpha": 5.6002770219815306e-05, "eta0": 0.00034465151641996947}, "budget": 0, "origin": "Random Search (sorted)"}
{"cpu_time": 244.61246967315674, "wallclock_time": 248.65332698822021, "evaluations": 74, "cost": 0.6914, "incumbent": {"alpha": 5.612754236529833e-05, "eta0": 0.000353802215154736}, "budget": 0, "origin": "Local Search"}
{"cpu_time": 263.9938726425171, "wallclock_time": 268.58135890960693, "evaluations": 80, "cost": 0.6902, "incumbent": {"alpha": 5.8006888320875754e-05, "eta0": 0.0003841697307291009}, "budget": 0, "origin": "Random Search (sorted)"}
{"cpu_time": 407.7124660015106, "wallclock_time": 420.61903977394104, "evaluations": 124, "cost": 0.6902, "incumbent": {"alpha": 5.7784512224861465e-05, "eta0": 0.0003825759096196423}, "budget": 0, "origin": "Local Search"}
{"cpu_time": 762.9739756584167, "wallclock_time": 814.8465628623962, "evaluations": 232, "cost": 0.6767, "incumbent": {"alpha": 1.681398852901727e-05, "eta0": 0.3949510072410456}, "budget": 0, "origin": "Local Search"}
{"cpu_time": 798.9091081619263, "wallclock_time": 854.0384767055511, "evaluations": 243, "cost": 0.6732, "incumbent": {"alpha": 1.1307212428050446e-05, "eta0": 0.38586860204150686}, "budget": 0, "origin": "Local Search"}
