{
  "mean_cost": 0.4269890106345945,
  "finished_ta_runs": 916,
  "inc_changed": 5,
  "n_configs": 860,
  "submitted_ta_runs": 916,
  "ta_time_used": 107.38232564926147,
  "wallclock_time_used": 120.01544690132141,
  "dataset_id": 9971
}