"CPU Time Used","Estimated Training Performance","Wallclock Time","Incumbent ID","Automatic Configurator (CPU) Time","Configuration..."
0.000000, 2147483648.000000, 0.000660, 1, 0.000660, alpha='0.0004126639093412234',eta0='0.0017613324954003418'
1.519826, 0.120100, 1.521703, 1, 0.001877, alpha='0.0004126639093412234',eta0='0.0017613324954003418'
24.228587, 0.029800, 24.252958, 2, 0.024371, alpha='2.6979332069179497e-05',eta0='0.03342560639959951'
56.088710, 0.029600, 60.172807, 3, 4.084097, alpha='3.142543665103577e-05',eta0='0.037455141629128025'
98.477968, 0.028500, 107.449554, 4, 8.971586, alpha='1.2058149061897036e-05',eta0='0.0354035003151048'
103.286007, 0.027800, 112.270475, 5, 8.984468, alpha='1.0189693425527022e-05',eta0='0.034676766362889556'
