{
  "mean_cost": 0.49343651604707534,
  "finished_ta_runs": 300,
  "inc_changed": 9,
  "n_configs": 160,
  "submitted_ta_runs": 300,
  "ta_time_used": 31.351356267929077,
  "wallclock_time_used": 196.88161611557007,
  "dataset_id": 23,
  "perf_time": 196.89416149999943
}