{
  "mean_cost": 0.08070407169102231,
  "finished_ta_runs": 564,
  "inc_changed": 4,
  "n_configs": 520,
  "submitted_ta_runs": 564,
  "ta_time_used": 115.20081090927124,
  "wallclock_time_used": 120.1084291934967,
  "dataset_id": 146822
}