"CPU Time Used","Estimated Training Performance","Wallclock Time","Incumbent ID","Automatic Configurator (CPU) Time","Configuration..."
0.000000, 2147483648.000000, 0.000544, 1, 0.000544, alpha='0.0004126639093412234',eta0='0.0017613324954003418'
0.026069, 0.405600, 0.027335, 1, 0.001266, alpha='0.0004126639093412234',eta0='0.0017613324954003418'
1.060176, 0.405000, 2.595456, 2, 1.535280, alpha='0.00015190515816330884',eta0='0.00070058450649522'
1.462597, 0.396700, 3.656842, 3, 2.194245, alpha='5.034811236114835e-05',eta0='0.0002678546677511551'
2.594389, 0.393200, 10.201812, 4, 7.607423, alpha='0.00015152269984705218',eta0='0.0006281406761734029'
4.405155, 0.389800, 24.041808, 5, 19.636653, alpha='1.1391072507221855e-05',eta0='0.004608809386619475'
4.705710, 0.387900, 25.088546, 6, 20.382836, alpha='0.00017017717788210196',eta0='0.00016303102078201866'
