"CPU Time Used","Estimated Training Performance","Wallclock Time","Incumbent ID","Automatic Configurator (CPU) Time","Configuration..."
0.000000, 2147483648.000000, 0.000050, 1, 0.000050, colsample_bytree='1.0',eta='0.3',max_depth='10',reg_lambda='1.0'
1.180710, 0.402300, 1.181973, 1, 0.001263, colsample_bytree='1.0',eta='0.3',max_depth='10',reg_lambda='1.0'
3.421380, 0.389300, 3.429301, 2, 0.007921, colsample_bytree='0.1477517486203504',eta='0.1656158608211872',max_depth='2',reg_lambda='0.008238286081969528'
4.669953, 0.371700, 4.697357, 3, 0.027404, colsample_bytree='0.8097534200987113',eta='0.26944934321966335',max_depth='1',reg_lambda='0.002741934497774073'
15.925332, 0.363000, 16.351429, 4, 0.426097, colsample_bytree='0.9372615685696941',eta='0.5936436863329814',max_depth='2',reg_lambda='510.1198620005727'
16.811587, 0.358300, 17.298159, 5, 0.486572, colsample_bytree='0.9568114949385936',eta='0.22174252673770847',max_depth='1',reg_lambda='1.399837513619914'
