"CPU Time Used","Estimated Training Performance","Wallclock Time","Incumbent ID","Automatic Configurator (CPU) Time","Configuration..."
0.000000, 2147483648.000000, 0.000598, 1, 0.000598, alpha='0.0004126639093412234',eta0='0.0017613324954003418'
6.740962, 0.044600, 6.742713, 1, 0.001751, alpha='0.0004126639093412234',eta0='0.0017613324954003418'
46.157427, 0.026000, 46.166763, 2, 0.009336, alpha='0.10693804138470717',eta0='1.4701197301483249e-05'
209.204533, 0.026000, 209.343080, 3, 0.138547, alpha='0.2222611632956835',eta0='7.173240601211391e-05'
274.356270, 0.024700, 275.422973, 4, 1.066703, alpha='0.22651981655042136',eta0='2.4882217446858408e-05'
516.346102, 0.023900, 522.952923, 5, 6.606822, alpha='0.22608418826952695',eta0='2.1905752784035558e-05'
712.769848, 0.023400, 723.079534, 6, 10.309686, alpha='0.22580709290672837',eta0='1.2831245621751474e-05'
778.214748, 0.023000, 789.720012, 7, 11.505264, alpha='0.2142331345525374',eta0='1.995160269801427e-05'
