{"cpu_time": 0.0, "wallclock_time": 0.0005981922149658203, "evaluations": 0, "cost": 2147483648.0, "incumbent": {"alpha": 0.0004126639093412234, "eta0": 0.0017613324954003418}, "budget": 0, "origin": "Sobol"}
{"cpu_time": 6.740961790084839, "wallclock_time": 6.74271297454834, "evaluations": 1, "cost": 0.0446, "incumbent": {"alpha": 0.0004126639093412234, "eta0": 0.0017613324954003418}, "budget": 0, "origin": "Sobol"}
{"cpu_time": 46.1574273109436, "wallclock_time": 46.16676306724548, "evaluations": 7, "cost": 0.026, "incumbent": {"alpha": 0.10693804138470717, "eta0": 1.4701197301483249e-05}, "budget": 0, "origin": "Sobol"}
{"cpu_time": 209.20453310012817, "wallclock_time": 209.34308004379272, "evaluations": 33, "cost": 0.026, "incumbent": {"alpha": 0.2222611632956835, "eta0": 7.173240601211391e-05}, "budget": 0, "origin": "Random Search"}
{"cpu_time": 274.35627031326294, "wallclock_time": 275.42297291755676, "evaluations": 43, "cost": 0.0247, "incumbent": {"alpha": 0.22651981655042136, "eta0": 2.4882217446858408e-05}, "budget": 0, "origin": "Local Search"}
{"cpu_time": 516.3461015224457, "wallclock_time": 522.9529230594635, "evaluations": 80, "cost": 0.0239, "incumbent": {"alpha": 0.22608418826952695, "eta0": 2.1905752784035558e-05}, "budget": 0, "origin": "Local Search"}
{"cpu_time": 712.769847869873, "wallclock_time": 723.0795338153839, "evaluations": 110, "cost": 0.0234, "incumbent": {"alpha": 0.22580709290672837, "eta0": 1.2831245621751474e-05}, "budget": 0, "origin": "Local Search"}
{"cpu_time": 778.2147479057312, "wallclock_time": 789.7200121879578, "evaluations": 120, "cost": 0.023, "incumbent": {"alpha": 0.2142331345525374, "eta0": 1.995160269801427e-05}, "budget": 0, "origin": "Local Search"}
