{"cpu_time": 0.0, "wallclock_time": 0.0015361309051513672, "evaluations": 0, "cost": 2147483648.0, "incumbent": {"max_depth": 2, "max_features": 0.4491682695224881, "min_samples_leaf": 1, "min_samples_split": 4}, "budget": 0, "origin": "Sobol"}
{"cpu_time": 0.6172471046447754, "wallclock_time": 0.6198279857635498, "evaluations": 1, "cost": 0.5, "incumbent": {"max_depth": 2, "max_features": 0.4491682695224881, "min_samples_leaf": 1, "min_samples_split": 4}, "budget": 0, "origin": "Sobol"}
{"cpu_time": 6.3568360805511475, "wallclock_time": 6.362695932388306, "evaluations": 4, "cost": 0.3125, "incumbent": {"max_depth": 17, "max_features": 0.6137791713699698, "min_samples_leaf": 16, "min_samples_split": 18}, "budget": 0, "origin": "Sobol"}
{"cpu_time": 35.41416144371033, "wallclock_time": 35.436975955963135, "evaluations": 17, "cost": 0.3031, "incumbent": {"max_depth": 7, "max_features": 0.8544756416231394, "min_samples_leaf": 3, "min_samples_split": 9}, "budget": 0, "origin": "Sobol"}
{"cpu_time": 69.84687304496765, "wallclock_time": 69.88850593566895, "evaluations": 28, "cost": 0.2848, "incumbent": {"max_depth": 30, "max_features": 0.8789303731173277, "min_samples_leaf": 9, "min_samples_split": 48}, "budget": 0, "origin": "Sobol"}
{"cpu_time": 155.99545216560364, "wallclock_time": 156.10946011543274, "evaluations": 60, "cost": 0.2811, "incumbent": {"max_depth": 19, "max_features": 0.9526863796636462, "min_samples_leaf": 5, "min_samples_split": 4}, "budget": 0, "origin": "Sobol"}
{"cpu_time": 207.86667847633362, "wallclock_time": 209.25298810005188, "evaluations": 72, "cost": 0.2802, "incumbent": {"max_depth": 20, "max_features": 0.9783580443708707, "min_samples_leaf": 5, "min_samples_split": 3}, "budget": 0, "origin": "Random Search (sorted)"}
{"cpu_time": 304.0220766067505, "wallclock_time": 308.3457660675049, "evaluations": 86, "cost": 0.2783, "incumbent": {"max_depth": 17, "max_features": 0.9995601120263787, "min_samples_leaf": 1, "min_samples_split": 54}, "budget": 0, "origin": "Local Search"}
{"cpu_time": 399.1178159713745, "wallclock_time": 409.8748061656952, "evaluations": 100, "cost": 0.2775, "incumbent": {"max_depth": 20, "max_features": 0.9995601120263787, "min_samples_leaf": 1, "min_samples_split": 53}, "budget": 0, "origin": "Local Search"}
{"cpu_time": 438.4502327442169, "wallclock_time": 450.3963432312012, "evaluations": 107, "cost": 0.2772, "incumbent": {"max_depth": 22, "max_features": 0.9995251227599191, "min_samples_leaf": 1, "min_samples_split": 52}, "budget": 0, "origin": "Local Search"}
{"cpu_time": 758.0630416870117, "wallclock_time": 789.3267900943756, "evaluations": 151, "cost": 0.2769, "incumbent": {"max_depth": 37, "max_features": 0.9995251227599191, "min_samples_leaf": 1, "min_samples_split": 48}, "budget": 0, "origin": "Local Search"}
