{"cpu_time": 0.0, "wallclock_time": 0.0015718936920166016, "evaluations": 0, "cost": 2147483648.0, "incumbent": {"colsample_bytree": 0.2890479595400393, "eta": 0.02972240058848022, "max_depth": 1, "reg_lambda": 0.23594281684827217}, "budget": 0, "origin": "Sobol"}
{"cpu_time": 0.034915924072265625, "wallclock_time": 0.037693023681640625, "evaluations": 1, "cost": 0.5982, "incumbent": {"colsample_bytree": 0.2890479595400393, "eta": 0.02972240058848022, "max_depth": 1, "reg_lambda": 0.23594281684827217}, "budget": 0, "origin": "Sobol"}
{"cpu_time": 0.33107519149780273, "wallclock_time": 0.3368210792541504, "evaluations": 4, "cost": 0.4996, "incumbent": {"colsample_bytree": 0.839533680677414, "eta": 0.03178815964339868, "max_depth": 7, "reg_lambda": 260.08137409645684}, "budget": 0, "origin": "Sobol"}
{"cpu_time": 1.3607470989227295, "wallclock_time": 1.3755948543548584, "evaluations": 13, "cost": 0.4847, "incumbent": {"colsample_bytree": 0.5235572370700539, "eta": 0.1863242307845216, "max_depth": 3, "reg_lambda": 4.4461461740589225}, "budget": 0, "origin": "Sobol"}
{"cpu_time": 4.220175743103027, "wallclock_time": 4.29227876663208, "evaluations": 50, "cost": 0.4799, "incumbent": {"colsample_bytree": 0.6062659432180226, "eta": 0.2594878767973906, "max_depth": 6, "reg_lambda": 145.3490654217922}, "budget": 0, "origin": "Sobol"}
{"cpu_time": 7.836721897125244, "wallclock_time": 17.2016339302063, "evaluations": 85, "cost": 0.4759, "incumbent": {"colsample_bytree": 0.8160048227666066, "eta": 0.26889534613002775, "max_depth": 10, "reg_lambda": 110.99358752640909}, "budget": 0, "origin": "Local Search"}
{"cpu_time": 8.858243465423584, "wallclock_time": 18.23658514022827, "evaluations": 90, "cost": 0.4613, "incumbent": {"colsample_bytree": 0.8229625183790994, "eta": 0.2601100461659528, "max_depth": 10, "reg_lambda": 147.36223786721274}, "budget": 0, "origin": "Local Search"}
{"cpu_time": 9.847134113311768, "wallclock_time": 21.889302968978882, "evaluations": 99, "cost": 0.4497, "incumbent": {"colsample_bytree": 0.8193741065052564, "eta": 0.15498307199018554, "max_depth": 6, "reg_lambda": 138.0738964535791}, "budget": 0, "origin": "Local Search"}
{"cpu_time": 11.980726718902588, "wallclock_time": 37.18952202796936, "evaluations": 121, "cost": 0.445, "incumbent": {"colsample_bytree": 0.8191160079434867, "eta": 0.15151256535478672, "max_depth": 5, "reg_lambda": 116.08384252451168}, "budget": 0, "origin": "Local Search"}
{"cpu_time": 12.629910469055176, "wallclock_time": 37.85975480079651, "evaluations": 126, "cost": 0.4365, "incumbent": {"colsample_bytree": 0.8188243325977355, "eta": 0.15235676732919093, "max_depth": 5, "reg_lambda": 109.61410137672432}, "budget": 0, "origin": "Local Search"}
{"cpu_time": 15.824542999267578, "wallclock_time": 58.11688995361328, "evaluations": 148, "cost": 0.4284, "incumbent": {"colsample_bytree": 0.9303315550883958, "eta": 0.15235676732919093, "max_depth": 8, "reg_lambda": 130.89907274349858}, "budget": 0, "origin": "Local Search"}
{"cpu_time": 17.21869659423828, "wallclock_time": 62.391886949539185, "evaluations": 157, "cost": 0.4267, "incumbent": {"colsample_bytree": 0.9294479109401581, "eta": 0.15235676732919093, "max_depth": 6, "reg_lambda": 106.13257892624534}, "budget": 0, "origin": "Local Search"}
