{"cpu_time": 0.0, "wallclock_time": 0.0014798641204833984, "evaluations": 0, "cost": 2147483648.0, "incumbent": ["max_depth='2'", "max_features='0.4491682695224881'", "min_samples_leaf='1'", "min_samples_split='4'"], "origin": "Sobol"}
{"cpu_time": 0.06944608688354492, "wallclock_time": 0.07178187370300293, "evaluations": 1, "cost": 0.5746, "incumbent": ["max_depth='2'", "max_features='0.4491682695224881'", "min_samples_leaf='1'", "min_samples_split='4'"], "origin": "Sobol"}
{"cpu_time": 0.2953321933746338, "wallclock_time": 0.3000149726867676, "evaluations": 4, "cost": 0.4997, "incumbent": ["max_depth='17'", "max_features='0.6137791713699698'", "min_samples_leaf='16'", "min_samples_split='18'"], "origin": "Sobol"}
{"cpu_time": 0.4539060592651367, "wallclock_time": 0.46019887924194336, "evaluations": 6, "cost": 0.4881, "incumbent": ["max_depth='10'", "max_features='0.5'", "min_samples_leaf='1'", "min_samples_split='32'"], "origin": null}
{"cpu_time": 1.3735239505767822, "wallclock_time": 1.3901939392089844, "evaluations": 17, "cost": 0.4709, "incumbent": ["max_depth='7'", "max_features='0.8544756416231394'", "min_samples_leaf='3'", "min_samples_split='9'"], "origin": "Sobol"}
{"cpu_time": 3.881499767303467, "wallclock_time": 3.944610834121704, "evaluations": 49, "cost": 0.4613, "incumbent": ["max_depth='19'", "max_features='0.9526863796636462'", "min_samples_leaf='5'", "min_samples_split='4'"], "origin": "Sobol"}
