{
  "mean_cost": 0.4704334667192227,
  "finished_ta_runs": 1713,
  "inc_changed": 7,
  "n_configs": 1556,
  "submitted_ta_runs": 1713,
  "ta_time_used": 74.81898307800293,
  "wallclock_time_used": 120.04664516448975,
  "dataset_id": 125920
}