{"cpu_time": 0.0, "wallclock_time": 0.0014510154724121094, "evaluations": 0, "cost": 2147483648.0, "incumbent": {"colsample_bytree": 0.2890479595400393, "eta": 0.02972240058848022, "max_depth": 1, "reg_lambda": 0.23594281684827217}, "budget": 0, "origin": "Sobol"}
{"cpu_time": 0.022661209106445312, "wallclock_time": 0.025104761123657227, "evaluations": 1, "cost": 0.5, "incumbent": {"colsample_bytree": 0.2890479595400393, "eta": 0.02972240058848022, "max_depth": 1, "reg_lambda": 0.23594281684827217}, "budget": 0, "origin": "Sobol"}
{"cpu_time": 0.3171830177307129, "wallclock_time": 0.3220648765563965, "evaluations": 4, "cost": 0.3778, "incumbent": {"colsample_bytree": 0.839533680677414, "eta": 0.03178815964339868, "max_depth": 7, "reg_lambda": 260.08137409645684}, "budget": 0, "origin": "Sobol"}
{"cpu_time": 0.6780343055725098, "wallclock_time": 0.6845288276672363, "evaluations": 6, "cost": 0.3048, "incumbent": {"colsample_bytree": 1.0, "eta": 0.3, "max_depth": 10, "reg_lambda": 1.0}, "budget": 0, "origin": null}
{"cpu_time": 1.3270275592803955, "wallclock_time": 1.3401079177856445, "evaluations": 13, "cost": 0.2849, "incumbent": {"colsample_bytree": 0.5235572370700539, "eta": 0.1863242307845216, "max_depth": 3, "reg_lambda": 4.4461461740589225}, "budget": 0, "origin": "Sobol"}
{"cpu_time": 3.2509536743164062, "wallclock_time": 3.3035969734191895, "evaluations": 42, "cost": 0.2727, "incumbent": {"colsample_bytree": 0.7856166652403772, "eta": 0.9117625916488072, "max_depth": 4, "reg_lambda": 0.06672038436959972}, "budget": 0, "origin": "Sobol"}
{"cpu_time": 5.554056644439697, "wallclock_time": 8.488238096237183, "evaluations": 74, "cost": 0.2629, "incumbent": {"colsample_bytree": 0.5225691123913669, "eta": 0.9174104803363001, "max_depth": 3, "reg_lambda": 7.879165125120141}, "budget": 0, "origin": "Local Search"}
{"cpu_time": 14.168734312057495, "wallclock_time": 74.1631088256836, "evaluations": 181, "cost": 0.2567, "incumbent": {"colsample_bytree": 0.5226393294539676, "eta": 0.911490379643919, "max_depth": 3, "reg_lambda": 7.834501303172386}, "budget": 0, "origin": "Local Search"}
