"CPU Time Used","Estimated Training Performance","Wallclock Time","Incumbent ID","Automatic Configurator (CPU) Time","Configuration..."
0.000000, 2147483648.000000, 0.001451, 1, 0.001451, colsample_bytree='0.2890479595400393',eta='0.02972240058848022',max_depth='1',reg_lambda='0.23594281684827217'
0.022661, 0.500000, 0.025105, 1, 0.002444, colsample_bytree='0.2890479595400393',eta='0.02972240058848022',max_depth='1',reg_lambda='0.23594281684827217'
0.317183, 0.377800, 0.322065, 2, 0.004882, colsample_bytree='0.839533680677414',eta='0.03178815964339868',max_depth='7',reg_lambda='260.08137409645684'
0.678034, 0.304800, 0.684529, 3, 0.006495, colsample_bytree='1.0',eta='0.3',max_depth='10',reg_lambda='1.0'
1.327028, 0.284900, 1.340108, 4, 0.013080, colsample_bytree='0.5235572370700539',eta='0.1863242307845216',max_depth='3',reg_lambda='4.4461461740589225'
3.250954, 0.272700, 3.303597, 5, 0.052643, colsample_bytree='0.7856166652403772',eta='0.9117625916488072',max_depth='4',reg_lambda='0.06672038436959972'
5.554057, 0.262900, 8.488238, 6, 2.934181, colsample_bytree='0.5225691123913669',eta='0.9174104803363001',max_depth='3',reg_lambda='7.879165125120141'
14.168734, 0.256700, 74.163109, 7, 59.994375, colsample_bytree='0.5226393294539676',eta='0.911490379643919',max_depth='3',reg_lambda='7.834501303172386'
