"CPU Time Used","Estimated Training Performance","Wallclock Time","Incumbent ID","Automatic Configurator (CPU) Time","Configuration..."
0.000000, 2147483648.000000, 0.000036, 1, 0.000036, alpha='0.001',eta0='0.01'
5.123874, 0.044000, 5.124650, 1, 0.000776, alpha='0.001',eta0='0.01'
37.002776, 0.035600, 37.011007, 2, 0.008232, alpha='0.08477318530405828',eta0='1.1349690026383863e-05'
144.325044, 0.033600, 144.375376, 3, 0.050332, alpha='0.01373581320388105',eta0='3.6699345852038843e-05'
236.208628, 0.033000, 236.301431, 4, 0.092803, alpha='1.8505549186545808e-05',eta0='3.679075436917134e-05'
