{
  "mean_cost": 0.2163918545356951,
  "finished_ta_runs": 300,
  "inc_changed": 7,
  "n_configs": 113,
  "submitted_ta_runs": 300,
  "ta_time_used": 24.264867067337036,
  "wallclock_time_used": 94.44384407997131,
  "dataset_id": 14954,
  "perf_time": 94.45459195801232
}