"CPU Time Used","Estimated Training Performance","Wallclock Time","Incumbent ID","Automatic Configurator (CPU) Time","Configuration..."
0.000000, 2147483648.000000, 0.000661, 1, 0.000661, C='1.3600811985592882',gamma='0.09352602871548096'
0.355465, 0.050500, 0.356887, 1, 0.001422, C='1.3600811985592882',gamma='0.09352602871548096'
19.839173, 0.037900, 19.861838, 2, 0.022665, C='206.50233439434604',gamma='0.9897482788196605'
36.111091, 0.037500, 36.848291, 3, 0.737200, C='202.25253071355758',gamma='0.9426630062888183'
49.181408, 0.036000, 51.217028, 4, 2.035619, C='205.0439962551837',gamma='0.3661867823289759'
