"CPU Time Used","Estimated Training Performance","Wallclock Time","Incumbent ID","Automatic Configurator (CPU) Time","Configuration..."
0.000000, 2147483648.000000, 0.000584, 1, 0.000584, C='1.3600811985592882',gamma='0.09352602871548096'
0.279991, 0.500000, 0.281313, 1, 0.001322, C='1.3600811985592882',gamma='0.09352602871548096'
