{
  "mean_cost": 0.09166303276683291,
  "finished_ta_runs": 2,
  "inc_changed": 1,
  "n_configs": 1,
  "submitted_ta_runs": 2,
  "ta_time_used": 0.25584912300109863,
  "wallclock_time_used": 0.2580227851867676,
  "dataset_id": 3021,
  "perf_time": 0.2646967499999846
}