"CPU Time Used","Estimated Training Performance","Wallclock Time","Incumbent ID","Automatic Configurator (CPU) Time","Configuration..."
0.000000, 2147483648.000000, 0.001440, 1, 0.001440, colsample_bytree='0.3908073678612709',eta='0.02197006114591668',max_depth='1',reg_lambda='0.025956378731779545'
0.057983, 0.465600, 0.060435, 1, 0.002452, colsample_bytree='0.3908073678612709',eta='0.02197006114591668',max_depth='1',reg_lambda='0.025956378731779545'
0.680346, 0.145800, 0.685444, 2, 0.005098, colsample_bytree='0.7864414579235017',eta='0.06876373473778273',max_depth='5',reg_lambda='2.180661802430785'
6.058263, 0.141900, 6.093681, 3, 0.035418, colsample_bytree='0.8665420586243272',eta='0.19437543650629796',max_depth='4',reg_lambda='0.002771788600998199'
17.536589, 0.140100, 21.917156, 4, 4.380567, colsample_bytree='0.7384259873859237',eta='0.8058838554918123',max_depth='10',reg_lambda='26.591563225527754'
27.152528, 0.139900, 41.391839, 5, 14.239311, colsample_bytree='0.7063925781827587',eta='0.8108210088183044',max_depth='9',reg_lambda='26.591563225527754'
62.252745, 0.139100, 138.735843, 6, 76.483098, colsample_bytree='0.7073135666776511',eta='0.8106042523189829',max_depth='7',reg_lambda='26.58707587026477'
92.166891, 0.138900, 221.687762, 7, 129.520871, colsample_bytree='0.7092511825821477',eta='0.8108210088183044',max_depth='8',reg_lambda='26.591563225527754'
