{
  "mean_cost": 0.3932790210287013,
  "finished_ta_runs": 300,
  "inc_changed": 7,
  "n_configs": 133,
  "submitted_ta_runs": 300,
  "ta_time_used": 12.399342775344849,
  "wallclock_time_used": 84.52428698539734,
  "dataset_id": 37,
  "perf_time": 84.5348430830054
}