{"cpu_time": 0.0, "wallclock_time": 0.00023603439331054688, "evaluations": 0, "cost": 2147483648.0, "incumbent": ["C='0.08611366210550205'", "gamma='0.4942679928374453'"], "origin": "Sobol"}
{"cpu_time": 0.9400320053100586, "wallclock_time": 0.9409332275390625, "evaluations": 1, "cost": 0.723, "incumbent": ["C='0.08611366210550205'", "gamma='0.4942679928374453'"], "origin": "Sobol"}
