{
  "mean_cost": 0.09283772644717614,
  "finished_ta_runs": 1,
  "inc_changed": 1,
  "n_configs": 1,
  "submitted_ta_runs": 1,
  "ta_time_used": 0.4474961757659912,
  "wallclock_time_used": 0.4589700698852539,
  "dataset_id": 3,
  "perf_time": 0.4647840830000005
}