{
  "mean_cost": 0.4059506217827829,
  "finished_ta_runs": 600,
  "inc_changed": 5,
  "n_configs": 574,
  "submitted_ta_runs": 600,
  "ta_time_used": 19.48651909828186,
  "wallclock_time_used": 24.930577993392944,
  "dataset_id": 31,
  "perf_time": 24.948541708999983
}