{"cpu_time": 0.0, "wallclock_time": 0.0015227794647216797, "evaluations": 0, "cost": 2147483648.0, "incumbent": {"max_depth": 2, "max_features": 0.4491682695224881, "min_samples_leaf": 1, "min_samples_split": 4}, "budget": 0, "origin": "Sobol"}
{"cpu_time": 0.06491589546203613, "wallclock_time": 0.06730079650878906, "evaluations": 1, "cost": 0.1538, "incumbent": {"max_depth": 2, "max_features": 0.4491682695224881, "min_samples_leaf": 1, "min_samples_split": 4}, "budget": 0, "origin": "Sobol"}
{"cpu_time": 0.44992828369140625, "wallclock_time": 0.45728158950805664, "evaluations": 7, "cost": 0.1615, "incumbent": {"max_depth": 9, "max_features": 0.10657401569187641, "min_samples_leaf": 8, "min_samples_split": 6}, "budget": 0, "origin": "Sobol"}
{"cpu_time": 0.6660311222076416, "wallclock_time": 0.6761288642883301, "evaluations": 10, "cost": 0.1614, "incumbent": {"max_depth": 10, "max_features": 0.5, "min_samples_leaf": 1, "min_samples_split": 32}, "budget": 0, "origin": null}
{"cpu_time": 3.4192073345184326, "wallclock_time": 3.481362819671631, "evaluations": 48, "cost": 0.1545, "incumbent": {"max_depth": 14, "max_features": 0.2730943579226732, "min_samples_leaf": 5, "min_samples_split": 62}, "budget": 0, "origin": "Sobol"}
{"cpu_time": 5.677219867706299, "wallclock_time": 5.804104804992676, "evaluations": 80, "cost": 0.145, "incumbent": {"max_depth": 49, "max_features": 0.1956446198746562, "min_samples_leaf": 7, "min_samples_split": 2}, "budget": 0, "origin": "Sobol"}
{"cpu_time": 6.463694095611572, "wallclock_time": 10.210880994796753, "evaluations": 90, "cost": 0.1435, "incumbent": {"max_depth": 46, "max_features": 0.19536728832728167, "min_samples_leaf": 5, "min_samples_split": 2}, "budget": 0, "origin": "Local Search"}
{"cpu_time": 9.434914112091064, "wallclock_time": 24.942564725875854, "evaluations": 131, "cost": 0.1424, "incumbent": {"max_depth": 46, "max_features": 0.19768262191863728, "min_samples_leaf": 2, "min_samples_split": 2}, "budget": 0, "origin": "Local Search"}
{"cpu_time": 10.509816884994507, "wallclock_time": 27.931047916412354, "evaluations": 146, "cost": 0.1422, "incumbent": {"max_depth": 46, "max_features": 0.19536728832728167, "min_samples_leaf": 3, "min_samples_split": 2}, "budget": 0, "origin": "Local Search"}
