"CPU Time Used","Estimated Training Performance","Wallclock Time","Incumbent ID","Automatic Configurator (CPU) Time","Configuration..."
0.000000, 2147483648.000000, 0.000539, 1, 0.000539, C='1.3600811985592882',gamma='0.09352602871548096'
0.022950, 0.124700, 0.024226, 1, 0.001276, C='1.3600811985592882',gamma='0.09352602871548096'
0.796676, 0.103800, 0.816078, 2, 0.019403, C='206.50233439434604',gamma='0.9897482788196605'
1.329969, 0.077700, 1.589364, 3, 0.259395, C='195.43375120516063',gamma='0.7872983168254996'
1.485430, 0.032300, 2.280708, 4, 0.795279, C='182.81527108196613',gamma='0.10938027503564382'
1.721934, 0.029500, 3.097568, 5, 1.375634, C='182.81527108196613',gamma='0.23582151931187978'
