{
  "mean_cost": 0.05375531160986746,
  "finished_ta_runs": 300,
  "inc_changed": 3,
  "n_configs": 87,
  "submitted_ta_runs": 300,
  "ta_time_used": 335.1512656211853,
  "wallclock_time_used": 368.24745082855225,
  "dataset_id": 14952,
  "perf_time": 368.2578168339969
}