{"cpu_time": 0.0, "wallclock_time": 5.1021575927734375e-05, "evaluations": 0, "cost": 2147483648.0, "incumbent": {"colsample_bytree": 1.0, "eta": 0.3, "max_depth": 10, "reg_lambda": 1.0}, "budget": 0, "origin": "Default"}
{"cpu_time": 3.794962167739868, "wallclock_time": 3.7957239151000977, "evaluations": 1, "cost": 0.1788, "incumbent": {"colsample_bytree": 1.0, "eta": 0.3, "max_depth": 10, "reg_lambda": 1.0}, "budget": 0, "origin": "Default"}
{"cpu_time": 11.21792221069336, "wallclock_time": 11.22153902053833, "evaluations": 4, "cost": 0.1727, "incumbent": {"colsample_bytree": 0.8787311974598232, "eta": 0.5789811375409207, "max_depth": 5, "reg_lambda": 0.0011373846877749554}, "budget": 0, "origin": "Random Search"}
{"cpu_time": 34.17731523513794, "wallclock_time": 34.18465805053711, "evaluations": 8, "cost": 0.159, "incumbent": {"colsample_bytree": 0.6817994018422264, "eta": 0.010155350414863052, "max_depth": 8, "reg_lambda": 3.9659151741281455}, "budget": 0, "origin": "Random Search"}
{"cpu_time": 95.40452527999878, "wallclock_time": 95.42782998085022, "evaluations": 21, "cost": 0.1468, "incumbent": {"colsample_bytree": 0.6131928580216325, "eta": 0.012616624620088758, "max_depth": 8, "reg_lambda": 0.2225750471432824}, "budget": 0, "origin": "Random Search"}
