"CPU Time Used","Estimated Training Performance","Wallclock Time","Incumbent ID","Automatic Configurator (CPU) Time","Configuration..."
0.000000, 2147483648.000000, 0.000549, 1, 0.000549, C='1.3600811985592882',gamma='0.09352602871548096'
0.013322, 0.500000, 0.014541, 1, 0.001219, C='1.3600811985592882',gamma='0.09352602871548096'
0.171609, 0.077900, 0.186379, 2, 0.014770, C='102.59827344587585',gamma='0.0039228031036218506'
0.327043, 0.067500, 0.361536, 3, 0.034493, C='0.6293526165094239',gamma='0.0012324628012758837'
0.391651, 0.063400, 0.437812, 4, 0.046161, C='4.729862452035014',gamma='0.0020153549174183696'
1.549548, 0.058200, 9.377203, 5, 7.827655, C='878.5144195342863',gamma='0.0015057026958746674'
