{
  "mean_cost": 0.39226634614280254,
  "finished_ta_runs": 2,
  "inc_changed": 1,
  "n_configs": 1,
  "submitted_ta_runs": 2,
  "ta_time_used": 2.6824498176574707,
  "wallclock_time_used": 2.6846718788146973,
  "dataset_id": 3904,
  "perf_time": 2.6904120830004103
}