"CPU Time Used","Estimated Training Performance","Wallclock Time","Incumbent ID","Automatic Configurator (CPU) Time","Configuration..."
0.000000, 2147483648.000000, 0.000038, 1, 0.000038, C='1.0',gamma='0.1'
0.492468, 0.274400, 0.493100, 1, 0.000632, C='1.0',gamma='0.1'
2.672123, 0.170500, 2.678037, 2, 0.005914, C='1.746441318982685',gamma='0.0022547265063997683'
7.990115, 0.144300, 8.012558, 3, 0.022444, C='16.640050128980878',gamma='0.02787815770602151'
11.242374, 0.133800, 11.279275, 4, 0.036901, C='13.010154284884432',gamma='0.006601784113304256'
36.471640, 0.123000, 36.663278, 5, 0.191638, C='100.57643058377906',gamma='0.0030099006283244942'
40.153511, 0.099900, 40.371271, 6, 0.217760, C='613.8366144551533',gamma='0.0010152179917278495'
147.193830, 0.096200, 149.229390, 7, 2.035560, C='185.10978854706818',gamma='0.001021895159741993'
