{
  "data": [
    [
      [
        1,
        null,
        379248293,
        0.0
      ],
      [
        0.24829068549269773,
        0.1763923168182373,
        {
          "__enum__": "StatusType.SUCCESS"
        },
        1674410315.933307,
        1674410316.109705,
        {}
      ]
    ]
  ],
  "config_origins": {
    "1": "Sobol"
  },
  "configs": {
    "1": {
      "max_depth": 2,
      "max_features": 0.4491682695224881,
      "min_samples_leaf": 1,
      "min_samples_split": 4
    }
  }
}