{"cpu_time": 0.0, "wallclock_time": 0.0003037452697753906, "evaluations": 0, "cost": 2147483648.0, "incumbent": ["max_depth='2'", "max_features='0.4491682695224881'", "min_samples_leaf='1'", "min_samples_split='4'"], "origin": "Sobol"}
{"cpu_time": 0.1763923168182373, "wallclock_time": 0.17735600471496582, "evaluations": 1, "cost": 0.2483, "incumbent": ["max_depth='2'", "max_features='0.4491682695224881'", "min_samples_leaf='1'", "min_samples_split='4'"], "origin": "Sobol"}
