{
  "mean_cost": 0.39060790598290596,
  "finished_ta_runs": 300,
  "inc_changed": 5,
  "n_configs": 135,
  "submitted_ta_runs": 300,
  "ta_time_used": 30.73093008995056,
  "wallclock_time_used": 115.7795958518982,
  "dataset_id": 146819,
  "perf_time": 115.79019637500096
}