{"cpu_time": 0.0, "wallclock_time": 0.00023674964904785156, "evaluations": 0, "cost": 2147483648.0, "incumbent": ["alpha='0.0004126639093412234'", "eta0='0.0017613324954003418'"], "origin": "Sobol"}
{"cpu_time": 0.22233009338378906, "wallclock_time": 0.22330284118652344, "evaluations": 1, "cost": 0.4357, "incumbent": ["alpha='0.0004126639093412234'", "eta0='0.0017613324954003418'"], "origin": "Sobol"}
