{
  "mean_cost": 0.46118354111775167,
  "finished_ta_runs": 300,
  "inc_changed": 4,
  "n_configs": 126,
  "submitted_ta_runs": 300,
  "ta_time_used": 44.80982995033264,
  "wallclock_time_used": 105.74397420883179,
  "dataset_id": 3918,
  "perf_time": 105.75705108300099
}