{
  "mean_cost": 0.3806676413469642,
  "finished_ta_runs": 1,
  "inc_changed": 1,
  "n_configs": 1,
  "submitted_ta_runs": 1,
  "ta_time_used": 0.33023786544799805,
  "wallclock_time_used": 0.3318300247192383,
  "dataset_id": 9976,
  "perf_time": 0.33815287500010527
}