{
  "mean_cost": 0.4844342702519053,
  "finished_ta_runs": 600,
  "inc_changed": 3,
  "n_configs": 504,
  "submitted_ta_runs": 600,
  "ta_time_used": 23.511284112930298,
  "wallclock_time_used": 28.39623999595642,
  "dataset_id": 3917,
  "perf_time": 28.412120583001524
}