"CPU Time Used","Estimated Training Performance","Wallclock Time","Incumbent ID","Automatic Configurator (CPU) Time","Configuration..."
0.000000, 2147483648.000000, 0.000067, 1, 0.000067, alpha='0.001',eta0='0.01'
3.200498, 0.717900, 3.201434, 1, 0.000936, alpha='0.001',eta0='0.01'
12.760734, 0.712600, 12.765760, 2, 0.005026, alpha='3.649484911512686e-05',eta0='1.2652165208090965e-05'
35.040966, 0.701900, 35.053688, 3, 0.012722, alpha='1.0455662723206625e-05',eta0='0.001729647929337629'
451.783698, 0.699900, 452.200554, 4, 0.416856, alpha='3.929056214908422e-05',eta0='0.0013444346144825714'
