"CPU Time Used","Estimated Training Performance","Wallclock Time","Incumbent ID","Automatic Configurator (CPU) Time","Configuration..."
0.000000, 2147483648.000000, 0.000546, 1, 0.000546, C='0.017961675793542162',gamma='0.9046232030638993'
0.204903, 0.500000, 0.206223, 1, 0.001320, C='0.017961675793542162',gamma='0.9046232030638993'
1.237162, 0.365700, 1.244459, 2, 0.007297, C='12.958180650233897',gamma='0.01207858159167579'
3.610387, 0.256900, 3.642790, 3, 0.032403, C='176.75556488562856',gamma='0.002712060563487799'
5.133860, 0.178800, 5.402181, 4, 0.268321, C='174.53945573276746',gamma='0.0009886612761187026'
7.857913, 0.163200, 11.653668, 5, 3.795755, C='880.257268437879',gamma='0.0009883348357233957'
16.331816, 0.163200, 28.877430, 6, 12.545614, C='881.9562034146977',gamma='0.001027149404923484'
