"CPU Time Used","Estimated Training Performance","Wallclock Time","Incumbent ID","Automatic Configurator (CPU) Time","Configuration..."
0.000000, 2147483648.000000, 0.000040, 1, 0.000040, C='1.0',gamma='0.1'
0.486194, 0.894000, 0.486999, 1, 0.000805, C='1.0',gamma='0.1'
3.483024, 0.891200, 3.491471, 2, 0.008447, C='1.746441318982685',gamma='0.0022547265063997683'
12.748118, 0.857900, 12.793404, 3, 0.045286, C='13.010154284884432',gamma='0.006601784113304256'
98.175872, 0.846800, 99.185998, 4, 1.010126, C='5.347089054952993',gamma='0.004294527101635599'
