"CPU Time Used","Estimated Training Performance","Wallclock Time","Incumbent ID","Automatic Configurator (CPU) Time","Configuration..."
0.000000, 2147483648.000000, 0.000548, 1, 0.000548, alpha='0.00011227070295712931',eta0='0.0029096933833365197'
0.022055, 0.492700, 0.023514, 1, 0.001459, alpha='0.00011227070295712931',eta0='0.0029096933833365197'
0.383605, 0.377800, 0.401244, 2, 0.017639, alpha='2.9848599322377e-05',eta0='0.022418115180003955'
1.637945, 0.373700, 6.489015, 3, 4.851070, alpha='3.0109019332924414e-05',eta0='0.02471423185645534'
2.179750, 0.362500, 10.899531, 4, 8.719781, alpha='2.9336346557372218e-05',eta0='0.002682599111229907'
4.241294, 0.350800, 36.399052, 5, 32.157758, alpha='0.00016187092450947746',eta0='9.36985244856209e-05'
