{
  "mean_cost": 0.17658747171270867,
  "finished_ta_runs": 160,
  "inc_changed": 4,
  "n_configs": 102,
  "submitted_ta_runs": 160,
  "ta_time_used": 30.24056077003479,
  "wallclock_time_used": 60.49128794670105,
  "dataset_id": 9957
}