"CPU Time Used","Estimated Training Performance","Wallclock Time","Incumbent ID","Automatic Configurator (CPU) Time","Configuration..."
0.000000, 2147483648.000000, 0.000523, 1, 0.000523, C='0.017961675793542162',gamma='0.9046232030638993'
0.017690, 0.500000, 0.018900, 1, 0.001210, C='0.017961675793542162',gamma='0.9046232030638993'
0.093473, 0.390200, 0.099970, 2, 0.006497, C='12.958180650233897',gamma='0.01207858159167579'
0.196271, 0.348900, 0.211494, 3, 0.015223, C='0.7731863785266639',gamma='0.0012442315522724887'
0.387402, 0.316700, 0.422604, 4, 0.035202, C='176.75556488562856',gamma='0.002712060563487799'
0.496223, 0.316500, 0.848271, 5, 0.352048, C='244.19499987527183',gamma='0.0022892839132127576'
0.624568, 0.311300, 1.774910, 6, 1.150343, C='231.6577241847212',gamma='0.0021967764313636272'
1.268898, 0.301800, 5.718572, 7, 4.449674, C='17.24415559053747',gamma='0.0021728371441913333'
