"CPU Time Used","Estimated Training Performance","Wallclock Time","Incumbent ID","Automatic Configurator (CPU) Time","Configuration..."
0.000000, 2147483648.000000, 0.000588, 1, 0.000588, alpha='0.0040824718253228975',eta0='0.00044195488125554607'
0.250195, 0.051100, 0.251612, 1, 0.001417, alpha='0.0040824718253228975',eta0='0.00044195488125554607'
0.918928, 0.040500, 0.922894, 2, 0.003966, alpha='0.0007534803600179209',eta0='0.01638324291048883'
5.182915, 0.040100, 5.205294, 3, 0.022379, alpha='0.0005224100258299653',eta0='0.06418830899407'
7.655354, 0.036300, 7.691977, 4, 0.036623, alpha='1.4230872500070733e-05',eta0='0.006316939148274451'
11.601593, 0.035500, 13.040432, 5, 1.438839, alpha='1.547080799909359e-05',eta0='0.0018184770440017157'
12.709089, 0.035500, 14.156279, 6, 1.447190, alpha='1.547080799909359e-05',eta0='0.0016078997090826653'
