{"cpu_time": 0.0, "wallclock_time": 0.0005879402160644531, "evaluations": 0, "cost": 2147483648.0, "incumbent": {"alpha": 0.0040824718253228975, "eta0": 0.00044195488125554607}, "budget": 0, "origin": "Sobol"}
{"cpu_time": 0.2501950263977051, "wallclock_time": 0.25161218643188477, "evaluations": 1, "cost": 0.0511, "incumbent": {"alpha": 0.0040824718253228975, "eta0": 0.00044195488125554607}, "budget": 0, "origin": "Sobol"}
{"cpu_time": 0.9189281463623047, "wallclock_time": 0.9228940010070801, "evaluations": 4, "cost": 0.0405, "incumbent": {"alpha": 0.0007534803600179209, "eta0": 0.01638324291048883}, "budget": 0, "origin": "Sobol"}
{"cpu_time": 5.182915210723877, "wallclock_time": 5.205294132232666, "evaluations": 23, "cost": 0.0401, "incumbent": {"alpha": 0.0005224100258299653, "eta0": 0.06418830899407}, "budget": 0, "origin": "Sobol"}
{"cpu_time": 7.655353546142578, "wallclock_time": 7.691977024078369, "evaluations": 34, "cost": 0.0363, "incumbent": {"alpha": 1.4230872500070733e-05, "eta0": 0.006316939148274451}, "budget": 0, "origin": "Sobol"}
{"cpu_time": 11.601593017578125, "wallclock_time": 13.04043197631836, "evaluations": 51, "cost": 0.0355, "incumbent": {"alpha": 1.547080799909359e-05, "eta0": 0.0018184770440017157}, "budget": 0, "origin": "Random Search (sorted)"}
{"cpu_time": 12.709089279174805, "wallclock_time": 14.15627908706665, "evaluations": 56, "cost": 0.0355, "incumbent": {"alpha": 1.547080799909359e-05, "eta0": 0.0016078997090826653}, "budget": 0, "origin": "Local Search"}
