"CPU Time Used","Estimated Training Performance","Wallclock Time","Incumbent ID","Automatic Configurator (CPU) Time","Configuration..."
0.000000, 2147483648.000000, 0.000591, 1, 0.000591, C='0.08611366210550205',gamma='0.4942679928374453'
0.020217, 0.750000, 0.021693, 1, 0.001476, C='0.08611366210550205',gamma='0.4942679928374453'
0.128540, 0.337000, 0.135999, 2, 0.007459, C='69.38389384208695',gamma='0.0015531477828170245'
0.789552, 0.332100, 2.857986, 3, 2.068434, C='4.747859582677887',gamma='0.001566189928553556'
1.106408, 0.320200, 5.617459, 4, 4.511051, C='2.5960029074483253',gamma='0.0015657640197574846'
1.247483, 0.319900, 6.470582, 5, 5.223099, C='1.8482487264520853',gamma='0.0015657640197574846'
1.433087, 0.308100, 7.854433, 6, 6.421346, C='1.9233557759731257',gamma='0.0015657640197574846'
2.812586, 0.303200, 16.910231, 7, 14.097645, C='2.0517267023470422',gamma='0.001483067734289124'
