{
  "mean_cost": 0.48207885304659504,
  "finished_ta_runs": 1,
  "inc_changed": 1,
  "n_configs": 1,
  "submitted_ta_runs": 1,
  "ta_time_used": 0.2606639862060547,
  "wallclock_time_used": 0.26288914680480957,
  "dataset_id": 3902,
  "perf_time": 0.2754983749996427
}