{
  "mean_cost": 0.2290945492416081,
  "finished_ta_runs": 1,
  "inc_changed": 1,
  "n_configs": 1,
  "submitted_ta_runs": 1,
  "ta_time_used": 1.7437021732330322,
  "wallclock_time_used": 1.745244026184082,
  "dataset_id": 22,
  "perf_time": 1.7506943749999664
}