{
  "mean_cost": 0.17113370168925746,
  "finished_ta_runs": 1,
  "inc_changed": 1,
  "n_configs": 1,
  "submitted_ta_runs": 1,
  "ta_time_used": 0.19435381889343262,
  "wallclock_time_used": 0.19603586196899414,
  "dataset_id": 9981,
  "perf_time": 0.20257337499970163
}