"CPU Time Used","Estimated Training Performance","Wallclock Time","Incumbent ID","Automatic Configurator (CPU) Time","Configuration..."
0.000000, 2147483648.000000, 0.000732, 1, 0.000732, alpha='0.00011227070295712931',eta0='0.0029096933833365197'
0.040878, 0.483700, 0.042619, 1, 0.001741, alpha='0.00011227070295712931',eta0='0.0029096933833365197'
0.957642, 0.482800, 0.982560, 2, 0.024918, alpha='1.715136253541309e-05',eta0='0.0001288871339815063'
1.141595, 0.481600, 1.175865, 3, 0.034270, alpha='0.001',eta0='0.01'
2.667848, 0.479700, 3.082821, 4, 0.414973, alpha='0.0011827987240215462',eta0='0.0074430854152703'
