"CPU Time Used","Estimated Training Performance","Wallclock Time","Incumbent ID","Automatic Configurator (CPU) Time","Configuration..."
0.000000, 2147483648.000000, 0.000638, 1, 0.000638, alpha='0.00011227070295712931',eta0='0.0029096933833365197'
0.127839, 0.459500, 0.129818, 1, 0.001979, alpha='0.00011227070295712931',eta0='0.0029096933833365197'
1.008077, 0.462300, 1.021069, 2, 0.012992, alpha='0.0025540066964094537',eta0='1.2228344859878906e-05'
2.119225, 0.458400, 2.153121, 3, 0.033895, alpha='1.715136253541309e-05',eta0='0.0001288871339815063'
