{"cpu_time": 0.0, "wallclock_time": 0.0006380081176757812, "evaluations": 0, "cost": 2147483648.0, "incumbent": ["alpha='0.00011227070295712931'", "eta0='0.0029096933833365197'"], "origin": "Sobol"}
{"cpu_time": 0.1278390884399414, "wallclock_time": 0.12981796264648438, "evaluations": 1, "cost": 0.4595, "incumbent": ["alpha='0.00011227070295712931'", "eta0='0.0029096933833365197'"], "origin": "Sobol"}
{"cpu_time": 1.0080766677856445, "wallclock_time": 1.021068811416626, "evaluations": 14, "cost": 0.4623, "incumbent": ["alpha='0.0025540066964094537'", "eta0='1.2228344859878906e-05'"], "origin": "Sobol"}
{"cpu_time": 2.119225263595581, "wallclock_time": 2.153120756149292, "evaluations": 32, "cost": 0.4584, "incumbent": ["alpha='1.715136253541309e-05'", "eta0='0.0001288871339815063'"], "origin": "Sobol"}
