"CPU Time Used","Estimated Training Performance","Wallclock Time","Incumbent ID","Automatic Configurator (CPU) Time","Configuration..."
0.000000, 2147483648.000000, 0.000544, 1, 0.000544, alpha='0.0004126639093412234',eta0='0.0017613324954003418'
0.046222, 0.277800, 0.047532, 1, 0.001310, alpha='0.0004126639093412234',eta0='0.0017613324954003418'
0.280872, 0.123900, 0.289333, 2, 0.008461, alpha='6.675963694532246e-05',eta0='0.13455959491033861'
0.386499, 0.111100, 0.398074, 3, 0.011575, alpha='0.001',eta0='0.01'
