"CPU Time Used","Estimated Training Performance","Wallclock Time","Incumbent ID","Automatic Configurator (CPU) Time","Configuration..."
0.000000, 2147483648.000000, 0.000041, 1, 0.000041, alpha='0.001',eta0='0.01'
0.195990, 0.393400, 0.196687, 1, 0.000697, alpha='0.001',eta0='0.01'
5.102726, 0.279400, 5.138174, 2, 0.035448, alpha='2.3820742831526158e-05',eta0='0.05455360234342531'
7.199681, 0.214100, 7.252235, 3, 0.052554, alpha='0.00010338971252634734',eta0='0.00012997194084303965'
24.272702, 0.199000, 24.609433, 4, 0.336731, alpha='2.058360381930214e-05',eta0='0.00032493014707548213'
36.310905, 0.191500, 36.973493, 5, 0.662588, alpha='6.774176359919818e-05',eta0='0.0004127002285136614'
62.677832, 0.179900, 64.406787, 6, 1.728955, alpha='7.516675573345878e-05',eta0='0.0012031931713114494'
