{
  "mean_cost": 0.6631357840600924,
  "finished_ta_runs": 1,
  "inc_changed": 1,
  "n_configs": 1,
  "submitted_ta_runs": 1,
  "ta_time_used": 0.6978449821472168,
  "wallclock_time_used": 0.6994256973266602,
  "dataset_id": 14969,
  "perf_time": 0.705255791999889
}