"CPU Time Used","Estimated Training Performance","Wallclock Time","Incumbent ID","Automatic Configurator (CPU) Time","Configuration..."
0.000000, 2147483648.000000, 0.000648, 1, 0.000648, alpha='0.0040824718253228975',eta0='0.00044195488125554607'
0.254287, 0.231000, 0.255974, 1, 0.001687, alpha='0.0040824718253228975',eta0='0.00044195488125554607'
1.526377, 0.252800, 1.533264, 2, 0.006887, alpha='2.1186147948258377e-05',eta0='8.558614272324676e-05'
3.832427, 0.248500, 3.853686, 3, 0.021259, alpha='0.000182884801566337',eta0='0.0008272593854647256'
6.031246, 0.224500, 6.068030, 4, 0.036784, alpha='5.872228902171585e-05',eta0='0.00027724604623741747'
8.186736, 0.215800, 8.241947, 5, 0.055211, alpha='1.5453619743711834e-05',eta0='0.0020987569216046422'
9.345088, 0.193700, 9.697422, 6, 0.352334, alpha='1.5550012187223028e-05',eta0='0.0016779232594334047'
15.394178, 0.177300, 20.499154, 7, 5.104976, alpha='1.6169540188940336e-05',eta0='0.001712392667042816'
