{"cpu_time": 0.0, "wallclock_time": 0.0015642642974853516, "evaluations": 0, "cost": 2147483648.0, "incumbent": ["max_depth='6'", "max_features='0.3290755869820714'", "min_samples_leaf='11'", "min_samples_split='2'"], "origin": "Sobol"}
{"cpu_time": 0.08492898941040039, "wallclock_time": 0.08745312690734863, "evaluations": 1, "cost": 0.244, "incumbent": ["max_depth='6'", "max_features='0.3290755869820714'", "min_samples_leaf='11'", "min_samples_split='2'"], "origin": "Sobol"}
{"cpu_time": 0.8773140907287598, "wallclock_time": 0.8875350952148438, "evaluations": 10, "cost": 0.2093, "incumbent": ["max_depth='18'", "max_features='0.9707894120365381'", "min_samples_leaf='5'", "min_samples_split='26'"], "origin": "Sobol"}
{"cpu_time": 6.593445539474487, "wallclock_time": 12.96717119216919, "evaluations": 75, "cost": 0.2032, "incumbent": ["max_depth='20'", "max_features='0.9716798711739731'", "min_samples_leaf='4'", "min_samples_split='28'"], "origin": "Local Search"}
{"cpu_time": 9.071429014205933, "wallclock_time": 21.3232262134552, "evaluations": 97, "cost": 0.2008, "incumbent": ["max_depth='23'", "max_features='0.9770254269557158'", "min_samples_leaf='4'", "min_samples_split='29'"], "origin": "Local Search"}
{"cpu_time": 20.549036026000977, "wallclock_time": 76.77661108970642, "evaluations": 199, "cost": 0.1994, "incumbent": ["max_depth='33'", "max_features='0.9754460985935746'", "min_samples_leaf='3'", "min_samples_split='28'"], "origin": "Local Search"}
{"cpu_time": 24.647783279418945, "wallclock_time": 92.20096516609192, "evaluations": 235, "cost": 0.198, "incumbent": ["max_depth='24'", "max_features='0.9716773598972905'", "min_samples_leaf='3'", "min_samples_split='29'"], "origin": "Local Search"}
