"CPU Time Used","Estimated Training Performance","Wallclock Time","Incumbent ID","Automatic Configurator (CPU) Time","Configuration..."
0.000000, 2147483648.000000, 0.000582, 1, 0.000582, alpha='0.00011227070295712931',eta0='0.0029096933833365197'
0.290327, 0.477000, 0.291731, 1, 0.001404, alpha='0.00011227070295712931',eta0='0.0029096933833365197'
5.493291, 0.443800, 5.526849, 2, 0.033558, alpha='0.00022294150416561802',eta0='0.00019929399219757566'
12.511244, 0.441500, 15.875677, 3, 3.364433, alpha='0.0002172136829590264',eta0='1.2210666583072314e-05'
20.661619, 0.438600, 34.164029, 4, 13.502410, alpha='0.00021862792043340803',eta0='1.2210666583072314e-05'
42.523111, 0.436500, 94.955693, 5, 52.432582, alpha='0.0012255729786956036',eta0='1.2671573248492032e-05'
