{
  "mean_cost": 0.045935074329605564,
  "finished_ta_runs": 160,
  "inc_changed": 4,
  "n_configs": 105,
  "submitted_ta_runs": 160,
  "ta_time_used": 24.96945595741272,
  "wallclock_time_used": 60.1830267906189,
  "dataset_id": 9946
}