{"cpu_time": 0.0, "wallclock_time": 3.504753112792969e-05, "evaluations": 0, "cost": 2147483648.0, "incumbent": ["C='1.0'", "gamma='0.1'"], "origin": "Default"}
{"cpu_time": 0.3628518581390381, "wallclock_time": 0.36358022689819336, "evaluations": 1, "cost": 0.0532, "incumbent": ["C='1.0'", "gamma='0.1'"], "origin": "Default"}
