{
  "mean_cost": 0.26120932086008325,
  "finished_ta_runs": 224,
  "inc_changed": 4,
  "n_configs": 207,
  "submitted_ta_runs": 224,
  "ta_time_used": 119.74319219589233,
  "wallclock_time_used": 120.68427014350891,
  "dataset_id": 167119
}