{
  "mean_cost": 0.36873973077676786,
  "finished_ta_runs": 216,
  "inc_changed": 5,
  "n_configs": 98,
  "submitted_ta_runs": 216,
  "ta_time_used": 24.297855377197266,
  "wallclock_time_used": 60.05991291999817,
  "dataset_id": 125920
}