{
  "mean_cost": 0.07196055224152845,
  "finished_ta_runs": 300,
  "inc_changed": 7,
  "n_configs": 97,
  "submitted_ta_runs": 300,
  "ta_time_used": 4.613797903060913,
  "wallclock_time_used": 29.224434852600098,
  "dataset_id": 49,
  "perf_time": 29.237698208002257
}