{
  "mean_cost": 0.37169311032830243,
  "finished_ta_runs": 2,
  "inc_changed": 1,
  "n_configs": 1,
  "submitted_ta_runs": 2,
  "ta_time_used": 0.5016849040985107,
  "wallclock_time_used": 0.5036323070526123,
  "dataset_id": 3903,
  "perf_time": 0.5095847090000234
}