{
  "mean_cost": 0.43183743760402304,
  "finished_ta_runs": 1777,
  "inc_changed": 5,
  "n_configs": 1731,
  "submitted_ta_runs": 1777,
  "ta_time_used": 70.73105216026306,
  "wallclock_time_used": 120.07248997688293,
  "dataset_id": 11
}