"CPU Time Used","Estimated Training Performance","Wallclock Time","Incumbent ID","Automatic Configurator (CPU) Time","Configuration..."
0.000000, 2147483648.000000, 0.000220, 1, 0.000220, C='0.08611366210550205',gamma='0.4942679928374453'
0.018184, 0.021700, 0.019029, 1, 0.000845, C='0.08611366210550205',gamma='0.4942679928374453'
