"CPU Time Used","Estimated Training Performance","Wallclock Time","Incumbent ID","Automatic Configurator (CPU) Time","Configuration..."
0.000000, 2147483648.000000, 0.000039, 1, 0.000039, C='1.0',gamma='0.1'
0.262817, 0.482000, 0.263444, 1, 0.000627, C='1.0',gamma='0.1'
1.257895, 0.106300, 1.263968, 2, 0.006073, C='52.455931369707116',gamma='0.0011373846877749554'
9.958148, 0.096900, 10.063068, 3, 0.104919, C='821.2083876682452',gamma='0.0011317947333548213'
27.185859, 0.071000, 27.678309, 4, 0.492450, C='2.8009492907098563',gamma='0.001081407053553846'
