"CPU Time Used","Estimated Training Performance","Wallclock Time","Incumbent ID","Automatic Configurator (CPU) Time","Configuration..."
0.000000, 2147483648.000000, 0.000036, 1, 0.000036, C='1.0',gamma='0.1'
0.098882, 0.179600, 0.099524, 1, 0.000642, C='1.0',gamma='0.1'
1.861221, 0.139800, 1.878447, 2, 0.017226, C='16.640050128980878',gamma='0.02787815770602151'
3.373462, 0.129100, 3.412372, 3, 0.038909, C='367.5161020929368',gamma='0.05362665544757772'
4.090370, 0.121300, 4.143091, 4, 0.052721, C='47.94123640467969',gamma='0.03918996312483979'
6.918474, 0.110700, 7.021866, 5, 0.103392, C='14.808221051646633',gamma='0.15966041698268'
31.198616, 0.107400, 32.118934, 6, 0.920318, C='209.86125227390843',gamma='0.013466417122341097'
