"CPU Time Used","Estimated Training Performance","Wallclock Time","Incumbent ID","Automatic Configurator (CPU) Time","Configuration..."
0.000000, 2147483648.000000, 0.001434, 1, 0.001434, colsample_bytree='0.2890479595400393',eta='0.02972240058848022',max_depth='1',reg_lambda='0.23594281684827217'
0.027506, 0.500000, 0.029864, 1, 0.002358, colsample_bytree='0.2890479595400393',eta='0.02972240058848022',max_depth='1',reg_lambda='0.23594281684827217'
0.282020, 0.311900, 0.293965, 2, 0.011945, colsample_bytree='0.5235572370700539',eta='0.1863242307845216',max_depth='3',reg_lambda='4.4461461740589225'
0.407201, 0.286200, 0.422928, 3, 0.015728, colsample_bytree='1.0',eta='0.3',max_depth='10',reg_lambda='1.0'
0.528457, 0.176000, 0.552260, 4, 0.023803, colsample_bytree='0.6967330143786967',eta='0.5491817241792905',max_depth='1',reg_lambda='0.02427911263315825'
1.823498, 0.174300, 7.315580, 5, 5.492082, colsample_bytree='0.6943203997401121',eta='0.547987865962958',max_depth='1',reg_lambda='0.006275474823648093'
1.998904, 0.173400, 8.670249, 6, 6.671345, colsample_bytree='0.7252951605069483',eta='0.5511930153289857',max_depth='1',reg_lambda='0.006456658220373868'
2.472031, 0.171700, 14.587037, 7, 12.115006, colsample_bytree='0.7251877526938161',eta='0.5530924949113323',max_depth='1',reg_lambda='0.01071526419466169'
4.218316, 0.170800, 35.722222, 8, 31.503906, colsample_bytree='0.7282326776295547',eta='0.5530924949113323',max_depth='1',reg_lambda='0.018740166384977483'
