{
  "mean_cost": 0.04552848424266131,
  "finished_ta_runs": 300,
  "inc_changed": 6,
  "n_configs": 187,
  "submitted_ta_runs": 300,
  "ta_time_used": 715.3351769447327,
  "wallclock_time_used": 885.5291771888733,
  "dataset_id": 125922,
  "perf_time": 885.5459182920022
}