{
  "mean_cost": 0.4064031347311398,
  "finished_ta_runs": 160,
  "inc_changed": 4,
  "n_configs": 124,
  "submitted_ta_runs": 160,
  "ta_time_used": 11.39246129989624,
  "wallclock_time_used": 60.2629668712616,
  "dataset_id": 31
}