{"cpu_time": 0.0, "wallclock_time": 5.221366882324219e-05, "evaluations": 0, "cost": 2147483648.0, "incumbent": ["colsample_bytree='1.0'", "eta='0.3'", "max_depth='10'", "reg_lambda='1.0'"], "origin": "Default"}
{"cpu_time": 1.3280251026153564, "wallclock_time": 1.3287231922149658, "evaluations": 1, "cost": 0.3923, "incumbent": ["colsample_bytree='1.0'", "eta='0.3'", "max_depth='10'", "reg_lambda='1.0'"], "origin": "Default"}
{"cpu_time": 19.55873155593872, "wallclock_time": 19.59845519065857, "evaluations": 30, "cost": 0.3877, "incumbent": ["colsample_bytree='0.9998494866560442'", "eta='0.4926361595982613'", "max_depth='10'", "reg_lambda='10.601362085146015'"], "origin": "Random Search"}
{"cpu_time": 46.14656090736389, "wallclock_time": 46.47209024429321, "evaluations": 118, "cost": 0.3848, "incumbent": ["colsample_bytree='0.9331178365557489'", "eta='0.9735002222733482'", "max_depth='7'", "reg_lambda='0.013466417122341097'"], "origin": "Random Search"}
