{"cpu_time": 0.0, "wallclock_time": 4.887580871582031e-05, "evaluations": 0, "cost": 2147483648.0, "incumbent": {"colsample_bytree": 1.0, "eta": 0.3, "max_depth": 10, "reg_lambda": 1.0}, "budget": 0, "origin": "Default"}
{"cpu_time": 0.5972959995269775, "wallclock_time": 0.5980417728424072, "evaluations": 1, "cost": 0.4392, "incumbent": {"colsample_bytree": 1.0, "eta": 0.3, "max_depth": 10, "reg_lambda": 1.0}, "budget": 0, "origin": "Default"}
{"cpu_time": 2.6713383197784424, "wallclock_time": 2.6775801181793213, "evaluations": 7, "cost": 0.4334, "incumbent": {"colsample_bytree": 0.1477517486203504, "eta": 0.1656158608211872, "max_depth": 2, "reg_lambda": 0.008238286081969528}, "budget": 0, "origin": "Random Search"}
{"cpu_time": 5.644613027572632, "wallclock_time": 5.673900842666626, "evaluations": 25, "cost": 0.4185, "incumbent": {"colsample_bytree": 0.675558606747733, "eta": 0.9488761250653335, "max_depth": 1, "reg_lambda": 0.002422374822467953}, "budget": 0, "origin": "Random Search"}
{"cpu_time": 84.96509432792664, "wallclock_time": 87.66862893104553, "evaluations": 415, "cost": 0.4025, "incumbent": {"colsample_bytree": 0.8424686959143657, "eta": 0.4350069041217023, "max_depth": 2, "reg_lambda": 0.03493881570644246}, "budget": 0, "origin": "Random Search"}
