{
  "mean_cost": 0.0630081968670591,
  "finished_ta_runs": 300,
  "inc_changed": 10,
  "n_configs": 196,
  "submitted_ta_runs": 300,
  "ta_time_used": 723.8859558105469,
  "wallclock_time_used": 808.73748087883,
  "dataset_id": 16,
  "perf_time": 808.7492346660001
}