{
  "mean_cost": 0.0393535592341136,
  "finished_ta_runs": 2,
  "inc_changed": 1,
  "n_configs": 1,
  "submitted_ta_runs": 2,
  "ta_time_used": 4.76596999168396,
  "wallclock_time_used": 4.768776893615723,
  "dataset_id": 167140,
  "perf_time": 4.779071916000248
}