{"cpu_time": 0.0, "wallclock_time": 3.62396240234375e-05, "evaluations": 0, "cost": 2147483648.0, "incumbent": ["alpha='0.001'", "eta0='0.01'"], "origin": "Default"}
{"cpu_time": 0.37261223793029785, "wallclock_time": 0.37325501441955566, "evaluations": 1, "cost": 0.2734, "incumbent": ["alpha='0.001'", "eta0='0.01'"], "origin": "Default"}
{"cpu_time": 2.7106704711914062, "wallclock_time": 2.7162861824035645, "evaluations": 7, "cost": 0.2362, "incumbent": ["alpha='0.08477318530405828'", "eta0='1.1349690026383863e-05'"], "origin": "Random Search"}
{"cpu_time": 10.751259326934814, "wallclock_time": 10.78380012512207, "evaluations": 28, "cost": 0.1915, "incumbent": ["alpha='0.01373581320388105'", "eta0='3.6699345852038843e-05'"], "origin": "Random Search"}
{"cpu_time": 13.959445476531982, "wallclock_time": 14.003122091293335, "evaluations": 36, "cost": 0.1561, "incumbent": ["alpha='0.00010338971252634734'", "eta0='0.00012997194084303965'"], "origin": "Random Search"}
{"cpu_time": 53.58577299118042, "wallclock_time": 53.93212413787842, "evaluations": 141, "cost": 0.1384, "incumbent": ["alpha='2.058360381930214e-05'", "eta0='0.00032493014707548213'"], "origin": "Random Search"}
