"CPU Time Used","Estimated Training Performance","Wallclock Time","Incumbent ID","Automatic Configurator (CPU) Time","Configuration..."
0.000000, 2147483648.000000, 0.000036, 1, 0.000036, alpha='0.001',eta0='0.01'
0.372612, 0.273400, 0.373255, 1, 0.000643, alpha='0.001',eta0='0.01'
2.710670, 0.236200, 2.716286, 2, 0.005616, alpha='0.08477318530405828',eta0='1.1349690026383863e-05'
10.751259, 0.191500, 10.783800, 3, 0.032541, alpha='0.01373581320388105',eta0='3.6699345852038843e-05'
13.959445, 0.156100, 14.003122, 4, 0.043677, alpha='0.00010338971252634734',eta0='0.00012997194084303965'
53.585773, 0.138400, 53.932124, 5, 0.346351, alpha='2.058360381930214e-05',eta0='0.00032493014707548213'
