{"cpu_time": 0.0, "wallclock_time": 0.0015521049499511719, "evaluations": 0, "cost": 2147483648.0, "incumbent": ["max_depth='2'", "max_features='0.4491682695224881'", "min_samples_leaf='1'", "min_samples_split='4'"], "origin": "Sobol"}
{"cpu_time": 0.09934473037719727, "wallclock_time": 0.10183095932006836, "evaluations": 1, "cost": 0.4299, "incumbent": ["max_depth='2'", "max_features='0.4491682695224881'", "min_samples_leaf='1'", "min_samples_split='4'"], "origin": "Sobol"}
{"cpu_time": 0.6145598888397217, "wallclock_time": 0.6196579933166504, "evaluations": 4, "cost": 0.0506, "incumbent": ["max_depth='17'", "max_features='0.6137791713699698'", "min_samples_leaf='16'", "min_samples_split='18'"], "origin": "Sobol"}
{"cpu_time": 4.017661809921265, "wallclock_time": 4.035884857177734, "evaluations": 17, "cost": 0.0515, "incumbent": ["max_depth='7'", "max_features='0.8544756416231394'", "min_samples_leaf='3'", "min_samples_split='9'"], "origin": "Sobol"}
{"cpu_time": 14.391780376434326, "wallclock_time": 14.481757879257202, "evaluations": 60, "cost": 0.0419, "incumbent": ["max_depth='19'", "max_features='0.9526863796636462'", "min_samples_leaf='5'", "min_samples_split='4'"], "origin": "Sobol"}
{"cpu_time": 28.7773654460907, "wallclock_time": 38.60401701927185, "evaluations": 91, "cost": 0.0406, "incumbent": ["max_depth='19'", "max_features='0.9497410598725288'", "min_samples_leaf='4'", "min_samples_split='6'"], "origin": "Local Search"}
