{
  "mean_cost": 0.11745840105083047,
  "finished_ta_runs": 300,
  "inc_changed": 9,
  "n_configs": 202,
  "submitted_ta_runs": 300,
  "ta_time_used": 99.48552203178406,
  "wallclock_time_used": 173.5862021446228,
  "dataset_id": 167140,
  "perf_time": 173.60636350000004
}