{"cpu_time": 0.0, "wallclock_time": 4.315376281738281e-05, "evaluations": 0, "cost": 2147483648.0, "incumbent": {"C": 1.0, "gamma": 0.1}, "budget": 0, "origin": "Default"}
{"cpu_time": 0.012579679489135742, "wallclock_time": 0.013273239135742188, "evaluations": 1, "cost": 0.5, "incumbent": {"C": 1.0, "gamma": 0.1}, "budget": 0, "origin": "Default"}
