"CPU Time Used","Estimated Training Performance","Wallclock Time","Incumbent ID","Automatic Configurator (CPU) Time","Configuration..."
0.000000, 2147483648.000000, 0.000575, 1, 0.000575, alpha='0.0040824718253228975',eta0='0.00044195488125554607'
0.091491, 0.346400, 0.093299, 1, 0.001808, alpha='0.0040824718253228975',eta0='0.00044195488125554607'
1.742227, 0.345500, 1.768753, 2, 0.026526, alpha='0.016819325548081333',eta0='0.007270926226728398'
3.133563, 0.342100, 3.187178, 3, 0.053615, alpha='0.0021527079620027524',eta0='1.2132210994601314e-05'
