{"cpu_time": 0.0, "wallclock_time": 0.0014269351959228516, "evaluations": 0, "cost": 2147483648.0, "incumbent": ["colsample_bytree='0.3908073678612709'", "eta='0.02197006114591668'", "max_depth='1'", "reg_lambda='0.025956378731779545'"], "origin": "Sobol"}
{"cpu_time": 0.02550816535949707, "wallclock_time": 0.028556108474731445, "evaluations": 1, "cost": 0.0338, "incumbent": ["colsample_bytree='0.3908073678612709'", "eta='0.02197006114591668'", "max_depth='1'", "reg_lambda='0.025956378731779545'"], "origin": "Sobol"}
{"cpu_time": 0.09570455551147461, "wallclock_time": 0.1021430492401123, "evaluations": 4, "cost": 0.0283, "incumbent": ["colsample_bytree='0.7864414579235017'", "eta='0.06876373473778273'", "max_depth='5'", "reg_lambda='2.180661802430785'"], "origin": "Sobol"}
{"cpu_time": 2.3713769912719727, "wallclock_time": 14.88727593421936, "evaluations": 99, "cost": 0.0167, "incumbent": ["colsample_bytree='0.8076498066344812'", "eta='0.06876373473778273'", "max_depth='8'", "reg_lambda='4.798063352585071'"], "origin": "Local Search"}
{"cpu_time": 4.9291090965271, "wallclock_time": 36.369645833969116, "evaluations": 197, "cost": 0.0161, "incumbent": ["colsample_bytree='0.7985689447825868'", "eta='0.05994519015293333'", "max_depth='10'", "reg_lambda='5.351008212541719'"], "origin": "Local Search"}
{"cpu_time": 6.097902536392212, "wallclock_time": 46.61674976348877, "evaluations": 245, "cost": 0.0151, "incumbent": ["colsample_bytree='0.7916171619389503'", "eta='0.068188881662292'", "max_depth='6'", "reg_lambda='2.935368580311347'"], "origin": "Local Search"}
