"CPU Time Used","Estimated Training Performance","Wallclock Time","Incumbent ID","Automatic Configurator (CPU) Time","Configuration..."
0.000000, 2147483648.000000, 0.001427, 1, 0.001427, colsample_bytree='0.3908073678612709',eta='0.02197006114591668',max_depth='1',reg_lambda='0.025956378731779545'
0.025508, 0.033800, 0.028556, 1, 0.003048, colsample_bytree='0.3908073678612709',eta='0.02197006114591668',max_depth='1',reg_lambda='0.025956378731779545'
0.095705, 0.028300, 0.102143, 2, 0.006438, colsample_bytree='0.7864414579235017',eta='0.06876373473778273',max_depth='5',reg_lambda='2.180661802430785'
2.371377, 0.016700, 14.887276, 3, 12.515899, colsample_bytree='0.8076498066344812',eta='0.06876373473778273',max_depth='8',reg_lambda='4.798063352585071'
4.929109, 0.016100, 36.369646, 4, 31.440537, colsample_bytree='0.7985689447825868',eta='0.05994519015293333',max_depth='10',reg_lambda='5.351008212541719'
6.097903, 0.015100, 46.616750, 5, 40.518847, colsample_bytree='0.7916171619389503',eta='0.068188881662292',max_depth='6',reg_lambda='2.935368580311347'
