{
  "mean_cost": 0.1278244873879794,
  "finished_ta_runs": 126,
  "inc_changed": 5,
  "n_configs": 86,
  "submitted_ta_runs": 126,
  "ta_time_used": 41.60331583023071,
  "wallclock_time_used": 60.20413017272949,
  "dataset_id": 9964
}