{
  "mean_cost": 0.03381666123601601,
  "finished_ta_runs": 1,
  "inc_changed": 1,
  "n_configs": 1,
  "submitted_ta_runs": 1,
  "ta_time_used": 0.01618504524230957,
  "wallclock_time_used": 0.017632007598876953,
  "dataset_id": 15,
  "perf_time": 0.022942375000013726
}