"CPU Time Used","Estimated Training Performance","Wallclock Time","Incumbent ID","Automatic Configurator (CPU) Time","Configuration..."
0.000000, 2147483648.000000, 0.000566, 1, 0.000566, alpha='0.0004126639093412234',eta0='0.0017613324954003418'
0.233278, 0.568800, 0.234573, 1, 0.001295, alpha='0.0004126639093412234',eta0='0.0017613324954003418'
2.365419, 0.495600, 2.375298, 2, 0.009879, alpha='6.675963694532246e-05',eta0='0.13455959491033861'
6.824027, 0.415900, 6.857511, 3, 0.033484, alpha='2.6979332069179497e-05',eta0='0.03342560639959951'
10.848446, 0.406800, 11.652960, 4, 0.804514, alpha='3.547962477292174e-05',eta0='0.011195018658613757'
12.005571, 0.404300, 12.819296, 5, 0.813725, alpha='2.4242756938593107e-05',eta0='0.01334835314681863'
22.445591, 0.402400, 28.284591, 6, 5.839000, alpha='1.0856412874662474e-05',eta0='0.012634527140221933'
35.951783, 0.401200, 49.995174, 7, 14.043391, alpha='2.0819175415100822e-05',eta0='0.011286320710704047'
