{
  "mean_cost": 0.8934827750544666,
  "finished_ta_runs": 600,
  "inc_changed": 5,
  "n_configs": 572,
  "submitted_ta_runs": 600,
  "ta_time_used": 281.0921106338501,
  "wallclock_time_used": 287.5688650608063,
  "dataset_id": 12,
  "perf_time": 287.5911261250003
}