{
  "mean_cost": 0.32951846083979863,
  "finished_ta_runs": 165,
  "inc_changed": 7,
  "n_configs": 113,
  "submitted_ta_runs": 165,
  "ta_time_used": 27.629956007003784,
  "wallclock_time_used": 60.156436920166016,
  "dataset_id": 9952
}