{
  "mean_cost": 0.3998025654059103,
  "finished_ta_runs": 179,
  "inc_changed": 5,
  "n_configs": 125,
  "submitted_ta_runs": 179,
  "ta_time_used": 12.74634861946106,
  "wallclock_time_used": 61.18157696723938,
  "dataset_id": 31
}