"CPU Time Used","Estimated Training Performance","Wallclock Time","Incumbent ID","Automatic Configurator (CPU) Time","Configuration..."
0.000000, 2147483648.000000, 0.000561, 1, 0.000561, C='0.017961675793542162',gamma='0.9046232030638993'
0.520596, 0.900000, 0.522018, 1, 0.001422, C='0.017961675793542162',gamma='0.9046232030638993'
2.121507, 0.841200, 2.129386, 2, 0.007879, C='61.71933670840937',gamma='1.0864412265106145'
5.407570, 0.757300, 5.426933, 3, 0.019363, C='12.958180650233897',gamma='0.01207858159167579'
9.279695, 0.015600, 9.312766, 4, 0.033071, C='0.7731863785266639',gamma='0.0012442315522724887'
