"CPU Time Used","Estimated Training Performance","Wallclock Time","Incumbent ID","Automatic Configurator (CPU) Time","Configuration..."
0.000000, 2147483648.000000, 0.001436, 1, 0.001436, colsample_bytree='0.2890479595400393',eta='0.02972240058848022',max_depth='1',reg_lambda='0.23594281684827217'
0.026576, 0.500000, 0.028909, 1, 0.002333, colsample_bytree='0.2890479595400393',eta='0.02972240058848022',max_depth='1',reg_lambda='0.23594281684827217'
0.370547, 0.446000, 0.382711, 2, 0.012164, colsample_bytree='0.5235572370700539',eta='0.1863242307845216',max_depth='3',reg_lambda='4.4461461740589225'
0.763010, 0.428900, 0.779083, 3, 0.016073, colsample_bytree='1.0',eta='0.3',max_depth='10',reg_lambda='1.0'
1.433981, 0.391700, 1.474198, 4, 0.040217, colsample_bytree='0.2529058099724353',eta='0.7089042475303222',max_depth='10',reg_lambda='0.0021408774596134435'
2.325589, 0.364800, 2.385005, 5, 0.059415, colsample_bytree='0.9626267466694116',eta='0.003064948183665385',max_depth='9',reg_lambda='0.36227426258698386'
5.880140, 0.364300, 13.338811, 6, 7.458671, colsample_bytree='0.9626917541189959',eta='0.002948671774360723',max_depth='9',reg_lambda='0.3640968032871504'
17.602192, 0.363900, 59.331263, 7, 41.729071, colsample_bytree='0.9637199550973252',eta='0.002888519539762684',max_depth='9',reg_lambda='0.36249154643962056'
26.391170, 0.363500, 110.842522, 8, 84.451352, colsample_bytree='0.9644483798292168',eta='0.002868072021140171',max_depth='8',reg_lambda='0.3691881439025889'
