{"cpu_time": 0.0, "wallclock_time": 0.001435995101928711, "evaluations": 0, "cost": 2147483648.0, "incumbent": {"colsample_bytree": 0.2890479595400393, "eta": 0.02972240058848022, "max_depth": 1, "reg_lambda": 0.23594281684827217}, "budget": 0, "origin": "Sobol"}
{"cpu_time": 0.026575803756713867, "wallclock_time": 0.028908729553222656, "evaluations": 1, "cost": 0.5, "incumbent": {"colsample_bytree": 0.2890479595400393, "eta": 0.02972240058848022, "max_depth": 1, "reg_lambda": 0.23594281684827217}, "budget": 0, "origin": "Sobol"}
{"cpu_time": 0.370546817779541, "wallclock_time": 0.38271069526672363, "evaluations": 13, "cost": 0.446, "incumbent": {"colsample_bytree": 0.5235572370700539, "eta": 0.1863242307845216, "max_depth": 3, "reg_lambda": 4.4461461740589225}, "budget": 0, "origin": "Sobol"}
{"cpu_time": 0.7630102634429932, "wallclock_time": 0.7790830135345459, "evaluations": 17, "cost": 0.4289, "incumbent": {"colsample_bytree": 1.0, "eta": 0.3, "max_depth": 10, "reg_lambda": 1.0}, "budget": 0, "origin": null}
{"cpu_time": 1.433980941772461, "wallclock_time": 1.4741978645324707, "evaluations": 36, "cost": 0.3917, "incumbent": {"colsample_bytree": 0.2529058099724353, "eta": 0.7089042475303222, "max_depth": 10, "reg_lambda": 0.0021408774596134435}, "budget": 0, "origin": "Sobol"}
{"cpu_time": 2.325589418411255, "wallclock_time": 2.385004758834839, "evaluations": 49, "cost": 0.3648, "incumbent": {"colsample_bytree": 0.9626267466694116, "eta": 0.003064948183665385, "max_depth": 9, "reg_lambda": 0.36227426258698386}, "budget": 0, "origin": "Sobol"}
{"cpu_time": 5.880140066146851, "wallclock_time": 13.338810920715332, "evaluations": 93, "cost": 0.3643, "incumbent": {"colsample_bytree": 0.9626917541189959, "eta": 0.002948671774360723, "max_depth": 9, "reg_lambda": 0.3640968032871504}, "budget": 0, "origin": "Local Search"}
{"cpu_time": 17.60219168663025, "wallclock_time": 59.331263065338135, "evaluations": 193, "cost": 0.3639, "incumbent": {"colsample_bytree": 0.9637199550973252, "eta": 0.002888519539762684, "max_depth": 9, "reg_lambda": 0.36249154643962056}, "budget": 0, "origin": "Local Search"}
{"cpu_time": 26.391169786453247, "wallclock_time": 110.84252190589905, "evaluations": 272, "cost": 0.3635, "incumbent": {"colsample_bytree": 0.9644483798292168, "eta": 0.002868072021140171, "max_depth": 8, "reg_lambda": 0.3691881439025889}, "budget": 0, "origin": "Local Search"}
