"CPU Time Used","Estimated Training Performance","Wallclock Time","Incumbent ID","Automatic Configurator (CPU) Time","Configuration..."
0.000000, 2147483648.000000, 0.000055, 1, 0.000055, C='1.0',gamma='0.1'
0.022890, 0.735800, 0.023683, 1, 0.000793, C='1.0',gamma='0.1'
0.129877, 0.611600, 0.136433, 2, 0.006556, C='1.746441318982685',gamma='0.0022547265063997683'
0.389305, 0.593300, 0.415219, 3, 0.025914, C='13.010154284884432',gamma='0.006601784113304256'
1.400576, 0.589600, 1.579220, 4, 0.178644, C='100.57643058377906',gamma='0.0030099006283244942'
1.572254, 0.583200, 1.779238, 5, 0.206985, C='613.8366144551533',gamma='0.0010152179917278495'
3.331307, 0.578800, 4.115529, 6, 0.784222, C='1.615262735912209',gamma='0.001514183364965906'
5.492768, 0.578400, 7.332329, 7, 1.839561, C='396.48605519896205',gamma='0.0011718275300657084'
