{
  "mean_cost": 0.10118169495174634,
  "finished_ta_runs": 300,
  "inc_changed": 5,
  "n_configs": 104,
  "submitted_ta_runs": 300,
  "ta_time_used": 152.60705876350403,
  "wallclock_time_used": 182.66981315612793,
  "dataset_id": 167140,
  "perf_time": 182.70475616600015
}