{
  "mean_cost": 0.04410165815135076,
  "finished_ta_runs": 122,
  "inc_changed": 7,
  "n_configs": 77,
  "submitted_ta_runs": 122,
  "ta_time_used": 47.67119383811951,
  "wallclock_time_used": 60.29679894447327,
  "dataset_id": 146800
}