{
  "mean_cost": 0.05896280192357839,
  "finished_ta_runs": 1,
  "inc_changed": 1,
  "n_configs": 1,
  "submitted_ta_runs": 1,
  "ta_time_used": 0.1630547046661377,
  "wallclock_time_used": 0.1646890640258789
}