{
  "mean_cost": 0.4421538807903186,
  "finished_ta_runs": 300,
  "inc_changed": 7,
  "n_configs": 117,
  "submitted_ta_runs": 300,
  "ta_time_used": 49.12430024147034,
  "wallclock_time_used": 82.6862678527832,
  "dataset_id": 3903,
  "perf_time": 82.75176141699967
}