{
  "mean_cost": 0.818713264689387,
  "finished_ta_runs": 600,
  "inc_changed": 7,
  "n_configs": 572,
  "submitted_ta_runs": 600,
  "ta_time_used": 37.93471121788025,
  "wallclock_time_used": 43.54261803627014,
  "dataset_id": 18,
  "perf_time": 43.561511707994214
}