"CPU Time Used","Estimated Training Performance","Wallclock Time","Incumbent ID","Automatic Configurator (CPU) Time","Configuration..."
0.000000, 2147483648.000000, 0.000578, 1, 0.000578, alpha='0.0004126639093412234',eta0='0.0017613324954003418'
2.612424, 0.243100, 2.618982, 1, 0.006558, alpha='0.0004126639093412234',eta0='0.0017613324954003418'
81.040140, 0.241600, 82.190555, 2, 1.150414, alpha='0.00038497429411811653',eta0='0.0005876190608625823'
190.934524, 0.241100, 198.235281, 3, 7.300756, alpha='0.00038505629007377505',eta0='0.0005161221915873395'
240.679623, 0.240900, 250.567017, 4, 9.887394, alpha='0.00038229920544591934',eta0='0.0005243332860476289'
