{
  "mean_cost": 0.19654067607696685,
  "finished_ta_runs": 600,
  "inc_changed": 6,
  "n_configs": 576,
  "submitted_ta_runs": 600,
  "ta_time_used": 332.5551381111145,
  "wallclock_time_used": 338.0512728691101,
  "dataset_id": 32,
  "perf_time": 338.06607341600466
}