"CPU Time Used","Estimated Training Performance","Wallclock Time","Incumbent ID","Automatic Configurator (CPU) Time","Configuration..."
0.000000, 2147483648.000000, 0.000571, 1, 0.000571, C='1.3600811985592882',gamma='0.09352602871548096'
0.033768, 0.163600, 0.035117, 1, 0.001349, C='1.3600811985592882',gamma='0.09352602871548096'
0.268747, 0.137900, 0.280440, 2, 0.011693, C='102.59827344587585',gamma='0.0039228031036218506'
0.490966, 0.123000, 0.515901, 3, 0.024935, C='15.199688790550503',gamma='0.014931473822877205'
0.827573, 0.117900, 1.126955, 4, 0.299382, C='12.083269694966578',gamma='0.015595190965491517'
0.922774, 0.114800, 1.484524, 5, 0.561750, C='9.971550993690828',gamma='0.01883740502417744'
2.181532, 0.109700, 9.096970, 6, 6.915437, C='9.33819397943878',gamma='0.018631971353494266'
