{
  "mean_cost": 0.3783119658119659,
  "finished_ta_runs": 2,
  "inc_changed": 1,
  "n_configs": 1,
  "submitted_ta_runs": 2,
  "ta_time_used": 0.0857076644897461,
  "wallclock_time_used": 0.08792424201965332,
  "dataset_id": 125920,
  "perf_time": 0.09811287500019716
}