{"cpu_time": 0.0, "wallclock_time": 3.3855438232421875e-05, "evaluations": 0, "cost": 2147483648.0, "incumbent": {"C": 1.0, "gamma": 0.1}, "budget": 0, "origin": "Default"}
{"cpu_time": 0.30651187896728516, "wallclock_time": 0.3071749210357666, "evaluations": 1, "cost": 0.5105, "incumbent": {"C": 1.0, "gamma": 0.1}, "budget": 0, "origin": "Default"}
