"CPU Time Used","Estimated Training Performance","Wallclock Time","Incumbent ID","Automatic Configurator (CPU) Time","Configuration..."
0.000000, 2147483648.000000, 0.000246, 1, 0.000246, C='0.08611366210550205',gamma='0.4942679928374453'
0.156723, 0.900000, 0.157592, 1, 0.000869, C='0.08611366210550205',gamma='0.4942679928374453'
