{
  "mean_cost": 0.5,
  "finished_ta_runs": 1,
  "inc_changed": 1,
  "n_configs": 1,
  "submitted_ta_runs": 1,
  "ta_time_used": 0.25743699073791504,
  "wallclock_time_used": 0.25891733169555664,
  "dataset_id": 9946,
  "perf_time": 0.2663576250006372
}