{"cpu_time": 0.0, "wallclock_time": 0.0014529228210449219, "evaluations": 0, "cost": 2147483648.0, "incumbent": ["colsample_bytree='0.569966175314039'", "eta='0.009556882986489993'", "max_depth='3'", "reg_lambda='0.0020776820882921045'"], "origin": "Sobol"}
{"cpu_time": 0.1401689052581787, "wallclock_time": 0.14255690574645996, "evaluations": 1, "cost": 0.3514, "incumbent": ["colsample_bytree='0.569966175314039'", "eta='0.009556882986489993'", "max_depth='3'", "reg_lambda='0.0020776820882921045'"], "origin": "Sobol"}
{"cpu_time": 1.2041378021240234, "wallclock_time": 1.2143049240112305, "evaluations": 10, "cost": 0.2742, "incumbent": ["colsample_bytree='0.7997161545790732'", "eta='0.8167090504942917'", "max_depth='1'", "reg_lambda='7.369638786139326'"], "origin": "Sobol"}
{"cpu_time": 3.7385921478271484, "wallclock_time": 3.7527289390563965, "evaluations": 14, "cost": 0.1487, "incumbent": ["colsample_bytree='1.0'", "eta='0.3'", "max_depth='10'", "reg_lambda='1.0'"], "origin": null}
{"cpu_time": 5.977269172668457, "wallclock_time": 6.002053737640381, "evaluations": 23, "cost": 0.1465, "incumbent": ["colsample_bytree='0.6897349533624947'", "eta='0.11093751049628797'", "max_depth='5'", "reg_lambda='0.005625821167002132'"], "origin": "Sobol"}
{"cpu_time": 11.11289119720459, "wallclock_time": 11.176581144332886, "evaluations": 47, "cost": 0.1431, "incumbent": ["colsample_bytree='0.9323523727245628'", "eta='0.2476536704910154'", "max_depth='9'", "reg_lambda='0.0035770621836229634'"], "origin": "Sobol"}
{"cpu_time": 13.676419973373413, "wallclock_time": 13.764007806777954, "evaluations": 59, "cost": 0.1423, "incumbent": ["colsample_bytree='0.8084682528860867'", "eta='0.05027054478574182'", "max_depth='6'", "reg_lambda='0.12630572834813372'"], "origin": "Sobol"}
{"cpu_time": 17.247572898864746, "wallclock_time": 19.048003911972046, "evaluations": 71, "cost": 0.1407, "incumbent": ["colsample_bytree='0.9381834548250659'", "eta='0.8102122562438313'", "max_depth='7'", "reg_lambda='0.33643997740457937'"], "origin": "Local Search"}
{"cpu_time": 29.424904346466064, "wallclock_time": 40.6361038684845, "evaluations": 107, "cost": 0.1404, "incumbent": ["colsample_bytree='0.9320498217905238'", "eta='0.0672759280434985'", "max_depth='5'", "reg_lambda='0.3527507731571148'"], "origin": "Local Search"}
{"cpu_time": 33.18757438659668, "wallclock_time": 46.32514715194702, "evaluations": 118, "cost": 0.1371, "incumbent": ["colsample_bytree='0.9441946963066868'", "eta='0.2982284119331936'", "max_depth='6'", "reg_lambda='0.0058715116048014306'"], "origin": "Local Search"}
{"cpu_time": 62.23768091201782, "wallclock_time": 104.03632497787476, "evaluations": 201, "cost": 0.1363, "incumbent": ["colsample_bytree='0.8086501194028245'", "eta='0.19654878042058627'", "max_depth='5'", "reg_lambda='8.777190283165229'"], "origin": "Local Search"}
{"cpu_time": 78.84887027740479, "wallclock_time": 142.1165497303009, "evaluations": 259, "cost": 0.1359, "incumbent": ["colsample_bytree='0.8321326601652007'", "eta='0.17617665779389854'", "max_depth='5'", "reg_lambda='9.574519811424729'"], "origin": "Local Search"}
{"cpu_time": 90.32379746437073, "wallclock_time": 165.36931777000427, "evaluations": 293, "cost": 0.1346, "incumbent": ["colsample_bytree='0.9878641851873577'", "eta='0.1766383393501632'", "max_depth='5'", "reg_lambda='15.528305517468963'"], "origin": "Local Search"}
