"CPU Time Used","Estimated Training Performance","Wallclock Time","Incumbent ID","Automatic Configurator (CPU) Time","Configuration..."
0.000000, 2147483648.000000, 0.000538, 1, 0.000538, alpha='0.0040824718253228975',eta0='0.00044195488125554607'
0.222792, 0.338100, 0.224039, 1, 0.001247, alpha='0.0040824718253228975',eta0='0.00044195488125554607'
1.460014, 0.331100, 1.466040, 2, 0.006026, alpha='2.1186147948258377e-05',eta0='8.558614272324676e-05'
2.077917, 0.318300, 2.086585, 3, 0.008668, alpha='0.001',eta0='0.01'
3.924456, 0.304700, 3.941581, 4, 0.017125, alpha='8.740778541533059e-05',eta0='0.35545691961437276'
24.294537, 0.303600, 42.488700, 5, 18.194164, alpha='0.002214089989641622',eta0='0.3637795730137762'
25.290244, 0.303400, 43.498571, 6, 18.208327, alpha='0.0022180812256939607',eta0='0.36618410627031034'
