"CPU Time Used","Estimated Training Performance","Wallclock Time","Incumbent ID","Automatic Configurator (CPU) Time","Configuration..."
0.000000, 2147483648.000000, 0.000521, 1, 0.000521, alpha='0.00011227070295712931',eta0='0.0029096933833365197'
0.023671, 0.309000, 0.024860, 1, 0.001189, alpha='0.00011227070295712931',eta0='0.0029096933833365197'
0.866709, 0.334000, 1.249421, 2, 0.382712, alpha='1.3256727213687273e-05',eta0='0.000160986510278787'
1.048979, 0.327400, 1.746726, 3, 0.697747, alpha='1.0552486085879547e-05',eta0='0.0001545855020697713'
3.693511, 0.319700, 23.535034, 4, 19.841522, alpha='1.0062856615911606e-05',eta0='0.0001575238166320696'
