"CPU Time Used","Estimated Training Performance","Wallclock Time","Incumbent ID","Automatic Configurator (CPU) Time","Configuration..."
0.000000, 2147483648.000000, 0.000046, 1, 0.000046, alpha='0.001',eta0='0.01'
2.280481, 0.194800, 2.281244, 1, 0.000763, alpha='0.001',eta0='0.01'
21.957834, 0.178800, 21.967507, 2, 0.009673, alpha='1.0455662723206625e-05',eta0='0.001729647929337629'
72.120856, 0.160200, 72.167051, 3, 0.046195, alpha='6.710472301897032e-05',eta0='0.015704169615611125'
109.254856, 0.158400, 109.336221, 4, 0.081366, alpha='6.959795355041734e-05',eta0='0.019546809674957418'
322.494581, 0.153700, 322.931194, 5, 0.436613, alpha='3.1505120945266366e-05',eta0='0.0412181608527465'
