"CPU Time Used","Estimated Training Performance","Wallclock Time","Incumbent ID","Automatic Configurator (CPU) Time","Configuration..."
0.000000, 2147483648.000000, 0.000542, 1, 0.000542, C='0.017961675793542162',gamma='0.9046232030638993'
0.526578, 0.900000, 0.527950, 1, 0.001372, C='0.017961675793542162',gamma='0.9046232030638993'
2.125365, 0.841200, 2.130298, 2, 0.004933, C='61.71933670840937',gamma='1.0864412265106145'
5.418513, 0.757300, 5.430767, 3, 0.012254, C='12.958180650233897',gamma='0.01207858159167579'
9.309120, 0.015600, 9.339945, 4, 0.030825, C='0.7731863785266639',gamma='0.0012442315522724887'
