{
  "mean_cost": 0.4661004117813512,
  "finished_ta_runs": 376,
  "inc_changed": 5,
  "n_configs": 346,
  "submitted_ta_runs": 376,
  "ta_time_used": 117.77268719673157,
  "wallclock_time_used": 120.20256805419922,
  "dataset_id": 3904
}