{
  "mean_cost": 0.21292974101146722,
  "finished_ta_runs": 1,
  "inc_changed": 1,
  "n_configs": 1,
  "submitted_ta_runs": 1,
  "ta_time_used": 0.17398810386657715,
  "wallclock_time_used": 0.1757047176361084
}