{"cpu_time": 0.0, "wallclock_time": 5.1975250244140625e-05, "evaluations": 0, "cost": 2147483648.0, "incumbent": {"colsample_bytree": 1.0, "eta": 0.3, "max_depth": 10, "reg_lambda": 1.0}, "budget": 0, "origin": "Default"}
{"cpu_time": 5.029953956604004, "wallclock_time": 5.030828952789307, "evaluations": 1, "cost": 0.0896, "incumbent": {"colsample_bytree": 1.0, "eta": 0.3, "max_depth": 10, "reg_lambda": 1.0}, "budget": 0, "origin": "Default"}
{"cpu_time": 61.3876531124115, "wallclock_time": 61.40940594673157, "evaluations": 16, "cost": 0.0776, "incumbent": {"colsample_bytree": 0.42779910928331233, "eta": 0.13140302375308188, "max_depth": 4, "reg_lambda": 1.351829952028138}, "budget": 0, "origin": "Random Search"}
{"cpu_time": 118.65456223487854, "wallclock_time": 118.76987075805664, "evaluations": 49, "cost": 0.0686, "incumbent": {"colsample_bytree": 0.1132016479006271, "eta": 0.006007154688620396, "max_depth": 7, "reg_lambda": 0.017193334608774966}, "budget": 0, "origin": "Random Search"}
{"cpu_time": 419.3321588039398, "wallclock_time": 420.24032378196716, "evaluations": 186, "cost": 0.06, "incumbent": {"colsample_bytree": 0.10681672739602971, "eta": 0.03333312341893237, "max_depth": 9, "reg_lambda": 0.0018810144065367206}, "budget": 0, "origin": "Random Search"}
