{"cpu_time": 0.0, "wallclock_time": 0.0005319118499755859, "evaluations": 0, "cost": 2147483648.0, "incumbent": ["C='1.3600811985592882'", "gamma='0.09352602871548096'"], "origin": "Sobol"}
{"cpu_time": 0.4108312129974365, "wallclock_time": 0.41486597061157227, "evaluations": 1, "cost": 0.1589, "incumbent": ["C='1.3600811985592882'", "gamma='0.09352602871548096'"], "origin": "Sobol"}
{"cpu_time": 4.4432713985443115, "wallclock_time": 4.470399856567383, "evaluations": 13, "cost": 0.0626, "incumbent": ["C='102.59827344587585'", "gamma='0.0039228031036218506'"], "origin": "Sobol"}
{"cpu_time": 8.87309217453003, "wallclock_time": 8.923044919967651, "evaluations": 25, "cost": 0.0576, "incumbent": ["C='15.199688790550503'", "gamma='0.014931473822877205'"], "origin": "Sobol"}
{"cpu_time": 49.31081414222717, "wallclock_time": 57.69649887084961, "evaluations": 145, "cost": 0.057, "incumbent": ["C='0.9156330328739485'", "gamma='0.016160353323897314'"], "origin": "Random Search (sorted)"}
{"cpu_time": 94.14428663253784, "wallclock_time": 120.85611176490784, "evaluations": 284, "cost": 0.0537, "incumbent": ["C='0.9010974861099055'", "gamma='0.02012401144554769'"], "origin": "Local Search"}
