"CPU Time Used","Estimated Training Performance","Wallclock Time","Incumbent ID","Automatic Configurator (CPU) Time","Configuration..."
0.000000, 2147483648.000000, 0.000532, 1, 0.000532, C='1.3600811985592882',gamma='0.09352602871548096'
0.410831, 0.158900, 0.414866, 1, 0.004035, C='1.3600811985592882',gamma='0.09352602871548096'
4.443271, 0.062600, 4.470400, 2, 0.027128, C='102.59827344587585',gamma='0.0039228031036218506'
8.873092, 0.057600, 8.923045, 3, 0.049953, C='15.199688790550503',gamma='0.014931473822877205'
49.310814, 0.057000, 57.696499, 4, 8.385685, C='0.9156330328739485',gamma='0.016160353323897314'
94.144287, 0.053700, 120.856112, 5, 26.711825, C='0.9010974861099055',gamma='0.02012401144554769'
