"CPU Time Used","Estimated Training Performance","Wallclock Time","Incumbent ID","Automatic Configurator (CPU) Time","Configuration..."
0.000000, 2147483648.000000, 0.000539, 1, 0.000539, C='0.08611366210550205',gamma='0.4942679928374453'
0.010644, 0.500000, 0.011908, 1, 0.001264, C='0.08611366210550205',gamma='0.4942679928374453'
0.067844, 0.058200, 0.074039, 2, 0.006195, C='69.38389384208695',gamma='0.0015531477828170245'
