{"cpu_time": 0.0, "wallclock_time": 0.0005390644073486328, "evaluations": 0, "cost": 2147483648.0, "incumbent": ["C='0.08611366210550205'", "gamma='0.4942679928374453'"], "origin": "Sobol"}
{"cpu_time": 0.010643959045410156, "wallclock_time": 0.01190805435180664, "evaluations": 1, "cost": 0.5, "incumbent": ["C='0.08611366210550205'", "gamma='0.4942679928374453'"], "origin": "Sobol"}
{"cpu_time": 0.06784391403198242, "wallclock_time": 0.07403898239135742, "evaluations": 8, "cost": 0.0582, "incumbent": ["C='69.38389384208695'", "gamma='0.0015531477828170245'"], "origin": "Sobol"}
