"CPU Time Used","Estimated Training Performance","Wallclock Time","Incumbent ID","Automatic Configurator (CPU) Time","Configuration..."
0.000000, 2147483648.000000, 0.001489, 1, 0.001489, colsample_bytree='0.3908073678612709',eta='0.02197006114591668',max_depth='1',reg_lambda='0.025956378731779545'
0.014195, 0.487300, 0.016637, 1, 0.002442, colsample_bytree='0.3908073678612709',eta='0.02197006114591668',max_depth='1',reg_lambda='0.025956378731779545'
0.075080, 0.408500, 0.079977, 2, 0.004897, colsample_bytree='0.7864414579235017',eta='0.06876373473778273',max_depth='5',reg_lambda='2.180661802430785'
0.152667, 0.378300, 0.159327, 3, 0.006660, colsample_bytree='1.0',eta='0.3',max_depth='10',reg_lambda='1.0'
1.410337, 0.366700, 7.677528, 4, 6.267190, colsample_bytree='0.28521188965550154',eta='0.15259937119551872',max_depth='9',reg_lambda='0.5583705198610933'
3.017382, 0.359900, 44.240599, 5, 41.223217, colsample_bytree='0.31630708643736966',eta='0.23609203860919384',max_depth='10',reg_lambda='0.2493682125681238'
3.188423, 0.355700, 46.431986, 6, 43.243563, colsample_bytree='0.31680417591099885',eta='0.1450794756466139',max_depth='10',reg_lambda='0.24246033782552595'
4.254454, 0.353700, 77.881130, 7, 73.626676, colsample_bytree='0.3167118238472216',eta='0.1346556845352742',max_depth='10',reg_lambda='0.19472599629649667'
