"CPU Time Used","Estimated Training Performance","Wallclock Time","Incumbent ID","Automatic Configurator (CPU) Time","Configuration..."
0.000000, 2147483648.000000, 0.000037, 1, 0.000037, alpha='0.001',eta0='0.01'
3.055105, 0.086900, 3.055887, 1, 0.000782, alpha='0.001',eta0='0.01'
26.031705, 0.042300, 26.040269, 2, 0.008564, alpha='0.08477318530405828',eta0='1.1349690026383863e-05'
96.387424, 0.037000, 96.440665, 3, 0.053241, alpha='0.01373581320388105',eta0='3.6699345852038843e-05'
121.168709, 0.031500, 121.240123, 4, 0.071414, alpha='0.00010338971252634734',eta0='0.00012997194084303965'
349.747409, 0.029200, 350.104528, 5, 0.357119, alpha='0.0007543221808969907',eta0='0.00018707702357025028'
1339.262759, 0.028700, 1342.860104, 6, 3.597345, alpha='0.0006338380144148664',eta0='1.4992855578475283e-05'
