{"cpu_time": 0.0, "wallclock_time": 3.719329833984375e-05, "evaluations": 0, "cost": 2147483648.0, "incumbent": {"alpha": 0.001, "eta0": 0.01}, "budget": 0, "origin": "Default"}
{"cpu_time": 3.055104970932007, "wallclock_time": 3.055887222290039, "evaluations": 1, "cost": 0.0869, "incumbent": {"alpha": 0.001, "eta0": 0.01}, "budget": 0, "origin": "Default"}
{"cpu_time": 26.031704664230347, "wallclock_time": 26.040269136428833, "evaluations": 7, "cost": 0.0423, "incumbent": {"alpha": 0.08477318530405828, "eta0": 1.1349690026383863e-05}, "budget": 0, "origin": "Random Search"}
{"cpu_time": 96.38742446899414, "wallclock_time": 96.44066524505615, "evaluations": 28, "cost": 0.037, "incumbent": {"alpha": 0.01373581320388105, "eta0": 3.6699345852038843e-05}, "budget": 0, "origin": "Random Search"}
{"cpu_time": 121.16870927810669, "wallclock_time": 121.24012327194214, "evaluations": 36, "cost": 0.0315, "incumbent": {"alpha": 0.00010338971252634734, "eta0": 0.00012997194084303965}, "budget": 0, "origin": "Random Search"}
{"cpu_time": 349.7474091053009, "wallclock_time": 350.10452818870544, "evaluations": 108, "cost": 0.0292, "incumbent": {"alpha": 0.0007543221808969907, "eta0": 0.00018707702357025028}, "budget": 0, "origin": "Random Search"}
{"cpu_time": 1339.2627592086792, "wallclock_time": 1342.860104084015, "evaluations": 417, "cost": 0.0287, "incumbent": {"alpha": 0.0006338380144148664, "eta0": 1.4992855578475283e-05}, "budget": 0, "origin": "Random Search"}
