{
  "mean_cost": 0.5746152543296124,
  "finished_ta_runs": 1,
  "inc_changed": 1,
  "n_configs": 1,
  "submitted_ta_runs": 1,
  "ta_time_used": 0.07310199737548828,
  "wallclock_time_used": 0.07454109191894531,
  "dataset_id": 23,
  "perf_time": 0.08418362500015064
}