"CPU Time Used","Estimated Training Performance","Wallclock Time","Incumbent ID","Automatic Configurator (CPU) Time","Configuration..."
0.000000, 2147483648.000000, 0.000038, 1, 0.000038, alpha='0.001',eta0='0.01'
0.219678, 0.326200, 0.220327, 1, 0.000649, alpha='0.001',eta0='0.01'
2.073819, 0.335000, 2.081979, 2, 0.008160, alpha='1.0455662723206625e-05',eta0='0.001729647929337629'
3.306683, 0.331100, 3.320486, 3, 0.013803, alpha='0.00022661234155643443',eta0='7.824882505894288e-05'
43.014322, 0.330900, 43.639272, 4, 0.624950, alpha='0.00011028329840997218',eta0='0.04797029862149769'
50.616793, 0.327400, 51.441709, 5, 0.824915, alpha='0.000954822695492',eta0='0.06367635717225424'
