{"cpu_time": 0.0, "wallclock_time": 0.0005440711975097656, "evaluations": 0, "cost": 2147483648.0, "incumbent": {"C": 1.3600811985592882, "gamma": 0.09352602871548096}, "budget": 0, "origin": "Sobol"}
{"cpu_time": 0.4082629680633545, "wallclock_time": 0.41168999671936035, "evaluations": 1, "cost": 0.1589, "incumbent": {"C": 1.3600811985592882, "gamma": 0.09352602871548096}, "budget": 0, "origin": "Sobol"}
{"cpu_time": 4.453984260559082, "wallclock_time": 4.476794242858887, "evaluations": 13, "cost": 0.0626, "incumbent": {"C": 102.59827344587585, "gamma": 0.0039228031036218506}, "budget": 0, "origin": "Sobol"}
{"cpu_time": 8.791654825210571, "wallclock_time": 8.836968898773193, "evaluations": 25, "cost": 0.0576, "incumbent": {"C": 15.199688790550503, "gamma": 0.014931473822877205}, "budget": 0, "origin": "Sobol"}
