"CPU Time Used","Estimated Training Performance","Wallclock Time","Incumbent ID","Automatic Configurator (CPU) Time","Configuration..."
0.000000, 2147483648.000000, 0.000544, 1, 0.000544, C='1.3600811985592882',gamma='0.09352602871548096'
0.408263, 0.158900, 0.411690, 1, 0.003427, C='1.3600811985592882',gamma='0.09352602871548096'
4.453984, 0.062600, 4.476794, 2, 0.022810, C='102.59827344587585',gamma='0.0039228031036218506'
8.791655, 0.057600, 8.836969, 3, 0.045314, C='15.199688790550503',gamma='0.014931473822877205'
