{
  "mean_cost": 0.21533139056252146,
  "finished_ta_runs": 178,
  "inc_changed": 6,
  "n_configs": 106,
  "submitted_ta_runs": 178,
  "ta_time_used": 21.022650241851807,
  "wallclock_time_used": 60.36883997917175,
  "dataset_id": 14954
}