{
  "mean_cost": 0.34638888888888886,
  "finished_ta_runs": 1,
  "inc_changed": 1,
  "n_configs": 1,
  "submitted_ta_runs": 1,
  "ta_time_used": 0.020676136016845703,
  "wallclock_time_used": 0.02211785316467285,
  "dataset_id": 14954,
  "perf_time": 0.027953667000019777
}