"CPU Time Used","Estimated Training Performance","Wallclock Time","Incumbent ID","Automatic Configurator (CPU) Time","Configuration..."
0.000000, 2147483648.000000, 0.000064, 1, 0.000064, alpha='0.001',eta0='0.01'
0.027340, 0.111100, 0.028203, 1, 0.000863, alpha='0.001',eta0='0.01'
4.385139, 0.109400, 4.863948, 2, 0.478809, alpha='2.7432686911209694e-05',eta0='0.4710503361675354'
6.856119, 0.107700, 7.884688, 3, 1.028569, alpha='0.00018996741620351667',eta0='0.22234213931998364'
8.415002, 0.106800, 9.908183, 4, 1.493181, alpha='7.936481399298008e-05',eta0='0.5176592056431085'
15.400242, 0.106000, 19.846094, 5, 4.445852, alpha='0.00018943831330652767',eta0='0.26404422521281246'
