"CPU Time Used","Estimated Training Performance","Wallclock Time","Incumbent ID","Automatic Configurator (CPU) Time","Configuration..."
0.000000, 2147483648.000000, 0.001444, 1, 0.001444, colsample_bytree='0.3908073678612709',eta='0.02197006114591668',max_depth='1',reg_lambda='0.025956378731779545'
0.033189, 0.500000, 0.035567, 1, 0.002378, colsample_bytree='0.3908073678612709',eta='0.02197006114591668',max_depth='1',reg_lambda='0.025956378731779545'
0.332961, 0.283700, 0.337877, 2, 0.004916, colsample_bytree='0.7864414579235017',eta='0.06876373473778273',max_depth='5',reg_lambda='2.180661802430785'
5.004448, 0.281200, 7.216383, 3, 2.211935, colsample_bytree='0.879997608461651',eta='0.06922378474825108',max_depth='10',reg_lambda='0.034998982636687395'
8.089911, 0.276100, 14.325875, 4, 6.235964, colsample_bytree='0.9054510838377982',eta='0.8964243072883258',max_depth='7',reg_lambda='14.24079680456691'
9.392498, 0.273100, 18.669843, 5, 9.277344, colsample_bytree='0.9089694472143608',eta='0.9547193062886167',max_depth='2',reg_lambda='14.037185075449631'
11.745399, 0.260200, 25.021841, 6, 13.276442, colsample_bytree='0.8620439924117659',eta='0.9107268055961615',max_depth='5',reg_lambda='2.487763813844472'
15.465008, 0.256200, 38.389144, 7, 22.924136, colsample_bytree='0.8801083372566614',eta='0.9104086443473067',max_depth='5',reg_lambda='2.4120767184736738'
20.076304, 0.247100, 55.439787, 8, 35.363483, colsample_bytree='0.8862142781317263',eta='0.9104516959625256',max_depth='5',reg_lambda='0.2771477833557244'
