{"cpu_time": 0.0, "wallclock_time": 0.001444101333618164, "evaluations": 0, "cost": 2147483648.0, "incumbent": {"colsample_bytree": 0.3908073678612709, "eta": 0.02197006114591668, "max_depth": 1, "reg_lambda": 0.025956378731779545}, "budget": 0, "origin": "Sobol"}
{"cpu_time": 0.03318905830383301, "wallclock_time": 0.035567283630371094, "evaluations": 1, "cost": 0.5, "incumbent": {"colsample_bytree": 0.3908073678612709, "eta": 0.02197006114591668, "max_depth": 1, "reg_lambda": 0.025956378731779545}, "budget": 0, "origin": "Sobol"}
{"cpu_time": 0.3329610824584961, "wallclock_time": 0.3378770351409912, "evaluations": 4, "cost": 0.2837, "incumbent": {"colsample_bytree": 0.7864414579235017, "eta": 0.06876373473778273, "max_depth": 5, "reg_lambda": 2.180661802430785}, "budget": 0, "origin": "Sobol"}
{"cpu_time": 5.00444769859314, "wallclock_time": 7.21638298034668, "evaluations": 55, "cost": 0.2812, "incumbent": {"colsample_bytree": 0.879997608461651, "eta": 0.06922378474825108, "max_depth": 10, "reg_lambda": 0.034998982636687395}, "budget": 0, "origin": "Local Search"}
{"cpu_time": 8.089911222457886, "wallclock_time": 14.325875043869019, "evaluations": 78, "cost": 0.2761, "incumbent": {"colsample_bytree": 0.9054510838377982, "eta": 0.8964243072883258, "max_depth": 7, "reg_lambda": 14.24079680456691}, "budget": 0, "origin": "Local Search"}
{"cpu_time": 9.39249849319458, "wallclock_time": 18.669842958450317, "evaluations": 93, "cost": 0.2731, "incumbent": {"colsample_bytree": 0.9089694472143608, "eta": 0.9547193062886167, "max_depth": 2, "reg_lambda": 14.037185075449631}, "budget": 0, "origin": "Local Search"}
{"cpu_time": 11.745398998260498, "wallclock_time": 25.021841049194336, "evaluations": 116, "cost": 0.2602, "incumbent": {"colsample_bytree": 0.8620439924117659, "eta": 0.9107268055961615, "max_depth": 5, "reg_lambda": 2.487763813844472}, "budget": 0, "origin": "Local Search"}
{"cpu_time": 15.465008020401001, "wallclock_time": 38.3891441822052, "evaluations": 148, "cost": 0.2562, "incumbent": {"colsample_bytree": 0.8801083372566614, "eta": 0.9104086443473067, "max_depth": 5, "reg_lambda": 2.4120767184736738}, "budget": 0, "origin": "Local Search"}
{"cpu_time": 20.0763041973114, "wallclock_time": 55.43978714942932, "evaluations": 196, "cost": 0.2471, "incumbent": {"colsample_bytree": 0.8862142781317263, "eta": 0.9104516959625256, "max_depth": 5, "reg_lambda": 0.2771477833557244}, "budget": 0, "origin": "Local Search"}
