{"cpu_time": 0.0, "wallclock_time": 0.0005958080291748047, "evaluations": 0, "cost": 2147483648.0, "incumbent": {"C": 0.08611366210550205, "gamma": 0.4942679928374453}, "budget": 0, "origin": "Sobol"}
{"cpu_time": 0.006824970245361328, "wallclock_time": 0.00816488265991211, "evaluations": 1, "cost": 0.5, "incumbent": {"C": 0.08611366210550205, "gamma": 0.4942679928374453}, "budget": 0, "origin": "Sobol"}
{"cpu_time": 0.027846813201904297, "wallclock_time": 0.031578779220581055, "evaluations": 4, "cost": 0.3981, "incumbent": {"C": 19.433598606658386, "gamma": 9.232350409327609}, "budget": 0, "origin": "Sobol"}
{"cpu_time": 0.039281606674194336, "wallclock_time": 0.04466080665588379, "evaluations": 6, "cost": 0.0509, "incumbent": {"C": 1.0, "gamma": 0.1}, "budget": 0, "origin": null}
{"cpu_time": 0.058626651763916016, "wallclock_time": 0.06746077537536621, "evaluations": 10, "cost": 0.0151, "incumbent": {"C": 69.38389384208695, "gamma": 0.0015531477828170245}, "budget": 0, "origin": "Sobol"}
