"CPU Time Used","Estimated Training Performance","Wallclock Time","Incumbent ID","Automatic Configurator (CPU) Time","Configuration..."
0.000000, 2147483648.000000, 0.000596, 1, 0.000596, C='0.08611366210550205',gamma='0.4942679928374453'
0.006825, 0.500000, 0.008165, 1, 0.001340, C='0.08611366210550205',gamma='0.4942679928374453'
0.027847, 0.398100, 0.031579, 2, 0.003732, C='19.433598606658386',gamma='9.232350409327609'
0.039282, 0.050900, 0.044661, 3, 0.005379, C='1.0',gamma='0.1'
0.058627, 0.015100, 0.067461, 4, 0.008834, C='69.38389384208695',gamma='0.0015531477828170245'
