{"cpu_time": 0.0, "wallclock_time": 0.0015287399291992188, "evaluations": 0, "cost": 2147483648.0, "incumbent": {"colsample_bytree": 0.2890479595400393, "eta": 0.02972240058848022, "max_depth": 1, "reg_lambda": 0.23594281684827217}, "budget": 0, "origin": "Sobol"}
{"cpu_time": 0.1033327579498291, "wallclock_time": 0.10595107078552246, "evaluations": 1, "cost": 0.0956, "incumbent": {"colsample_bytree": 0.2890479595400393, "eta": 0.02972240058848022, "max_depth": 1, "reg_lambda": 0.23594281684827217}, "budget": 0, "origin": "Sobol"}
{"cpu_time": 2.2871367931365967, "wallclock_time": 2.292595863342285, "evaluations": 4, "cost": 0.054, "incumbent": {"colsample_bytree": 0.839533680677414, "eta": 0.03178815964339868, "max_depth": 7, "reg_lambda": 260.08137409645684}, "budget": 0, "origin": "Sobol"}
{"cpu_time": 4.691708087921143, "wallclock_time": 4.698991775512695, "evaluations": 6, "cost": 0.0413, "incumbent": {"colsample_bytree": 1.0, "eta": 0.3, "max_depth": 10, "reg_lambda": 1.0}, "budget": 0, "origin": null}
{"cpu_time": 8.607057571411133, "wallclock_time": 8.621521949768066, "evaluations": 13, "cost": 0.0394, "incumbent": {"colsample_bytree": 0.5235572370700539, "eta": 0.1863242307845216, "max_depth": 3, "reg_lambda": 4.4461461740589225}, "budget": 0, "origin": "Sobol"}
{"cpu_time": 14.089980363845825, "wallclock_time": 14.123542070388794, "evaluations": 28, "cost": 0.0382, "incumbent": {"colsample_bytree": 0.5548210443928838, "eta": 0.12135062476345819, "max_depth": 3, "reg_lambda": 0.5016638570534014}, "budget": 0, "origin": "Sobol"}
{"cpu_time": 19.97482943534851, "wallclock_time": 20.02526068687439, "evaluations": 39, "cost": 0.0349, "incumbent": {"colsample_bytree": 0.4696397740393877, "eta": 0.16644532888250615, "max_depth": 6, "reg_lambda": 0.015660421770666632}, "budget": 0, "origin": "Sobol"}
{"cpu_time": 26.870060443878174, "wallclock_time": 26.948835849761963, "evaluations": 55, "cost": 0.0344, "incumbent": {"colsample_bytree": 0.30435112621635196, "eta": 0.04752972527855818, "max_depth": 5, "reg_lambda": 8.177556475738188}, "budget": 0, "origin": "Sobol"}
{"cpu_time": 46.57106256484985, "wallclock_time": 63.75269889831543, "evaluations": 103, "cost": 0.0318, "incumbent": {"colsample_bytree": 0.3108051606179437, "eta": 0.09244929710208355, "max_depth": 5, "reg_lambda": 9.028397855852587}, "budget": 0, "origin": "Local Search"}
{"cpu_time": 101.14691519737244, "wallclock_time": 183.72240495681763, "evaluations": 229, "cost": 0.0312, "incumbent": {"colsample_bytree": 0.3108051606179437, "eta": 0.09244929710208355, "max_depth": 5, "reg_lambda": 9.087673967843186}, "budget": 0, "origin": "Local Search"}
{"cpu_time": 113.6226897239685, "wallclock_time": 207.69963383674622, "evaluations": 258, "cost": 0.0311, "incumbent": {"colsample_bytree": 0.3107819515977048, "eta": 0.09284611498372465, "max_depth": 5, "reg_lambda": 9.087673967843186}, "budget": 0, "origin": "Local Search"}
