"CPU Time Used","Estimated Training Performance","Wallclock Time","Incumbent ID","Automatic Configurator (CPU) Time","Configuration..."
0.000000, 2147483648.000000, 0.000544, 1, 0.000544, alpha='0.0004126639093412234',eta0='0.0017613324954003418'
0.424130, 0.805100, 0.425377, 1, 0.001247, alpha='0.0004126639093412234',eta0='0.0017613324954003418'
4.170506, 0.759200, 4.179521, 2, 0.009016, alpha='6.675963694532246e-05',eta0='0.13455959491033861'
9.988036, 0.753200, 10.012641, 3, 0.024605, alpha='0.0014439030581155858',eta0='2.6843996424460273e-05'
13.717258, 0.739800, 13.753614, 4, 0.036356, alpha='0.00014331222076014103',eta0='0.0006285756509200554'
