{
  "mean_cost": 0.2032567431625206,
  "finished_ta_runs": 300,
  "inc_changed": 8,
  "n_configs": 195,
  "submitted_ta_runs": 300,
  "ta_time_used": 193.49024081230164,
  "wallclock_time_used": 371.4797360897064,
  "dataset_id": 146817,
  "perf_time": 371.49400324999806
}