{
  "mean_cost": 0.30634949168647885,
  "finished_ta_runs": 31,
  "inc_changed": 3,
  "n_configs": 17,
  "submitted_ta_runs": 31,
  "ta_time_used": 61.14057374000549,
  "wallclock_time_used": 61.198107957839966,
  "dataset_id": 14965
}