"CPU Time Used","Estimated Training Performance","Wallclock Time","Incumbent ID","Automatic Configurator (CPU) Time","Configuration..."
0.000000, 2147483648.000000, 0.000038, 1, 0.000038, alpha='0.001',eta0='0.01'
3.096205, 0.142000, 3.096859, 1, 0.000654, alpha='0.001',eta0='0.01'
15.070627, 0.122500, 15.074170, 2, 0.003543, alpha='0.2222611632956835',eta0='7.173240601211391e-05'
57.956559, 0.097300, 57.971257, 3, 0.014698, alpha='0.002374055867675844',eta0='5.8767874739523716e-05'
97.291927, 0.094400, 97.318430, 4, 0.026503, alpha='0.005552327829437055',eta0='4.9488396977195885e-05'
155.748105, 0.085700, 155.800003, 5, 0.051898, alpha='0.00047563268189094034',eta0='2.3569613209121685e-05'
194.313634, 0.085400, 194.386159, 6, 0.072525, alpha='9.399424143105853e-05',eta0='2.1264709675175496e-05'
423.797564, 0.081900, 424.059373, 7, 0.261809, alpha='0.0008979784103930562',eta0='1.0555299750248877e-05'
