{
  "mean_cost": 0.3077140167208224,
  "finished_ta_runs": 600,
  "inc_changed": 6,
  "n_configs": 564,
  "submitted_ta_runs": 600,
  "ta_time_used": 72.6186785697937,
  "wallclock_time_used": 78.15905809402466,
  "dataset_id": 3021,
  "perf_time": 78.17929279199961
}