{
  "data": [
    [
      [
        1,
        null,
        379248293,
        0.0
      ],
      [
        0.4857634780122225,
        0.42070817947387695,
        {
          "__enum__": "StatusType.SUCCESS"
        },
        1674410482.981638,
        1674410483.4023511,
        {}
      ]
    ]
  ],
  "config_origins": {
    "1": "Sobol"
  },
  "configs": {
    "1": {
      "max_depth": 2,
      "max_features": 0.4491682695224881,
      "min_samples_leaf": 1,
      "min_samples_split": 4
    }
  }
}