{"cpu_time": 0.0, "wallclock_time": 0.0003058910369873047, "evaluations": 0, "cost": 2147483648.0, "incumbent": ["max_depth='2'", "max_features='0.4491682695224881'", "min_samples_leaf='1'", "min_samples_split='4'"], "origin": "Sobol"}
{"cpu_time": 0.42070817947387695, "wallclock_time": 0.42168593406677246, "evaluations": 1, "cost": 0.4858, "incumbent": ["max_depth='2'", "max_features='0.4491682695224881'", "min_samples_leaf='1'", "min_samples_split='4'"], "origin": "Sobol"}
