"CPU Time Used","Estimated Training Performance","Wallclock Time","Incumbent ID","Automatic Configurator (CPU) Time","Configuration..."
0.000000, 2147483648.000000, 0.000565, 1, 0.000565, alpha='0.00011227070295712931',eta0='0.0029096933833365197'
0.188057, 0.599500, 0.189406, 1, 0.001349, alpha='0.00011227070295712931',eta0='0.0029096933833365197'
1.308368, 0.572900, 1.314908, 2, 0.006539, alpha='0.026542866188361353',eta0='8.075114966892127e-05'
3.151709, 0.547400, 3.171533, 3, 0.019824, alpha='0.0025540066964094537',eta0='1.2228344859878906e-05'
8.014157, 0.542500, 8.380146, 4, 0.365989, alpha='0.0013546721026118788',eta0='1.642772518935125e-05'
14.978509, 0.541900, 22.122474, 5, 7.143965, alpha='0.001647825604843767',eta0='1.5820537574047767e-05'
