{
  "mean_cost": 0.49017957351290686,
  "finished_ta_runs": 1,
  "inc_changed": 1,
  "n_configs": 1,
  "submitted_ta_runs": 1,
  "ta_time_used": 0.033891916275024414,
  "wallclock_time_used": 0.03532004356384277,
  "dataset_id": 3917,
  "perf_time": 0.04056233400024212
}