"CPU Time Used","Estimated Training Performance","Wallclock Time","Incumbent ID","Automatic Configurator (CPU) Time","Configuration..."
0.000000, 2147483648.000000, 0.000044, 1, 0.000044, alpha='0.001',eta0='0.01'
2.344411, 0.194200, 2.347689, 1, 0.003278, alpha='0.001',eta0='0.01'
22.127331, 0.162700, 22.139857, 2, 0.012526, alpha='1.8419909509685855e-05',eta0='0.05046106065359831'
423.474804, 0.157600, 424.178261, 3, 0.703457, alpha='1.2274896128632242e-05',eta0='0.0834016150910079'
502.957611, 0.153200, 503.902320, 4, 0.944709, alpha='3.9725996388911194e-05',eta0='0.04549174451979016'
