"CPU Time Used","Estimated Training Performance","Wallclock Time","Incumbent ID","Automatic Configurator (CPU) Time","Configuration..."
0.000000, 2147483648.000000, 0.000036, 1, 0.000036, alpha='0.001',eta0='0.01'
0.351489, 0.400500, 0.352169, 1, 0.000680, alpha='0.001',eta0='0.01'
5.051715, 0.428800, 5.065826, 2, 0.014111, alpha='0.00035587817016977173',eta0='0.01023975896861313'
87.496235, 0.428100, 88.357653, 3, 0.861418, alpha='2.9621223328881812e-05',eta0='0.0014122852459007543'
95.633347, 0.424900, 96.652485, 4, 1.019138, alpha='2.7508828296457984e-05',eta0='0.01577210590024999'
