{
  "mean_cost": 0.04641688978192713,
  "finished_ta_runs": 234,
  "inc_changed": 4,
  "n_configs": 204,
  "submitted_ta_runs": 234,
  "ta_time_used": 118.95639777183533,
  "wallclock_time_used": 120.17004108428955,
  "dataset_id": 146824
}