{
  "mean_cost": 0.7999999999999999,
  "finished_ta_runs": 1,
  "inc_changed": 1,
  "n_configs": 1,
  "submitted_ta_runs": 1,
  "ta_time_used": 0.021821975708007812,
  "wallclock_time_used": 0.023117780685424805,
  "dataset_id": 2079,
  "perf_time": 0.05401999999958207
}