"CPU Time Used","Estimated Training Performance","Wallclock Time","Incumbent ID","Automatic Configurator (CPU) Time","Configuration..."
0.000000, 2147483648.000000, 0.001554, 1, 0.001554, colsample_bytree='0.569966175314039',eta='0.009556882986489993',max_depth='3',reg_lambda='0.0020776820882921045'
0.047380, 0.781100, 0.050020, 1, 0.002640, colsample_bytree='0.569966175314039',eta='0.009556882986489993',max_depth='3',reg_lambda='0.0020776820882921045'
0.373323, 0.771100, 0.383712, 2, 0.010389, colsample_bytree='0.7997161545790732',eta='0.8167090504942917',max_depth='1',reg_lambda='7.369638786139326'
1.483017, 0.756700, 1.504598, 3, 0.021581, colsample_bytree='0.5071276918053628',eta='0.18054041228993647',max_depth='4',reg_lambda='0.7014077911957106'
2.373268, 0.732900, 2.417127, 4, 0.043859, colsample_bytree='0.6345239883288741',eta='0.33181775125056084',max_depth='2',reg_lambda='0.043291333432912055'
5.133247, 0.731900, 22.248615, 5, 17.115368, colsample_bytree='0.6977282012968415',eta='0.35183937306548974',max_depth='2',reg_lambda='0.043291333432912055'
6.275705, 0.725100, 32.974733, 6, 26.699028, colsample_bytree='0.6977282012968415',eta='0.351954120389378',max_depth='2',reg_lambda='0.055501396760895313'
10.836136, 0.712300, 87.383455, 7, 76.547319, colsample_bytree='0.8394982486810681',eta='0.2124294023746291',max_depth='3',reg_lambda='10.696574674917771'
