{"cpu_time": 0.0, "wallclock_time": 0.0013959407806396484, "evaluations": 0, "cost": 2147483648.0, "incumbent": {"colsample_bytree": 0.2890479595400393, "eta": 0.02972240058848022, "max_depth": 1, "reg_lambda": 0.23594281684827217}, "budget": 0, "origin": "Sobol"}
{"cpu_time": 0.04520702362060547, "wallclock_time": 0.047528982162475586, "evaluations": 1, "cost": 0.5079, "incumbent": {"colsample_bytree": 0.2890479595400393, "eta": 0.02972240058848022, "max_depth": 1, "reg_lambda": 0.23594281684827217}, "budget": 0, "origin": "Sobol"}
{"cpu_time": 0.5459790229797363, "wallclock_time": 0.5507547855377197, "evaluations": 4, "cost": 0.4889, "incumbent": {"colsample_bytree": 0.839533680677414, "eta": 0.03178815964339868, "max_depth": 7, "reg_lambda": 260.08137409645684}, "budget": 0, "origin": "Sobol"}
{"cpu_time": 1.0351219177246094, "wallclock_time": 1.0416131019592285, "evaluations": 6, "cost": 0.4023, "incumbent": {"colsample_bytree": 1.0, "eta": 0.3, "max_depth": 10, "reg_lambda": 1.0}, "budget": 0, "origin": null}
{"cpu_time": 1.8962101936340332, "wallclock_time": 1.9090540409088135, "evaluations": 13, "cost": 0.3862, "incumbent": {"colsample_bytree": 0.5235572370700539, "eta": 0.1863242307845216, "max_depth": 3, "reg_lambda": 4.4461461740589225}, "budget": 0, "origin": "Sobol"}
{"cpu_time": 5.5123069286346436, "wallclock_time": 5.580293893814087, "evaluations": 50, "cost": 0.3817, "incumbent": {"colsample_bytree": 0.9293424371629954, "eta": 0.09060786376256463, "max_depth": 1, "reg_lambda": 0.0013576646171971976}, "budget": 0, "origin": "Sobol"}
{"cpu_time": 6.591352701187134, "wallclock_time": 6.685725927352905, "evaluations": 63, "cost": 0.3661, "incumbent": {"colsample_bytree": 0.8628034775145352, "eta": 0.204620947059406, "max_depth": 1, "reg_lambda": 0.33166375588202796}, "budget": 0, "origin": "Sobol"}
{"cpu_time": 8.993305444717407, "wallclock_time": 17.670991897583008, "evaluations": 98, "cost": 0.3619, "incumbent": {"colsample_bytree": 0.8560657200295305, "eta": 0.19563357304129306, "max_depth": 1, "reg_lambda": 2.9305621886013307}, "budget": 0, "origin": "Local Search"}
{"cpu_time": 9.906923770904541, "wallclock_time": 23.13306713104248, "evaluations": 115, "cost": 0.3585, "incumbent": {"colsample_bytree": 0.8563472957245876, "eta": 0.17351741509253882, "max_depth": 1, "reg_lambda": 1.7723937967128152}, "budget": 0, "origin": "Local Search"}
{"cpu_time": 10.372379779815674, "wallclock_time": 25.21007990837097, "evaluations": 124, "cost": 0.3544, "incumbent": {"colsample_bytree": 0.8560480078071726, "eta": 0.1835757402025208, "max_depth": 1, "reg_lambda": 0.9451711594078014}, "budget": 0, "origin": "Local Search"}
{"cpu_time": 16.14465832710266, "wallclock_time": 60.419785022735596, "evaluations": 201, "cost": 0.3499, "incumbent": {"colsample_bytree": 0.9833700040434317, "eta": 0.20357546524094056, "max_depth": 1, "reg_lambda": 1.471625537758526}, "budget": 0, "origin": "Local Search"}
