{"cpu_time": 0.0, "wallclock_time": 0.00031304359436035156, "evaluations": 0, "cost": 2147483648.0, "incumbent": ["max_depth='2'", "max_features='0.4491682695224881'", "min_samples_leaf='1'", "min_samples_split='4'"], "origin": "Sobol"}
{"cpu_time": 0.33023786544799805, "wallclock_time": 0.3312208652496338, "evaluations": 1, "cost": 0.3807, "incumbent": ["max_depth='2'", "max_features='0.4491682695224881'", "min_samples_leaf='1'", "min_samples_split='4'"], "origin": "Sobol"}
