{
  "mean_cost": 0.02990321771488255,
  "finished_ta_runs": 300,
  "inc_changed": 8,
  "n_configs": 124,
  "submitted_ta_runs": 300,
  "ta_time_used": 46.40436291694641,
  "wallclock_time_used": 117.43922996520996,
  "dataset_id": 3,
  "perf_time": 117.46095658399281
}