"CPU Time Used","Estimated Training Performance","Wallclock Time","Incumbent ID","Automatic Configurator (CPU) Time","Configuration..."
0.000000, 2147483648.000000, 0.001432, 1, 0.001432, colsample_bytree='0.2890479595400393',eta='0.02972240058848022',max_depth='1',reg_lambda='0.23594281684827217'
0.013720, 0.358300, 0.016100, 1, 0.002380, colsample_bytree='0.2890479595400393',eta='0.02972240058848022',max_depth='1',reg_lambda='0.23594281684827217'
0.173006, 0.334300, 0.177828, 2, 0.004822, colsample_bytree='0.839533680677414',eta='0.03178815964339868',max_depth='7',reg_lambda='260.08137409645684'
0.318025, 0.202600, 0.324823, 3, 0.006798, colsample_bytree='1.0',eta='0.3',max_depth='10',reg_lambda='1.0'
0.695761, 0.187700, 0.712847, 4, 0.017086, colsample_bytree='0.6967330143786967',eta='0.5491817241792905',max_depth='1',reg_lambda='0.02427911263315825'
1.403440, 0.163900, 1.457527, 5, 0.054087, colsample_bytree='0.4696397740393877',eta='0.16644532888250615',max_depth='6',reg_lambda='0.015660421770666632'
2.634851, 0.163700, 8.154628, 6, 5.519777, colsample_bytree='0.4696397740393877',eta='0.11613307881253646',max_depth='6',reg_lambda='0.015660421770666632'
5.117266, 0.160900, 32.933303, 7, 27.816037, colsample_bytree='0.4696397740393877',eta='0.11009457611406841',max_depth='7',reg_lambda='0.015660421770666632'
