"CPU Time Used","Estimated Training Performance","Wallclock Time","Incumbent ID","Automatic Configurator (CPU) Time","Configuration..."
0.000000, 2147483648.000000, 0.000040, 1, 0.000040, C='1.0',gamma='0.1'
0.207206, 0.500000, 0.207858, 1, 0.000652, C='1.0',gamma='0.1'
0.787861, 0.492900, 0.794380, 2, 0.006519, C='1.746441318982685',gamma='0.0022547265063997683'
2.200891, 0.459200, 2.221188, 3, 0.020297, C='16.640050128980878',gamma='0.02787815770602151'
3.243105, 0.384100, 3.275392, 4, 0.032287, C='13.010154284884432',gamma='0.006601784113304256'
12.143842, 0.265100, 12.330997, 5, 0.187155, C='100.57643058377906',gamma='0.0030099006283244942'
13.358832, 0.170600, 13.574998, 6, 0.216166, C='613.8366144551533',gamma='0.0010152179917278495'
