"CPU Time Used","Estimated Training Performance","Wallclock Time","Incumbent ID","Automatic Configurator (CPU) Time","Configuration..."
0.000000, 2147483648.000000, 0.000046, 1, 0.000046, alpha='0.001',eta0='0.01'
1.242973, 0.436700, 1.243748, 1, 0.000775, alpha='0.001',eta0='0.01'
11.396524, 0.396000, 11.405189, 2, 0.008665, alpha='1.0455662723206625e-05',eta0='0.001729647929337629'
51.633753, 0.394600, 51.704738, 3, 0.070986, alpha='6.959795355041734e-05',eta0='0.019546809674957418'
681.912028, 0.391500, 686.831762, 4, 4.919734, alpha='1.4454059123438846e-05',eta0='0.020487986234270037'
