{
  "mean_cost": 0.17392890162714308,
  "finished_ta_runs": 139,
  "inc_changed": 4,
  "n_configs": 102,
  "submitted_ta_runs": 139,
  "ta_time_used": 34.07225441932678,
  "wallclock_time_used": 61.16291308403015,
  "dataset_id": 9957
}