"CPU Time Used","Estimated Training Performance","Wallclock Time","Incumbent ID","Automatic Configurator (CPU) Time","Configuration..."
0.000000, 2147483648.000000, 0.000529, 1, 0.000529, C='1.3600811985592882',gamma='0.09352602871548096'
0.018359, 0.757100, 0.019572, 1, 0.001213, C='1.3600811985592882',gamma='0.09352602871548096'
0.474392, 0.735300, 1.626739, 2, 1.152347, C='1.3432192867364698',gamma='0.13225932141718671'
0.585999, 0.691600, 2.010660, 3, 1.424661, C='1.3432192867364698',gamma='0.16525552119596384'
0.674123, 0.684900, 2.591803, 4, 1.917680, C='1.3499816400292166',gamma='0.1769852381938019'
0.728207, 0.684300, 2.653714, 5, 1.925507, C='1.350221601924906',gamma='0.18063850873520707'
1.079094, 0.679700, 5.011757, 6, 3.932663, C='1.3566555728352105',gamma='0.19172178530657272'
1.260518, 0.678800, 6.668033, 7, 5.407515, C='1.357183469868776',gamma='0.1795000683766895'
