"CPU Time Used","Estimated Training Performance","Wallclock Time","Incumbent ID","Automatic Configurator (CPU) Time","Configuration..."
0.000000, 2147483648.000000, 0.000986, 1, 0.000986, alpha='0.00011227070295712931',eta0='0.0029096933833365197'
0.031662, 0.519200, 0.033596, 1, 0.001934, alpha='0.00011227070295712931',eta0='0.0029096933833365197'
0.112077, 0.519000, 0.116506, 2, 0.004428, alpha='0.09703148166773255',eta0='0.0033876811897594465'
0.162363, 0.508000, 0.168384, 3, 0.006021, alpha='0.001',eta0='0.01'
0.267518, 0.441100, 0.277138, 4, 0.009620, alpha='0.026542866188361353',eta0='8.075114966892127e-05'
1.369666, 0.434300, 2.545816, 5, 1.176150, alpha='1.1344558235510906e-05',eta0='8.17564169288049e-05'
4.067906, 0.430300, 24.270419, 6, 20.202513, alpha='1.1050597272089887e-05',eta0='8.675151910345558e-05'
