"CPU Time Used","Estimated Training Performance","Wallclock Time","Incumbent ID","Automatic Configurator (CPU) Time","Configuration..."
0.000000, 2147483648.000000, 0.000271, 1, 0.000271, alpha='0.0004126639093412234',eta0='0.0017613324954003418'
27.399119, 0.656600, 27.400177, 1, 0.001058, alpha='0.0004126639093412234',eta0='0.0017613324954003418'
