"CPU Time Used","Estimated Training Performance","Wallclock Time","Incumbent ID","Automatic Configurator (CPU) Time","Configuration..."
0.000000, 2147483648.000000, 0.001537, 1, 0.001537, alpha='0.0004126639093412234',eta0='0.0017613324954003418'
0.399104, 0.804800, 0.401590, 1, 0.002486, alpha='0.0004126639093412234',eta0='0.0017613324954003418'
14.200739, 0.786800, 14.247385, 2, 0.046647, alpha='0.0003176176432525431',eta0='6.415790095453975e-05'
21.016049, 0.783400, 22.389260, 3, 1.373211, alpha='7.192332612232085e-05',eta0='7.774819409300652e-05'
27.920315, 0.781400, 30.941062, 4, 3.020747, alpha='4.1120455111166675e-05',eta0='6.884216659225571e-05'
36.734877, 0.763500, 42.645981, 5, 5.911104, alpha='7.263959087544455e-05',eta0='6.525858734754043e-05'
