{
  "mean_cost": 0.46621643383663397,
  "finished_ta_runs": 26,
  "inc_changed": 1,
  "n_configs": 22,
  "submitted_ta_runs": 26,
  "ta_time_used": 61.41122913360596,
  "wallclock_time_used": 61.45157217979431,
  "dataset_id": 146195
}