{
  "mean_cost": 0.16380911407607526,
  "finished_ta_runs": 909,
  "inc_changed": 7,
  "n_configs": 823,
  "submitted_ta_runs": 909,
  "ta_time_used": 107.6058099269867,
  "wallclock_time_used": 120.10806488990784,
  "dataset_id": 29
}