{
  "mean_cost": 0.49595331894147276,
  "finished_ta_runs": 1,
  "inc_changed": 1,
  "n_configs": 1,
  "submitted_ta_runs": 1,
  "ta_time_used": 0.0784907341003418,
  "wallclock_time_used": 0.07995486259460449,
  "dataset_id": 3904,
  "perf_time": 0.08653387499998644
}