{
  "mean_cost": 0.18561926243147414,
  "finished_ta_runs": 98,
  "inc_changed": 3,
  "n_configs": 86,
  "submitted_ta_runs": 98,
  "ta_time_used": 119.7702329158783,
  "wallclock_time_used": 120.00409078598022,
  "dataset_id": 14
}