"CPU Time Used","Estimated Training Performance","Wallclock Time","Incumbent ID","Automatic Configurator (CPU) Time","Configuration..."
0.000000, 2147483648.000000, 0.000538, 1, 0.000538, C='0.08611366210550205',gamma='0.4942679928374453'
0.024165, 0.500000, 0.025403, 1, 0.001238, C='0.08611366210550205',gamma='0.4942679928374453'
0.390496, 0.255600, 0.416915, 2, 0.026419, C='4.532544074901469',gamma='0.03382327396632573'
0.550753, 0.097200, 0.592434, 3, 0.041681, C='490.89071375229827',gamma='0.4114559193983836'
0.722256, 0.011900, 0.784860, 4, 0.062603, C='76.5060885254147',gamma='0.08851540004701101'
0.954323, 0.006000, 1.884013, 5, 0.929689, C='74.31799537618947',gamma='0.1029930743426901'
