"CPU Time Used","Estimated Training Performance","Wallclock Time","Incumbent ID","Automatic Configurator (CPU) Time","Configuration..."
0.000000, 2147483648.000000, 0.000044, 1, 0.000044, alpha='0.001',eta0='0.01'
0.030513, 0.330200, 0.031636, 1, 0.001123, alpha='0.001',eta0='0.01'
0.164541, 0.349800, 0.174323, 2, 0.009782, alpha='3.649484911512686e-05',eta0='1.2652165208090965e-05'
0.330832, 0.336100, 0.349112, 3, 0.018280, alpha='1.0455662723206625e-05',eta0='0.001729647929337629'
0.536374, 0.304900, 0.567483, 4, 0.031109, alpha='0.0003942900369463765',eta0='0.00020341740105548015'
12.592711, 0.303600, 16.495692, 5, 3.902981, alpha='5.9229891696168575e-05',eta0='0.029688345237536547'
