{
  "mean_cost": 0.5,
  "finished_ta_runs": 1,
  "inc_changed": 1,
  "n_configs": 1,
  "submitted_ta_runs": 1,
  "ta_time_used": 1.0841419696807861,
  "wallclock_time_used": 1.0854840278625488,
  "dataset_id": 3904,
  "perf_time": 1.0927556249998815
}