"CPU Time Used","Estimated Training Performance","Wallclock Time","Incumbent ID","Automatic Configurator (CPU) Time","Configuration..."
0.000000, 2147483648.000000, 0.000569, 1, 0.000569, C='0.08611366210550205',gamma='0.4942679928374453'
0.021620, 0.800000, 0.022909, 1, 0.001289, C='0.08611366210550205',gamma='0.4942679928374453'
0.097076, 0.199300, 0.100584, 2, 0.003508, C='19.433598606658386',gamma='9.232350409327609'
0.128878, 0.149600, 0.133922, 3, 0.005044, C='1.0',gamma='0.1'
0.321499, 0.090900, 0.336983, 4, 0.015484, C='4.532544074901469',gamma='0.03382327396632573'
0.498335, 0.029100, 0.522568, 5, 0.024233, C='490.89071375229827',gamma='0.4114559193983836'
0.719390, 0.011900, 0.759238, 6, 0.039848, C='76.5060885254147',gamma='0.08851540004701101'
