"CPU Time Used","Estimated Training Performance","Wallclock Time","Incumbent ID","Automatic Configurator (CPU) Time","Configuration..."
0.000000, 2147483648.000000, 0.001451, 1, 0.001451, colsample_bytree='0.3908073678612709',eta='0.02197006114591668',max_depth='1',reg_lambda='0.025956378731779545'
0.019802, 0.500000, 0.022184, 1, 0.002382, colsample_bytree='0.3908073678612709',eta='0.02197006114591668',max_depth='1',reg_lambda='0.025956378731779545'
0.076166, 0.344400, 0.080842, 2, 0.004676, colsample_bytree='0.7864414579235017',eta='0.06876373473778273',max_depth='5',reg_lambda='2.180661802430785'
0.290344, 0.308300, 0.308765, 3, 0.018420, colsample_bytree='0.6266065758652986',eta='0.3646935062279739',max_depth='1',reg_lambda='0.2818207552142512'
0.887272, 0.306400, 1.514796, 4, 0.627524, colsample_bytree='0.7992259774697622',eta='0.3504648159178694',max_depth='1',reg_lambda='0.3810556218660277'
1.851343, 0.302400, 23.971698, 5, 22.120355, colsample_bytree='0.8817408909971945',eta='0.6258838611296066',max_depth='1',reg_lambda='13.628134083980981'
2.490227, 0.300500, 37.092681, 6, 34.602453, colsample_bytree='0.8817408909971945',eta='0.5739330455114786',max_depth='1',reg_lambda='13.628134083980981'
3.638477, 0.298500, 54.358513, 7, 50.720036, colsample_bytree='0.9981943102715308',eta='0.5714918922823835',max_depth='1',reg_lambda='13.628134083980981'
