"CPU Time Used","Estimated Training Performance","Wallclock Time","Incumbent ID","Automatic Configurator (CPU) Time","Configuration..."
0.000000, 2147483648.000000, 0.002043, 1, 0.002043, alpha='0.0040824718253228975',eta0='0.00044195488125554607'
2.320024, 0.217700, 2.324364, 1, 0.004340, alpha='0.0040824718253228975',eta0='0.00044195488125554607'
8.932435, 0.180700, 8.939298, 2, 0.006863, alpha='0.0007534803600179209',eta0='0.01638324291048883'
37.521575, 0.175200, 37.541226, 3, 0.019652, alpha='8.740778541533059e-05',eta0='0.35545691961437276'
70.548982, 0.161900, 70.588198, 4, 0.039216, alpha='1.4230872500070733e-05',eta0='0.006316939148274451'
147.709411, 0.161500, 153.773035, 5, 6.063624, alpha='1.4210633326770069e-05',eta0='0.0060280056011335625'
211.593966, 0.161000, 221.839436, 6, 10.245470, alpha='1.1147936958526441e-05',eta0='0.005872324690338754'
438.629894, 0.160700, 470.310891, 7, 31.680998, alpha='2.3229719017215732e-05',eta0='0.007268946136763035'
449.632998, 0.160600, 481.336153, 8, 31.703155, alpha='1.0952104464118755e-05',eta0='0.0058083861916873435'
