{
  "mean_cost": 0.06154270676384256,
  "finished_ta_runs": 19,
  "inc_changed": 3,
  "n_configs": 11,
  "submitted_ta_runs": 19,
  "ta_time_used": 59.995988845825195,
  "wallclock_time_used": 60.02661728858948,
  "dataset_id": 167125
}