"CPU Time Used","Estimated Training Performance","Wallclock Time","Incumbent ID","Automatic Configurator (CPU) Time","Configuration..."
0.000000, 2147483648.000000, 0.000047, 1, 0.000047, alpha='0.001',eta0='0.01'
1.068905, 0.083900, 1.069662, 1, 0.000757, alpha='0.001',eta0='0.01'
9.205414, 0.081300, 9.215750, 2, 0.010336, alpha='1.0455662723206625e-05',eta0='0.001729647929337629'
289.294729, 0.081000, 290.897718, 3, 1.602989, alpha='3.8967336895423256e-05',eta0='0.0017884248906242478'
