"CPU Time Used","Estimated Training Performance","Wallclock Time","Incumbent ID","Automatic Configurator (CPU) Time","Configuration..."
0.000000, 2147483648.000000, 0.000314, 1, 0.000314, C='0.08611366210550205',gamma='0.4942679928374453'
20.499859, 0.397000, 20.501114, 1, 0.001255, C='0.08611366210550205',gamma='0.4942679928374453'
