{"cpu_time": 0.0, "wallclock_time": 0.0003077983856201172, "evaluations": 0, "cost": 2147483648.0, "incumbent": ["C='0.08611366210550205'", "gamma='0.4942679928374453'"], "origin": "Sobol"}
{"cpu_time": 31.927117109298706, "wallclock_time": 31.928462982177734, "evaluations": 1, "cost": 0.1501, "incumbent": ["C='0.08611366210550205'", "gamma='0.4942679928374453'"], "origin": "Sobol"}
