"CPU Time Used","Estimated Training Performance","Wallclock Time","Incumbent ID","Automatic Configurator (CPU) Time","Configuration..."
0.000000, 2147483648.000000, 0.000308, 1, 0.000308, C='0.08611366210550205',gamma='0.4942679928374453'
31.927117, 0.150100, 31.928463, 1, 0.001346, C='0.08611366210550205',gamma='0.4942679928374453'
