"CPU Time Used","Estimated Training Performance","Wallclock Time","Incumbent ID","Automatic Configurator (CPU) Time","Configuration..."
0.000000, 2147483648.000000, 0.000047, 1, 0.000047, alpha='0.001',eta0='0.01'
3.084544, 0.140900, 3.085325, 1, 0.000781, alpha='0.001',eta0='0.01'
31.058427, 0.048600, 31.070756, 2, 0.012329, alpha='1.8419909509685855e-05',eta0='0.05046106065359831'
49.554307, 0.029800, 49.576111, 3, 0.021804, alpha='0.002374055867675844',eta0='5.8767874739523716e-05'
1097.159614, 0.029600, 1099.282288, 4, 2.122674, alpha='6.266010699682934e-05',eta0='2.3654598272415245e-05'
