{
  "mean_cost": 0.22162697186073588,
  "finished_ta_runs": 1,
  "inc_changed": 1,
  "n_configs": 1,
  "submitted_ta_runs": 1,
  "ta_time_used": 0.44953417778015137,
  "wallclock_time_used": 0.4512312412261963
}