"CPU Time Used","Estimated Training Performance","Wallclock Time","Incumbent ID","Automatic Configurator (CPU) Time","Configuration..."
0.000000, 2147483648.000000, 0.000032, 1, 0.000032, alpha='0.001',eta0='0.01'
0.198754, 0.464700, 0.199401, 1, 0.000647, alpha='0.001',eta0='0.01'
2.573805, 0.279500, 2.585031, 2, 0.011226, alpha='0.002374055867675844',eta0='5.8767874739523716e-05'
5.683603, 0.241500, 5.716870, 3, 0.033267, alpha='2.7423705205440404e-05',eta0='0.00014858639283758796'
20.865284, 0.238900, 21.113501, 4, 0.248217, alpha='2.682143881357107e-05',eta0='0.015564980404623575'
25.005079, 0.233900, 25.329021, 5, 0.323942, alpha='0.00011738206541611637',eta0='0.003200167601686509'
