{
  "data": [
    [
      [
        1,
        null,
        379248293,
        0.0
      ],
      [
        0.07733133577713669,
        0.11422491073608398,
        {
          "__enum__": "StatusType.SUCCESS"
        },
        1674410305.750765,
        1674410305.8649962,
        {}
      ]
    ]
  ],
  "config_origins": {
    "1": "Sobol"
  },
  "configs": {
    "1": {
      "max_depth": 2,
      "max_features": 0.4491682695224881,
      "min_samples_leaf": 1,
      "min_samples_split": 4
    }
  }
}