"CPU Time Used","Estimated Training Performance","Wallclock Time","Incumbent ID","Automatic Configurator (CPU) Time","Configuration..."
0.000000, 2147483648.000000, 0.000611, 1, 0.000611, alpha='0.0004126639093412234',eta0='0.0017613324954003418'
0.218759, 0.333200, 0.220171, 1, 0.001412, alpha='0.0004126639093412234',eta0='0.0017613324954003418'
2.711534, 0.331100, 2.724134, 2, 0.012599, alpha='1.3751027885583958e-05',eta0='0.0001426968473177047'
