{"cpu_time": 0.0, "wallclock_time": 0.0005590915679931641, "evaluations": 0, "cost": 2147483648.0, "incumbent": {"C": 0.08611366210550205, "gamma": 0.4942679928374453}, "budget": 0, "origin": "Sobol"}
{"cpu_time": 0.4758298397064209, "wallclock_time": 0.47712111473083496, "evaluations": 1, "cost": 0.4975, "incumbent": {"C": 0.08611366210550205, "gamma": 0.4942679928374453}, "budget": 0, "origin": "Sobol"}
{"cpu_time": 1.7955029010772705, "wallclock_time": 1.7992351055145264, "evaluations": 4, "cost": 0.3868, "incumbent": {"C": 19.433598606658386, "gamma": 9.232350409327609}, "budget": 0, "origin": "Sobol"}
{"cpu_time": 2.7813727855682373, "wallclock_time": 2.787407159805298, "evaluations": 6, "cost": 0.2744, "incumbent": {"C": 1.0, "gamma": 0.1}, "budget": 0, "origin": null}
{"cpu_time": 4.080698728561401, "wallclock_time": 4.091045141220093, "evaluations": 10, "cost": 0.1077, "incumbent": {"C": 69.38389384208695, "gamma": 0.0015531477828170245}, "budget": 0, "origin": "Sobol"}
{"cpu_time": 13.60074758529663, "wallclock_time": 14.250616073608398, "evaluations": 35, "cost": 0.095, "incumbent": {"C": 207.0762562718517, "gamma": 0.0010301226047432761}, "budget": 0, "origin": "Random Search (sorted)"}
{"cpu_time": 16.552257537841797, "wallclock_time": 17.768604278564453, "evaluations": 43, "cost": 0.0938, "incumbent": {"C": 293.4513270335887, "gamma": 0.0010110913682817356}, "budget": 0, "origin": "Random Search (sorted)"}
{"cpu_time": 18.10921573638916, "wallclock_time": 19.33393621444702, "evaluations": 48, "cost": 0.0931, "incumbent": {"C": 252.23932819773805, "gamma": 0.0009830238146982411}, "budget": 0, "origin": "Random Search (sorted)"}
{"cpu_time": 21.926573991775513, "wallclock_time": 24.25045919418335, "evaluations": 60, "cost": 0.0923, "incumbent": {"C": 241.7507400560281, "gamma": 0.000977167870308863}, "budget": 0, "origin": "Local Search"}
