"CPU Time Used","Estimated Training Performance","Wallclock Time","Incumbent ID","Automatic Configurator (CPU) Time","Configuration..."
0.000000, 2147483648.000000, 0.000559, 1, 0.000559, C='0.08611366210550205',gamma='0.4942679928374453'
0.475830, 0.497500, 0.477121, 1, 0.001291, C='0.08611366210550205',gamma='0.4942679928374453'
1.795503, 0.386800, 1.799235, 2, 0.003732, C='19.433598606658386',gamma='9.232350409327609'
2.781373, 0.274400, 2.787407, 3, 0.006034, C='1.0',gamma='0.1'
4.080699, 0.107700, 4.091045, 4, 0.010346, C='69.38389384208695',gamma='0.0015531477828170245'
13.600748, 0.095000, 14.250616, 5, 0.649868, C='207.0762562718517',gamma='0.0010301226047432761'
16.552258, 0.093800, 17.768604, 6, 1.216347, C='293.4513270335887',gamma='0.0010110913682817356'
18.109216, 0.093100, 19.333936, 7, 1.224720, C='252.23932819773805',gamma='0.0009830238146982411'
21.926574, 0.092300, 24.250459, 8, 2.323885, C='241.7507400560281',gamma='0.000977167870308863'
