{"cpu_time": 0.0, "wallclock_time": 0.0014951229095458984, "evaluations": 0, "cost": 2147483648.0, "incumbent": {"max_depth": 1, "max_features": 0.49276944529265165, "min_samples_leaf": 4, "min_samples_split": 9}, "budget": 0, "origin": "Sobol"}
{"cpu_time": 0.07689309120178223, "wallclock_time": 0.07925724983215332, "evaluations": 1, "cost": 0.5284, "incumbent": {"max_depth": 1, "max_features": 0.49276944529265165, "min_samples_leaf": 4, "min_samples_split": 9}, "budget": 0, "origin": "Sobol"}
{"cpu_time": 0.3423800468444824, "wallclock_time": 0.34715819358825684, "evaluations": 4, "cost": 0.3179, "incumbent": {"max_depth": 22, "max_features": 0.502463330514729, "min_samples_leaf": 18, "min_samples_split": 83}, "budget": 0, "origin": "Sobol"}
{"cpu_time": 0.566831111907959, "wallclock_time": 0.5732779502868652, "evaluations": 6, "cost": 0.2953, "incumbent": {"max_depth": 10, "max_features": 0.5, "min_samples_leaf": 1, "min_samples_split": 32}, "budget": 0, "origin": null}
{"cpu_time": 2.1347103118896484, "wallclock_time": 2.152191162109375, "evaluations": 17, "cost": 0.2885, "incumbent": {"max_depth": 11, "max_features": 0.9135355520993471, "min_samples_leaf": 2, "min_samples_split": 4}, "budget": 0, "origin": "Sobol"}
{"cpu_time": 6.498838424682617, "wallclock_time": 6.577587127685547, "evaluations": 55, "cost": 0.2839, "incumbent": {"max_depth": 25, "max_features": 0.7711025746539235, "min_samples_leaf": 1, "min_samples_split": 10}, "budget": 0, "origin": "Sobol"}
{"cpu_time": 8.007446527481079, "wallclock_time": 9.530306100845337, "evaluations": 67, "cost": 0.2773, "incumbent": {"max_depth": 9, "max_features": 0.7305225538709155, "min_samples_leaf": 1, "min_samples_split": 7}, "budget": 0, "origin": "Random Search (sorted)"}
