{
  "mean_cost": 0.38185343463121246,
  "finished_ta_runs": 1,
  "inc_changed": 1,
  "n_configs": 1,
  "submitted_ta_runs": 1,
  "ta_time_used": 0.020534038543701172,
  "wallclock_time_used": 0.022143125534057617,
  "dataset_id": 11,
  "perf_time": 0.030398041999887937
}