{
  "mean_cost": 0.11990253053327365,
  "finished_ta_runs": 300,
  "inc_changed": 9,
  "n_configs": 159,
  "submitted_ta_runs": 300,
  "ta_time_used": 90.16461563110352,
  "wallclock_time_used": 212.54691982269287,
  "dataset_id": 167140,
  "perf_time": 212.56475737499932
}