"CPU Time Used","Estimated Training Performance","Wallclock Time","Incumbent ID","Automatic Configurator (CPU) Time","Configuration..."
0.000000, 2147483648.000000, 0.000237, 1, 0.000237, C='0.08611366210550205',gamma='0.4942679928374453'
0.023567, 0.800000, 0.024443, 1, 0.000876, C='0.08611366210550205',gamma='0.4942679928374453'
