"CPU Time Used","Estimated Training Performance","Wallclock Time","Incumbent ID","Automatic Configurator (CPU) Time","Configuration..."
0.000000, 2147483648.000000, 0.001570, 1, 0.001570, colsample_bytree='0.2890479595400393',eta='0.02972240058848022',max_depth='1',reg_lambda='0.23594281684827217'
0.027772, 0.500000, 0.030393, 1, 0.002621, colsample_bytree='0.2890479595400393',eta='0.02972240058848022',max_depth='1',reg_lambda='0.23594281684827217'
0.812201, 0.427500, 0.828261, 2, 0.016061, colsample_bytree='0.5235572370700539',eta='0.1863242307845216',max_depth='3',reg_lambda='4.4461461740589225'
1.810256, 0.371700, 1.830728, 3, 0.020472, colsample_bytree='1.0',eta='0.3',max_depth='10',reg_lambda='1.0'
3.059613, 0.360300, 3.102990, 4, 0.043377, colsample_bytree='0.2529058099724353',eta='0.7089042475303222',max_depth='10',reg_lambda='0.0021408774596134435'
8.074020, 0.355600, 17.003420, 5, 8.929400, colsample_bytree='0.2516393520364334',eta='0.7089042475303222',max_depth='10',reg_lambda='0.0020879426415366274'
11.205007, 0.353100, 30.256832, 6, 19.051826, colsample_bytree='0.25281450801854866',eta='0.7089042475303222',max_depth='10',reg_lambda='0.0020469595583720865'
12.096461, 0.349800, 36.639836, 7, 24.543375, colsample_bytree='0.25281450801854866',eta='0.7088955394820672',max_depth='10',reg_lambda='0.0020469595583720865'
