{"cpu_time": 0.0, "wallclock_time": 0.001569986343383789, "evaluations": 0, "cost": 2147483648.0, "incumbent": {"colsample_bytree": 0.2890479595400393, "eta": 0.02972240058848022, "max_depth": 1, "reg_lambda": 0.23594281684827217}, "budget": 0, "origin": "Sobol"}
{"cpu_time": 0.027771949768066406, "wallclock_time": 0.030393123626708984, "evaluations": 1, "cost": 0.5, "incumbent": {"colsample_bytree": 0.2890479595400393, "eta": 0.02972240058848022, "max_depth": 1, "reg_lambda": 0.23594281684827217}, "budget": 0, "origin": "Sobol"}
{"cpu_time": 0.8122005462646484, "wallclock_time": 0.828261137008667, "evaluations": 13, "cost": 0.4275, "incumbent": {"colsample_bytree": 0.5235572370700539, "eta": 0.1863242307845216, "max_depth": 3, "reg_lambda": 4.4461461740589225}, "budget": 0, "origin": "Sobol"}
{"cpu_time": 1.8102562427520752, "wallclock_time": 1.83072829246521, "evaluations": 17, "cost": 0.3717, "incumbent": {"colsample_bytree": 1.0, "eta": 0.3, "max_depth": 10, "reg_lambda": 1.0}, "budget": 0, "origin": null}
{"cpu_time": 3.0596132278442383, "wallclock_time": 3.10299015045166, "evaluations": 34, "cost": 0.3603, "incumbent": {"colsample_bytree": 0.2529058099724353, "eta": 0.7089042475303222, "max_depth": 10, "reg_lambda": 0.0021408774596134435}, "budget": 0, "origin": "Sobol"}
{"cpu_time": 8.07401990890503, "wallclock_time": 17.003420114517212, "evaluations": 100, "cost": 0.3556, "incumbent": {"colsample_bytree": 0.2516393520364334, "eta": 0.7089042475303222, "max_depth": 10, "reg_lambda": 0.0020879426415366274}, "budget": 0, "origin": "Local Search"}
{"cpu_time": 11.20500659942627, "wallclock_time": 30.256832122802734, "evaluations": 144, "cost": 0.3531, "incumbent": {"colsample_bytree": 0.25281450801854866, "eta": 0.7089042475303222, "max_depth": 10, "reg_lambda": 0.0020469595583720865}, "budget": 0, "origin": "Local Search"}
{"cpu_time": 12.096460580825806, "wallclock_time": 36.63983607292175, "evaluations": 157, "cost": 0.3498, "incumbent": {"colsample_bytree": 0.25281450801854866, "eta": 0.7088955394820672, "max_depth": 10, "reg_lambda": 0.0020469595583720865}, "budget": 0, "origin": "Local Search"}
