{"cpu_time": 0.0, "wallclock_time": 0.0005891323089599609, "evaluations": 0, "cost": 2147483648.0, "incumbent": {"alpha": 0.0040824718253228975, "eta0": 0.00044195488125554607}, "budget": 0, "origin": "Sobol"}
{"cpu_time": 0.0403897762298584, "wallclock_time": 0.041734933853149414, "evaluations": 1, "cost": 0.028, "incumbent": {"alpha": 0.0040824718253228975, "eta0": 0.00044195488125554607}, "budget": 0, "origin": "Sobol"}
{"cpu_time": 0.12190389633178711, "wallclock_time": 0.12543416023254395, "evaluations": 4, "cost": 0.0226, "incumbent": {"alpha": 0.0007534803600179209, "eta0": 0.01638324291048883}, "budget": 0, "origin": "Sobol"}
{"cpu_time": 0.5135796070098877, "wallclock_time": 0.5311880111694336, "evaluations": 18, "cost": 0.0226, "incumbent": {"alpha": 0.000182884801566337, "eta0": 0.0008272593854647256}, "budget": 0, "origin": "Sobol"}
{"cpu_time": 3.948159694671631, "wallclock_time": 10.366949081420898, "evaluations": 138, "cost": 0.0211, "incumbent": {"alpha": 0.06070822225027044, "eta0": 0.008135991478584714}, "budget": 0, "origin": "Random Search (sorted)"}
