"CPU Time Used","Estimated Training Performance","Wallclock Time","Incumbent ID","Automatic Configurator (CPU) Time","Configuration..."
0.000000, 2147483648.000000, 0.000589, 1, 0.000589, alpha='0.0040824718253228975',eta0='0.00044195488125554607'
0.040390, 0.028000, 0.041735, 1, 0.001345, alpha='0.0040824718253228975',eta0='0.00044195488125554607'
0.121904, 0.022600, 0.125434, 2, 0.003530, alpha='0.0007534803600179209',eta0='0.01638324291048883'
0.513580, 0.022600, 0.531188, 3, 0.017608, alpha='0.000182884801566337',eta0='0.0008272593854647256'
3.948160, 0.021100, 10.366949, 4, 6.418789, alpha='0.06070822225027044',eta0='0.008135991478584714'
