"CPU Time Used","Estimated Training Performance","Wallclock Time","Incumbent ID","Automatic Configurator (CPU) Time","Configuration..."
0.000000, 2147483648.000000, 0.000573, 1, 0.000573, C='0.08611366210550205',gamma='0.4942679928374453'
0.007966, 0.500000, 0.009385, 1, 0.001419, C='0.08611366210550205',gamma='0.4942679928374453'
0.692862, 0.483300, 1.555221, 2, 0.862359, C='39.77959089083931',gamma='0.0014094291240181642'
