"CPU Time Used","Estimated Training Performance","Wallclock Time","Incumbent ID","Automatic Configurator (CPU) Time","Configuration..."
0.000000, 2147483648.000000, 0.008058, 1, 0.008058, C='0.08611366210550205',gamma='0.4942679928374453'
0.672283, 0.500000, 0.682662, 1, 0.010379, C='0.08611366210550205',gamma='0.4942679928374453'
2.759013, 0.483300, 3.295200, 2, 0.536187, C='74.40216204613981',gamma='0.001343418967743298'
