"CPU Time Used","Estimated Training Performance","Wallclock Time","Incumbent ID","Automatic Configurator (CPU) Time","Configuration..."
0.000000, 2147483648.000000, 0.000039, 1, 0.000039, C='1.0',gamma='0.1'
0.729640, 0.435000, 0.730412, 1, 0.000772, C='1.0',gamma='0.1'
2.082722, 0.036300, 2.087407, 2, 0.004685, C='167.43465269107315',gamma='0.010473312293162985'
11.322592, 0.033500, 11.356558, 3, 0.033967, C='39.21398105049738',gamma='0.022039987863300175'
54.056220, 0.031700, 54.327123, 4, 0.270903, C='310.54195175803994',gamma='0.037423865677612134'
