"CPU Time Used","Estimated Training Performance","Wallclock Time","Incumbent ID","Automatic Configurator (CPU) Time","Configuration..."
0.000000, 2147483648.000000, 0.000040, 1, 0.000040, C='1.0',gamma='0.1'
0.014028, 0.500000, 0.014695, 1, 0.000667, C='1.0',gamma='0.1'
0.049965, 0.480300, 0.053501, 2, 0.003536, C='167.43465269107315',gamma='0.010473312293162985'
0.174250, 0.459200, 0.191747, 3, 0.017497, C='1.9695969079413513',gamma='0.0066983131773587995'
0.586293, 0.447400, 0.689413, 4, 0.103120, C='679.0325401248423',gamma='0.0030357544050474464'
1.569572, 0.444800, 2.020890, 5, 0.451318, C='10.18072871622912',gamma='0.002335135700216906'
1.743572, 0.392700, 2.276999, 6, 0.533427, C='1.3223942490815643',gamma='0.0010851536715203332'
1.893445, 0.386000, 2.503761, 7, 0.610316, C='32.813454176385534',gamma='0.001178310423896086'
