{"cpu_time": 0.0, "wallclock_time": 0.0005781650543212891, "evaluations": 0, "cost": 2147483648.0, "incumbent": {"alpha": 0.0004126639093412234, "eta0": 0.0017613324954003418}, "budget": 0, "origin": "Sobol"}
{"cpu_time": 2.1445608139038086, "wallclock_time": 2.1463842391967773, "evaluations": 1, "cost": 0.0548, "incumbent": {"alpha": 0.0004126639093412234, "eta0": 0.0017613324954003418}, "budget": 0, "origin": "Sobol"}
