{
  "mean_cost": 0.5,
  "finished_ta_runs": 1,
  "inc_changed": 1,
  "n_configs": 1,
  "submitted_ta_runs": 1,
  "ta_time_used": 0.015543699264526367,
  "wallclock_time_used": 0.016937971115112305,
  "dataset_id": 9971,
  "perf_time": 0.02442158400003791
}