{"cpu_time": 0.0, "wallclock_time": 0.0015900135040283203, "evaluations": 0, "cost": 2147483648.0, "incumbent": ["max_depth='6'", "max_features='0.3290755869820714'", "min_samples_leaf='11'", "min_samples_split='2'"], "origin": "Sobol"}
{"cpu_time": 0.1372849941253662, "wallclock_time": 0.13987302780151367, "evaluations": 1, "cost": 0.3476, "incumbent": ["max_depth='6'", "max_features='0.3290755869820714'", "min_samples_leaf='11'", "min_samples_split='2'"], "origin": "Sobol"}
{"cpu_time": 3.757200002670288, "wallclock_time": 3.7675750255584717, "evaluations": 10, "cost": 0.2563, "incumbent": ["max_depth='18'", "max_features='0.9707894120365381'", "min_samples_leaf='5'", "min_samples_split='26'"], "origin": "Sobol"}
{"cpu_time": 6.760452032089233, "wallclock_time": 6.786123991012573, "evaluations": 24, "cost": 0.2446, "incumbent": ["max_depth='14'", "max_features='0.1785462163388729'", "min_samples_leaf='2'", "min_samples_split='10'"], "origin": "Sobol"}
{"cpu_time": 10.507214784622192, "wallclock_time": 10.562766075134277, "evaluations": 43, "cost": 0.2407, "incumbent": ["max_depth='39'", "max_features='0.3087822897359729'", "min_samples_leaf='3'", "min_samples_split='7'"], "origin": "Sobol"}
{"cpu_time": 15.500465869903564, "wallclock_time": 18.3526930809021, "evaluations": 71, "cost": 0.2396, "incumbent": ["max_depth='39'", "max_features='0.4414187038810041'", "min_samples_leaf='2'", "min_samples_split='14'"], "origin": "Local Search"}
{"cpu_time": 22.037142992019653, "wallclock_time": 30.363028049468994, "evaluations": 90, "cost": 0.2107, "incumbent": ["max_depth='37'", "max_features='0.9063503078081521'", "min_samples_leaf='2'", "min_samples_split='8'"], "origin": "Local Search"}
{"cpu_time": 31.195289611816406, "wallclock_time": 44.832133054733276, "evaluations": 105, "cost": 0.2095, "incumbent": ["max_depth='36'", "max_features='0.9122294882864279'", "min_samples_leaf='2'", "min_samples_split='7'"], "origin": "Local Search"}
{"cpu_time": 37.491549253463745, "wallclock_time": 55.507973194122314, "evaluations": 116, "cost": 0.193, "incumbent": ["max_depth='20'", "max_features='0.9084485062362486'", "min_samples_leaf='1'", "min_samples_split='4'"], "origin": "Local Search"}
{"cpu_time": 42.644861459732056, "wallclock_time": 62.95573401451111, "evaluations": 124, "cost": 0.1889, "incumbent": ["max_depth='11'", "max_features='0.9078507486479455'", "min_samples_leaf='1'", "min_samples_split='2'"], "origin": "Local Search"}
{"cpu_time": 47.357261419296265, "wallclock_time": 69.53503799438477, "evaluations": 131, "cost": 0.175, "incumbent": ["max_depth='19'", "max_features='0.9084270504545374'", "min_samples_leaf='1'", "min_samples_split='2'"], "origin": "Local Search"}
{"cpu_time": 55.23851203918457, "wallclock_time": 81.6881639957428, "evaluations": 141, "cost": 0.1718, "incumbent": ["max_depth='20'", "max_features='0.989966627829655'", "min_samples_leaf='1'", "min_samples_split='2'"], "origin": "Local Search"}
