{"cpu_time": 0.0, "wallclock_time": 4.506111145019531e-05, "evaluations": 0, "cost": 2147483648.0, "incumbent": {"colsample_bytree": 1.0, "eta": 0.3, "max_depth": 10, "reg_lambda": 1.0}, "budget": 0, "origin": "Default"}
{"cpu_time": 0.7418651580810547, "wallclock_time": 0.7425341606140137, "evaluations": 1, "cost": 0.0648, "incumbent": {"colsample_bytree": 1.0, "eta": 0.3, "max_depth": 10, "reg_lambda": 1.0}, "budget": 0, "origin": "Default"}
{"cpu_time": 7.248262166976929, "wallclock_time": 7.259612321853638, "evaluations": 10, "cost": 0.0642, "incumbent": {"colsample_bytree": 0.9735460407805239, "eta": 0.3678418820983057, "max_depth": 10, "reg_lambda": 21.683858388188526}, "budget": 0, "origin": "Random Search"}
{"cpu_time": 12.744681596755981, "wallclock_time": 12.770025968551636, "evaluations": 21, "cost": 0.0599, "incumbent": {"colsample_bytree": 0.240020761526117, "eta": 0.004988078916285493, "max_depth": 8, "reg_lambda": 0.05362665544757772}, "budget": 0, "origin": "Random Search"}
{"cpu_time": 203.87306594848633, "wallclock_time": 208.22121500968933, "evaluations": 529, "cost": 0.0597, "incumbent": {"colsample_bytree": 0.993457950511159, "eta": 0.7086731157616925, "max_depth": 5, "reg_lambda": 3.546827620383909}, "budget": 0, "origin": "Random Search"}
