{
  "mean_cost": 0.07762031761105836,
  "finished_ta_runs": 300,
  "inc_changed": 7,
  "n_configs": 98,
  "submitted_ta_runs": 300,
  "ta_time_used": 2.6257410049438477,
  "wallclock_time_used": 28.831495761871338,
  "dataset_id": 11,
  "perf_time": 28.841118833006476
}