{
  "mean_cost": 0.46417451007531974,
  "finished_ta_runs": 1170,
  "inc_changed": 7,
  "n_configs": 1017,
  "submitted_ta_runs": 1170,
  "ta_time_used": 99.15966820716858,
  "wallclock_time_used": 120.04943609237671,
  "dataset_id": 146819
}