"CPU Time Used","Estimated Training Performance","Wallclock Time","Incumbent ID","Automatic Configurator (CPU) Time","Configuration..."
0.000000, 2147483648.000000, 0.000583, 1, 0.000583, alpha='0.00011227070295712931',eta0='0.0029096933833365197'
0.227215, 0.037700, 0.228571, 1, 0.001356, alpha='0.00011227070295712931',eta0='0.0029096933833365197'
8.639476, 0.036100, 9.457526, 2, 0.818050, alpha='7.138195614932196e-05',eta0='0.002030690968891654'
15.608567, 0.035100, 19.926609, 3, 4.318042, alpha='3.191211537641781e-05',eta0='0.0033826085229769504'
