{
  "mean_cost": 0.24756447180046515,
  "finished_ta_runs": 1,
  "inc_changed": 1,
  "n_configs": 1,
  "submitted_ta_runs": 1,
  "ta_time_used": 0.5237438678741455,
  "wallclock_time_used": 0.5256168842315674
}