{"cpu_time": 0.0, "wallclock_time": 0.0014758110046386719, "evaluations": 0, "cost": 2147483648.0, "incumbent": {"colsample_bytree": 0.2890479595400393, "eta": 0.02972240058848022, "max_depth": 1, "reg_lambda": 0.23594281684827217}, "budget": 0, "origin": "Sobol"}
{"cpu_time": 0.5811958312988281, "wallclock_time": 0.5837008953094482, "evaluations": 1, "cost": 0.1629, "incumbent": {"colsample_bytree": 0.2890479595400393, "eta": 0.02972240058848022, "max_depth": 1, "reg_lambda": 0.23594281684827217}, "budget": 0, "origin": "Sobol"}
{"cpu_time": 16.443930625915527, "wallclock_time": 16.449901819229126, "evaluations": 4, "cost": 0.1032, "incumbent": {"colsample_bytree": 0.839533680677414, "eta": 0.03178815964339868, "max_depth": 7, "reg_lambda": 260.08137409645684}, "budget": 0, "origin": "Sobol"}
{"cpu_time": 25.996814489364624, "wallclock_time": 26.00479483604431, "evaluations": 6, "cost": 0.0296, "incumbent": {"colsample_bytree": 1.0, "eta": 0.3, "max_depth": 10, "reg_lambda": 1.0}, "budget": 0, "origin": null}
{"cpu_time": 47.360349893569946, "wallclock_time": 47.37596273422241, "evaluations": 13, "cost": 0.0257, "incumbent": {"colsample_bytree": 0.5235572370700539, "eta": 0.1863242307845216, "max_depth": 3, "reg_lambda": 4.4461461740589225}, "budget": 0, "origin": "Sobol"}
{"cpu_time": 162.3666980266571, "wallclock_time": 165.28277564048767, "evaluations": 60, "cost": 0.0237, "incumbent": {"colsample_bytree": 0.5229949912835711, "eta": 0.34701423770976586, "max_depth": 2, "reg_lambda": 0.0032308857150190897}, "budget": 0, "origin": "Local Search"}
{"cpu_time": 223.07140064239502, "wallclock_time": 234.77072882652283, "evaluations": 88, "cost": 0.0235, "incumbent": {"colsample_bytree": 0.5281602195201271, "eta": 0.3755361300791759, "max_depth": 2, "reg_lambda": 0.0027394617506404564}, "budget": 0, "origin": "Local Search"}
{"cpu_time": 230.9086616039276, "wallclock_time": 242.62154078483582, "evaluations": 93, "cost": 0.0231, "incumbent": {"colsample_bytree": 0.5292001657464004, "eta": 0.4386499352484122, "max_depth": 2, "reg_lambda": 0.0025249803316478706}, "budget": 0, "origin": "Local Search"}
{"cpu_time": 340.1140546798706, "wallclock_time": 377.3873076438904, "evaluations": 150, "cost": 0.0221, "incumbent": {"colsample_bytree": 0.5243563431421956, "eta": 0.4604283658007279, "max_depth": 2, "reg_lambda": 0.0012653091224658457}, "budget": 0, "origin": "Local Search"}
{"cpu_time": 360.7620630264282, "wallclock_time": 401.3961138725281, "evaluations": 164, "cost": 0.0215, "incumbent": {"colsample_bytree": 0.5210832567292374, "eta": 0.48216858916848554, "max_depth": 2, "reg_lambda": 0.003313059741815425}, "budget": 0, "origin": "Local Search"}
