{
  "mean_cost": 0.3553329327196251,
  "finished_ta_runs": 793,
  "inc_changed": 7,
  "n_configs": 726,
  "submitted_ta_runs": 793,
  "ta_time_used": 110.43765258789062,
  "wallclock_time_used": 120.08071494102478,
  "dataset_id": 10101
}