"CPU Time Used","Estimated Training Performance","Wallclock Time","Incumbent ID","Automatic Configurator (CPU) Time","Configuration..."
0.000000, 2147483648.000000, 0.000559, 1, 0.000559, C='0.017961675793542162',gamma='0.9046232030638993'
0.493618, 0.900000, 0.495081, 1, 0.001463, C='0.017961675793542162',gamma='0.9046232030638993'
1.952272, 0.894000, 1.957846, 2, 0.005574, C='61.71933670840937',gamma='1.0864412265106145'
4.872381, 0.877300, 4.886732, 3, 0.014351, C='12.958180650233897',gamma='0.01207858159167579'
20.420650, 0.871800, 21.167481, 4, 0.746831, C='6.04397959239096',gamma='0.009364994634333065'
37.488773, 0.866200, 41.139740, 5, 3.650966, C='1.2178792214758511',gamma='0.008228933862319614'
92.172879, 0.852300, 104.972882, 6, 12.800003, C='1.198020867557164',gamma='0.005821354180423372'
124.522858, 0.846800, 144.020235, 7, 19.497377, C='1.225464062327812',gamma='0.004671476112858671'
