{"cpu_time": 0.0, "wallclock_time": 0.000247955322265625, "evaluations": 0, "cost": 2147483648.0, "incumbent": {"C": 0.08611366210550205, "gamma": 0.4942679928374453}, "budget": 0, "origin": "Sobol"}
{"cpu_time": 0.013599157333374023, "wallclock_time": 0.01455998420715332, "evaluations": 1, "cost": 0.5, "incumbent": {"C": 0.08611366210550205, "gamma": 0.4942679928374453}, "budget": 0, "origin": "Sobol"}
