"CPU Time Used","Estimated Training Performance","Wallclock Time","Incumbent ID","Automatic Configurator (CPU) Time","Configuration..."
0.000000, 2147483648.000000, 0.000322, 1, 0.000322, C='0.08611366210550205',gamma='0.4942679928374453'
1.753986, 0.800000, 1.754935, 1, 0.000949, C='0.08611366210550205',gamma='0.4942679928374453'
