"CPU Time Used","Estimated Training Performance","Wallclock Time","Incumbent ID","Automatic Configurator (CPU) Time","Configuration..."
0.000000, 2147483648.000000, 0.000216, 1, 0.000216, alpha='0.0004126639093412234',eta0='0.0017613324954003418'
0.106633, 0.431800, 0.107469, 1, 0.000836, alpha='0.0004126639093412234',eta0='0.0017613324954003418'
