"CPU Time Used","Estimated Training Performance","Wallclock Time","Incumbent ID","Automatic Configurator (CPU) Time","Configuration..."
0.000000, 2147483648.000000, 0.000218, 1, 0.000218, alpha='0.0004126639093412234',eta0='0.0017613324954003418'
0.366395, 0.448400, 0.367253, 1, 0.000858, alpha='0.0004126639093412234',eta0='0.0017613324954003418'
