{
  "mean_cost": 0.06794080405191527,
  "finished_ta_runs": 2,
  "inc_changed": 1,
  "n_configs": 1,
  "submitted_ta_runs": 2,
  "ta_time_used": 22.02504301071167,
  "wallclock_time_used": 22.028473138809204,
  "dataset_id": 9981,
  "perf_time": 22.03719566699965
}