{
  "mean_cost": 0.07271365054698388,
  "finished_ta_runs": 300,
  "inc_changed": 5,
  "n_configs": 127,
  "submitted_ta_runs": 300,
  "ta_time_used": 291.8241665363312,
  "wallclock_time_used": 327.78497099876404,
  "dataset_id": 146800,
  "perf_time": 327.8075146659976
}