"CPU Time Used","Estimated Training Performance","Wallclock Time","Incumbent ID","Automatic Configurator (CPU) Time","Configuration..."
0.000000, 2147483648.000000, 0.000575, 1, 0.000575, alpha='0.0004126639093412234',eta0='0.0017613324954003418'
0.160278, 0.769500, 0.161617, 1, 0.001339, alpha='0.0004126639093412234',eta0='0.0017613324954003418'
2.043578, 0.777100, 2.055055, 2, 0.011477, alpha='1.3751027885583958e-05',eta0='0.0001426968473177047'
4.272257, 0.772300, 4.299056, 3, 0.026799, alpha='0.0014439030581155858',eta0='2.6843996424460273e-05'
8.728274, 0.772000, 10.215314, 4, 1.487040, alpha='0.0001243920551470775',eta0='0.0006064885871105204'
