"CPU Time Used","Estimated Training Performance","Wallclock Time","Incumbent ID","Automatic Configurator (CPU) Time","Configuration..."
0.000000, 2147483648.000000, 0.000040, 1, 0.000040, alpha='0.001',eta0='0.01'
0.052927, 0.490400, 0.053592, 1, 0.000665, alpha='0.001',eta0='0.01'
0.191515, 0.478300, 0.194677, 2, 0.003162, alpha='0.2222611632956835',eta0='7.173240601211391e-05'
1.768245, 0.457600, 1.821393, 3, 0.053148, alpha='9.399424143105853e-05',eta0='2.1264709675175496e-05'
7.368138, 0.454900, 7.840452, 4, 0.472314, alpha='0.0012777641998507267',eta0='4.6055653233706234e-05'
