{"cpu_time": 0.0, "wallclock_time": 0.0005688667297363281, "evaluations": 0, "cost": 2147483648.0, "incumbent": ["C='1.3600811985592882'", "gamma='0.09352602871548096'"], "origin": "Sobol"}
{"cpu_time": 0.019567012786865234, "wallclock_time": 0.02087712287902832, "evaluations": 1, "cost": 0.5, "incumbent": ["C='1.3600811985592882'", "gamma='0.09352602871548096'"], "origin": "Sobol"}
{"cpu_time": 0.20639443397521973, "wallclock_time": 0.2218177318572998, "evaluations": 19, "cost": 0.4147, "incumbent": ["C='102.59827344587585'", "gamma='0.0039228031036218506'"], "origin": "Sobol"}
{"cpu_time": 0.37481260299682617, "wallclock_time": 0.4101569652557373, "evaluations": 37, "cost": 0.3387, "incumbent": ["C='0.6293526165094239'", "gamma='0.0012324628012758837'"], "origin": "Sobol"}
{"cpu_time": 0.44042134284973145, "wallclock_time": 0.4851651191711426, "evaluations": 44, "cost": 0.3224, "incumbent": ["C='4.729862452035014'", "gamma='0.0020153549174183696'"], "origin": "Sobol"}
{"cpu_time": 0.6314668655395508, "wallclock_time": 2.0258779525756836, "evaluations": 58, "cost": 0.3086, "incumbent": ["C='16.08196142180827'", "gamma='0.001012751162100806'"], "origin": "Random Search"}
{"cpu_time": 0.7287006378173828, "wallclock_time": 2.73881196975708, "evaluations": 65, "cost": 0.2992, "incumbent": ["C='28.375886548810094'", "gamma='0.0010249140706441483'"], "origin": "Random Search (sorted)"}
{"cpu_time": 0.9212255477905273, "wallclock_time": 4.9947509765625, "evaluations": 77, "cost": 0.2706, "incumbent": ["C='3.331414108124124'", "gamma='0.0010249816264669457'"], "origin": "Random Search (sorted)"}
{"cpu_time": 1.2110698223114014, "wallclock_time": 10.078606843948364, "evaluations": 103, "cost": 0.263, "incumbent": ["C='0.9504152583272307'", "gamma='0.0010249816264669457'"], "origin": "Local Search"}
{"cpu_time": 1.5386829376220703, "wallclock_time": 13.977499961853027, "evaluations": 137, "cost": 0.2561, "incumbent": ["C='1.1150650821779224'", "gamma='0.0010241758578015984'"], "origin": "Local Search"}
{"cpu_time": 1.6830151081085205, "wallclock_time": 15.519520044326782, "evaluations": 150, "cost": 0.2537, "incumbent": ["C='1.5162156239009694'", "gamma='0.0010240491107843977'"], "origin": "Local Search"}
{"cpu_time": 1.729362964630127, "wallclock_time": 15.581713914871216, "evaluations": 155, "cost": 0.2537, "incumbent": ["C='2.0217965800007405'", "gamma='0.001022150697440032'"], "origin": "Local Search"}
