{
  "mean_cost": 0.21199376581550497,
  "finished_ta_runs": 175,
  "inc_changed": 6,
  "n_configs": 103,
  "submitted_ta_runs": 175,
  "ta_time_used": 20.98906445503235,
  "wallclock_time_used": 60.76403188705444,
  "dataset_id": 14954
}