"CPU Time Used","Estimated Training Performance","Wallclock Time","Incumbent ID","Automatic Configurator (CPU) Time","Configuration..."
0.000000, 2147483648.000000, 0.001222, 1, 0.001222, alpha='0.00011227070295712931',eta0='0.0029096933833365197'
3.307268, 0.707900, 3.309565, 1, 0.002297, alpha='0.00011227070295712931',eta0='0.0029096933833365197'
125.542538, 0.701900, 127.097675, 2, 1.555137, alpha='2.4796363416278087e-05',eta0='0.0029508541384899666'
