{"cpu_time": 0.0, "wallclock_time": 3.1948089599609375e-05, "evaluations": 0, "cost": 2147483648.0, "incumbent": ["alpha='0.001'", "eta0='0.01'"], "origin": "Default"}
{"cpu_time": 0.23845124244689941, "wallclock_time": 0.23910880088806152, "evaluations": 1, "cost": 0.4917, "incumbent": ["alpha='0.001'", "eta0='0.01'"], "origin": "Default"}
