"CPU Time Used","Estimated Training Performance","Wallclock Time","Incumbent ID","Automatic Configurator (CPU) Time","Configuration..."
0.000000, 2147483648.000000, 0.000039, 1, 0.000039, C='1.0',gamma='0.1'
0.730047, 0.435000, 0.730806, 1, 0.000759, C='1.0',gamma='0.1'
3.682633, 0.035200, 3.691404, 2, 0.008771, C='52.455931369707116',gamma='0.0011373846877749554'
13.929829, 0.034500, 13.977018, 3, 0.047189, C='348.6879246606398',gamma='0.01954142554261534'
40.037807, 0.033500, 40.229580, 4, 0.191772, C='8.967454014758909',gamma='0.023304087624423705'
45.400049, 0.031700, 45.637443, 5, 0.237394, C='28.852020480185995',gamma='0.030620591434836336'
