"CPU Time Used","Estimated Training Performance","Wallclock Time","Incumbent ID","Automatic Configurator (CPU) Time","Configuration..."
0.000000, 2147483648.000000, 0.000040, 1, 0.000040, C='1.0',gamma='0.1'
0.417856, 0.205900, 0.418641, 1, 0.000785, C='1.0',gamma='0.1'
2.314080, 0.067200, 2.325899, 2, 0.011818, C='52.455931369707116',gamma='0.0011373846877749554'
8.971342, 0.057600, 9.020662, 3, 0.049320, C='348.6879246606398',gamma='0.01954142554261534'
