{"cpu_time": 0.0, "wallclock_time": 0.0015139579772949219, "evaluations": 0, "cost": 2147483648.0, "incumbent": ["max_depth='2'", "max_features='0.4491682695224881'", "min_samples_leaf='1'", "min_samples_split='4'"], "origin": "Sobol"}
{"cpu_time": 0.09429693222045898, "wallclock_time": 0.09670209884643555, "evaluations": 1, "cost": 0.4262, "incumbent": ["max_depth='2'", "max_features='0.4491682695224881'", "min_samples_leaf='1'", "min_samples_split='4'"], "origin": "Sobol"}
{"cpu_time": 0.449321985244751, "wallclock_time": 0.4542551040649414, "evaluations": 4, "cost": 0.4159, "incumbent": ["max_depth='17'", "max_features='0.6137791713699698'", "min_samples_leaf='16'", "min_samples_split='18'"], "origin": "Sobol"}
{"cpu_time": 0.7241899967193604, "wallclock_time": 0.7308790683746338, "evaluations": 6, "cost": 0.3747, "incumbent": ["max_depth='10'", "max_features='0.5'", "min_samples_leaf='1'", "min_samples_split='32'"], "origin": null}
{"cpu_time": 4.9723076820373535, "wallclock_time": 5.018714189529419, "evaluations": 37, "cost": 0.3367, "incumbent": ["max_depth='46'", "max_features='0.7485423665493727'", "min_samples_leaf='1'", "min_samples_split='7'"], "origin": "Sobol"}
{"cpu_time": 9.43557596206665, "wallclock_time": 13.96187710762024, "evaluations": 63, "cost": 0.3365, "incumbent": ["max_depth='50'", "max_features='0.6897263302943923'", "min_samples_leaf='1'", "min_samples_split='7'"], "origin": "Local Search"}
{"cpu_time": 12.037806987762451, "wallclock_time": 19.36016011238098, "evaluations": 75, "cost": 0.3335, "incumbent": ["max_depth='50'", "max_features='0.6879820519196002'", "min_samples_leaf='1'", "min_samples_split='2'"], "origin": "Local Search"}
{"cpu_time": 24.336950302124023, "wallclock_time": 42.75566482543945, "evaluations": 132, "cost": 0.3318, "incumbent": ["max_depth='49'", "max_features='0.6891613122182237'", "min_samples_leaf='1'", "min_samples_split='4'"], "origin": "Local Search"}
