{"cpu_time": 0.0, "wallclock_time": 4.410743713378906e-05, "evaluations": 0, "cost": 2147483648.0, "incumbent": {"colsample_bytree": 1.0, "eta": 0.3, "max_depth": 10, "reg_lambda": 1.0}, "budget": 0, "origin": "Default"}
{"cpu_time": 0.1589820384979248, "wallclock_time": 0.15965819358825684, "evaluations": 1, "cost": 0.0588, "incumbent": {"colsample_bytree": 1.0, "eta": 0.3, "max_depth": 10, "reg_lambda": 1.0}, "budget": 0, "origin": "Default"}
{"cpu_time": 3.627595901489258, "wallclock_time": 3.693488121032715, "evaluations": 45, "cost": 0.0558, "incumbent": {"colsample_bytree": 0.7130345733736171, "eta": 0.21282709731115626, "max_depth": 6, "reg_lambda": 0.0030099006283244942}, "budget": 0, "origin": "Random Search"}
{"cpu_time": 5.044833660125732, "wallclock_time": 5.175800085067749, "evaluations": 71, "cost": 0.0482, "incumbent": {"colsample_bytree": 0.9834044209547126, "eta": 0.44808684850398656, "max_depth": 2, "reg_lambda": 0.09911885838032648}, "budget": 0, "origin": "Random Search"}
