{
  "mean_cost": 0.43329507193143557,
  "finished_ta_runs": 1,
  "inc_changed": 1,
  "n_configs": 1,
  "submitted_ta_runs": 1,
  "ta_time_used": 0.08980894088745117,
  "wallclock_time_used": 0.09155988693237305,
  "dataset_id": 3022,
  "perf_time": 0.09723008299988578
}