{
  "data": [
    [
      [
        1,
        null,
        330054389,
        0.0
      ],
      [
        0.06824456591106232,
        3.045274019241333,
        {
          "__enum__": "StatusType.SUCCESS"
        },
        1674420398.670989,
        1674420401.716268,
        {}
      ]
    ]
  ],
  "config_origins": {
    "1": "Sobol"
  },
  "configs": {
    "1": {
      "colsample_bytree": 0.569966175314039,
      "eta": 0.009556882986489993,
      "max_depth": 3,
      "reg_lambda": 0.0020776820882921045
    }
  }
}