"CPU Time Used","Estimated Training Performance","Wallclock Time","Incumbent ID","Automatic Configurator (CPU) Time","Configuration..."
0.000000, 2147483648.000000, 0.000084, 1, 0.000084, alpha='0.001',eta0='0.01'
0.066598, 0.350000, 0.067940, 1, 0.001342, alpha='0.001',eta0='0.01'
0.400510, 0.374500, 0.426406, 2, 0.025897, alpha='0.002374055867675844',eta0='5.8767874739523716e-05'
0.589226, 0.371300, 0.624061, 3, 0.034836, alpha='0.005552327829437055',eta0='4.9488396977195885e-05'
1.041135, 0.350300, 1.106818, 4, 0.065683, alpha='0.0017967930358939118',eta0='7.299469686226166e-05'
