{"cpu_time": 0.0, "wallclock_time": 0.001413106918334961, "evaluations": 0, "cost": 2147483648.0, "incumbent": ["colsample_bytree='0.2890479595400393'", "eta='0.02972240058848022'", "max_depth='1'", "reg_lambda='0.23594281684827217'"], "origin": "Sobol"}
{"cpu_time": 0.5793180465698242, "wallclock_time": 0.5816700458526611, "evaluations": 1, "cost": 0.1629, "incumbent": ["colsample_bytree='0.2890479595400393'", "eta='0.02972240058848022'", "max_depth='1'", "reg_lambda='0.23594281684827217'"], "origin": "Sobol"}
{"cpu_time": 16.449126958847046, "wallclock_time": 16.45434594154358, "evaluations": 4, "cost": 0.1032, "incumbent": ["colsample_bytree='0.839533680677414'", "eta='0.03178815964339868'", "max_depth='7'", "reg_lambda='260.08137409645684'"], "origin": "Sobol"}
{"cpu_time": 25.99842095375061, "wallclock_time": 26.005467176437378, "evaluations": 6, "cost": 0.0296, "incumbent": ["colsample_bytree='1.0'", "eta='0.3'", "max_depth='10'", "reg_lambda='1.0'"], "origin": null}
{"cpu_time": 47.38898944854736, "wallclock_time": 47.40457105636597, "evaluations": 13, "cost": 0.0257, "incumbent": ["colsample_bytree='0.5235572370700539'", "eta='0.1863242307845216'", "max_depth='3'", "reg_lambda='4.4461461740589225'"], "origin": "Sobol"}
{"cpu_time": 151.8975052833557, "wallclock_time": 152.7696659564972, "evaluations": 56, "cost": 0.0233, "incumbent": ["colsample_bytree='0.39489081135253523'", "eta='0.3520295703486417'", "max_depth='2'", "reg_lambda='0.0019227680611924088'"], "origin": "Local Search"}
{"cpu_time": 166.49168348312378, "wallclock_time": 168.50156998634338, "evaluations": 63, "cost": 0.0216, "incumbent": ["colsample_bytree='0.6160793397745473'", "eta='0.4653181121324132'", "max_depth='2'", "reg_lambda='0.001967518347298188'"], "origin": "Local Search"}
{"cpu_time": 225.11115550994873, "wallclock_time": 237.9902172088623, "evaluations": 98, "cost": 0.0215, "incumbent": ["colsample_bytree='0.5369659111129396'", "eta='0.73808324653869'", "max_depth='2'", "reg_lambda='0.020442247516067696'"], "origin": "Local Search"}
{"cpu_time": 266.80228638648987, "wallclock_time": 289.88103103637695, "evaluations": 136, "cost": 0.021, "incumbent": ["colsample_bytree='0.1475908075629841'", "eta='0.4737466366149341'", "max_depth='4'", "reg_lambda='0.004447428914473661'"], "origin": "Local Search"}
{"cpu_time": 305.65810108184814, "wallclock_time": 337.75824308395386, "evaluations": 164, "cost": 0.0207, "incumbent": ["colsample_bytree='0.14965641567928667'", "eta='0.48892747301061107'", "max_depth='4'", "reg_lambda='0.0020402540689076205'"], "origin": "Local Search"}
{"cpu_time": 443.05256152153015, "wallclock_time": 495.9700541496277, "evaluations": 232, "cost": 0.0203, "incumbent": ["colsample_bytree='0.30318790226701386'", "eta='0.7232145679660701'", "max_depth='2'", "reg_lambda='0.21285148207156027'"], "origin": "Local Search"}
{"cpu_time": 567.0300822257996, "wallclock_time": 637.8631160259247, "evaluations": 282, "cost": 0.0193, "incumbent": ["colsample_bytree='0.1383887800229758'", "eta='0.29661914099032943'", "max_depth='3'", "reg_lambda='0.2942375666385692'"], "origin": "Local Search"}
