"CPU Time Used","Estimated Training Performance","Wallclock Time","Incumbent ID","Automatic Configurator (CPU) Time","Configuration..."
0.000000, 2147483648.000000, 0.000058, 1, 0.000058, alpha='0.001',eta0='0.01'
0.083252, 0.012900, 0.104686, 1, 0.021434, alpha='0.001',eta0='0.01'
0.526070, 0.008100, 0.556026, 2, 0.029956, alpha='1.0455662723206625e-05',eta0='0.001729647929337629'
4.178491, 0.006300, 4.379444, 3, 0.200953, alpha='4.9894318484437425e-05',eta0='0.0010560804539625046'
