{
  "mean_cost": 0.16734245520188012,
  "finished_ta_runs": 313,
  "inc_changed": 4,
  "n_configs": 287,
  "submitted_ta_runs": 313,
  "ta_time_used": 118.22571682929993,
  "wallclock_time_used": 120.25868368148804,
  "dataset_id": 9964
}