"CPU Time Used","Estimated Training Performance","Wallclock Time","Incumbent ID","Automatic Configurator (CPU) Time","Configuration..."
0.000000, 2147483648.000000, 0.000604, 1, 0.000604, alpha='0.00011227070295712931',eta0='0.0029096933833365197'
0.056408, 0.009800, 0.057820, 1, 0.001412, alpha='0.00011227070295712931',eta0='0.0029096933833365197'
0.778949, 0.007000, 0.797315, 2, 0.018366, alpha='2.9848599322377e-05',eta0='0.022418115180003955'
