"CPU Time Used","Estimated Training Performance","Wallclock Time","Incumbent ID","Automatic Configurator (CPU) Time","Configuration..."
0.000000, 2147483648.000000, 0.000622, 1, 0.000622, alpha='0.0004126639093412234',eta0='0.0017613324954003418'
0.178522, 0.435700, 0.180429, 1, 0.001907, alpha='0.0004126639093412234',eta0='0.0017613324954003418'
10.074189, 0.434500, 12.163500, 2, 2.089311, alpha='1.8516240678722364e-05',eta0='0.00010630090623414554'
