{"cpu_time": 0.0, "wallclock_time": 0.0014698505401611328, "evaluations": 0, "cost": 2147483648.0, "incumbent": ["colsample_bytree='0.3908073678612709'", "eta='0.02197006114591668'", "max_depth='1'", "reg_lambda='0.025956378731779545'"], "origin": "Sobol"}
{"cpu_time": 0.03545689582824707, "wallclock_time": 0.037895917892456055, "evaluations": 1, "cost": 0.2074, "incumbent": ["colsample_bytree='0.3908073678612709'", "eta='0.02197006114591668'", "max_depth='1'", "reg_lambda='0.025956378731779545'"], "origin": "Sobol"}
{"cpu_time": 0.3047611713409424, "wallclock_time": 0.30989885330200195, "evaluations": 4, "cost": 0.1304, "incumbent": ["colsample_bytree='0.7864414579235017'", "eta='0.06876373473778273'", "max_depth='5'", "reg_lambda='2.180661802430785'"], "origin": "Sobol"}
{"cpu_time": 1.2817332744598389, "wallclock_time": 1.2994229793548584, "evaluations": 17, "cost": 0.1138, "incumbent": ["colsample_bytree='0.6266065758652986'", "eta='0.3646935062279739'", "max_depth='1'", "reg_lambda='0.2818207552142512'"], "origin": "Sobol"}
{"cpu_time": 6.473453998565674, "wallclock_time": 20.73832082748413, "evaluations": 98, "cost": 0.1077, "incumbent": ["colsample_bytree='0.6278308236727662'", "eta='0.37674611312219686'", "max_depth='1'", "reg_lambda='0.27739841808666116'"], "origin": "Local Search"}
{"cpu_time": 7.809598684310913, "wallclock_time": 30.77162790298462, "evaluations": 134, "cost": 0.1059, "incumbent": ["colsample_bytree='0.7591012135236993'", "eta='0.37674611312219686'", "max_depth='1'", "reg_lambda='0.279038983499976'"], "origin": "Local Search"}
{"cpu_time": 9.311994314193726, "wallclock_time": 53.83203387260437, "evaluations": 175, "cost": 0.1048, "incumbent": ["colsample_bytree='0.733857500516426'", "eta='0.37735461170130713'", "max_depth='1'", "reg_lambda='0.27984026156194386'"], "origin": "Local Search"}
{"cpu_time": 11.267138719558716, "wallclock_time": 80.10007381439209, "evaluations": 219, "cost": 0.1045, "incumbent": ["colsample_bytree='0.6194610649378395'", "eta='0.37674611312219686'", "max_depth='1'", "reg_lambda='0.8345318786949864'"], "origin": "Local Search"}
{"cpu_time": 11.727405548095703, "wallclock_time": 85.9343490600586, "evaluations": 233, "cost": 0.1043, "incumbent": ["colsample_bytree='0.6150504862449283'", "eta='0.3767425733502103'", "max_depth='1'", "reg_lambda='0.27180960256737513'"], "origin": "Local Search"}
