"CPU Time Used","Estimated Training Performance","Wallclock Time","Incumbent ID","Automatic Configurator (CPU) Time","Configuration..."
0.000000, 2147483648.000000, 0.001470, 1, 0.001470, colsample_bytree='0.3908073678612709',eta='0.02197006114591668',max_depth='1',reg_lambda='0.025956378731779545'
0.035457, 0.207400, 0.037896, 1, 0.002439, colsample_bytree='0.3908073678612709',eta='0.02197006114591668',max_depth='1',reg_lambda='0.025956378731779545'
0.304761, 0.130400, 0.309899, 2, 0.005138, colsample_bytree='0.7864414579235017',eta='0.06876373473778273',max_depth='5',reg_lambda='2.180661802430785'
1.281733, 0.113800, 1.299423, 3, 0.017690, colsample_bytree='0.6266065758652986',eta='0.3646935062279739',max_depth='1',reg_lambda='0.2818207552142512'
6.473454, 0.107700, 20.738321, 4, 14.264867, colsample_bytree='0.6278308236727662',eta='0.37674611312219686',max_depth='1',reg_lambda='0.27739841808666116'
7.809599, 0.105900, 30.771628, 5, 22.962029, colsample_bytree='0.7591012135236993',eta='0.37674611312219686',max_depth='1',reg_lambda='0.279038983499976'
9.311994, 0.104800, 53.832034, 6, 44.520040, colsample_bytree='0.733857500516426',eta='0.37735461170130713',max_depth='1',reg_lambda='0.27984026156194386'
11.267139, 0.104500, 80.100074, 7, 68.832935, colsample_bytree='0.6194610649378395',eta='0.37674611312219686',max_depth='1',reg_lambda='0.8345318786949864'
11.727406, 0.104300, 85.934349, 8, 74.206944, colsample_bytree='0.6150504862449283',eta='0.3767425733502103',max_depth='1',reg_lambda='0.27180960256737513'
