"CPU Time Used","Estimated Training Performance","Wallclock Time","Incumbent ID","Automatic Configurator (CPU) Time","Configuration..."
0.000000, 2147483648.000000, 0.000047, 1, 0.000047, C='1.0',gamma='0.1'
0.408686, 0.205900, 0.409544, 1, 0.000858, C='1.0',gamma='0.1'
1.363514, 0.057600, 1.368289, 2, 0.004775, C='167.43465269107315',gamma='0.010473312293162985'
153.547170, 0.054600, 156.777134, 3, 3.229964, C='0.8594064725898787',gamma='0.029508265040538738'
