{
  "mean_cost": 0.3359734480510451,
  "finished_ta_runs": 1,
  "inc_changed": 1,
  "n_configs": 1,
  "submitted_ta_runs": 1,
  "ta_time_used": 0.14860010147094727,
  "wallclock_time_used": 0.15040302276611328
}