{"cpu_time": 0.0, "wallclock_time": 0.0005619525909423828, "evaluations": 0, "cost": 2147483648.0, "incumbent": {"alpha": 0.0040824718253228975, "eta0": 0.00044195488125554607}, "budget": 0, "origin": "Sobol"}
{"cpu_time": 2.601602077484131, "wallclock_time": 2.6029539108276367, "evaluations": 1, "cost": 0.2509, "incumbent": {"alpha": 0.0040824718253228975, "eta0": 0.00044195488125554607}, "budget": 0, "origin": "Sobol"}
{"cpu_time": 39.24924063682556, "wallclock_time": 39.26313281059265, "evaluations": 15, "cost": 0.2434, "incumbent": {"alpha": 0.000182884801566337, "eta0": 0.0008272593854647256}, "budget": 0, "origin": "Sobol"}
{"cpu_time": 102.38309907913208, "wallclock_time": 102.76353478431702, "evaluations": 39, "cost": 0.242, "incumbent": {"alpha": 1.1095161888073237e-05, "eta0": 0.002125110397453492}, "budget": 0, "origin": "Random Search (sorted)"}
{"cpu_time": 125.82455062866211, "wallclock_time": 126.95268774032593, "evaluations": 48, "cost": 0.2417, "incumbent": {"alpha": 1.2721972219428365e-05, "eta0": 0.002223835694253593}, "budget": 0, "origin": "Random Search (sorted)"}
