"CPU Time Used","Estimated Training Performance","Wallclock Time","Incumbent ID","Automatic Configurator (CPU) Time","Configuration..."
0.000000, 2147483648.000000, 0.000562, 1, 0.000562, alpha='0.0040824718253228975',eta0='0.00044195488125554607'
2.601602, 0.250900, 2.602954, 1, 0.001352, alpha='0.0040824718253228975',eta0='0.00044195488125554607'
39.249241, 0.243400, 39.263133, 2, 0.013892, alpha='0.000182884801566337',eta0='0.0008272593854647256'
102.383099, 0.242000, 102.763535, 3, 0.380436, alpha='1.1095161888073237e-05',eta0='0.002125110397453492'
125.824551, 0.241700, 126.952688, 4, 1.128137, alpha='1.2721972219428365e-05',eta0='0.002223835694253593'
