"CPU Time Used","Estimated Training Performance","Wallclock Time","Incumbent ID","Automatic Configurator (CPU) Time","Configuration..."
0.000000, 2147483648.000000, 0.000238, 1, 0.000238, alpha='0.0004126639093412234',eta0='0.0017613324954003418'
8.180372, 0.069800, 8.181437, 1, 0.001065, alpha='0.0004126639093412234',eta0='0.0017613324954003418'
