{"cpu_time": 0.0, "wallclock_time": 0.00023818016052246094, "evaluations": 0, "cost": 2147483648.0, "incumbent": ["alpha='0.0004126639093412234'", "eta0='0.0017613324954003418'"], "origin": "Sobol"}
{"cpu_time": 8.1803719997406, "wallclock_time": 8.181437253952026, "evaluations": 1, "cost": 0.0698, "incumbent": ["alpha='0.0004126639093412234'", "eta0='0.0017613324954003418'"], "origin": "Sobol"}
