"CPU Time Used","Estimated Training Performance","Wallclock Time","Incumbent ID","Automatic Configurator (CPU) Time","Configuration..."
0.000000, 2147483648.000000, 0.000060, 1, 0.000060, C='1.0',gamma='0.1'
0.023453, 0.740200, 0.024273, 1, 0.000820, C='1.0',gamma='0.1'
0.084885, 0.528000, 0.088461, 2, 0.003576, C='167.43465269107315',gamma='0.010473312293162985'
0.320066, 0.445900, 0.337663, 3, 0.017597, C='1.9695969079413513',gamma='0.0066983131773587995'
1.086318, 0.353800, 1.193269, 4, 0.106951, C='679.0325401248423',gamma='0.0030357544050474464'
1.698509, 0.353100, 1.914130, 5, 0.215621, C='1.3577833231108003',gamma='0.0023769411823143316'
2.829580, 0.341200, 3.332554, 6, 0.502975, C='10.18072871622912',gamma='0.002335135700216906'
3.307491, 0.329800, 3.962886, 7, 0.655395, C='32.813454176385534',gamma='0.001178310423896086'
4.097348, 0.323800, 5.061281, 8, 0.963933, C='2.0142532662205155',gamma='0.0013086814703198158'
