{"cpu_time": 0.0, "wallclock_time": 6.008148193359375e-05, "evaluations": 0, "cost": 2147483648.0, "incumbent": {"C": 1.0, "gamma": 0.1}, "budget": 0, "origin": "Default"}
{"cpu_time": 0.023453235626220703, "wallclock_time": 0.024272918701171875, "evaluations": 1, "cost": 0.7402, "incumbent": {"C": 1.0, "gamma": 0.1}, "budget": 0, "origin": "Default"}
{"cpu_time": 0.0848853588104248, "wallclock_time": 0.08846092224121094, "evaluations": 4, "cost": 0.528, "incumbent": {"C": 167.43465269107315, "gamma": 0.010473312293162985}, "budget": 0, "origin": "Random Search"}
{"cpu_time": 0.3200664520263672, "wallclock_time": 0.3376631736755371, "evaluations": 17, "cost": 0.4459, "incumbent": {"C": 1.9695969079413513, "gamma": 0.0066983131773587995}, "budget": 0, "origin": "Random Search"}
{"cpu_time": 1.0863184928894043, "wallclock_time": 1.1932690143585205, "evaluations": 62, "cost": 0.3538, "incumbent": {"C": 679.0325401248423, "gamma": 0.0030357544050474464}, "budget": 0, "origin": "Random Search"}
{"cpu_time": 1.6985085010528564, "wallclock_time": 1.9141299724578857, "evaluations": 98, "cost": 0.3531, "incumbent": {"C": 1.3577833231108003, "gamma": 0.0023769411823143316}, "budget": 0, "origin": "Random Search"}
{"cpu_time": 2.8295795917510986, "wallclock_time": 3.3325541019439697, "evaluations": 163, "cost": 0.3412, "incumbent": {"C": 10.18072871622912, "gamma": 0.002335135700216906}, "budget": 0, "origin": "Random Search"}
{"cpu_time": 3.3074910640716553, "wallclock_time": 3.962886095046997, "evaluations": 191, "cost": 0.3298, "incumbent": {"C": 32.813454176385534, "gamma": 0.001178310423896086}, "budget": 0, "origin": "Random Search"}
{"cpu_time": 4.09734845161438, "wallclock_time": 5.061281204223633, "evaluations": 238, "cost": 0.3238, "incumbent": {"C": 2.0142532662205155, "gamma": 0.0013086814703198158}, "budget": 0, "origin": "Random Search"}
