{"cpu_time": 0.0, "wallclock_time": 0.0015158653259277344, "evaluations": 0, "cost": 2147483648.0, "incumbent": ["max_depth='1'", "max_features='0.49276944529265165'", "min_samples_leaf='4'", "min_samples_split='9'"], "origin": "Sobol"}
{"cpu_time": 0.08298993110656738, "wallclock_time": 0.08539104461669922, "evaluations": 1, "cost": 0.0397, "incumbent": ["max_depth='1'", "max_features='0.49276944529265165'", "min_samples_leaf='4'", "min_samples_split='9'"], "origin": "Sobol"}
{"cpu_time": 0.26865053176879883, "wallclock_time": 0.2734370231628418, "evaluations": 4, "cost": 0.0323, "incumbent": ["max_depth='22'", "max_features='0.502463330514729'", "min_samples_leaf='18'", "min_samples_split='83'"], "origin": "Sobol"}
{"cpu_time": 0.3960914611816406, "wallclock_time": 0.4026339054107666, "evaluations": 6, "cost": 0.0176, "incumbent": ["max_depth='10'", "max_features='0.5'", "min_samples_leaf='1'", "min_samples_split='32'"], "origin": null}
{"cpu_time": 3.1088287830352783, "wallclock_time": 3.1755869388580322, "evaluations": 49, "cost": 0.0176, "incumbent": ["max_depth='35'", "max_features='0.653578007593751'", "min_samples_leaf='3'", "min_samples_split='2'"], "origin": "Sobol"}
{"cpu_time": 12.67350959777832, "wallclock_time": 42.203670024871826, "evaluations": 188, "cost": 0.0171, "incumbent": ["max_depth='46'", "max_features='0.653578007593751'", "min_samples_leaf='2'", "min_samples_split='5'"], "origin": "Local Search"}
