"CPU Time Used","Estimated Training Performance","Wallclock Time","Incumbent ID","Automatic Configurator (CPU) Time","Configuration..."
0.000000, 2147483648.000000, 0.002651, 1, 0.002651, C='0.08611366210550205',gamma='0.4942679928374453'
0.731430, 0.666700, 0.734992, 1, 0.003562, C='0.08611366210550205',gamma='0.4942679928374453'
3.002521, 0.576900, 3.009882, 2, 0.007361, C='19.433598606658386',gamma='9.232350409327609'
4.463854, 0.435000, 4.473882, 3, 0.010028, C='1.0',gamma='0.1'
5.952846, 0.037000, 5.968107, 4, 0.015261, C='69.38389384208695',gamma='0.0015531477828170245'
11.061527, 0.031700, 11.092424, 5, 0.030897, C='4.532544074901469',gamma='0.03382327396632573'
