"CPU Time Used","Estimated Training Performance","Wallclock Time","Incumbent ID","Automatic Configurator (CPU) Time","Configuration..."
0.000000, 2147483648.000000, 0.000548, 1, 0.000548, C='0.017961675793542162',gamma='0.9046232030638993'
0.732605, 0.666700, 0.734084, 1, 0.001479, C='0.017961675793542162',gamma='0.9046232030638993'
2.964112, 0.569400, 2.972141, 2, 0.008029, C='61.71933670840937',gamma='1.0864412265106145'
4.418731, 0.435000, 4.429268, 3, 0.010537, C='1.0',gamma='0.1'
6.128327, 0.037300, 6.147077, 4, 0.018750, C='12.958180650233897',gamma='0.01207858159167579'
22.167513, 0.036300, 23.318606, 5, 1.151093, C='6.671431133224449',gamma='0.012103273683903213'
39.145560, 0.035400, 44.121851, 6, 4.976291, C='3.6820717384950505',gamma='0.016301989245962156'
41.367586, 0.033500, 46.676723, 7, 5.309137, C='4.801544612311174',gamma='0.020108027801364246'
68.080362, 0.031700, 78.976786, 8, 10.896424, C='384.1696664670935',gamma='0.038913199482563846'
