"CPU Time Used","Estimated Training Performance","Wallclock Time","Incumbent ID","Automatic Configurator (CPU) Time","Configuration..."
0.000000, 2147483648.000000, 0.001457, 1, 0.001457, colsample_bytree='0.569966175314039',eta='0.009556882986489993',max_depth='3',reg_lambda='0.0020776820882921045'
0.105554, 0.449500, 0.107968, 1, 0.002414, colsample_bytree='0.569966175314039',eta='0.009556882986489993',max_depth='3',reg_lambda='0.0020776820882921045'
1.266950, 0.398700, 1.279053, 2, 0.012103, colsample_bytree='0.7997161545790732',eta='0.8167090504942917',max_depth='1',reg_lambda='7.369638786139326'
3.613825, 0.380400, 3.651473, 3, 0.037648, colsample_bytree='0.3688875536434353',eta='0.1474402538510729',max_depth='1',reg_lambda='0.005270387672289347'
8.805295, 0.366000, 242.096843, 4, 233.291548, colsample_bytree='0.5532343158312367',eta='0.096906029532369',max_depth='2',reg_lambda='1.2099539688970984'
26.831952, 0.364800, 2152.969259, 5, 2126.137307, colsample_bytree='0.5496309690970091',eta='0.09653837715024025',max_depth='2',reg_lambda='1.208316939441643'
