"CPU Time Used","Estimated Training Performance","Wallclock Time","Incumbent ID","Automatic Configurator (CPU) Time","Configuration..."
0.000000, 2147483648.000000, 0.000039, 1, 0.000039, alpha='0.001',eta0='0.01'
0.703295, 0.100200, 0.703971, 1, 0.000676, alpha='0.001',eta0='0.01'
22.982920, 0.104400, 23.025890, 2, 0.042969, alpha='0.00010338971252634734',eta0='0.00012997194084303965'
31.020578, 0.103500, 31.090033, 3, 0.069455, alpha='0.0005346027675744891',eta0='0.00012611819074130615'
42.803740, 0.101400, 42.908614, 4, 0.104874, alpha='2.4963195458628125e-05',eta0='0.00024478027536705115'
