{"cpu_time": 0.0, "wallclock_time": 3.886222839355469e-05, "evaluations": 0, "cost": 2147483648.0, "incumbent": {"alpha": 0.001, "eta0": 0.01}, "budget": 0, "origin": "Default"}
{"cpu_time": 0.7032949924468994, "wallclock_time": 0.7039709091186523, "evaluations": 1, "cost": 0.1002, "incumbent": {"alpha": 0.001, "eta0": 0.01}, "budget": 0, "origin": "Default"}
{"cpu_time": 22.9829204082489, "wallclock_time": 23.02588987350464, "evaluations": 32, "cost": 0.1044, "incumbent": {"alpha": 0.00010338971252634734, "eta0": 0.00012997194084303965}, "budget": 0, "origin": "Random Search"}
{"cpu_time": 31.020577907562256, "wallclock_time": 31.090032815933228, "evaluations": 43, "cost": 0.1035, "incumbent": {"alpha": 0.0005346027675744891, "eta0": 0.00012611819074130615}, "budget": 0, "origin": "Random Search"}
{"cpu_time": 42.80374002456665, "wallclock_time": 42.90861392021179, "evaluations": 59, "cost": 0.1014, "incumbent": {"alpha": 2.4963195458628125e-05, "eta0": 0.00024478027536705115}, "budget": 0, "origin": "Random Search"}
