{
  "data": [
    [
      [
        1,
        null,
        330054389,
        0.0
      ],
      [
        0.7810861977528644,
        0.05643320083618164,
        {
          "__enum__": "StatusType.SUCCESS"
        },
        1674419305.0698,
        1674419305.1262379,
        {}
      ]
    ]
  ],
  "config_origins": {
    "1": "Sobol"
  },
  "configs": {
    "1": {
      "colsample_bytree": 0.569966175314039,
      "eta": 0.009556882986489993,
      "max_depth": 3,
      "reg_lambda": 0.0020776820882921045
    }
  }
}