{
  "mean_cost": 0.06705605486575164,
  "finished_ta_runs": 35,
  "inc_changed": 1,
  "n_configs": 29,
  "submitted_ta_runs": 35,
  "ta_time_used": 121.12253642082214,
  "wallclock_time_used": 121.18626284599304,
  "dataset_id": 167125
}