"CPU Time Used","Estimated Training Performance","Wallclock Time","Incumbent ID","Automatic Configurator (CPU) Time","Configuration..."
0.000000, 2147483648.000000, 0.000036, 1, 0.000036, alpha='0.001',eta0='0.01'
0.182756, 0.587100, 0.183421, 1, 0.000665, alpha='0.001',eta0='0.01'
0.739979, 0.545600, 0.744773, 2, 0.004794, alpha='3.649484911512686e-05',eta0='1.2652165208090965e-05'
21.557035, 0.533500, 21.832408, 3, 0.275373, alpha='2.6519470163169713e-05',eta0='1.3468893207401204e-05'
