{
  "mean_cost": 0.42305945419103314,
  "finished_ta_runs": 600,
  "inc_changed": 3,
  "n_configs": 564,
  "submitted_ta_runs": 600,
  "ta_time_used": 14.120157241821289,
  "wallclock_time_used": 19.725592136383057,
  "dataset_id": 146819,
  "perf_time": 19.745644208000158
}