"CPU Time Used","Estimated Training Performance","Wallclock Time","Incumbent ID","Automatic Configurator (CPU) Time","Configuration..."
0.000000, 2147483648.000000, 0.002150, 1, 0.002150, alpha='0.00011227070295712931',eta0='0.0029096933833365197'
0.421149, 0.440200, 0.425229, 1, 0.004080, alpha='0.00011227070295712931',eta0='0.0029096933833365197'
2.486472, 0.438200, 2.495315, 2, 0.008842, alpha='0.026542866188361353',eta0='8.075114966892127e-05'
6.001917, 0.443600, 6.020548, 3, 0.018631, alpha='0.0025540066964094537',eta0='1.2228344859878906e-05'
9.304199, 0.442500, 9.334032, 4, 0.029832, alpha='2.9848599322377e-05',eta0='0.022418115180003955'
58.768517, 0.441200, 85.726575, 5, 26.958058, alpha='0.00016122852099725364',eta0='0.0005503794844065754'
78.081030, 0.440800, 119.431353, 6, 41.350323, alpha='0.001139649254348935',eta0='0.00012723397826522057'
