"CPU Time Used","Estimated Training Performance","Wallclock Time","Incumbent ID","Automatic Configurator (CPU) Time","Configuration..."
0.000000, 2147483648.000000, 0.000600, 1, 0.000600, alpha='0.0004126639093412234',eta0='0.0017613324954003418'
0.329935, 0.046600, 0.332534, 1, 0.002599, alpha='0.0004126639093412234',eta0='0.0017613324954003418'
5.105535, 0.039000, 5.129242, 2, 0.023707, alpha='2.6979332069179497e-05',eta0='0.03342560639959951'
8.754894, 0.036400, 8.799926, 3, 0.045032, alpha='0.00010552133485562857',eta0='0.004699384441638126'
15.366409, 0.035800, 19.252681, 4, 3.886271, alpha='0.00010510344154576443',eta0='0.004398344987803598'
