{
  "mean_cost": 0.012292162433290232,
  "finished_ta_runs": 1,
  "inc_changed": 1,
  "n_configs": 1,
  "submitted_ta_runs": 1,
  "ta_time_used": 0.7367129325866699,
  "wallclock_time_used": 0.738274097442627
}