"CPU Time Used","Estimated Training Performance","Wallclock Time","Incumbent ID","Automatic Configurator (CPU) Time","Configuration..."
0.000000, 2147483648.000000, 0.000037, 1, 0.000037, alpha='0.001',eta0='0.01'
0.044386, 0.457400, 0.045043, 1, 0.000657, alpha='0.001',eta0='0.01'
1.260898, 0.459100, 1.299821, 2, 0.038923, alpha='2.3820742831526158e-05',eta0='0.05455360234342531'
9.631887, 0.458000, 10.364447, 3, 0.732560, alpha='0.03675501698214147',eta0='3.973325177965799e-05'
11.296219, 0.453300, 12.265044, 4, 0.968825, alpha='0.00013327124878838913',eta0='0.020284309365505692'
