{
  "mean_cost": 0.030529300540265456,
  "finished_ta_runs": 176,
  "inc_changed": 6,
  "n_configs": 94,
  "submitted_ta_runs": 176,
  "ta_time_used": 43.3485062122345,
  "wallclock_time_used": 60.02547907829285,
  "dataset_id": 3549
}