{"cpu_time": 0.0, "wallclock_time": 0.0015196800231933594, "evaluations": 0, "cost": 2147483648.0, "incumbent": {"max_depth": 6, "max_features": 0.3290755869820714, "min_samples_leaf": 11, "min_samples_split": 2}, "budget": 0, "origin": "Sobol"}
{"cpu_time": 0.10670614242553711, "wallclock_time": 0.10907578468322754, "evaluations": 1, "cost": 0.3244, "incumbent": {"max_depth": 6, "max_features": 0.3290755869820714, "min_samples_leaf": 11, "min_samples_split": 2}, "budget": 0, "origin": "Sobol"}
{"cpu_time": 1.3164796829223633, "wallclock_time": 1.3276050090789795, "evaluations": 10, "cost": 0.283, "incumbent": {"max_depth": 18, "max_features": 0.9707894120365381, "min_samples_leaf": 5, "min_samples_split": 26}, "budget": 0, "origin": "Sobol"}
{"cpu_time": 8.499945402145386, "wallclock_time": 13.08759593963623, "evaluations": 68, "cost": 0.2804, "incumbent": {"max_depth": 15, "max_features": 0.9982339324012812, "min_samples_leaf": 2, "min_samples_split": 24}, "budget": 0, "origin": "Local Search"}
{"cpu_time": 23.758879899978638, "wallclock_time": 57.388468980789185, "evaluations": 153, "cost": 0.2797, "incumbent": {"max_depth": 15, "max_features": 0.9986393026956499, "min_samples_leaf": 2, "min_samples_split": 22}, "budget": 0, "origin": "Local Search"}
{"cpu_time": 29.514652490615845, "wallclock_time": 74.28669476509094, "evaluations": 182, "cost": 0.2787, "incumbent": {"max_depth": 14, "max_features": 0.9981875429181675, "min_samples_leaf": 3, "min_samples_split": 24}, "budget": 0, "origin": "Local Search"}
{"cpu_time": 30.498752117156982, "wallclock_time": 75.29429888725281, "evaluations": 187, "cost": 0.2777, "incumbent": {"max_depth": 17, "max_features": 0.9982339324012812, "min_samples_leaf": 3, "min_samples_split": 24}, "budget": 0, "origin": "Local Search"}
{"cpu_time": 34.7029812335968, "wallclock_time": 86.56708288192749, "evaluations": 210, "cost": 0.2771, "incumbent": {"max_depth": 44, "max_features": 0.9981620803725729, "min_samples_leaf": 3, "min_samples_split": 23}, "budget": 0, "origin": "Local Search"}
{"cpu_time": 46.22688293457031, "wallclock_time": 127.59653878211975, "evaluations": 276, "cost": 0.2764, "incumbent": {"max_depth": 29, "max_features": 0.9213769811978563, "min_samples_leaf": 3, "min_samples_split": 22}, "budget": 0, "origin": "Local Search"}
