"CPU Time Used","Estimated Training Performance","Wallclock Time","Incumbent ID","Automatic Configurator (CPU) Time","Configuration..."
0.000000, 2147483648.000000, 0.001511, 1, 0.001511, colsample_bytree='0.2890479595400393',eta='0.02972240058848022',max_depth='1',reg_lambda='0.23594281684827217'
0.094345, 0.496000, 0.096858, 1, 0.002513, colsample_bytree='0.2890479595400393',eta='0.02972240058848022',max_depth='1',reg_lambda='0.23594281684827217'
1.708355, 0.446700, 1.713427, 2, 0.005073, colsample_bytree='0.839533680677414',eta='0.03178815964339868',max_depth='7',reg_lambda='260.08137409645684'
4.364893, 0.392300, 4.371819, 3, 0.006926, colsample_bytree='1.0',eta='0.3',max_depth='10',reg_lambda='1.0'
27.681644, 0.385600, 28.995035, 4, 1.313391, colsample_bytree='0.9917649612493902',eta='0.7004063306692616',max_depth='10',reg_lambda='1.3940466444176005'
46.008455, 0.384000, 50.430013, 5, 4.421559, colsample_bytree='0.9800687253337569',eta='0.8456343775912656',max_depth='10',reg_lambda='1.3657003112990544'
63.254467, 0.379600, 72.922625, 6, 9.668159, colsample_bytree='0.9131717874761088',eta='0.8503021779378385',max_depth='10',reg_lambda='1.3569072046557664'
