{
  "mean_cost": 0.040577996656121634,
  "finished_ta_runs": 300,
  "inc_changed": 5,
  "n_configs": 177,
  "submitted_ta_runs": 300,
  "ta_time_used": 201.52565717697144,
  "wallclock_time_used": 357.4774332046509,
  "dataset_id": 146800,
  "perf_time": 357.49022754100224
}