{"cpu_time": 0.0, "wallclock_time": 0.010426998138427734, "evaluations": 0, "cost": 2147483648.0, "incumbent": {"max_depth": 2, "max_features": 0.4491682695224881, "min_samples_leaf": 1, "min_samples_split": 4}, "budget": 0, "origin": "Sobol"}
{"cpu_time": 0.850970983505249, "wallclock_time": 0.8636040687561035, "evaluations": 1, "cost": 0.5, "incumbent": {"max_depth": 2, "max_features": 0.4491682695224881, "min_samples_leaf": 1, "min_samples_split": 4}, "budget": 0, "origin": "Sobol"}
{"cpu_time": 2.3790390491485596, "wallclock_time": 2.394927978515625, "evaluations": 4, "cost": 0.1296, "incumbent": {"max_depth": 17, "max_features": 0.6137791713699698, "min_samples_leaf": 16, "min_samples_split": 18}, "budget": 0, "origin": "Sobol"}
{"cpu_time": 3.4263298511505127, "wallclock_time": 3.4440488815307617, "evaluations": 6, "cost": 0.119, "incumbent": {"max_depth": 10, "max_features": 0.5, "min_samples_leaf": 1, "min_samples_split": 32}, "budget": 0, "origin": null}
{"cpu_time": 6.453911542892456, "wallclock_time": 6.484226942062378, "evaluations": 17, "cost": 0.0706, "incumbent": {"max_depth": 7, "max_features": 0.8544756416231394, "min_samples_leaf": 3, "min_samples_split": 9}, "budget": 0, "origin": "Sobol"}
{"cpu_time": 11.527820348739624, "wallclock_time": 11.594890832901001, "evaluations": 39, "cost": 0.0626, "incumbent": {"max_depth": 5, "max_features": 0.9284034045413136, "min_samples_leaf": 2, "min_samples_split": 14}, "budget": 0, "origin": "Sobol"}
{"cpu_time": 17.09390902519226, "wallclock_time": 19.62409496307373, "evaluations": 62, "cost": 0.0625, "incumbent": {"max_depth": 5, "max_features": 0.8592574593865738, "min_samples_leaf": 1, "min_samples_split": 11}, "budget": 0, "origin": "Local Search"}
{"cpu_time": 20.40382695198059, "wallclock_time": 23.48363709449768, "evaluations": 72, "cost": 0.0587, "incumbent": {"max_depth": 5, "max_features": 0.8831526345480708, "min_samples_leaf": 2, "min_samples_split": 27}, "budget": 0, "origin": "Local Search"}
{"cpu_time": 35.76932144165039, "wallclock_time": 50.801695108413696, "evaluations": 119, "cost": 0.0586, "incumbent": {"max_depth": 5, "max_features": 0.8641881440558205, "min_samples_leaf": 2, "min_samples_split": 26}, "budget": 0, "origin": "Local Search"}
{"cpu_time": 66.17130875587463, "wallclock_time": 101.37616896629333, "evaluations": 217, "cost": 0.0582, "incumbent": {"max_depth": 5, "max_features": 0.8619588503453314, "min_samples_leaf": 2, "min_samples_split": 18}, "budget": 0, "origin": "Local Search"}
