"CPU Time Used","Estimated Training Performance","Wallclock Time","Incumbent ID","Automatic Configurator (CPU) Time","Configuration..."
0.000000, 2147483648.000000, 0.001388, 1, 0.001388, colsample_bytree='0.569966175314039',eta='0.009556882986489993',max_depth='3',reg_lambda='0.0020776820882921045'
1.747055, 0.229100, 1.749415, 1, 0.002360, colsample_bytree='0.569966175314039',eta='0.009556882986489993',max_depth='3',reg_lambda='0.0020776820882921045'
14.694271, 0.181500, 14.702021, 2, 0.007750, colsample_bytree='0.3878000834956765',eta='0.004721681612948408',max_depth='10',reg_lambda='0.09654112415362535'
38.576190, 0.184000, 38.598015, 3, 0.021825, colsample_bytree='0.5071276918053628',eta='0.18054041228993647',max_depth='4',reg_lambda='0.7014077911957106'
67.358008, 0.181100, 67.408572, 4, 0.050564, colsample_bytree='0.6345239883288741',eta='0.33181775125056084',max_depth='2',reg_lambda='0.043291333432912055'
141.439017, 0.177400, 146.378020, 5, 4.939003, colsample_bytree='0.332882544313413',eta='0.056824104940903154',max_depth='6',reg_lambda='0.09227147063958203'
167.821032, 0.177000, 175.335396, 6, 7.514364, colsample_bytree='0.361569396626637',eta='0.056936947932482496',max_depth='7',reg_lambda='0.09214093489887094'
205.822742, 0.174800, 217.815167, 7, 11.992425, colsample_bytree='0.37344943729715097',eta='0.056825919148419016',max_depth='8',reg_lambda='0.0832281301968812'
