"CPU Time Used","Estimated Training Performance","Wallclock Time","Incumbent ID","Automatic Configurator (CPU) Time","Configuration..."
0.000000, 2147483648.000000, 0.000612, 1, 0.000612, C='0.017961675793542162',gamma='0.9046232030638993'
0.043326, 0.500000, 0.044705, 1, 0.001379, C='0.017961675793542162',gamma='0.9046232030638993'
