{
  "mean_cost": 0.8767480141046319,
  "finished_ta_runs": 300,
  "inc_changed": 12,
  "n_configs": 92,
  "submitted_ta_runs": 300,
  "ta_time_used": 40.01909160614014,
  "wallclock_time_used": 62.14318895339966,
  "dataset_id": 22,
  "perf_time": 62.15260254200257
}