{"cpu_time": 0.0, "wallclock_time": 0.0014951229095458984, "evaluations": 0, "cost": 2147483648.0, "incumbent": {"max_depth": 1, "max_features": 0.49276944529265165, "min_samples_leaf": 4, "min_samples_split": 9}, "budget": 0, "origin": "Sobol"}
{"cpu_time": 0.0733339786529541, "wallclock_time": 0.07565808296203613, "evaluations": 1, "cost": 0.653, "incumbent": {"max_depth": 1, "max_features": 0.49276944529265165, "min_samples_leaf": 4, "min_samples_split": 9}, "budget": 0, "origin": "Sobol"}
{"cpu_time": 0.27901411056518555, "wallclock_time": 0.28380417823791504, "evaluations": 4, "cost": 0.5347, "incumbent": {"max_depth": 22, "max_features": 0.502463330514729, "min_samples_leaf": 18, "min_samples_split": 83}, "budget": 0, "origin": "Sobol"}
{"cpu_time": 0.4337737560272217, "wallclock_time": 0.44022297859191895, "evaluations": 6, "cost": 0.3974, "incumbent": {"max_depth": 10, "max_features": 0.5, "min_samples_leaf": 1, "min_samples_split": 32}, "budget": 0, "origin": null}
{"cpu_time": 1.61991548538208, "wallclock_time": 1.6370360851287842, "evaluations": 17, "cost": 0.3633, "incumbent": {"max_depth": 11, "max_features": 0.9135355520993471, "min_samples_leaf": 2, "min_samples_split": 4}, "budget": 0, "origin": "Sobol"}
{"cpu_time": 5.388062238693237, "wallclock_time": 6.686962127685547, "evaluations": 61, "cost": 0.3614, "incumbent": {"max_depth": 24, "max_features": 0.9100201631827205, "min_samples_leaf": 3, "min_samples_split": 15}, "budget": 0, "origin": "Local Search"}
{"cpu_time": 6.168889045715332, "wallclock_time": 7.904802083969116, "evaluations": 67, "cost": 0.3543, "incumbent": {"max_depth": 46, "max_features": 0.926238576068877, "min_samples_leaf": 2, "min_samples_split": 11}, "budget": 0, "origin": "Local Search"}
{"cpu_time": 15.327207803726196, "wallclock_time": 33.64270520210266, "evaluations": 142, "cost": 0.3525, "incumbent": {"max_depth": 23, "max_features": 0.9248681245754206, "min_samples_leaf": 5, "min_samples_split": 23}, "budget": 0, "origin": "Local Search"}
