{
  "mean_cost": 0.21991560627924267,
  "finished_ta_runs": 1,
  "inc_changed": 1,
  "n_configs": 1,
  "submitted_ta_runs": 1,
  "ta_time_used": 0.2755770683288574,
  "wallclock_time_used": 0.27715611457824707,
  "dataset_id": 3022,
  "perf_time": 0.28253658299991
}