"CPU Time Used","Estimated Training Performance","Wallclock Time","Incumbent ID","Automatic Configurator (CPU) Time","Configuration..."
0.000000, 2147483648.000000, 0.001538, 1, 0.001538, colsample_bytree='0.3908073678612709',eta='0.02197006114591668',max_depth='1',reg_lambda='0.025956378731779545'
0.025011, 0.077200, 0.027629, 1, 0.002618, colsample_bytree='0.3908073678612709',eta='0.02197006114591668',max_depth='1',reg_lambda='0.025956378731779545'
0.170306, 0.039500, 0.175647, 2, 0.005341, colsample_bytree='0.7864414579235017',eta='0.06876373473778273',max_depth='5',reg_lambda='2.180661802430785'
0.617316, 0.032400, 0.637127, 3, 0.019811, colsample_bytree='0.6266065758652986',eta='0.3646935062279739',max_depth='1',reg_lambda='0.2818207552142512'
1.243703, 0.026100, 1.287414, 4, 0.043711, colsample_bytree='0.34836309412494304',eta='0.26655395384050556',max_depth='6',reg_lambda='0.1036182343546856'
1.464284, 0.020800, 1.520689, 5, 0.056405, colsample_bytree='0.2476114026270807',eta='0.09799148147389534',max_depth='9',reg_lambda='0.22959291519229882'
3.000033, 0.016900, 13.257662, 6, 10.257629, colsample_bytree='0.253284666158696',eta='0.09609504997871371',max_depth='10',reg_lambda='0.29000611990627245'
3.382932, 0.016000, 15.252743, 7, 11.869811, colsample_bytree='0.253284666158696',eta='0.0959883685754182',max_depth='10',reg_lambda='0.2903277414095408'
3.751615, 0.015800, 17.711767, 8, 13.960152, colsample_bytree='0.23901775947439313',eta='0.09625165196853619',max_depth='10',reg_lambda='0.28039609569087176'
