{"cpu_time": 0.0, "wallclock_time": 0.0015380382537841797, "evaluations": 0, "cost": 2147483648.0, "incumbent": ["colsample_bytree='0.3908073678612709'", "eta='0.02197006114591668'", "max_depth='1'", "reg_lambda='0.025956378731779545'"], "origin": "Sobol"}
{"cpu_time": 0.02501082420349121, "wallclock_time": 0.02762913703918457, "evaluations": 1, "cost": 0.0772, "incumbent": ["colsample_bytree='0.3908073678612709'", "eta='0.02197006114591668'", "max_depth='1'", "reg_lambda='0.025956378731779545'"], "origin": "Sobol"}
{"cpu_time": 0.17030596733093262, "wallclock_time": 0.17564702033996582, "evaluations": 4, "cost": 0.0395, "incumbent": ["colsample_bytree='0.7864414579235017'", "eta='0.06876373473778273'", "max_depth='5'", "reg_lambda='2.180661802430785'"], "origin": "Sobol"}
{"cpu_time": 0.6173155307769775, "wallclock_time": 0.6371269226074219, "evaluations": 17, "cost": 0.0324, "incumbent": ["colsample_bytree='0.6266065758652986'", "eta='0.3646935062279739'", "max_depth='1'", "reg_lambda='0.2818207552142512'"], "origin": "Sobol"}
{"cpu_time": 1.2437031269073486, "wallclock_time": 1.2874140739440918, "evaluations": 36, "cost": 0.0261, "incumbent": ["colsample_bytree='0.34836309412494304'", "eta='0.26655395384050556'", "max_depth='6'", "reg_lambda='0.1036182343546856'"], "origin": "Sobol"}
{"cpu_time": 1.4642839431762695, "wallclock_time": 1.5206890106201172, "evaluations": 44, "cost": 0.0208, "incumbent": ["colsample_bytree='0.2476114026270807'", "eta='0.09799148147389534'", "max_depth='9'", "reg_lambda='0.22959291519229882'"], "origin": "Sobol"}
{"cpu_time": 3.000032901763916, "wallclock_time": 13.257662057876587, "evaluations": 96, "cost": 0.0169, "incumbent": ["colsample_bytree='0.253284666158696'", "eta='0.09609504997871371'", "max_depth='10'", "reg_lambda='0.29000611990627245'"], "origin": "Local Search"}
{"cpu_time": 3.382932186126709, "wallclock_time": 15.252743005752563, "evaluations": 109, "cost": 0.016, "incumbent": ["colsample_bytree='0.253284666158696'", "eta='0.0959883685754182'", "max_depth='10'", "reg_lambda='0.2903277414095408'"], "origin": "Local Search"}
{"cpu_time": 3.751615047454834, "wallclock_time": 17.711767196655273, "evaluations": 121, "cost": 0.0158, "incumbent": ["colsample_bytree='0.23901775947439313'", "eta='0.09625165196853619'", "max_depth='10'", "reg_lambda='0.28039609569087176'"], "origin": "Local Search"}
