"CPU Time Used","Estimated Training Performance","Wallclock Time","Incumbent ID","Automatic Configurator (CPU) Time","Configuration..."
0.000000, 2147483648.000000, 0.000716, 1, 0.000716, alpha='0.0040824718253228975',eta0='0.00044195488125554607'
0.050771, 0.406000, 0.052502, 1, 0.001731, alpha='0.0040824718253228975',eta0='0.00044195488125554607'
1.368497, 0.402300, 1.874317, 2, 0.505820, alpha='7.04441716028318e-05',eta0='0.0013353080778183875'
2.397904, 0.400500, 6.700946, 3, 4.303042, alpha='0.00010562780165725915',eta0='0.0011970277125951767'
3.260996, 0.399200, 10.435379, 4, 7.174384, alpha='7.097466088561671e-05',eta0='0.0010111584149600859'
