"CPU Time Used","Estimated Training Performance","Wallclock Time","Incumbent ID","Automatic Configurator (CPU) Time","Configuration..."
0.000000, 2147483648.000000, 0.000566, 1, 0.000566, C='0.08611366210550205',gamma='0.4942679928374453'
0.009294, 0.500000, 0.010644, 1, 0.001350, C='0.08611366210550205',gamma='0.4942679928374453'
0.082381, 0.312600, 0.089567, 2, 0.007186, C='69.38389384208695',gamma='0.0015531477828170245'
0.497639, 0.299400, 3.485746, 3, 2.988106, C='28.832127921209576',gamma='0.0010095947565889733'
1.329466, 0.293800, 13.198495, 4, 11.869029, C='23.220381374659414',gamma='0.0010095947565889733'
