{
  "mean_cost": 0.10760684935980942,
  "finished_ta_runs": 53,
  "inc_changed": 2,
  "n_configs": 41,
  "submitted_ta_runs": 53,
  "ta_time_used": 82.91095113754272,
  "wallclock_time_used": 82.99904298782349,
  "dataset_id": 125922
}