"CPU Time Used","Estimated Training Performance","Wallclock Time","Incumbent ID","Automatic Configurator (CPU) Time","Configuration..."
0.000000, 2147483648.000000, 0.000039, 1, 0.000039, C='1.0',gamma='0.1'
0.202317, 0.118100, 0.202976, 1, 0.000659, C='1.0',gamma='0.1'
6.466631, 0.115000, 6.483661, 2, 0.017030, C='16.640050128980878',gamma='0.02787815770602151'
9.893174, 0.106300, 9.920574, 3, 0.027400, C='7.175638647559039',gamma='0.09259999660241393'
35.029273, 0.091900, 35.122448, 4, 0.093175, C='14.808221051646633',gamma='0.15966041698268'
61.183049, 0.091200, 61.368223, 5, 0.185174, C='6.955269026516795',gamma='0.21952102504182694'
