{
  "mean_cost": 0.31433810482746244,
  "finished_ta_runs": 300,
  "inc_changed": 8,
  "n_configs": 193,
  "submitted_ta_runs": 300,
  "ta_time_used": 52.69158577919006,
  "wallclock_time_used": 232.58046007156372,
  "dataset_id": 18,
  "perf_time": 232.59853395900018
}