{
  "mean_cost": 0.4590980471751536,
  "finished_ta_runs": 131,
  "inc_changed": 7,
  "n_configs": 92,
  "submitted_ta_runs": 131,
  "ta_time_used": 50.15662431716919,
  "wallclock_time_used": 60.18311405181885,
  "dataset_id": 3904
}