{
  "mean_cost": 0.5325602926843656,
  "finished_ta_runs": 57,
  "inc_changed": 2,
  "n_configs": 47,
  "submitted_ta_runs": 57,
  "ta_time_used": 59.913740158081055,
  "wallclock_time_used": 60.00393867492676,
  "dataset_id": 167119
}