"CPU Time Used","Estimated Training Performance","Wallclock Time","Incumbent ID","Automatic Configurator (CPU) Time","Configuration..."
0.000000, 2147483648.000000, 0.000682, 1, 0.000682, C='0.017961675793542162',gamma='0.9046232030638993'
0.012299, 0.500000, 0.013954, 1, 0.001655, C='0.017961675793542162',gamma='0.9046232030638993'
0.169760, 0.067500, 0.188940, 2, 0.019180, C='0.7731863785266639',gamma='0.0012442315522724887'
0.473971, 0.058200, 2.037401, 3, 1.563430, C='65.12685107223574',gamma='0.0012450658966529945'
