{"cpu_time": 0.0, "wallclock_time": 0.0006821155548095703, "evaluations": 0, "cost": 2147483648.0, "incumbent": {"C": 0.017961675793542162, "gamma": 0.9046232030638993}, "budget": 0, "origin": "Sobol"}
{"cpu_time": 0.012298822402954102, "wallclock_time": 0.01395416259765625, "evaluations": 1, "cost": 0.5, "incumbent": {"C": 0.017961675793542162, "gamma": 0.9046232030638993}, "budget": 0, "origin": "Sobol"}
{"cpu_time": 0.16976022720336914, "wallclock_time": 0.18894004821777344, "evaluations": 19, "cost": 0.0675, "incumbent": {"C": 0.7731863785266639, "gamma": 0.0012442315522724887}, "budget": 0, "origin": "Sobol"}
{"cpu_time": 0.473970890045166, "wallclock_time": 2.0374011993408203, "evaluations": 49, "cost": 0.0582, "incumbent": {"C": 65.12685107223574, "gamma": 0.0012450658966529945}, "budget": 0, "origin": "Local Search"}
