{"cpu_time": 0.0, "wallclock_time": 0.0002498626708984375, "evaluations": 0, "cost": 2147483648.0, "incumbent": ["C='0.08611366210550205'", "gamma='0.4942679928374453'"], "origin": "Sobol"}
{"cpu_time": 0.47026801109313965, "wallclock_time": 0.4712040424346924, "evaluations": 1, "cost": 0.5647, "incumbent": ["C='0.08611366210550205'", "gamma='0.4942679928374453'"], "origin": "Sobol"}
