{"cpu_time": 0.0, "wallclock_time": 0.001463174819946289, "evaluations": 0, "cost": 2147483648.0, "incumbent": {"colsample_bytree": 0.2890479595400393, "eta": 0.02972240058848022, "max_depth": 1, "reg_lambda": 0.23594281684827217}, "budget": 0, "origin": "Sobol"}
{"cpu_time": 0.06058382987976074, "wallclock_time": 0.06305217742919922, "evaluations": 1, "cost": 0.0496, "incumbent": {"colsample_bytree": 0.2890479595400393, "eta": 0.02972240058848022, "max_depth": 1, "reg_lambda": 0.23594281684827217}, "budget": 0, "origin": "Sobol"}
{"cpu_time": 0.9194614887237549, "wallclock_time": 0.9268929958343506, "evaluations": 7, "cost": 0.0272, "incumbent": {"colsample_bytree": 0.6621601792052388, "eta": 0.005444283298203882, "max_depth": 1, "reg_lambda": 0.0036621220787314383}, "budget": 0, "origin": "Sobol"}
{"cpu_time": 1.5455083847045898, "wallclock_time": 1.555717945098877, "evaluations": 10, "cost": 0.008, "incumbent": {"colsample_bytree": 1.0, "eta": 0.3, "max_depth": 10, "reg_lambda": 1.0}, "budget": 0, "origin": null}
{"cpu_time": 2.408856153488159, "wallclock_time": 2.4241931438446045, "evaluations": 15, "cost": 0.0012, "incumbent": {"colsample_bytree": 0.5235572370700539, "eta": 0.1863242307845216, "max_depth": 3, "reg_lambda": 4.4461461740589225}, "budget": 0, "origin": "Sobol"}
{"cpu_time": 4.149139165878296, "wallclock_time": 4.177414894104004, "evaluations": 26, "cost": 0.0, "incumbent": {"colsample_bytree": 0.11271031964570284, "eta": 0.093691422727578, "max_depth": 2, "reg_lambda": 0.04423347346310245}, "budget": 0, "origin": "Sobol"}
