{
  "mean_cost": 0.18711730506174679,
  "finished_ta_runs": 32,
  "inc_changed": 2,
  "n_configs": 23,
  "submitted_ta_runs": 32,
  "ta_time_used": 160.2874562740326,
  "wallclock_time_used": 160.33882999420166,
  "dataset_id": 14
}