{"cpu_time": 0.0, "wallclock_time": 0.001529693603515625, "evaluations": 0, "cost": 2147483648.0, "incumbent": ["max_depth='2'", "max_features='0.4491682695224881'", "min_samples_leaf='1'", "min_samples_split='4'"], "origin": "Sobol"}
{"cpu_time": 0.06814384460449219, "wallclock_time": 0.07059407234191895, "evaluations": 1, "cost": 0.3594, "incumbent": ["max_depth='2'", "max_features='0.4491682695224881'", "min_samples_leaf='1'", "min_samples_split='4'"], "origin": "Sobol"}
{"cpu_time": 0.2790520191192627, "wallclock_time": 0.2841358184814453, "evaluations": 4, "cost": 0.286, "incumbent": ["max_depth='17'", "max_features='0.6137791713699698'", "min_samples_leaf='16'", "min_samples_split='18'"], "origin": "Sobol"}
{"cpu_time": 0.4275848865509033, "wallclock_time": 0.4344639778137207, "evaluations": 6, "cost": 0.256, "incumbent": ["max_depth='10'", "max_features='0.5'", "min_samples_leaf='1'", "min_samples_split='32'"], "origin": null}
{"cpu_time": 3.4642961025238037, "wallclock_time": 3.5205438137054443, "evaluations": 43, "cost": 0.1878, "incumbent": ["max_depth='46'", "max_features='0.7485423665493727'", "min_samples_leaf='1'", "min_samples_split='7'"], "origin": "Sobol"}
{"cpu_time": 5.414379119873047, "wallclock_time": 8.410552978515625, "evaluations": 66, "cost": 0.1804, "incumbent": ["max_depth='47'", "max_features='0.7544364780310232'", "min_samples_leaf='1'", "min_samples_split='6'"], "origin": "Local Search"}
