"CPU Time Used","Estimated Training Performance","Wallclock Time","Incumbent ID","Automatic Configurator (CPU) Time","Configuration..."
0.000000, 2147483648.000000, 0.000550, 1, 0.000550, C='1.3600811985592882',gamma='0.09352602871548096'
0.076505, 0.475000, 0.077775, 1, 0.001270, C='1.3600811985592882',gamma='0.09352602871548096'
0.567127, 0.461100, 0.577496, 2, 0.010369, C='102.59827344587585',gamma='0.0039228031036218506'
