{
  "mean_cost": 0.4807285108366707,
  "finished_ta_runs": 600,
  "inc_changed": 7,
  "n_configs": 572,
  "submitted_ta_runs": 600,
  "ta_time_used": 260.18560886383057,
  "wallclock_time_used": 266.0184328556061,
  "dataset_id": 9960,
  "perf_time": 266.0360168329935
}