"CPU Time Used","Estimated Training Performance","Wallclock Time","Incumbent ID","Automatic Configurator (CPU) Time","Configuration..."
0.000000, 2147483648.000000, 0.000572, 1, 0.000572, C='1.3600811985592882',gamma='0.09352602871548096'
0.052376, 0.750000, 0.053689, 1, 0.001313, C='1.3600811985592882',gamma='0.09352602871548096'
0.598384, 0.617000, 0.616298, 2, 0.017914, C='102.59827344587585',gamma='0.0039228031036218506'
1.130283, 0.014400, 1.168361, 3, 0.038078, C='0.6293526165094239',gamma='0.0012324628012758837'
1.550711, 0.008000, 2.860180, 4, 1.309469, C='4.689896223689799',gamma='0.0012325640837409521'
