{
  "mean_cost": 0.4649674348585495,
  "finished_ta_runs": 300,
  "inc_changed": 2,
  "n_configs": 85,
  "submitted_ta_runs": 300,
  "ta_time_used": 13.021302700042725,
  "wallclock_time_used": 31.55183482170105,
  "dataset_id": 3903,
  "perf_time": 31.56418400000257
}