"CPU Time Used","Estimated Training Performance","Wallclock Time","Incumbent ID","Automatic Configurator (CPU) Time","Configuration..."
0.000000, 2147483648.000000, 0.000239, 1, 0.000239, alpha='0.0004126639093412234',eta0='0.0017613324954003418'
0.963753, 0.120100, 0.964614, 1, 0.000861, alpha='0.0004126639093412234',eta0='0.0017613324954003418'
