{"cpu_time": 0.0, "wallclock_time": 4.982948303222656e-05, "evaluations": 0, "cost": 2147483648.0, "incumbent": {"colsample_bytree": 1.0, "eta": 0.3, "max_depth": 10, "reg_lambda": 1.0}, "budget": 0, "origin": "Default"}
{"cpu_time": 0.06940388679504395, "wallclock_time": 0.07007884979248047, "evaluations": 1, "cost": 0.2653, "incumbent": {"colsample_bytree": 1.0, "eta": 0.3, "max_depth": 10, "reg_lambda": 1.0}, "budget": 0, "origin": "Default"}
{"cpu_time": 0.4698925018310547, "wallclock_time": 0.4783589839935303, "evaluations": 10, "cost": 0.2283, "incumbent": {"colsample_bytree": 0.9735460407805239, "eta": 0.3678418820983057, "max_depth": 10, "reg_lambda": 21.683858388188526}, "budget": 0, "origin": "Random Search"}
{"cpu_time": 0.7821571826934814, "wallclock_time": 0.800652027130127, "evaluations": 19, "cost": 0.2233, "incumbent": {"colsample_bytree": 0.7639954824069396, "eta": 0.15374481275613402, "max_depth": 5, "reg_lambda": 7.323940477654458}, "budget": 0, "origin": "Random Search"}
{"cpu_time": 2.9442710876464844, "wallclock_time": 3.1938209533691406, "evaluations": 109, "cost": 0.2201, "incumbent": {"colsample_bytree": 0.7966464436755822, "eta": 0.27165934716352325, "max_depth": 4, "reg_lambda": 1.869455320336576}, "budget": 0, "origin": "Random Search"}
{"cpu_time": 3.8217945098876953, "wallclock_time": 4.2374279499053955, "evaluations": 149, "cost": 0.2181, "incumbent": {"colsample_bytree": 0.2873272872608813, "eta": 0.13250343794536046, "max_depth": 7, "reg_lambda": 6.596999427217838}, "budget": 0, "origin": "Random Search"}
{"cpu_time": 4.907288312911987, "wallclock_time": 5.519077777862549, "evaluations": 186, "cost": 0.2146, "incumbent": {"colsample_bytree": 0.8794428365594178, "eta": 0.0020680067138972376, "max_depth": 9, "reg_lambda": 0.03870459820178079}, "budget": 0, "origin": "Random Search"}
{"cpu_time": 8.599092483520508, "wallclock_time": 10.346844911575317, "evaluations": 335, "cost": 0.2143, "incumbent": {"colsample_bytree": 0.8696529754347962, "eta": 0.07371909676376018, "max_depth": 8, "reg_lambda": 0.0015794770757942929}, "budget": 0, "origin": "Random Search"}
