{
  "mean_cost": 0.03844629086564566,
  "finished_ta_runs": 2,
  "inc_changed": 1,
  "n_configs": 1,
  "submitted_ta_runs": 2,
  "ta_time_used": 0.05749106407165527,
  "wallclock_time_used": 0.05969595909118652,
  "dataset_id": 15,
  "perf_time": 0.06530154199981553
}