{
  "mean_cost": 0.16161290123042155,
  "finished_ta_runs": 300,
  "inc_changed": 7,
  "n_configs": 165,
  "submitted_ta_runs": 300,
  "ta_time_used": 37.98470687866211,
  "wallclock_time_used": 96.88044905662537,
  "dataset_id": 146821,
  "perf_time": 96.89553833299942
}