"CPU Time Used","Estimated Training Performance","Wallclock Time","Incumbent ID","Automatic Configurator (CPU) Time","Configuration..."
0.000000, 2147483648.000000, 0.000036, 1, 0.000036, C='1.0',gamma='0.1'
0.012340, 0.500000, 0.012936, 1, 0.000596, C='1.0',gamma='0.1'
0.062493, 0.382200, 0.068225, 2, 0.005732, C='1.746441318982685',gamma='0.0022547265063997683'
0.173510, 0.375000, 0.194431, 3, 0.020921, C='13.010154284884432',gamma='0.006601784113304256'
0.636364, 0.302700, 0.789437, 4, 0.153073, C='100.57643058377906',gamma='0.0030099006283244942'
2.876278, 0.289500, 4.787135, 5, 1.910857, C='400.68850028375954',gamma='0.0012328323169206565'
