{
  "mean_cost": 0.04505471178082864,
  "finished_ta_runs": 300,
  "inc_changed": 6,
  "n_configs": 197,
  "submitted_ta_runs": 300,
  "ta_time_used": 315.4468767642975,
  "wallclock_time_used": 484.6951332092285,
  "dataset_id": 14952,
  "perf_time": 484.7050962079993
}