"CPU Time Used","Estimated Training Performance","Wallclock Time","Incumbent ID","Automatic Configurator (CPU) Time","Configuration..."
0.000000, 2147483648.000000, 0.000041, 1, 0.000041, alpha='0.001',eta0='0.01'
3.036565, 0.090000, 3.037265, 1, 0.000700, alpha='0.001',eta0='0.01'
13.879531, 0.035700, 13.883387, 2, 0.003856, alpha='3.649484911512686e-05',eta0='1.2652165208090965e-05'
110.657172, 0.032000, 110.721958, 3, 0.064786, alpha='0.0009680132292263075',eta0='0.000204324552846704'
287.951371, 0.030700, 288.221304, 4, 0.269933, alpha='0.0007415113592258097',eta0='1.9176179640325257e-05'
534.363280, 0.029600, 535.041349, 5, 0.678070, alpha='3.929056214908422e-05',eta0='0.0013444346144825714'
1045.095768, 0.029500, 1047.410707, 6, 2.314939, alpha='1.1338525957083462e-05',eta0='2.730981595497448e-05'
1469.962223, 0.029200, 1474.265235, 7, 4.303012, alpha='0.0016751896066380455',eta0='3.3989647696843014e-05'
1883.131440, 0.029200, 1889.512864, 8, 6.381424, alpha='5.3166465861628325e-05',eta0='0.0008022695209758519'
