"CPU Time Used","Estimated Training Performance","Wallclock Time","Incumbent ID","Automatic Configurator (CPU) Time","Configuration..."
0.000000, 2147483648.000000, 0.001568, 1, 0.001568, colsample_bytree='0.569966175314039',eta='0.009556882986489993',max_depth='3',reg_lambda='0.0020776820882921045'
1.227753, 0.097300, 1.230359, 1, 0.002606, colsample_bytree='0.569966175314039',eta='0.009556882986489993',max_depth='3',reg_lambda='0.0020776820882921045'
8.999726, 0.016400, 9.007559, 2, 0.007833, colsample_bytree='0.3878000834956765',eta='0.004721681612948408',max_depth='10',reg_lambda='0.09654112415362535'
29.162163, 0.012000, 29.196867, 3, 0.034704, colsample_bytree='0.6345239883288741',eta='0.33181775125056084',max_depth='2',reg_lambda='0.043291333432912055'
61.187349, 0.009600, 62.474162, 4, 1.286813, colsample_bytree='0.6258298153126665',eta='0.34669707858283605',max_depth='2',reg_lambda='0.33989812636104627'
72.248717, 0.008500, 79.262977, 5, 7.014261, colsample_bytree='0.62624069894365',eta='0.34749120587165067',max_depth='2',reg_lambda='0.01943758330194356'
