{
  "mean_cost": 0.08563492063492062,
  "finished_ta_runs": 1,
  "inc_changed": 1,
  "n_configs": 1,
  "submitted_ta_runs": 1,
  "ta_time_used": 0.13421106338500977,
  "wallclock_time_used": 0.1358017921447754
}