"CPU Time Used","Estimated Training Performance","Wallclock Time","Incumbent ID","Automatic Configurator (CPU) Time","Configuration..."
0.000000, 2147483648.000000, 0.001386, 1, 0.001386, colsample_bytree='0.2890479595400393',eta='0.02972240058848022',max_depth='1',reg_lambda='0.23594281684827217'
0.016157, 0.470800, 0.018459, 1, 0.002302, colsample_bytree='0.2890479595400393',eta='0.02972240058848022',max_depth='1',reg_lambda='0.23594281684827217'
0.093091, 0.386300, 0.097773, 2, 0.004683, colsample_bytree='0.839533680677414',eta='0.03178815964339868',max_depth='7',reg_lambda='260.08137409645684'
0.162493, 0.012600, 0.168776, 3, 0.006283, colsample_bytree='1.0',eta='0.3',max_depth='10',reg_lambda='1.0'
0.625121, 0.003900, 0.659861, 4, 0.034740, colsample_bytree='0.7856166652403772',eta='0.9117625916488072',max_depth='4',reg_lambda='0.06672038436959972'
1.557353, 0.000000, 7.456178, 5, 5.898825, colsample_bytree='0.9853433520201949',eta='0.9060729150876373',max_depth='4',reg_lambda='0.054370141096209496'
