"CPU Time Used","Estimated Training Performance","Wallclock Time","Incumbent ID","Automatic Configurator (CPU) Time","Configuration..."
0.000000, 2147483648.000000, 0.000543, 1, 0.000543, alpha='0.0040824718253228975',eta0='0.00044195488125554607'
0.047601, 0.216700, 0.048882, 1, 0.001281, alpha='0.0040824718253228975',eta0='0.00044195488125554607'
0.558163, 0.142300, 0.577611, 2, 0.019448, alpha='0.000182884801566337',eta0='0.0008272593854647256'
1.005923, 0.123700, 1.050017, 3, 0.044094, alpha='1.4230872500070733e-05',eta0='0.006316939148274451'
1.304262, 0.107800, 1.645825, 4, 0.341563, alpha='1.51018067402353e-05',eta0='0.0028059441895494975'
4.724391, 0.106200, 35.527768, 5, 30.803377, alpha='1.6954985053505274e-05',eta0='0.0018744315245051893'
4.882319, 0.105000, 36.269641, 6, 31.387322, alpha='1.661098591746818e-05',eta0='0.002041993570492005'
6.560810, 0.103300, 57.585328, 7, 51.024518, alpha='1.0214020229676472e-05',eta0='0.010491708354118041'
