{"cpu_time": 0.0, "wallclock_time": 0.0017218589782714844, "evaluations": 0, "cost": 2147483648.0, "incumbent": ["max_depth='2'", "max_features='0.4491682695224881'", "min_samples_leaf='1'", "min_samples_split='4'"], "origin": "Sobol"}
{"cpu_time": 0.09590387344360352, "wallclock_time": 0.09874987602233887, "evaluations": 1, "cost": 0.3328, "incumbent": ["max_depth='2'", "max_features='0.4491682695224881'", "min_samples_leaf='1'", "min_samples_split='4'"], "origin": "Sobol"}
{"cpu_time": 0.4215521812438965, "wallclock_time": 0.4271578788757324, "evaluations": 4, "cost": 0.3137, "incumbent": ["max_depth='17'", "max_features='0.6137791713699698'", "min_samples_leaf='16'", "min_samples_split='18'"], "origin": "Sobol"}
{"cpu_time": 0.6467719078063965, "wallclock_time": 0.654181957244873, "evaluations": 6, "cost": 0.3008, "incumbent": ["max_depth='10'", "max_features='0.5'", "min_samples_leaf='1'", "min_samples_split='32'"], "origin": null}
{"cpu_time": 5.643705606460571, "wallclock_time": 5.715021848678589, "evaluations": 49, "cost": 0.2837, "incumbent": ["max_depth='19'", "max_features='0.9526863796636462'", "min_samples_leaf='5'", "min_samples_split='4'"], "origin": "Sobol"}
{"cpu_time": 7.447822570800781, "wallclock_time": 8.758570909500122, "evaluations": 61, "cost": 0.2828, "incumbent": ["max_depth='15'", "max_features='0.9552136134385627'", "min_samples_leaf='4'", "min_samples_split='2'"], "origin": "Local Search"}
{"cpu_time": 9.157665491104126, "wallclock_time": 12.75817084312439, "evaluations": 70, "cost": 0.2794, "incumbent": ["max_depth='17'", "max_features='0.9771867616947215'", "min_samples_leaf='4'", "min_samples_split='10'"], "origin": "Local Search"}
{"cpu_time": 28.55993890762329, "wallclock_time": 104.33455801010132, "evaluations": 176, "cost": 0.2792, "incumbent": ["max_depth='17'", "max_features='0.9761574132941703'", "min_samples_leaf='4'", "min_samples_split='11'"], "origin": "Local Search"}
{"cpu_time": 38.008453130722046, "wallclock_time": 140.83175086975098, "evaluations": 224, "cost": 0.2786, "incumbent": ["max_depth='18'", "max_features='0.9871987414904747'", "min_samples_leaf='3'", "min_samples_split='12'"], "origin": "Local Search"}
