{"cpu_time": 0.0, "wallclock_time": 0.008810043334960938, "evaluations": 0, "cost": 2147483648.0, "incumbent": ["alpha='0.0004126639093412234'", "eta0='0.0017613324954003418'"], "origin": "Sobol"}
{"cpu_time": 4.705224990844727, "wallclock_time": 4.715996980667114, "evaluations": 1, "cost": 0.1356, "incumbent": ["alpha='0.0004126639093412234'", "eta0='0.0017613324954003418'"], "origin": "Sobol"}
{"cpu_time": 29.933606386184692, "wallclock_time": 29.950178861618042, "evaluations": 7, "cost": 0.0857, "incumbent": ["alpha='0.10693804138470717'", "eta0='1.4701197301483249e-05'"], "origin": "Sobol"}
{"cpu_time": 146.13081312179565, "wallclock_time": 146.82966470718384, "evaluations": 37, "cost": 0.0853, "incumbent": ["alpha='0.05656626063954034'", "eta0='1.6349911432755995e-05'"], "origin": "Local Search"}
{"cpu_time": 177.60585927963257, "wallclock_time": 178.63364791870117, "evaluations": 45, "cost": 0.084, "incumbent": ["alpha='0.012371776659035065'", "eta0='1.6002789425793856e-05'"], "origin": "Local Search"}
{"cpu_time": 215.59629559516907, "wallclock_time": 217.6762478351593, "evaluations": 54, "cost": 0.0839, "incumbent": ["alpha='0.008351343776375008'", "eta0='1.579684330113854e-05'"], "origin": "Random Search (sorted)"}
{"cpu_time": 237.97928047180176, "wallclock_time": 240.06835794448853, "evaluations": 59, "cost": 0.0838, "incumbent": ["alpha='0.0075193885327260535'", "eta0='1.5949322643374578e-05'"], "origin": "Random Search (sorted)"}
{"cpu_time": 808.6256127357483, "wallclock_time": 838.0446949005127, "evaluations": 189, "cost": 0.0837, "incumbent": ["alpha='0.00795936768485716'", "eta0='1.3408163909139666e-05'"], "origin": "Local Search"}
{"cpu_time": 862.1732230186462, "wallclock_time": 893.3723168373108, "evaluations": 201, "cost": 0.0834, "incumbent": ["alpha='0.007942445139102992'", "eta0='1.10305381960322e-05'"], "origin": "Local Search"}
