"CPU Time Used","Estimated Training Performance","Wallclock Time","Incumbent ID","Automatic Configurator (CPU) Time","Configuration..."
0.000000, 2147483648.000000, 0.008810, 1, 0.008810, alpha='0.0004126639093412234',eta0='0.0017613324954003418'
4.705225, 0.135600, 4.715997, 1, 0.010772, alpha='0.0004126639093412234',eta0='0.0017613324954003418'
29.933606, 0.085700, 29.950179, 2, 0.016572, alpha='0.10693804138470717',eta0='1.4701197301483249e-05'
146.130813, 0.085300, 146.829665, 3, 0.698852, alpha='0.05656626063954034',eta0='1.6349911432755995e-05'
177.605859, 0.084000, 178.633648, 4, 1.027789, alpha='0.012371776659035065',eta0='1.6002789425793856e-05'
215.596296, 0.083900, 217.676248, 5, 2.079952, alpha='0.008351343776375008',eta0='1.579684330113854e-05'
237.979280, 0.083800, 240.068358, 6, 2.089077, alpha='0.0075193885327260535',eta0='1.5949322643374578e-05'
808.625613, 0.083700, 838.044695, 7, 29.419082, alpha='0.00795936768485716',eta0='1.3408163909139666e-05'
862.173223, 0.083400, 893.372317, 8, 31.199094, alpha='0.007942445139102992',eta0='1.10305381960322e-05'
