"CPU Time Used","Estimated Training Performance","Wallclock Time","Incumbent ID","Automatic Configurator (CPU) Time","Configuration..."
0.000000, 2147483648.000000, 0.001645, 1, 0.001645, alpha='0.0004126639093412234',eta0='0.0017613324954003418'
0.046564, 0.369100, 0.050500, 1, 0.003936, alpha='0.0004126639093412234',eta0='0.0017613324954003418'
0.411602, 0.358500, 0.430191, 2, 0.018589, alpha='1.3751027885583958e-05',eta0='0.0001426968473177047'
1.009357, 0.354300, 1.921440, 3, 0.912083, alpha='0.0001455076016023648',eta0='0.0006298213275525323'
3.191383, 0.352200, 16.312445, 4, 13.121062, alpha='2.0550211699997388e-05',eta0='0.001904565152886669'
3.902895, 0.347800, 20.864414, 5, 16.961519, alpha='0.00013094541778439962',eta0='0.0007421330026352547'
4.368191, 0.347500, 24.791588, 6, 20.423397, alpha='2.300932383740092e-05',eta0='0.0004186734037634945'
5.763774, 0.342000, 37.169514, 7, 31.405740, alpha='2.052441071550944e-05',eta0='0.0006846316842870114'
