"CPU Time Used","Estimated Training Performance","Wallclock Time","Incumbent ID","Automatic Configurator (CPU) Time","Configuration..."
0.000000, 2147483648.000000, 0.000040, 1, 0.000040, C='1.0',gamma='0.1'
0.106805, 0.171700, 0.107458, 1, 0.000653, C='1.0',gamma='0.1'
0.449605, 0.072600, 0.454889, 2, 0.005283, C='52.455931369707116',gamma='0.0011373846877749554'
12.713559, 0.067700, 13.193636, 3, 0.480077, C='9.936189981360835',gamma='0.0017987913537249826'
