{"cpu_time": 0.0, "wallclock_time": 4.506111145019531e-05, "evaluations": 0, "cost": 2147483648.0, "incumbent": ["C='1.0'", "gamma='0.1'"], "origin": "Default"}
{"cpu_time": 0.02077174186706543, "wallclock_time": 0.021615028381347656, "evaluations": 1, "cost": 0.1496, "incumbent": ["C='1.0'", "gamma='0.1'"], "origin": "Default"}
