{"cpu_time": 0.0, "wallclock_time": 0.0006084442138671875, "evaluations": 0, "cost": 2147483648.0, "incumbent": {"alpha": 0.0040824718253228975, "eta0": 0.00044195488125554607}, "budget": 0, "origin": "Sobol"}
{"cpu_time": 5.615876913070679, "wallclock_time": 5.619450330734253, "evaluations": 1, "cost": 0.0875, "incumbent": {"alpha": 0.0040824718253228975, "eta0": 0.00044195488125554607}, "budget": 0, "origin": "Sobol"}
{"cpu_time": 278.5868365764618, "wallclock_time": 281.4749572277069, "evaluations": 50, "cost": 0.0835, "incumbent": {"alpha": 0.015910583931125905, "eta0": 0.0004329081520537963}, "budget": 0, "origin": "Random Search (sorted)"}
{"cpu_time": 422.9411835670471, "wallclock_time": 428.49367237091064, "evaluations": 76, "cost": 0.0831, "incumbent": {"alpha": 0.015910583931125905, "eta0": 0.0004308363958808834}, "budget": 0, "origin": "Local Search"}
