"CPU Time Used","Estimated Training Performance","Wallclock Time","Incumbent ID","Automatic Configurator (CPU) Time","Configuration..."
0.000000, 2147483648.000000, 0.000608, 1, 0.000608, alpha='0.0040824718253228975',eta0='0.00044195488125554607'
5.615877, 0.087500, 5.619450, 1, 0.003573, alpha='0.0040824718253228975',eta0='0.00044195488125554607'
278.586837, 0.083500, 281.474957, 2, 2.888121, alpha='0.015910583931125905',eta0='0.0004329081520537963'
422.941184, 0.083100, 428.493672, 3, 5.552489, alpha='0.015910583931125905',eta0='0.0004308363958808834'
