"CPU Time Used","Estimated Training Performance","Wallclock Time","Incumbent ID","Automatic Configurator (CPU) Time","Configuration..."
0.000000, 2147483648.000000, 0.000562, 1, 0.000562, C='0.08611366210550205',gamma='0.4942679928374453'
0.006966, 0.500000, 0.008240, 1, 0.001274, C='0.08611366210550205',gamma='0.4942679928374453'
0.280086, 0.341900, 0.328935, 2, 0.048849, C='490.89071375229827',gamma='0.4114559193983836'
0.356071, 0.299300, 0.430963, 3, 0.074893, C='76.5060885254147',gamma='0.08851540004701101'
0.392935, 0.132600, 0.804315, 4, 0.411380, C='179.9501292492851',gamma='0.056677137567957316'
0.458239, 0.119700, 1.209781, 5, 0.751542, C='167.34225929866363',gamma='0.02514853541688204'
0.490721, 0.115400, 1.567369, 6, 1.076648, C='160.24228188985361',gamma='0.01635095925386816'
1.080303, 0.059800, 9.115485, 7, 8.035182, C='106.58265832152283',gamma='0.015748118060640984'
