"CPU Time Used","Estimated Training Performance","Wallclock Time","Incumbent ID","Automatic Configurator (CPU) Time","Configuration..."
0.000000, 2147483648.000000, 0.003796, 1, 0.003796, colsample_bytree='0.569966175314039',eta='0.009556882986489993',max_depth='3',reg_lambda='0.0020776820882921045'
0.852088, 0.048400, 0.856968, 1, 0.004880, colsample_bytree='0.569966175314039',eta='0.009556882986489993',max_depth='3',reg_lambda='0.0020776820882921045'
8.343897, 0.031800, 8.354325, 2, 0.010428, colsample_bytree='0.3878000834956765',eta='0.004721681612948408',max_depth='10',reg_lambda='0.09654112415362535'
11.959551, 0.006700, 11.972891, 3, 0.013340, colsample_bytree='1.0',eta='0.3',max_depth='10',reg_lambda='1.0'
37.797802, 0.003800, 37.856011, 4, 0.058209, colsample_bytree='0.9323523727245628',eta='0.2476536704910154',max_depth='9',reg_lambda='0.0035770621836229634'
60.462335, 0.002200, 64.959309, 5, 4.496974, colsample_bytree='0.929970087233712',eta='0.21415010730313302',max_depth='8',reg_lambda='0.0038538205185336175'
195.519542, 0.001700, 228.988111, 6, 33.468569, colsample_bytree='0.9255933655361177',eta='0.10909678484952638',max_depth='8',reg_lambda='0.00376076817565487'
305.826267, 0.001400, 376.985117, 7, 71.158849, colsample_bytree='0.9169362982938684',eta='0.1020949344251',max_depth='8',reg_lambda='0.0038878739962214313'
