"CPU Time Used","Estimated Training Performance","Wallclock Time","Incumbent ID","Automatic Configurator (CPU) Time","Configuration..."
0.000000, 2147483648.000000, 0.000645, 1, 0.000645, C='0.08611366210550205',gamma='0.4942679928374453'
0.124655, 0.900000, 0.126195, 1, 0.001540, C='0.08611366210550205',gamma='0.4942679928374453'
0.501309, 0.899000, 0.505599, 2, 0.004290, C='19.433598606658386',gamma='9.232350409327609'
0.747056, 0.896200, 0.753199, 3, 0.006143, C='1.0',gamma='0.1'
1.315400, 0.887500, 1.325225, 4, 0.009825, C='69.38389384208695',gamma='0.0015531477828170245'
2.621619, 0.846200, 2.642956, 5, 0.021337, C='4.532544074901469',gamma='0.03382327396632573'
8.904915, 0.843400, 11.082927, 6, 2.178012, C='3.244276172555367',gamma='0.02565555700769168'
26.513941, 0.840700, 41.912193, 7, 15.398252, C='111.04140855760701',gamma='0.024685429688078013'
