{"cpu_time": 0.0, "wallclock_time": 0.0006449222564697266, "evaluations": 0, "cost": 2147483648.0, "incumbent": {"C": 0.08611366210550205, "gamma": 0.4942679928374453}, "budget": 0, "origin": "Sobol"}
{"cpu_time": 0.12465524673461914, "wallclock_time": 0.12619495391845703, "evaluations": 1, "cost": 0.9, "incumbent": {"C": 0.08611366210550205, "gamma": 0.4942679928374453}, "budget": 0, "origin": "Sobol"}
{"cpu_time": 0.5013091564178467, "wallclock_time": 0.5055990219116211, "evaluations": 4, "cost": 0.899, "incumbent": {"C": 19.433598606658386, "gamma": 9.232350409327609}, "budget": 0, "origin": "Sobol"}
{"cpu_time": 0.747056245803833, "wallclock_time": 0.7531988620758057, "evaluations": 6, "cost": 0.8962, "incumbent": {"C": 1.0, "gamma": 0.1}, "budget": 0, "origin": null}
{"cpu_time": 1.3153998851776123, "wallclock_time": 1.3252248764038086, "evaluations": 10, "cost": 0.8875, "incumbent": {"C": 69.38389384208695, "gamma": 0.0015531477828170245}, "budget": 0, "origin": "Sobol"}
{"cpu_time": 2.621619462966919, "wallclock_time": 2.642956018447876, "evaluations": 20, "cost": 0.8462, "incumbent": {"C": 4.532544074901469, "gamma": 0.03382327396632573}, "budget": 0, "origin": "Sobol"}
{"cpu_time": 8.904914855957031, "wallclock_time": 11.082926750183105, "evaluations": 68, "cost": 0.8434, "incumbent": {"C": 3.244276172555367, "gamma": 0.02565555700769168}, "budget": 0, "origin": "Local Search"}
{"cpu_time": 26.513941049575806, "wallclock_time": 41.912193059921265, "evaluations": 202, "cost": 0.8407, "incumbent": {"C": 111.04140855760701, "gamma": 0.024685429688078013}, "budget": 0, "origin": "Random Search (sorted)"}
