{
  "mean_cost": 0.3896230168945404,
  "finished_ta_runs": 638,
  "inc_changed": 6,
  "n_configs": 609,
  "submitted_ta_runs": 638,
  "ta_time_used": 113.65617179870605,
  "wallclock_time_used": 120.35763907432556,
  "dataset_id": 167141
}