{"cpu_time": 0.0, "wallclock_time": 0.0015401840209960938, "evaluations": 0, "cost": 2147483648.0, "incumbent": ["max_depth='6'", "max_features='0.3290755869820714'", "min_samples_leaf='11'", "min_samples_split='2'"], "origin": "Sobol"}
{"cpu_time": 0.20049476623535156, "wallclock_time": 0.2029280662536621, "evaluations": 1, "cost": 0.0754, "incumbent": ["max_depth='6'", "max_features='0.3290755869820714'", "min_samples_leaf='11'", "min_samples_split='2'"], "origin": "Sobol"}
{"cpu_time": 5.713562250137329, "wallclock_time": 5.733246326446533, "evaluations": 17, "cost": 0.0542, "incumbent": ["max_depth='14'", "max_features='0.1785462163388729'", "min_samples_leaf='2'", "min_samples_split='10'"], "origin": "Sobol"}
{"cpu_time": 12.562332391738892, "wallclock_time": 12.609245300292969, "evaluations": 37, "cost": 0.0481, "incumbent": ["max_depth='39'", "max_features='0.3087822897359729'", "min_samples_leaf='3'", "min_samples_split='7'"], "origin": "Sobol"}
{"cpu_time": 30.628825664520264, "wallclock_time": 40.5121169090271, "evaluations": 90, "cost": 0.0472, "incumbent": ["max_depth='21'", "max_features='0.4899433320668072'", "min_samples_leaf='3'", "min_samples_split='6'"], "origin": "Local Search"}
{"cpu_time": 33.085925340652466, "wallclock_time": 43.539682149887085, "evaluations": 96, "cost": 0.0418, "incumbent": ["max_depth='50'", "max_features='0.4899433320668072'", "min_samples_leaf='1'", "min_samples_split='4'"], "origin": "Local Search"}
{"cpu_time": 55.69934844970703, "wallclock_time": 82.10107207298279, "evaluations": 153, "cost": 0.041, "incumbent": ["max_depth='47'", "max_features='0.4875531620014322'", "min_samples_leaf='1'", "min_samples_split='5'"], "origin": "Local Search"}
