{
  "mean_cost": 0.2862179487179488,
  "finished_ta_runs": 2,
  "inc_changed": 1,
  "n_configs": 1,
  "submitted_ta_runs": 2,
  "ta_time_used": 0.4666900634765625,
  "wallclock_time_used": 0.4687161445617676,
  "dataset_id": 146819,
  "perf_time": 0.47425562499984153
}