"CPU Time Used","Estimated Training Performance","Wallclock Time","Incumbent ID","Automatic Configurator (CPU) Time","Configuration..."
0.000000, 2147483648.000000, 0.000045, 1, 0.000045, colsample_bytree='1.0',eta='0.3',max_depth='10',reg_lambda='1.0'
0.179459, 0.304800, 0.180166, 1, 0.000707, colsample_bytree='1.0',eta='0.3',max_depth='10',reg_lambda='1.0'
0.584115, 0.302400, 0.587758, 2, 0.003644, colsample_bytree='0.8787311974598232',eta='0.5789811375409207',max_depth='5',reg_lambda='0.0011373846877749554'
1.446896, 0.267700, 1.457515, 3, 0.010619, colsample_bytree='0.944553396390592',eta='0.7771105186723747',max_depth='4',reg_lambda='6.037064981686672'
29.600098, 0.251800, 32.400899, 4, 2.800801, colsample_bytree='0.9015339558384916',eta='0.021248426244486116',max_depth='8',reg_lambda='0.9495881895693888'
