{"cpu_time": 0.0, "wallclock_time": 4.506111145019531e-05, "evaluations": 0, "cost": 2147483648.0, "incumbent": ["colsample_bytree='1.0'", "eta='0.3'", "max_depth='10'", "reg_lambda='1.0'"], "origin": "Default"}
{"cpu_time": 0.1794590950012207, "wallclock_time": 0.18016624450683594, "evaluations": 1, "cost": 0.3048, "incumbent": ["colsample_bytree='1.0'", "eta='0.3'", "max_depth='10'", "reg_lambda='1.0'"], "origin": "Default"}
{"cpu_time": 0.5841145515441895, "wallclock_time": 0.5877583026885986, "evaluations": 4, "cost": 0.3024, "incumbent": ["colsample_bytree='0.8787311974598232'", "eta='0.5789811375409207'", "max_depth='5'", "reg_lambda='0.0011373846877749554'"], "origin": "Random Search"}
{"cpu_time": 1.4468963146209717, "wallclock_time": 1.4575152397155762, "evaluations": 11, "cost": 0.2677, "incumbent": ["colsample_bytree='0.944553396390592'", "eta='0.7771105186723747'", "max_depth='4'", "reg_lambda='6.037064981686672'"], "origin": "Random Search"}
{"cpu_time": 29.60009789466858, "wallclock_time": 32.400899171829224, "evaluations": 417, "cost": 0.2518, "incumbent": ["colsample_bytree='0.9015339558384916'", "eta='0.021248426244486116'", "max_depth='8'", "reg_lambda='0.9495881895693888'"], "origin": "Random Search"}
