{"cpu_time": 0.0, "wallclock_time": 0.0005538463592529297, "evaluations": 0, "cost": 2147483648.0, "incumbent": ["C='0.017961675793542162'", "gamma='0.9046232030638993'"], "origin": "Sobol"}
{"cpu_time": 0.03431272506713867, "wallclock_time": 0.03560185432434082, "evaluations": 1, "cost": 0.6667, "incumbent": ["C='0.017961675793542162'", "gamma='0.9046232030638993'"], "origin": "Sobol"}
{"cpu_time": 0.13027310371398926, "wallclock_time": 0.13396978378295898, "evaluations": 4, "cost": 0.5808, "incumbent": ["C='61.71933670840937'", "gamma='1.0864412265106145'"], "origin": "Sobol"}
{"cpu_time": 0.17961621284484863, "wallclock_time": 0.18497776985168457, "evaluations": 6, "cost": 0.4982, "incumbent": ["C='1.0'", "gamma='0.1'"], "origin": null}
{"cpu_time": 0.28397083282470703, "wallclock_time": 0.2926290035247803, "evaluations": 10, "cost": 0.4777, "incumbent": ["C='12.958180650233897'", "gamma='0.01207858159167579'"], "origin": "Sobol"}
{"cpu_time": 1.421593427658081, "wallclock_time": 3.900254011154175, "evaluations": 44, "cost": 0.4746, "incumbent": ["C='14.758283688062576'", "gamma='0.01217547638637441'"], "origin": "Local Search"}
{"cpu_time": 5.607091426849365, "wallclock_time": 22.09907102584839, "evaluations": 183, "cost": 0.4676, "incumbent": ["C='14.181748882028367'", "gamma='0.016334361998376453'"], "origin": "Local Search"}
{"cpu_time": 5.8945536613464355, "wallclock_time": 23.57799792289734, "evaluations": 192, "cost": 0.4641, "incumbent": ["C='14.18549223198352'", "gamma='0.01588227670625258'"], "origin": "Local Search"}
