"CPU Time Used","Estimated Training Performance","Wallclock Time","Incumbent ID","Automatic Configurator (CPU) Time","Configuration..."
0.000000, 2147483648.000000, 0.000554, 1, 0.000554, C='0.017961675793542162',gamma='0.9046232030638993'
0.034313, 0.666700, 0.035602, 1, 0.001289, C='0.017961675793542162',gamma='0.9046232030638993'
0.130273, 0.580800, 0.133970, 2, 0.003697, C='61.71933670840937',gamma='1.0864412265106145'
0.179616, 0.498200, 0.184978, 3, 0.005362, C='1.0',gamma='0.1'
0.283971, 0.477700, 0.292629, 4, 0.008658, C='12.958180650233897',gamma='0.01207858159167579'
1.421593, 0.474600, 3.900254, 5, 2.478661, C='14.758283688062576',gamma='0.01217547638637441'
5.607091, 0.467600, 22.099071, 6, 16.491980, C='14.181748882028367',gamma='0.016334361998376453'
5.894554, 0.464100, 23.577998, 7, 17.683444, C='14.18549223198352',gamma='0.01588227670625258'
