"CPU Time Used","Estimated Training Performance","Wallclock Time","Incumbent ID","Automatic Configurator (CPU) Time","Configuration..."
0.000000, 2147483648.000000, 0.000045, 1, 0.000045, colsample_bytree='1.0',eta='0.3',max_depth='10',reg_lambda='1.0'
4.763033, 0.029600, 4.763762, 1, 0.000729, colsample_bytree='1.0',eta='0.3',max_depth='10',reg_lambda='1.0'
14.953828, 0.027400, 14.957400, 2, 0.003572, colsample_bytree='0.8787311974598232',eta='0.5789811375409207',max_depth='5',reg_lambda='0.0011373846877749554'
59.502582, 0.028600, 59.516636, 3, 0.014054, colsample_bytree='0.9806458301683194',eta='0.11021240891825923',max_depth='3',reg_lambda='1.2826061465293854'
84.200564, 0.022400, 84.226601, 4, 0.026037, colsample_bytree='0.1678519540894589',eta='0.17357689985074767',max_depth='8',reg_lambda='0.01954142554261534'
222.749865, 0.022000, 222.873616, 5, 0.123751, colsample_bytree='0.5569725902137237',eta='0.43617660629602417',max_depth='5',reg_lambda='0.3490054055185923'
523.964059, 0.020500, 524.566074, 6, 0.602015, colsample_bytree='0.27375641623321084',eta='0.27699510598394317',max_depth='3',reg_lambda='0.0030839998987486532'
1272.337558, 0.020300, 1275.727513, 7, 3.389955, colsample_bytree='0.1819605984191645',eta='0.30249869286600506',max_depth='3',reg_lambda='0.16599752279003396'
