{"cpu_time": 0.0, "wallclock_time": 4.506111145019531e-05, "evaluations": 0, "cost": 2147483648.0, "incumbent": ["colsample_bytree='1.0'", "eta='0.3'", "max_depth='10'", "reg_lambda='1.0'"], "origin": "Default"}
{"cpu_time": 4.763032674789429, "wallclock_time": 4.7637619972229, "evaluations": 1, "cost": 0.0296, "incumbent": ["colsample_bytree='1.0'", "eta='0.3'", "max_depth='10'", "reg_lambda='1.0'"], "origin": "Default"}
{"cpu_time": 14.95382833480835, "wallclock_time": 14.95740008354187, "evaluations": 4, "cost": 0.0274, "incumbent": ["colsample_bytree='0.8787311974598232'", "eta='0.5789811375409207'", "max_depth='5'", "reg_lambda='0.0011373846877749554'"], "origin": "Random Search"}
{"cpu_time": 59.50258159637451, "wallclock_time": 59.51663589477539, "evaluations": 14, "cost": 0.0286, "incumbent": ["colsample_bytree='0.9806458301683194'", "eta='0.11021240891825923'", "max_depth='3'", "reg_lambda='1.2826061465293854'"], "origin": "Random Search"}
{"cpu_time": 84.20056438446045, "wallclock_time": 84.22660088539124, "evaluations": 24, "cost": 0.0224, "incumbent": ["colsample_bytree='0.1678519540894589'", "eta='0.17357689985074767'", "max_depth='8'", "reg_lambda='0.01954142554261534'"], "origin": "Random Search"}
{"cpu_time": 222.74986481666565, "wallclock_time": 222.8736162185669, "evaluations": 70, "cost": 0.022, "incumbent": ["colsample_bytree='0.5569725902137237'", "eta='0.43617660629602417'", "max_depth='5'", "reg_lambda='0.3490054055185923'"], "origin": "Random Search"}
{"cpu_time": 523.964058637619, "wallclock_time": 524.5660741329193, "evaluations": 182, "cost": 0.0205, "incumbent": ["colsample_bytree='0.27375641623321084'", "eta='0.27699510598394317'", "max_depth='3'", "reg_lambda='0.0030839998987486532'"], "origin": "Random Search"}
{"cpu_time": 1272.3375577926636, "wallclock_time": 1275.7275130748749, "evaluations": 471, "cost": 0.0203, "incumbent": ["colsample_bytree='0.1819605984191645'", "eta='0.30249869286600506'", "max_depth='3'", "reg_lambda='0.16599752279003396'"], "origin": "Random Search"}
