{
  "mean_cost": 0.8571428571428572,
  "finished_ta_runs": 1,
  "inc_changed": 1,
  "n_configs": 1,
  "submitted_ta_runs": 1,
  "ta_time_used": 0.10222578048706055,
  "wallclock_time_used": 0.10367298126220703,
  "dataset_id": 146817,
  "perf_time": 0.10937250000006316
}