{
  "mean_cost": 0.4675036565928506,
  "finished_ta_runs": 300,
  "inc_changed": 10,
  "n_configs": 121,
  "submitted_ta_runs": 300,
  "ta_time_used": 793.6061630249023,
  "wallclock_time_used": 873.020959854126,
  "dataset_id": 14969,
  "perf_time": 873.03566125
}