{
  "mean_cost": 0.06297232028852803,
  "finished_ta_runs": 300,
  "inc_changed": 4,
  "n_configs": 98,
  "submitted_ta_runs": 300,
  "ta_time_used": 5.195461750030518,
  "wallclock_time_used": 33.635031938552856,
  "dataset_id": 49,
  "perf_time": 33.64805770799285
}