"CPU Time Used","Estimated Training Performance","Wallclock Time","Incumbent ID","Automatic Configurator (CPU) Time","Configuration..."
0.000000, 2147483648.000000, 0.000034, 1, 0.000034, alpha='0.001',eta0='0.01'
0.096838, 0.224600, 0.097464, 1, 0.000626, alpha='0.001',eta0='0.01'
1.103567, 0.160700, 1.117075, 2, 0.013508, alpha='0.002374055867675844',eta0='5.8767874739523716e-05'
1.695244, 0.156800, 1.717028, 3, 0.021784, alpha='0.005552327829437055',eta0='4.9488396977195885e-05'
6.293589, 0.154000, 6.427807, 4, 0.134218, alpha='0.0001580175260173067',eta0='3.567628383737994e-05'
7.354943, 0.153200, 7.522511, 5, 0.167568, alpha='0.00017370402632950761',eta0='3.8280111280296e-05'
