"CPU Time Used","Estimated Training Performance","Wallclock Time","Incumbent ID","Automatic Configurator (CPU) Time","Configuration..."
0.000000, 2147483648.000000, 0.000048, 1, 0.000048, alpha='0.001',eta0='0.01'
0.737403, 0.177100, 0.738082, 1, 0.000679, alpha='0.001',eta0='0.01'
9.523421, 0.196900, 9.533811, 2, 0.010390, alpha='1.8419909509685855e-05',eta0='0.05046106065359831'
17.401607, 0.191700, 17.418688, 3, 0.017081, alpha='0.002374055867675844',eta0='5.8767874739523716e-05'
47.012111, 0.190000, 47.079100, 4, 0.066989, alpha='0.0008703726019684695',eta0='0.0010141952517773397'
61.328006, 0.182100, 61.425616, 5, 0.097610, alpha='8.061084097403806e-05',eta0='0.0004142551711979577'
