{
  "mean_cost": 0.2962592296580468,
  "finished_ta_runs": 600,
  "inc_changed": 6,
  "n_configs": 568,
  "submitted_ta_runs": 600,
  "ta_time_used": 16.887799978256226,
  "wallclock_time_used": 22.272990942001343,
  "dataset_id": 37,
  "perf_time": 22.290670542000953
}