"CPU Time Used","Estimated Training Performance","Wallclock Time","Incumbent ID","Automatic Configurator (CPU) Time","Configuration..."
0.000000, 2147483648.000000, 0.001458, 1, 0.001458, colsample_bytree='0.569966175314039',eta='0.009556882986489993',max_depth='3',reg_lambda='0.0020776820882921045'
0.047412, 0.055200, 0.049799, 1, 0.002387, colsample_bytree='0.569966175314039',eta='0.009556882986489993',max_depth='3',reg_lambda='0.0020776820882921045'
0.297935, 0.036100, 0.305255, 2, 0.007320, colsample_bytree='0.3878000834956765',eta='0.004721681612948408',max_depth='10',reg_lambda='0.09654112415362535'
0.552163, 0.034100, 0.566902, 3, 0.014739, colsample_bytree='0.7997161545790732',eta='0.8167090504942917',max_depth='1',reg_lambda='7.369638786139326'
0.800199, 0.030100, 0.823703, 4, 0.023504, colsample_bytree='0.5071276918053628',eta='0.18054041228993647',max_depth='4',reg_lambda='0.7014077911957106'
2.223395, 0.028800, 4.092347, 5, 1.868952, colsample_bytree='0.5384012822240601',eta='0.17961195592575147',max_depth='5',reg_lambda='0.005435192170364533'
3.032129, 0.022900, 8.568419, 6, 5.536290, colsample_bytree='0.39318244235664424',eta='0.1726428586595772',max_depth='5',reg_lambda='0.0024888122229221083'
3.161764, 0.021600, 8.710542, 7, 5.548778, colsample_bytree='0.3933208013057857',eta='0.17451690221018357',max_depth='5',reg_lambda='0.0016597365072805988'
