"CPU Time Used","Estimated Training Performance","Wallclock Time","Incumbent ID","Automatic Configurator (CPU) Time","Configuration..."
0.000000, 2147483648.000000, 0.000037, 1, 0.000037, alpha='0.001',eta0='0.01'
0.048563, 0.420400, 0.049197, 1, 0.000634, alpha='0.001',eta0='0.01'
0.742800, 0.408700, 0.757381, 2, 0.014581, alpha='0.005552327829437055',eta0='4.9488396977195885e-05'
1.108507, 0.405100, 1.132160, 3, 0.023653, alpha='0.008069975154575677',eta0='0.0002621113477187414'
