{
  "mean_cost": 0.37225389384098306,
  "finished_ta_runs": 674,
  "inc_changed": 6,
  "n_configs": 597,
  "submitted_ta_runs": 674,
  "ta_time_used": 113.03857660293579,
  "wallclock_time_used": 120.19856691360474,
  "dataset_id": 18
}