"CPU Time Used","Estimated Training Performance","Wallclock Time","Incumbent ID","Automatic Configurator (CPU) Time","Configuration..."
0.000000, 2147483648.000000, 0.000207, 1, 0.000207, C='0.08611366210550205',gamma='0.4942679928374453'
0.044921, 0.500000, 0.045715, 1, 0.000794, C='0.08611366210550205',gamma='0.4942679928374453'
