{
  "mean_cost": 0.40743974771873326,
  "finished_ta_runs": 300,
  "inc_changed": 5,
  "n_configs": 93,
  "submitted_ta_runs": 300,
  "ta_time_used": 3.4875802993774414,
  "wallclock_time_used": 23.1335928440094,
  "dataset_id": 14954,
  "perf_time": 23.14621870799988
}