"CPU Time Used","Estimated Training Performance","Wallclock Time","Incumbent ID","Automatic Configurator (CPU) Time","Configuration..."
0.000000, 2147483648.000000, 0.000035, 1, 0.000035, C='1.0',gamma='0.1'
59.572823, 0.499400, 59.573579, 1, 0.000756, C='1.0',gamma='0.1'
239.995660, 0.474200, 240.005215, 2, 0.009555, C='167.43465269107315',gamma='0.010473312293162985'
1016.266157, 0.467900, 1016.318806, 3, 0.052649, C='1.9695969079413513',gamma='0.0066983131773587995'
3458.900761, 0.455200, 3459.154050, 4, 0.253289, C='679.0325401248423',gamma='0.0030357544050474464'
16359.276346, 0.454600, 16361.548573, 5, 2.272227, C='133.8164376100696',gamma='0.001570388453203586'
18568.475464, 0.453700, 18571.227761, 6, 2.752297, C='8.692604106495832',gamma='0.0010324396783099518'
27719.375242, 0.453500, 27724.740650, 7, 5.365408, C='10.394705963166974',gamma='0.001769860771743052'
32780.839214, 0.452700, 32787.964424, 8, 7.125210, C='5.9267503551629455',gamma='0.0016074924317016862'
