{
  "mean_cost": 0.10880103782325307,
  "finished_ta_runs": 300,
  "inc_changed": 5,
  "n_configs": 98,
  "submitted_ta_runs": 300,
  "ta_time_used": 4.656612157821655,
  "wallclock_time_used": 33.1110417842865,
  "dataset_id": 49,
  "perf_time": 33.12506091600517
}