"CPU Time Used","Estimated Training Performance","Wallclock Time","Incumbent ID","Automatic Configurator (CPU) Time","Configuration..."
0.000000, 2147483648.000000, 0.000100, 1, 0.000100, C='1.0',gamma='0.1'
0.015944, 0.261300, 0.016840, 1, 0.000896, C='1.0',gamma='0.1'
0.065993, 0.089600, 0.069828, 2, 0.003835, C='167.43465269107315',gamma='0.010473312293162985'
0.810166, 0.018600, 0.868077, 3, 0.057911, C='871.5114118311369',gamma='0.019532202976770125'
1.822365, 0.011900, 2.038435, 4, 0.216070, C='380.9655224681025',gamma='0.03841596220220989'
6.855155, 0.006000, 10.216971, 5, 3.361816, C='851.4625968654051',gamma='0.08948542573987031'
