{"cpu_time": 0.0, "wallclock_time": 0.0014181137084960938, "evaluations": 0, "cost": 2147483648.0, "incumbent": {"colsample_bytree": 0.2890479595400393, "eta": 0.02972240058848022, "max_depth": 1, "reg_lambda": 0.23594281684827217}, "budget": 0, "origin": "Sobol"}
{"cpu_time": 0.18480896949768066, "wallclock_time": 0.18717384338378906, "evaluations": 1, "cost": 0.1551, "incumbent": {"colsample_bytree": 0.2890479595400393, "eta": 0.02972240058848022, "max_depth": 1, "reg_lambda": 0.23594281684827217}, "budget": 0, "origin": "Sobol"}
{"cpu_time": 4.696752071380615, "wallclock_time": 4.701611042022705, "evaluations": 4, "cost": 0.0378, "incumbent": {"colsample_bytree": 0.839533680677414, "eta": 0.03178815964339868, "max_depth": 7, "reg_lambda": 260.08137409645684}, "budget": 0, "origin": "Sobol"}
{"cpu_time": 7.110176086425781, "wallclock_time": 7.116786003112793, "evaluations": 6, "cost": 0.0067, "incumbent": {"colsample_bytree": 1.0, "eta": 0.3, "max_depth": 10, "reg_lambda": 1.0}, "budget": 0, "origin": null}
{"cpu_time": 52.5193190574646, "wallclock_time": 56.63804793357849, "evaluations": 59, "cost": 0.0005, "incumbent": {"colsample_bytree": 1.0, "eta": 0.20773693301333038, "max_depth": 8, "reg_lambda": 1.301212437955899}, "budget": 0, "origin": "Local Search"}
