{"cpu_time": 0.0, "wallclock_time": 0.001608133316040039, "evaluations": 0, "cost": 2147483648.0, "incumbent": {"max_depth": 6, "max_features": 0.3290755869820714, "min_samples_leaf": 11, "min_samples_split": 2}, "budget": 0, "origin": "Sobol"}
{"cpu_time": 0.22966575622558594, "wallclock_time": 0.23235106468200684, "evaluations": 1, "cost": 0.0292, "incumbent": {"max_depth": 6, "max_features": 0.3290755869820714, "min_samples_leaf": 11, "min_samples_split": 2}, "budget": 0, "origin": "Sobol"}
{"cpu_time": 5.354073762893677, "wallclock_time": 5.384943008422852, "evaluations": 17, "cost": 0.0245, "incumbent": {"max_depth": 14, "max_features": 0.1785462163388729, "min_samples_leaf": 2, "min_samples_split": 10}, "budget": 0, "origin": "Sobol"}
{"cpu_time": 11.380358934402466, "wallclock_time": 11.453892946243286, "evaluations": 37, "cost": 0.0217, "incumbent": {"max_depth": 39, "max_features": 0.3087822897359729, "min_samples_leaf": 3, "min_samples_split": 7}, "budget": 0, "origin": "Sobol"}
{"cpu_time": 22.614959239959717, "wallclock_time": 26.361108779907227, "evaluations": 75, "cost": 0.0195, "incumbent": {"max_depth": 29, "max_features": 0.28792678082789763, "min_samples_leaf": 2, "min_samples_split": 6}, "budget": 0, "origin": "Local Search"}
{"cpu_time": 30.448452711105347, "wallclock_time": 43.45619487762451, "evaluations": 105, "cost": 0.0191, "incumbent": {"max_depth": 46, "max_features": 0.30971383399723146, "min_samples_leaf": 1, "min_samples_split": 3}, "budget": 0, "origin": "Local Search"}
{"cpu_time": 34.446505308151245, "wallclock_time": 51.88929605484009, "evaluations": 120, "cost": 0.0185, "incumbent": {"max_depth": 34, "max_features": 0.31087713840490544, "min_samples_leaf": 1, "min_samples_split": 5}, "budget": 0, "origin": "Local Search"}
{"cpu_time": 36.932990312576294, "wallclock_time": 55.41193890571594, "evaluations": 130, "cost": 0.0172, "incumbent": {"max_depth": 34, "max_features": 0.31087713840490544, "min_samples_leaf": 1, "min_samples_split": 6}, "budget": 0, "origin": "Local Search"}
