{
  "mean_cost": 0.07421866823169275,
  "finished_ta_runs": 116,
  "inc_changed": 5,
  "n_configs": 81,
  "submitted_ta_runs": 116,
  "ta_time_used": 41.04089021682739,
  "wallclock_time_used": 60.275131940841675,
  "dataset_id": 167140
}