"CPU Time Used","Estimated Training Performance","Wallclock Time","Incumbent ID","Automatic Configurator (CPU) Time","Configuration..."
0.000000, 2147483648.000000, 0.000599, 1, 0.000599, C='0.017961675793542162',gamma='0.9046232030638993'
0.010044, 0.500000, 0.011526, 1, 0.001482, C='0.017961675793542162',gamma='0.9046232030638993'
0.058988, 0.453500, 0.065694, 2, 0.006706, C='12.958180650233897',gamma='0.01207858159167579'
0.084189, 0.437500, 0.093823, 3, 0.009634, C='1.0',gamma='0.1'
0.250943, 0.394700, 0.281290, 4, 0.030347, C='176.75556488562856',gamma='0.002712060563487799'
1.396887, 0.393700, 7.291711, 5, 5.894824, C='146.8912072486311',gamma='0.0016098932460657403'
1.824854, 0.388600, 9.899119, 6, 8.074265, C='655.9067096048873',gamma='0.001654658763856901'
3.266736, 0.379500, 16.635675, 7, 13.368939, C='999.9552917877887',gamma='0.0015751487569584735'
3.596211, 0.375800, 18.499021, 8, 14.902810, C='934.4608707144384',gamma='0.001578546319103407'
