"CPU Time Used","Estimated Training Performance","Wallclock Time","Incumbent ID","Automatic Configurator (CPU) Time","Configuration..."
0.000000, 2147483648.000000, 0.000599, 1, 0.000599, alpha='0.0040824718253228975',eta0='0.00044195488125554607'
0.061896, 0.406000, 0.063272, 1, 0.001376, alpha='0.0040824718253228975',eta0='0.00044195488125554607'
3.551778, 0.402300, 11.925237, 2, 8.373459, alpha='0.00715992272309946',eta0='0.0005369784742958717'
6.496269, 0.399200, 26.305394, 3, 19.809125, alpha='1.5635259485618612e-05',eta0='0.0010711731830648117'
11.606110, 0.398900, 48.149828, 4, 36.543718, alpha='1.5694640232980464e-05',eta0='0.0012289674354050942'
