{
  "mean_cost": 0.1469970442021663,
  "finished_ta_runs": 2,
  "inc_changed": 1,
  "n_configs": 1,
  "submitted_ta_runs": 2,
  "ta_time_used": 1.0027132034301758,
  "wallclock_time_used": 1.0049169063568115,
  "dataset_id": 2074,
  "perf_time": 1.0105017080004473
}