"CPU Time Used","Estimated Training Performance","Wallclock Time","Incumbent ID","Automatic Configurator (CPU) Time","Configuration..."
0.000000, 2147483648.000000, 0.000547, 1, 0.000547, C='1.3600811985592882',gamma='0.09352602871548096'
0.040164, 0.500000, 0.041407, 1, 0.001243, C='1.3600811985592882',gamma='0.09352602871548096'
