{
  "mean_cost": 0.5423230592874894,
  "finished_ta_runs": 1237,
  "inc_changed": 6,
  "n_configs": 1157,
  "submitted_ta_runs": 1237,
  "ta_time_used": 96.49771618843079,
  "wallclock_time_used": 120.13987898826599,
  "dataset_id": 2079
}