{
  "mean_cost": 0.44910739462057236,
  "finished_ta_runs": 1,
  "inc_changed": 1,
  "n_configs": 1,
  "submitted_ta_runs": 1,
  "ta_time_used": 0.0641489028930664,
  "wallclock_time_used": 0.06555485725402832,
  "dataset_id": 3917,
  "perf_time": 0.07084395899983065
}