"CPU Time Used","Estimated Training Performance","Wallclock Time","Incumbent ID","Automatic Configurator (CPU) Time","Configuration..."
0.000000, 2147483648.000000, 0.000679, 1, 0.000679, alpha='0.0040824718253228975',eta0='0.00044195488125554607'
0.029572, 0.500000, 0.031128, 1, 0.001556, alpha='0.0040824718253228975',eta0='0.00044195488125554607'
0.558969, 0.378100, 0.581769, 2, 0.022800, alpha='5.872228902171585e-05',eta0='0.00027724604623741747'
4.670556, 0.378000, 37.136864, 3, 32.466308, alpha='0.0007031890112891771',eta0='0.0003367901375131167'
