"CPU Time Used","Estimated Training Performance","Wallclock Time","Incumbent ID","Automatic Configurator (CPU) Time","Configuration..."
0.000000, 2147483648.000000, 0.000034, 1, 0.000034, alpha='0.001',eta0='0.01'
0.107164, 0.379300, 0.107781, 1, 0.000617, alpha='0.001',eta0='0.01'
0.504216, 0.279000, 0.507323, 2, 0.003107, alpha='3.649484911512686e-05',eta0='1.2652165208090965e-05'
58.243248, 0.296200, 61.200028, 3, 2.956780, alpha='0.00041784952864228997',eta0='1.0073833006749154e-05'
