"CPU Time Used","Estimated Training Performance","Wallclock Time","Incumbent ID","Automatic Configurator (CPU) Time","Configuration..."
0.000000, 2147483648.000000, 0.000034, 1, 0.000034, C='1.0',gamma='0.1'
0.055397, 0.488900, 0.056032, 1, 0.000635, C='1.0',gamma='0.1'
0.188916, 0.461100, 0.192005, 2, 0.003089, C='167.43465269107315',gamma='0.010473312293162985'
