{"cpu_time": 0.0, "wallclock_time": 3.3855438232421875e-05, "evaluations": 0, "cost": 2147483648.0, "incumbent": {"C": 1.0, "gamma": 0.1}, "budget": 0, "origin": "Default"}
{"cpu_time": 0.05539679527282715, "wallclock_time": 0.05603194236755371, "evaluations": 1, "cost": 0.4889, "incumbent": {"C": 1.0, "gamma": 0.1}, "budget": 0, "origin": "Default"}
{"cpu_time": 0.18891572952270508, "wallclock_time": 0.19200491905212402, "evaluations": 4, "cost": 0.4611, "incumbent": {"C": 167.43465269107315, "gamma": 0.010473312293162985}, "budget": 0, "origin": "Random Search"}
