"CPU Time Used","Estimated Training Performance","Wallclock Time","Incumbent ID","Automatic Configurator (CPU) Time","Configuration..."
0.000000, 2147483648.000000, 0.000645, 1, 0.000645, alpha='0.0004126639093412234',eta0='0.0017613324954003418'
0.085064, 0.172600, 0.086539, 1, 0.001475, alpha='0.0004126639093412234',eta0='0.0017613324954003418'
0.590705, 0.166800, 0.596783, 2, 0.006078, alpha='0.10693804138470717',eta0='1.4701197301483249e-05'
1.624721, 0.168700, 1.641685, 3, 0.016964, alpha='0.011093798215005723',eta0='0.0001899065880253528'
3.374831, 0.154900, 3.417626, 4, 0.042795, alpha='0.018945593349589073',eta0='5.647121368167538e-05'
