"CPU Time Used","Estimated Training Performance","Wallclock Time","Incumbent ID","Automatic Configurator (CPU) Time","Configuration..."
0.000000, 2147483648.000000, 0.000541, 1, 0.000541, C='0.08611366210550205',gamma='0.4942679928374453'
0.032504, 0.800000, 0.033770, 1, 0.001266, C='0.08611366210550205',gamma='0.4942679928374453'
0.109207, 0.199300, 0.112708, 2, 0.003501, C='19.433598606658386',gamma='9.232350409327609'
0.140575, 0.149600, 0.145522, 3, 0.004947, C='1.0',gamma='0.1'
0.328088, 0.090900, 0.343114, 4, 0.015027, C='4.532544074901469',gamma='0.03382327396632573'
0.504546, 0.029100, 0.527931, 5, 0.023385, C='490.89071375229827',gamma='0.4114559193983836'
0.727352, 0.011900, 0.765949, 6, 0.038597, C='76.5060885254147',gamma='0.08851540004701101'
