"CPU Time Used","Estimated Training Performance","Wallclock Time","Incumbent ID","Automatic Configurator (CPU) Time","Configuration..."
0.000000, 2147483648.000000, 0.000038, 1, 0.000038, alpha='0.001',eta0='0.01'
2.365210, 0.038100, 2.366015, 1, 0.000805, alpha='0.001',eta0='0.01'
48.583740, 0.038500, 48.616575, 2, 0.032835, alpha='0.008069975154575677',eta0='0.0002621113477187414'
82.863335, 0.038100, 82.929482, 3, 0.066147, alpha='0.0008703726019684695',eta0='0.0010141952517773397'
584.754733, 0.037500, 586.155736, 4, 1.401004, alpha='0.0039495211433071544',eta0='0.00013969777716947416'
836.570658, 0.036700, 839.270527, 5, 2.699869, alpha='0.002555152404711601',eta0='0.0005509923983512193'
