{"cpu_time": 0.0, "wallclock_time": 3.790855407714844e-05, "evaluations": 0, "cost": 2147483648.0, "incumbent": ["alpha='0.001'", "eta0='0.01'"], "origin": "Default"}
{"cpu_time": 2.3652100563049316, "wallclock_time": 2.3660149574279785, "evaluations": 1, "cost": 0.0381, "incumbent": ["alpha='0.001'", "eta0='0.01'"], "origin": "Default"}
{"cpu_time": 48.58373999595642, "wallclock_time": 48.61657500267029, "evaluations": 20, "cost": 0.0385, "incumbent": ["alpha='0.008069975154575677'", "eta0='0.0002621113477187414'"], "origin": "Random Search"}
{"cpu_time": 82.86333465576172, "wallclock_time": 82.92948198318481, "evaluations": 34, "cost": 0.0381, "incumbent": ["alpha='0.0008703726019684695'", "eta0='0.0010141952517773397'"], "origin": "Random Search"}
{"cpu_time": 584.7547326087952, "wallclock_time": 586.155736207962, "evaluations": 239, "cost": 0.0375, "incumbent": ["alpha='0.0039495211433071544'", "eta0='0.00013969777716947416'"], "origin": "Random Search"}
{"cpu_time": 836.5706584453583, "wallclock_time": 839.2705271244049, "evaluations": 343, "cost": 0.0367, "incumbent": ["alpha='0.002555152404711601'", "eta0='0.0005509923983512193'"], "origin": "Random Search"}
