"CPU Time Used","Estimated Training Performance","Wallclock Time","Incumbent ID","Automatic Configurator (CPU) Time","Configuration..."
0.000000, 2147483648.000000, 0.000577, 1, 0.000577, alpha='0.0040824718253228975',eta0='0.00044195488125554607'
0.163068, 0.163100, 0.164467, 1, 0.001399, alpha='0.0040824718253228975',eta0='0.00044195488125554607'
1.808344, 0.158100, 1.827153, 2, 0.018809, alpha='0.03030347755881635',eta0='9.629973594130217e-05'
2.790065, 0.148500, 2.822471, 3, 0.032406, alpha='5.872228902171585e-05',eta0='0.00027724604623741747'
