{
  "mean_cost": 0.018512556411704368,
  "finished_ta_runs": 88,
  "inc_changed": 4,
  "n_configs": 62,
  "submitted_ta_runs": 88,
  "ta_time_used": 54.78425741195679,
  "wallclock_time_used": 60.29602098464966,
  "dataset_id": 32
}