{"cpu_time": 0.0, "wallclock_time": 0.0005857944488525391, "evaluations": 0, "cost": 2147483648.0, "incumbent": {"alpha": 0.0040824718253228975, "eta0": 0.00044195488125554607}, "budget": 0, "origin": "Sobol"}
{"cpu_time": 0.0642249584197998, "wallclock_time": 0.06555700302124023, "evaluations": 1, "cost": 0.4408, "incumbent": {"alpha": 0.0040824718253228975, "eta0": 0.00044195488125554607}, "budget": 0, "origin": "Sobol"}
{"cpu_time": 0.23973464965820312, "wallclock_time": 0.24351787567138672, "evaluations": 4, "cost": 0.4648, "incumbent": {"alpha": 0.0007534803600179209, "eta0": 0.01638324291048883}, "budget": 0, "origin": "Sobol"}
{"cpu_time": 0.5964770317077637, "wallclock_time": 0.6053171157836914, "evaluations": 10, "cost": 0.4684, "incumbent": {"alpha": 2.1186147948258377e-05, "eta0": 8.558614272324676e-05}, "budget": 0, "origin": "Sobol"}
{"cpu_time": 5.1246747970581055, "wallclock_time": 9.732892751693726, "evaluations": 82, "cost": 0.4735, "incumbent": {"alpha": 6.553771532177102e-05, "eta0": 0.00029453745228482525}, "budget": 0, "origin": "Random Search (sorted)"}
{"cpu_time": 6.673943758010864, "wallclock_time": 15.203007936477661, "evaluations": 107, "cost": 0.4732, "incumbent": {"alpha": 6.083960061854968e-05, "eta0": 0.0002857750542015318}, "budget": 0, "origin": "Local Search"}
{"cpu_time": 6.973575830459595, "wallclock_time": 15.51620078086853, "evaluations": 112, "cost": 0.4725, "incumbent": {"alpha": 5.927677574060376e-05, "eta0": 0.00027686494022783784}, "budget": 0, "origin": "Local Search"}
{"cpu_time": 7.704470157623291, "wallclock_time": 16.868628978729248, "evaluations": 124, "cost": 0.4721, "incumbent": {"alpha": 1.5437765519281664e-05, "eta0": 0.00027030360399000065}, "budget": 0, "origin": "Local Search"}
{"cpu_time": 11.783509254455566, "wallclock_time": 32.44010281562805, "evaluations": 188, "cost": 0.4689, "incumbent": {"alpha": 0.0011663394253284358, "eta0": 0.00011956878445826944}, "budget": 0, "origin": "Local Search"}
