"CPU Time Used","Estimated Training Performance","Wallclock Time","Incumbent ID","Automatic Configurator (CPU) Time","Configuration..."
0.000000, 2147483648.000000, 0.000586, 1, 0.000586, alpha='0.0040824718253228975',eta0='0.00044195488125554607'
0.064225, 0.440800, 0.065557, 1, 0.001332, alpha='0.0040824718253228975',eta0='0.00044195488125554607'
0.239735, 0.464800, 0.243518, 2, 0.003783, alpha='0.0007534803600179209',eta0='0.01638324291048883'
0.596477, 0.468400, 0.605317, 3, 0.008840, alpha='2.1186147948258377e-05',eta0='8.558614272324676e-05'
5.124675, 0.473500, 9.732893, 4, 4.608218, alpha='6.553771532177102e-05',eta0='0.00029453745228482525'
6.673944, 0.473200, 15.203008, 5, 8.529064, alpha='6.083960061854968e-05',eta0='0.0002857750542015318'
6.973576, 0.472500, 15.516201, 6, 8.542625, alpha='5.927677574060376e-05',eta0='0.00027686494022783784'
7.704470, 0.472100, 16.868629, 7, 9.164159, alpha='1.5437765519281664e-05',eta0='0.00027030360399000065'
11.783509, 0.468900, 32.440103, 8, 20.656594, alpha='0.0011663394253284358',eta0='0.00011956878445826944'
