"CPU Time Used","Estimated Training Performance","Wallclock Time","Incumbent ID","Automatic Configurator (CPU) Time","Configuration..."
0.000000, 2147483648.000000, 0.001748, 1, 0.001748, colsample_bytree='0.2890479595400393',eta='0.02972240058848022',max_depth='1',reg_lambda='0.23594281684827217'
0.559759, 0.132200, 0.564830, 1, 0.005071, colsample_bytree='0.2890479595400393',eta='0.02972240058848022',max_depth='1',reg_lambda='0.23594281684827217'
13.642918, 0.057900, 13.652181, 2, 0.009264, colsample_bytree='0.839533680677414',eta='0.03178815964339868',max_depth='7',reg_lambda='260.08137409645684'
22.732949, 0.020400, 22.744687, 3, 0.011738, colsample_bytree='1.0',eta='0.3',max_depth='10',reg_lambda='1.0'
41.155987, 0.015900, 41.181852, 4, 0.025865, colsample_bytree='0.5235572370700539',eta='0.1863242307845216',max_depth='3',reg_lambda='4.4461461740589225'
85.976220, 0.015000, 86.048934, 5, 0.072714, colsample_bytree='0.4696397740393877',eta='0.16644532888250615',max_depth='6',reg_lambda='0.015660421770666632'
208.596358, 0.014500, 217.556385, 6, 8.960027, colsample_bytree='0.42072381357846367',eta='0.198967150331398',max_depth='4',reg_lambda='0.021490572133286617'
219.338176, 0.013700, 228.317508, 7, 8.979332, colsample_bytree='0.4203856639249982',eta='0.19981009906390765',max_depth='4',reg_lambda='0.020450895435161306'
264.609587, 0.013200, 280.857738, 8, 16.248151, colsample_bytree='0.4098951759987045',eta='0.22764019221249834',max_depth='5',reg_lambda='0.025340064614782772'
