{
  "mean_cost": 0.0924519083338128,
  "finished_ta_runs": 77,
  "inc_changed": 4,
  "n_configs": 55,
  "submitted_ta_runs": 77,
  "ta_time_used": 119.98449492454529,
  "wallclock_time_used": 120.1511161327362,
  "dataset_id": 125922
}