{
  "mean_cost": 0.39428171196634126,
  "finished_ta_runs": 153,
  "inc_changed": 4,
  "n_configs": 93,
  "submitted_ta_runs": 153,
  "ta_time_used": 38.42556953430176,
  "wallclock_time_used": 60.14052414894104,
  "dataset_id": 3903
}