{
  "mean_cost": 0.13766495811287477,
  "finished_ta_runs": 600,
  "inc_changed": 6,
  "n_configs": 550,
  "submitted_ta_runs": 600,
  "ta_time_used": 572.787355184555,
  "wallclock_time_used": 578.1964659690857,
  "dataset_id": 146800,
  "perf_time": 578.218461583001
}