"CPU Time Used","Estimated Training Performance","Wallclock Time","Incumbent ID","Automatic Configurator (CPU) Time","Configuration..."
0.000000, 2147483648.000000, 0.000548, 1, 0.000548, alpha='0.0040824718253228975',eta0='0.00044195488125554607'
0.228675, 0.231000, 0.229963, 1, 0.001288, alpha='0.0040824718253228975',eta0='0.00044195488125554607'
1.504124, 0.252800, 1.510370, 2, 0.006246, alpha='2.1186147948258377e-05',eta0='8.558614272324676e-05'
3.803899, 0.248500, 3.823931, 3, 0.020032, alpha='0.000182884801566337',eta0='0.0008272593854647256'
5.988043, 0.224500, 6.021393, 4, 0.033350, alpha='5.872228902171585e-05',eta0='0.00027724604623741747'
8.130892, 0.215800, 8.182874, 5, 0.051982, alpha='1.5453619743711834e-05',eta0='0.0020987569216046422'
15.420814, 0.188300, 19.827490, 6, 4.406676, alpha='1.5451699387869167e-05',eta0='0.002267227946203137'
