"CPU Time Used","Estimated Training Performance","Wallclock Time","Incumbent ID","Automatic Configurator (CPU) Time","Configuration..."
0.000000, 2147483648.000000, 0.002175, 1, 0.002175, alpha='0.0040824718253228975',eta0='0.00044195488125554607'
0.112023, 0.500000, 0.115140, 1, 0.003117, alpha='0.0040824718253228975',eta0='0.00044195488125554607'
0.527759, 0.503200, 0.535884, 2, 0.008125, alpha='2.1186147948258377e-05',eta0='8.558614272324676e-05'
0.989693, 0.491100, 1.004484, 3, 0.014791, alpha='0.6105520835543378',eta0='0.2273756405249259'
3.505153, 0.486900, 4.377406, 4, 0.872253, alpha='0.15679748583571948',eta0='0.16463130084785915'
6.078403, 0.477100, 11.563794, 5, 5.485391, alpha='0.6919123302296329',eta0='0.1647033345124938'
