"CPU Time Used","Estimated Training Performance","Wallclock Time","Incumbent ID","Automatic Configurator (CPU) Time","Configuration..."
0.000000, 2147483648.000000, 0.000043, 1, 0.000043, alpha='0.001',eta0='0.01'
0.716447, 0.105100, 0.717163, 1, 0.000716, alpha='0.001',eta0='0.01'
13.312784, 0.102700, 13.331553, 2, 0.018769, alpha='0.0003942900369463765',eta0='0.00020341740105548015'
33.337069, 0.101300, 33.406522, 3, 0.069454, alpha='2.3857802069496928e-05',eta0='0.0002532184522807743'
