{"cpu_time": 0.0, "wallclock_time": 0.0014541149139404297, "evaluations": 0, "cost": 2147483648.0, "incumbent": ["colsample_bytree='0.2890479595400393'", "eta='0.02972240058848022'", "max_depth='1'", "reg_lambda='0.23594281684827217'"], "origin": "Sobol"}
{"cpu_time": 0.07494401931762695, "wallclock_time": 0.07742595672607422, "evaluations": 1, "cost": 0.1266, "incumbent": ["colsample_bytree='0.2890479595400393'", "eta='0.02972240058848022'", "max_depth='1'", "reg_lambda='0.23594281684827217'"], "origin": "Sobol"}
{"cpu_time": 1.6675348281860352, "wallclock_time": 1.6733980178833008, "evaluations": 4, "cost": 0.0663, "incumbent": ["colsample_bytree='0.839533680677414'", "eta='0.03178815964339868'", "max_depth='7'", "reg_lambda='260.08137409645684'"], "origin": "Sobol"}
{"cpu_time": 3.8992576599121094, "wallclock_time": 3.9069771766662598, "evaluations": 6, "cost": 0.0455, "incumbent": ["colsample_bytree='1.0'", "eta='0.3'", "max_depth='10'", "reg_lambda='1.0'"], "origin": null}
{"cpu_time": 29.534717798233032, "wallclock_time": 34.279175996780396, "evaluations": 63, "cost": 0.0419, "incumbent": ["colsample_bytree='1.0'", "eta='0.6339614626757232'", "max_depth='10'", "reg_lambda='19.3554994798895'"], "origin": "Local Search"}
{"cpu_time": 37.79066324234009, "wallclock_time": 44.091902017593384, "evaluations": 72, "cost": 0.0401, "incumbent": ["colsample_bytree='0.9996163807855911'", "eta='0.6320750081293623'", "max_depth='10'", "reg_lambda='19.560303547780055'"], "origin": "Local Search"}
{"cpu_time": 58.52895998954773, "wallclock_time": 71.704674243927, "evaluations": 94, "cost": 0.0391, "incumbent": ["colsample_bytree='0.9811668218320032'", "eta='0.7159636257793398'", "max_depth='10'", "reg_lambda='19.234713700843475'"], "origin": "Local Search"}
{"cpu_time": 125.95988607406616, "wallclock_time": 168.04252123832703, "evaluations": 177, "cost": 0.0391, "incumbent": ["colsample_bytree='0.9820229440382396'", "eta='0.7230358542186246'", "max_depth='10'", "reg_lambda='7.902554008670486'"], "origin": "Local Search"}
