"CPU Time Used","Estimated Training Performance","Wallclock Time","Incumbent ID","Automatic Configurator (CPU) Time","Configuration..."
0.000000, 2147483648.000000, 0.001454, 1, 0.001454, colsample_bytree='0.2890479595400393',eta='0.02972240058848022',max_depth='1',reg_lambda='0.23594281684827217'
0.074944, 0.126600, 0.077426, 1, 0.002482, colsample_bytree='0.2890479595400393',eta='0.02972240058848022',max_depth='1',reg_lambda='0.23594281684827217'
1.667535, 0.066300, 1.673398, 2, 0.005863, colsample_bytree='0.839533680677414',eta='0.03178815964339868',max_depth='7',reg_lambda='260.08137409645684'
3.899258, 0.045500, 3.906977, 3, 0.007720, colsample_bytree='1.0',eta='0.3',max_depth='10',reg_lambda='1.0'
29.534718, 0.041900, 34.279176, 4, 4.744458, colsample_bytree='1.0',eta='0.6339614626757232',max_depth='10',reg_lambda='19.3554994798895'
37.790663, 0.040100, 44.091902, 5, 6.301239, colsample_bytree='0.9996163807855911',eta='0.6320750081293623',max_depth='10',reg_lambda='19.560303547780055'
58.528960, 0.039100, 71.704674, 6, 13.175714, colsample_bytree='0.9811668218320032',eta='0.7159636257793398',max_depth='10',reg_lambda='19.234713700843475'
125.959886, 0.039100, 168.042521, 7, 42.082635, colsample_bytree='0.9820229440382396',eta='0.7230358542186246',max_depth='10',reg_lambda='7.902554008670486'
