"CPU Time Used","Estimated Training Performance","Wallclock Time","Incumbent ID","Automatic Configurator (CPU) Time","Configuration..."
0.000000, 2147483648.000000, 0.000566, 1, 0.000566, alpha='0.00011227070295712931',eta0='0.0029096933833365197'
0.125424, 0.223300, 0.127253, 1, 0.001829, alpha='0.00011227070295712931',eta0='0.0029096933833365197'
0.659444, 0.154400, 0.666847, 2, 0.007403, alpha='0.026542866188361353',eta0='8.075114966892127e-05'
1.800333, 0.151800, 1.821846, 3, 0.021513, alpha='1.715136253541309e-05',eta0='0.0001288871339815063'
3.764196, 0.147500, 4.358043, 4, 0.593847, alpha='1.6411651095536995e-05',eta0='3.982508598533942e-05'
5.055703, 0.146800, 7.151153, 5, 2.095450, alpha='1.7092994899919405e-05',eta0='3.8799324288516266e-05'
8.204095, 0.145500, 13.623314, 6, 5.419219, alpha='2.328702155626321e-05',eta0='3.7048046541200196e-05'
