{
  "mean_cost": 0.23888033355448368,
  "finished_ta_runs": 1,
  "inc_changed": 1,
  "n_configs": 1,
  "submitted_ta_runs": 1,
  "ta_time_used": 6.473046064376831,
  "wallclock_time_used": 6.474692106246948,
  "dataset_id": 6,
  "perf_time": 6.480163791999985
}