{
  "mean_cost": 0.4356646476254319,
  "finished_ta_runs": 1,
  "inc_changed": 1,
  "n_configs": 1,
  "submitted_ta_runs": 1,
  "ta_time_used": 0.22233009338378906,
  "wallclock_time_used": 0.22387194633483887,
  "dataset_id": 167141,
  "perf_time": 0.23692116600068402
}