{
  "mean_cost": 0.050832728138152206,
  "finished_ta_runs": 2,
  "inc_changed": 1,
  "n_configs": 1,
  "submitted_ta_runs": 2,
  "ta_time_used": 10.316159963607788,
  "wallclock_time_used": 10.31885290145874,
  "dataset_id": 28,
  "perf_time": 10.32794287500019
}