"CPU Time Used","Estimated Training Performance","Wallclock Time","Incumbent ID","Automatic Configurator (CPU) Time","Configuration..."
0.000000, 2147483648.000000, 0.000563, 1, 0.000563, C='1.3600811985592882',gamma='0.09352602871548096'
0.172528, 0.860700, 0.173868, 1, 0.001340, C='1.3600811985592882',gamma='0.09352602871548096'
1.601160, 0.019900, 1.612112, 2, 0.010952, C='102.59827344587585',gamma='0.0039228031036218506'
4.061847, 0.015600, 4.097316, 3, 0.035469, C='4.729862452035014',gamma='0.0020153549174183696'
