{
  "mean_cost": 0.221073996540388,
  "finished_ta_runs": 300,
  "inc_changed": 9,
  "n_configs": 199,
  "submitted_ta_runs": 300,
  "ta_time_used": 282.7957994937897,
  "wallclock_time_used": 467.0861859321594,
  "dataset_id": 7592,
  "perf_time": 467.12478083300084
}