"CPU Time Used","Estimated Training Performance","Wallclock Time","Incumbent ID","Automatic Configurator (CPU) Time","Configuration..."
0.000000, 2147483648.000000, 0.000681, 1, 0.000681, C='0.08611366210550205',gamma='0.4942679928374453'
0.030361, 0.666700, 0.031923, 1, 0.001562, C='0.08611366210550205',gamma='0.4942679928374453'
0.157964, 0.644200, 0.162045, 2, 0.004081, C='19.433598606658386',gamma='9.232350409327609'
0.206758, 0.498200, 0.212628, 3, 0.005871, C='1.0',gamma='0.1'
0.511591, 0.477800, 0.529848, 4, 0.018257, C='4.532544074901469',gamma='0.03382327396632573'
1.477577, 0.474500, 3.310429, 5, 1.832852, C='3.943647689755362',gamma='0.034071633280646996'
5.708205, 0.471100, 24.265533, 6, 18.557328, C='4.003071889220907',gamma='0.0330209462840953'
