{
  "mean_cost": 0.051633716767964535,
  "finished_ta_runs": 300,
  "inc_changed": 10,
  "n_configs": 166,
  "submitted_ta_runs": 300,
  "ta_time_used": 85.9441430568695,
  "wallclock_time_used": 143.01047086715698,
  "dataset_id": 14952,
  "perf_time": 143.02454874999967
}