"CPU Time Used","Estimated Training Performance","Wallclock Time","Incumbent ID","Automatic Configurator (CPU) Time","Configuration..."
0.000000, 2147483648.000000, 0.000051, 1, 0.000051, alpha='0.001',eta0='0.01'
0.054936, 0.022600, 0.055668, 1, 0.000732, alpha='0.001',eta0='0.01'
0.821373, 0.022600, 0.847132, 2, 0.025759, alpha='0.007044721831944322',eta0='0.003888387662681052'
3.899897, 0.022100, 4.174911, 3, 0.275014, alpha='0.061504442998504265',eta0='0.014858438806067367'
