{
  "mean_cost": 0.46557827583550493,
  "finished_ta_runs": 2,
  "inc_changed": 1,
  "n_configs": 1,
  "submitted_ta_runs": 2,
  "ta_time_used": 176.96561932563782,
  "wallclock_time_used": 176.97022700309753,
  "dataset_id": 146195,
  "perf_time": 176.98087329200007
}