"CPU Time Used","Estimated Training Performance","Wallclock Time","Incumbent ID","Automatic Configurator (CPU) Time","Configuration..."
0.000000, 2147483648.000000, 0.000036, 1, 0.000036, C='1.0',gamma='0.1'
0.004764, 0.333300, 0.005362, 1, 0.000598, C='1.0',gamma='0.1'
0.109504, 0.090700, 0.124384, 2, 0.014880, C='16.640050128980878',gamma='0.02787815770602151'
0.238762, 0.058300, 0.278128, 3, 0.039366, C='367.5161020929368',gamma='0.05362665544757772'
0.628302, 0.053700, 0.770168, 4, 0.141866, C='64.15124705618612',gamma='0.012644069449822184'
1.028803, 0.041300, 1.325941, 5, 0.297138, C='446.2014995550074',gamma='0.00838339088073357'
1.259978, 0.000000, 1.659152, 6, 0.399174, C='396.01607827789604',gamma='0.03412865370006311'
