{"cpu_time": 0.0, "wallclock_time": 0.0009691715240478516, "evaluations": 0, "cost": 2147483648.0, "incumbent": {"alpha": 0.0004126639093412234, "eta0": 0.0017613324954003418}, "budget": 0, "origin": "Sobol"}
{"cpu_time": 0.2606639862060547, "wallclock_time": 0.2623460292816162, "evaluations": 1, "cost": 0.4821, "incumbent": {"alpha": 0.0004126639093412234, "eta0": 0.0017613324954003418}, "budget": 0, "origin": "Sobol"}
