"CPU Time Used","Estimated Training Performance","Wallclock Time","Incumbent ID","Automatic Configurator (CPU) Time","Configuration..."
0.000000, 2147483648.000000, 0.000969, 1, 0.000969, alpha='0.0004126639093412234',eta0='0.0017613324954003418'
0.260664, 0.482100, 0.262346, 1, 0.001682, alpha='0.0004126639093412234',eta0='0.0017613324954003418'
