"CPU Time Used","Estimated Training Performance","Wallclock Time","Incumbent ID","Automatic Configurator (CPU) Time","Configuration..."
0.000000, 2147483648.000000, 0.000263, 1, 0.000263, alpha='0.0004126639093412234',eta0='0.0017613324954003418'
4.258207, 0.033800, 4.259111, 1, 0.000904, alpha='0.0004126639093412234',eta0='0.0017613324954003418'
