{
  "mean_cost": 0.46802229550493,
  "finished_ta_runs": 388,
  "inc_changed": 8,
  "n_configs": 352,
  "submitted_ta_runs": 388,
  "ta_time_used": 117.61188387870789,
  "wallclock_time_used": 120.20594596862793,
  "dataset_id": 3904
}