{
  "mean_cost": 0.11329219905608795,
  "finished_ta_runs": 32,
  "inc_changed": 3,
  "n_configs": 17,
  "submitted_ta_runs": 32,
  "ta_time_used": 61.139007806777954,
  "wallclock_time_used": 61.218762159347534,
  "dataset_id": 9981
}