{
  "data": [
    [
      [
        1,
        null,
        379248293,
        0.0
      ],
      [
        0.48624338624338626,
        0.07161402702331543,
        {
          "__enum__": "StatusType.SUCCESS"
        },
        1674410387.273272,
        1674410387.34489,
        {}
      ]
    ]
  ],
  "config_origins": {
    "1": "Sobol"
  },
  "configs": {
    "1": {
      "max_depth": 2,
      "max_features": 0.4491682695224881,
      "min_samples_leaf": 1,
      "min_samples_split": 4
    }
  }
}