{
  "data": [
    [
      [
        1,
        null,
        330054389,
        0.0
      ],
      [
        0.04837417295594826,
        0.8590347766876221,
        {
          "__enum__": "StatusType.SUCCESS"
        },
        1674419447.422773,
        1674419448.281813,
        {}
      ]
    ]
  ],
  "config_origins": {
    "1": "Sobol"
  },
  "configs": {
    "1": {
      "colsample_bytree": 0.569966175314039,
      "eta": 0.009556882986489993,
      "max_depth": 3,
      "reg_lambda": 0.0020776820882921045
    }
  }
}