"CPU Time Used","Estimated Training Performance","Wallclock Time","Incumbent ID","Automatic Configurator (CPU) Time","Configuration..."
0.000000, 2147483648.000000, 0.000530, 1, 0.000530, alpha='0.0004126639093412234',eta0='0.0017613324954003418'
0.335781, 0.448400, 0.337062, 1, 0.001281, alpha='0.0004126639093412234',eta0='0.0017613324954003418'
4.541298, 0.447500, 4.552643, 2, 0.011345, alpha='1.3751027885583958e-05',eta0='0.0001426968473177047'
8.708431, 0.446500, 8.734870, 3, 0.026439, alpha='0.0014439030581155858',eta0='2.6843996424460273e-05'
15.318978, 0.442800, 15.686322, 4, 0.367344, alpha='0.00031636427114647617',eta0='6.899527460439101e-05'
92.054621, 0.441300, 166.826724, 5, 74.772104, alpha='0.0023894620170989574',eta0='6.647719871966856e-05'
96.426469, 0.438200, 175.398104, 6, 78.971635, alpha='0.0003172321218787767',eta0='6.369552363282392e-05'
