{
  "data": [
    [
      [
        1,
        null,
        379248293,
        0.0
      ],
      [
        0.33283383798863675,
        0.09445905685424805,
        {
          "__enum__": "StatusType.SUCCESS"
        },
        1674410320.93582,
        1674410321.0302851,
        {}
      ]
    ]
  ],
  "config_origins": {
    "1": "Sobol"
  },
  "configs": {
    "1": {
      "max_depth": 2,
      "max_features": 0.4491682695224881,
      "min_samples_leaf": 1,
      "min_samples_split": 4
    }
  }
}