{"cpu_time": 0.0, "wallclock_time": 0.0002942085266113281, "evaluations": 0, "cost": 2147483648.0, "incumbent": ["max_depth='2'", "max_features='0.4491682695224881'", "min_samples_leaf='1'", "min_samples_split='4'"], "origin": "Sobol"}
{"cpu_time": 0.09445905685424805, "wallclock_time": 0.09550690650939941, "evaluations": 1, "cost": 0.3328, "incumbent": ["max_depth='2'", "max_features='0.4491682695224881'", "min_samples_leaf='1'", "min_samples_split='4'"], "origin": "Sobol"}
