"CPU Time Used","Estimated Training Performance","Wallclock Time","Incumbent ID","Automatic Configurator (CPU) Time","Configuration..."
0.000000, 2147483648.000000, 0.000050, 1, 0.000050, alpha='0.001',eta0='0.01'
4.299247, 0.040000, 4.299959, 1, 0.000712, alpha='0.001',eta0='0.01'
43.260496, 0.029200, 43.269919, 2, 0.009423, alpha='1.0455662723206625e-05',eta0='0.001729647929337629'
142.729696, 0.022100, 142.778756, 3, 0.049060, alpha='6.710472301897032e-05',eta0='0.015704169615611125'
240.677383, 0.021500, 240.770774, 4, 0.093391, alpha='6.085930795976636e-05',eta0='0.006458713383911184'
393.329983, 0.015300, 393.525465, 5, 0.195482, alpha='1.4328358378439176e-05',eta0='0.012738835499218384'
786.525124, 0.013600, 787.157025, 6, 0.631901, alpha='1.0215129043307552e-05',eta0='0.0784342086555581'
2554.990195, 0.013400, 2560.389314, 7, 5.399119, alpha='1.2068767990189046e-05',eta0='0.04916300237601116'
