{
  "mean_cost": 0.4301560110211426,
  "finished_ta_runs": 600,
  "inc_changed": 3,
  "n_configs": 560,
  "submitted_ta_runs": 600,
  "ta_time_used": 4.09307074546814,
  "wallclock_time_used": 9.026807069778442,
  "dataset_id": 146819,
  "perf_time": 9.042502250000325
}