{
  "mean_cost": 0.6931132756132756,
  "finished_ta_runs": 1,
  "inc_changed": 1,
  "n_configs": 1,
  "submitted_ta_runs": 1,
  "ta_time_used": 0.10920286178588867,
  "wallclock_time_used": 0.11062932014465332,
  "dataset_id": 2079,
  "perf_time": 0.11715679100007037
}