{
  "mean_cost": 0.2522818666244593,
  "finished_ta_runs": 300,
  "inc_changed": 11,
  "n_configs": 181,
  "submitted_ta_runs": 300,
  "ta_time_used": 8.848341226577759,
  "wallclock_time_used": 99.90412306785583,
  "dataset_id": 11,
  "perf_time": 99.91740308300359
}