{
  "mean_cost": 0.33945251986374,
  "finished_ta_runs": 132,
  "inc_changed": 4,
  "n_configs": 104,
  "submitted_ta_runs": 132,
  "ta_time_used": 38.54529523849487,
  "wallclock_time_used": 60.02182388305664,
  "dataset_id": 167141
}