"CPU Time Used","Estimated Training Performance","Wallclock Time","Incumbent ID","Automatic Configurator (CPU) Time","Configuration..."
0.000000, 2147483648.000000, 0.000543, 1, 0.000543, C='1.3600811985592882',gamma='0.09352602871548096'
0.008520, 0.000000, 0.009779, 1, 0.001259, C='1.3600811985592882',gamma='0.09352602871548096'
