"CPU Time Used","Estimated Training Performance","Wallclock Time","Incumbent ID","Automatic Configurator (CPU) Time","Configuration..."
0.000000, 2147483648.000000, 0.000673, 1, 0.000673, alpha='0.0040824718253228975',eta0='0.00044195488125554607'
0.411478, 0.751800, 0.413090, 1, 0.001612, alpha='0.0040824718253228975',eta0='0.00044195488125554607'
1.644799, 0.781700, 1.649162, 2, 0.004363, alpha='0.0007534803600179209',eta0='0.01638324291048883'
4.118731, 0.752100, 4.128241, 3, 0.009510, alpha='2.1186147948258377e-05',eta0='8.558614272324676e-05'
21.510347, 0.746600, 24.633020, 4, 3.122673, alpha='1.5562786325751326e-05',eta0='0.0020962045941525583'
