{"cpu_time": 0.0, "wallclock_time": 0.0006730556488037109, "evaluations": 0, "cost": 2147483648.0, "incumbent": {"alpha": 0.0040824718253228975, "eta0": 0.00044195488125554607}, "budget": 0, "origin": "Sobol"}
{"cpu_time": 0.41147804260253906, "wallclock_time": 0.4130897521972656, "evaluations": 1, "cost": 0.7518, "incumbent": {"alpha": 0.0040824718253228975, "eta0": 0.00044195488125554607}, "budget": 0, "origin": "Sobol"}
{"cpu_time": 1.6447994709014893, "wallclock_time": 1.6491620540618896, "evaluations": 4, "cost": 0.7817, "incumbent": {"alpha": 0.0007534803600179209, "eta0": 0.01638324291048883}, "budget": 0, "origin": "Sobol"}
{"cpu_time": 4.118730545043945, "wallclock_time": 4.1282408237457275, "evaluations": 10, "cost": 0.7521, "incumbent": {"alpha": 2.1186147948258377e-05, "eta0": 8.558614272324676e-05}, "budget": 0, "origin": "Sobol"}
{"cpu_time": 21.51034665107727, "wallclock_time": 24.63301992416382, "evaluations": 52, "cost": 0.7466, "incumbent": {"alpha": 1.5562786325751326e-05, "eta0": 0.0020962045941525583}, "budget": 0, "origin": "Local Search"}
