{
  "mean_cost": 0.1586325877714951,
  "finished_ta_runs": 237,
  "inc_changed": 3,
  "n_configs": 114,
  "submitted_ta_runs": 237,
  "ta_time_used": 25.72523307800293,
  "wallclock_time_used": 60.48768496513367,
  "dataset_id": 146819
}