{"cpu_time": 0.0, "wallclock_time": 0.0015549659729003906, "evaluations": 0, "cost": 2147483648.0, "incumbent": ["max_depth='6'", "max_features='0.3290755869820714'", "min_samples_leaf='11'", "min_samples_split='2'"], "origin": "Sobol"}
{"cpu_time": 0.12660503387451172, "wallclock_time": 0.12908482551574707, "evaluations": 1, "cost": 0.4312, "incumbent": ["max_depth='6'", "max_features='0.3290755869820714'", "min_samples_leaf='11'", "min_samples_split='2'"], "origin": "Sobol"}
{"cpu_time": 0.6312675476074219, "wallclock_time": 0.6389937400817871, "evaluations": 7, "cost": 0.4302, "incumbent": ["max_depth='2'", "max_features='0.22735164780169725'", "min_samples_leaf='20'", "min_samples_split='7'"], "origin": "Sobol"}
{"cpu_time": 1.0521624088287354, "wallclock_time": 1.0626580715179443, "evaluations": 10, "cost": 0.3897, "incumbent": ["max_depth='10'", "max_features='0.5'", "min_samples_leaf='1'", "min_samples_split='32'"], "origin": null}
{"cpu_time": 4.026624441146851, "wallclock_time": 4.071505784988403, "evaluations": 34, "cost": 0.3657, "incumbent": ["max_depth='39'", "max_features='0.3087822897359729'", "min_samples_leaf='3'", "min_samples_split='7'"], "origin": "Sobol"}
{"cpu_time": 7.580805540084839, "wallclock_time": 8.798379898071289, "evaluations": 59, "cost": 0.3453, "incumbent": ["max_depth='43'", "max_features='0.7555903018724516'", "min_samples_leaf='2'", "min_samples_split='8'"], "origin": "Local Search"}
{"cpu_time": 12.506580829620361, "wallclock_time": 18.026325941085815, "evaluations": 80, "cost": 0.3381, "incumbent": ["max_depth='49'", "max_features='0.8684140515876857'", "min_samples_leaf='2'", "min_samples_split='5'"], "origin": "Local Search"}
{"cpu_time": 23.996742725372314, "wallclock_time": 39.3302116394043, "evaluations": 114, "cost": 0.3357, "incumbent": ["max_depth='44'", "max_features='0.976568250553542'", "min_samples_leaf='1'", "min_samples_split='4'"], "origin": "Local Search"}
{"cpu_time": 47.74789619445801, "wallclock_time": 83.50294184684753, "evaluations": 190, "cost": 0.3283, "incumbent": ["max_depth='46'", "max_features='0.8104771770158176'", "min_samples_leaf='1'", "min_samples_split='3'"], "origin": "Local Search"}
