"CPU Time Used","Estimated Training Performance","Wallclock Time","Incumbent ID","Automatic Configurator (CPU) Time","Configuration..."
0.000000, 2147483648.000000, 0.001624, 1, 0.001624, colsample_bytree='0.569966175314039',eta='0.009556882986489993',max_depth='3',reg_lambda='0.0020776820882921045'
0.102605, 0.053400, 0.105284, 1, 0.002679, colsample_bytree='0.569966175314039',eta='0.009556882986489993',max_depth='3',reg_lambda='0.0020776820882921045'
1.016562, 0.042300, 1.024372, 2, 0.007810, colsample_bytree='0.3878000834956765',eta='0.004721681612948408',max_depth='10',reg_lambda='0.09654112415362535'
1.939129, 0.008700, 1.949834, 3, 0.010705, colsample_bytree='1.0',eta='0.3',max_depth='10',reg_lambda='1.0'
6.717202, 0.007900, 6.775831, 4, 0.058629, colsample_bytree='0.9323523727245628',eta='0.2476536704910154',max_depth='9',reg_lambda='0.0035770621836229634'
9.496413, 0.007300, 10.113158, 5, 0.616745, colsample_bytree='0.9609189129442882',eta='0.10803003327098698',max_depth='8',reg_lambda='0.0019251991579265475'
51.371898, 0.006800, 86.165198, 6, 34.793300, colsample_bytree='0.9609043307556839',eta='0.07838599664469055',max_depth='8',reg_lambda='0.0019010440010319878'
