{"cpu_time": 0.0, "wallclock_time": 0.0016238689422607422, "evaluations": 0, "cost": 2147483648.0, "incumbent": {"colsample_bytree": 0.569966175314039, "eta": 0.009556882986489993, "max_depth": 3, "reg_lambda": 0.0020776820882921045}, "budget": 0, "origin": "Sobol"}
{"cpu_time": 0.10260486602783203, "wallclock_time": 0.10528397560119629, "evaluations": 1, "cost": 0.0534, "incumbent": {"colsample_bytree": 0.569966175314039, "eta": 0.009556882986489993, "max_depth": 3, "reg_lambda": 0.0020776820882921045}, "budget": 0, "origin": "Sobol"}
{"cpu_time": 1.0165619850158691, "wallclock_time": 1.024371862411499, "evaluations": 7, "cost": 0.0423, "incumbent": {"colsample_bytree": 0.3878000834956765, "eta": 0.004721681612948408, "max_depth": 10, "reg_lambda": 0.09654112415362535}, "budget": 0, "origin": "Sobol"}
{"cpu_time": 1.93912935256958, "wallclock_time": 1.949833869934082, "evaluations": 10, "cost": 0.0087, "incumbent": {"colsample_bytree": 1.0, "eta": 0.3, "max_depth": 10, "reg_lambda": 1.0}, "budget": 0, "origin": null}
{"cpu_time": 6.717202425003052, "wallclock_time": 6.775830984115601, "evaluations": 45, "cost": 0.0079, "incumbent": {"colsample_bytree": 0.9323523727245628, "eta": 0.2476536704910154, "max_depth": 9, "reg_lambda": 0.0035770621836229634}, "budget": 0, "origin": "Sobol"}
{"cpu_time": 9.496413469314575, "wallclock_time": 10.113157987594604, "evaluations": 62, "cost": 0.0073, "incumbent": {"colsample_bytree": 0.9609189129442882, "eta": 0.10803003327098698, "max_depth": 8, "reg_lambda": 0.0019251991579265475}, "budget": 0, "origin": "Local Search"}
{"cpu_time": 51.37189793586731, "wallclock_time": 86.16519808769226, "evaluations": 199, "cost": 0.0068, "incumbent": {"colsample_bytree": 0.9609043307556839, "eta": 0.07838599664469055, "max_depth": 8, "reg_lambda": 0.0019010440010319878}, "budget": 0, "origin": "Local Search"}
