"CPU Time Used","Estimated Training Performance","Wallclock Time","Incumbent ID","Automatic Configurator (CPU) Time","Configuration..."
0.000000, 2147483648.000000, 0.000152, 1, 0.000152, alpha='0.001',eta0='0.01'
0.479391, 0.465800, 0.481145, 1, 0.001754, alpha='0.001',eta0='0.01'
4.059288, 0.425400, 4.069728, 2, 0.010440, alpha='1.0455662723206625e-05',eta0='0.001729647929337629'
14.568255, 0.416200, 14.623953, 3, 0.055698, alpha='2.8822738841796235e-05',eta0='0.002708418153220215'
