{
  "mean_cost": 0.2107843076606346,
  "finished_ta_runs": 1,
  "inc_changed": 1,
  "n_configs": 1,
  "submitted_ta_runs": 1,
  "ta_time_used": 0.2813880443572998,
  "wallclock_time_used": 0.2832629680633545
}