{
  "mean_cost": 0.09561565059014032,
  "finished_ta_runs": 1,
  "inc_changed": 1,
  "n_configs": 1,
  "submitted_ta_runs": 1,
  "ta_time_used": 0.09609699249267578,
  "wallclock_time_used": 0.09757709503173828,
  "dataset_id": 45,
  "perf_time": 0.10912774999997055
}