{"cpu_time": 0.0, "wallclock_time": 0.0002319812774658203, "evaluations": 0, "cost": 2147483648.0, "incumbent": {"C": 0.08611366210550205, "gamma": 0.4942679928374453}, "budget": 0, "origin": "Sobol"}
{"cpu_time": 0.10901689529418945, "wallclock_time": 0.10987019538879395, "evaluations": 1, "cost": 0.7822, "incumbent": {"C": 0.08611366210550205, "gamma": 0.4942679928374453}, "budget": 0, "origin": "Sobol"}
