"CPU Time Used","Estimated Training Performance","Wallclock Time","Incumbent ID","Automatic Configurator (CPU) Time","Configuration..."
0.000000, 2147483648.000000, 0.001448, 1, 0.001448, colsample_bytree='0.3908073678612709',eta='0.02197006114591668',max_depth='1',reg_lambda='0.025956378731779545'
0.069302, 0.500000, 0.071738, 1, 0.002436, colsample_bytree='0.3908073678612709',eta='0.02197006114591668',max_depth='1',reg_lambda='0.025956378731779545'
1.095661, 0.458100, 1.100654, 2, 0.004993, colsample_bytree='0.7864414579235017',eta='0.06876373473778273',max_depth='5',reg_lambda='2.180661802430785'
2.285203, 0.439200, 2.292035, 3, 0.006833, colsample_bytree='1.0',eta='0.3',max_depth='10',reg_lambda='1.0'
4.858886, 0.431000, 4.877078, 4, 0.018192, colsample_bytree='0.6266065758652986',eta='0.3646935062279739',max_depth='1',reg_lambda='0.2818207552142512'
31.110866, 0.415200, 61.608339, 5, 30.497473, colsample_bytree='0.6851704166511599',eta='0.7876607170765961',max_depth='8',reg_lambda='0.09888839133886985'
40.270164, 0.411300, 85.730312, 6, 45.460148, colsample_bytree='0.45538527464941714',eta='0.9490267552603677',max_depth='4',reg_lambda='0.09802164735158415'
42.128792, 0.401000, 91.218113, 7, 49.089321, colsample_bytree='0.38793489245101154',eta='0.9457322155925738',max_depth='4',reg_lambda='0.0019217552179235354'
52.058555, 0.396000, 160.968004, 8, 108.909449, colsample_bytree='0.3950786775123426',eta='0.9424614228374071',max_depth='5',reg_lambda='0.0019267891505872538'
