{"cpu_time": 0.0, "wallclock_time": 0.001447916030883789, "evaluations": 0, "cost": 2147483648.0, "incumbent": ["colsample_bytree='0.3908073678612709'", "eta='0.02197006114591668'", "max_depth='1'", "reg_lambda='0.025956378731779545'"], "origin": "Sobol"}
{"cpu_time": 0.06930208206176758, "wallclock_time": 0.07173800468444824, "evaluations": 1, "cost": 0.5, "incumbent": ["colsample_bytree='0.3908073678612709'", "eta='0.02197006114591668'", "max_depth='1'", "reg_lambda='0.025956378731779545'"], "origin": "Sobol"}
{"cpu_time": 1.0956611633300781, "wallclock_time": 1.100654125213623, "evaluations": 4, "cost": 0.4581, "incumbent": ["colsample_bytree='0.7864414579235017'", "eta='0.06876373473778273'", "max_depth='5'", "reg_lambda='2.180661802430785'"], "origin": "Sobol"}
{"cpu_time": 2.2852025032043457, "wallclock_time": 2.2920351028442383, "evaluations": 6, "cost": 0.4392, "incumbent": ["colsample_bytree='1.0'", "eta='0.3'", "max_depth='10'", "reg_lambda='1.0'"], "origin": null}
{"cpu_time": 4.858886003494263, "wallclock_time": 4.877078056335449, "evaluations": 17, "cost": 0.431, "incumbent": ["colsample_bytree='0.6266065758652986'", "eta='0.3646935062279739'", "max_depth='1'", "reg_lambda='0.2818207552142512'"], "origin": "Sobol"}
{"cpu_time": 31.110865592956543, "wallclock_time": 61.608338832855225, "evaluations": 140, "cost": 0.4152, "incumbent": ["colsample_bytree='0.6851704166511599'", "eta='0.7876607170765961'", "max_depth='8'", "reg_lambda='0.09888839133886985'"], "origin": "Local Search"}
{"cpu_time": 40.270163774490356, "wallclock_time": 85.73031187057495, "evaluations": 178, "cost": 0.4113, "incumbent": ["colsample_bytree='0.45538527464941714'", "eta='0.9490267552603677'", "max_depth='4'", "reg_lambda='0.09802164735158415'"], "origin": "Local Search"}
{"cpu_time": 42.12879157066345, "wallclock_time": 91.21811294555664, "evaluations": 190, "cost": 0.401, "incumbent": ["colsample_bytree='0.38793489245101154'", "eta='0.9457322155925738'", "max_depth='4'", "reg_lambda='0.0019217552179235354'"], "origin": "Local Search"}
{"cpu_time": 52.05855464935303, "wallclock_time": 160.968003988266, "evaluations": 259, "cost": 0.396, "incumbent": ["colsample_bytree='0.3950786775123426'", "eta='0.9424614228374071'", "max_depth='5'", "reg_lambda='0.0019267891505872538'"], "origin": "Local Search"}
