{
  "mean_cost": 0.08210584985691799,
  "finished_ta_runs": 2,
  "inc_changed": 1,
  "n_configs": 1,
  "submitted_ta_runs": 2,
  "ta_time_used": 0.40236902236938477,
  "wallclock_time_used": 0.4045529365539551,
  "dataset_id": 146822,
  "perf_time": 0.41311483299978136
}