{
  "mean_cost": 0.7645932770932771,
  "finished_ta_runs": 2,
  "inc_changed": 1,
  "n_configs": 1,
  "submitted_ta_runs": 2,
  "ta_time_used": 0.0272979736328125,
  "wallclock_time_used": 0.02918076515197754,
  "dataset_id": 3560,
  "perf_time": 0.05249145800007682
}