{
  "mean_cost": 0.03557250884650276,
  "finished_ta_runs": 2,
  "inc_changed": 1,
  "n_configs": 1,
  "submitted_ta_runs": 2,
  "ta_time_used": 8.676738977432251,
  "wallclock_time_used": 8.678960084915161,
  "dataset_id": 146824,
  "perf_time": 8.684650042000158
}