"CPU Time Used","Estimated Training Performance","Wallclock Time","Incumbent ID","Automatic Configurator (CPU) Time","Configuration..."
0.000000, 2147483648.000000, 0.001460, 1, 0.001460, colsample_bytree='0.569966175314039',eta='0.009556882986489993',max_depth='3',reg_lambda='0.0020776820882921045'
2.678155, 0.052200, 2.680738, 1, 0.002583, colsample_bytree='0.569966175314039',eta='0.009556882986489993',max_depth='3',reg_lambda='0.0020776820882921045'
20.690147, 0.026400, 20.701413, 2, 0.011266, colsample_bytree='0.3878000834956765',eta='0.004721681612948408',max_depth='10',reg_lambda='0.09654112415362535'
128.902808, 0.021000, 129.022537, 3, 0.119729, colsample_bytree='0.1936281332746148',eta='0.01073664020918446',max_depth='6',reg_lambda='0.21345224923911993'
231.915109, 0.020000, 239.173462, 4, 7.258353, colsample_bytree='0.22102117937242297',eta='0.010551947775077631',max_depth='6',reg_lambda='0.19506472441005088'
260.290980, 0.019900, 268.584436, 5, 8.293456, colsample_bytree='0.20269576105024145',eta='0.006810739952245497',max_depth='10',reg_lambda='0.20249054208130762'
272.406250, 0.019100, 280.722400, 6, 8.316150, colsample_bytree='0.1961280838741033',eta='0.0060560454732056365',max_depth='10',reg_lambda='0.2070176655848557'
390.300695, 0.018600, 409.696927, 7, 19.396232, colsample_bytree='0.22321554855800638',eta='0.00611991486336193',max_depth='9',reg_lambda='0.003877905755095162'
