"CPU Time Used","Estimated Training Performance","Wallclock Time","Incumbent ID","Automatic Configurator (CPU) Time","Configuration..."
0.000000, 2147483648.000000, 0.000594, 1, 0.000594, alpha='0.0004126639093412234',eta0='0.0017613324954003418'
0.149573, 0.435700, 0.151047, 1, 0.001474, alpha='0.0004126639093412234',eta0='0.0017613324954003418'
30.592562, 0.442900, 59.144690, 2, 28.552128, alpha='0.0014469319676701914',eta0='2.6840391631973955e-05'
39.817873, 0.433900, 79.222528, 3, 39.404655, alpha='0.0014439030581155858',eta0='2.6843996424460273e-05'
