{"cpu_time": 0.0, "wallclock_time": 0.00145721435546875, "evaluations": 0, "cost": 2147483648.0, "incumbent": {"colsample_bytree": 0.569966175314039, "eta": 0.009556882986489993, "max_depth": 3, "reg_lambda": 0.0020776820882921045}, "budget": 0, "origin": "Sobol"}
{"cpu_time": 0.2573721408843994, "wallclock_time": 0.25980114936828613, "evaluations": 1, "cost": 0.4671, "incumbent": {"colsample_bytree": 0.569966175314039, "eta": 0.009556882986489993, "max_depth": 3, "reg_lambda": 0.0020776820882921045}, "budget": 0, "origin": "Sobol"}
{"cpu_time": 3.0592284202575684, "wallclock_time": 3.0667359828948975, "evaluations": 7, "cost": 0.4409, "incumbent": {"colsample_bytree": 0.3878000834956765, "eta": 0.004721681612948408, "max_depth": 10, "reg_lambda": 0.09654112415362535}, "budget": 0, "origin": "Sobol"}
{"cpu_time": 7.066443204879761, "wallclock_time": 7.076785087585449, "evaluations": 10, "cost": 0.3923, "incumbent": {"colsample_bytree": 1.0, "eta": 0.3, "max_depth": 10, "reg_lambda": 1.0}, "budget": 0, "origin": null}
{"cpu_time": 35.682883977890015, "wallclock_time": 39.236613035202026, "evaluations": 62, "cost": 0.3912, "incumbent": {"colsample_bytree": 1.0, "eta": 0.2998759206529018, "max_depth": 10, "reg_lambda": 1.040052274567428}, "budget": 0, "origin": "Local Search"}
{"cpu_time": 92.87111783027649, "wallclock_time": 118.20758509635925, "evaluations": 116, "cost": 0.3893, "incumbent": {"colsample_bytree": 1.0, "eta": 0.2998759206529018, "max_depth": 10, "reg_lambda": 1.0344994578227864}, "budget": 0, "origin": "Local Search"}
{"cpu_time": 108.7232358455658, "wallclock_time": 138.98409914970398, "evaluations": 130, "cost": 0.3848, "incumbent": {"colsample_bytree": 1.0, "eta": 0.2998759206529018, "max_depth": 9, "reg_lambda": 1.0344994578227864}, "budget": 0, "origin": "Local Search"}
