"CPU Time Used","Estimated Training Performance","Wallclock Time","Incumbent ID","Automatic Configurator (CPU) Time","Configuration..."
0.000000, 2147483648.000000, 0.001457, 1, 0.001457, colsample_bytree='0.569966175314039',eta='0.009556882986489993',max_depth='3',reg_lambda='0.0020776820882921045'
0.257372, 0.467100, 0.259801, 1, 0.002429, colsample_bytree='0.569966175314039',eta='0.009556882986489993',max_depth='3',reg_lambda='0.0020776820882921045'
3.059228, 0.440900, 3.066736, 2, 0.007508, colsample_bytree='0.3878000834956765',eta='0.004721681612948408',max_depth='10',reg_lambda='0.09654112415362535'
7.066443, 0.392300, 7.076785, 3, 0.010342, colsample_bytree='1.0',eta='0.3',max_depth='10',reg_lambda='1.0'
35.682884, 0.391200, 39.236613, 4, 3.553729, colsample_bytree='1.0',eta='0.2998759206529018',max_depth='10',reg_lambda='1.040052274567428'
92.871118, 0.389300, 118.207585, 5, 25.336467, colsample_bytree='1.0',eta='0.2998759206529018',max_depth='10',reg_lambda='1.0344994578227864'
108.723236, 0.384800, 138.984099, 6, 30.260863, colsample_bytree='1.0',eta='0.2998759206529018',max_depth='9',reg_lambda='1.0344994578227864'
