{"cpu_time": 0.0, "wallclock_time": 4.8160552978515625e-05, "evaluations": 0, "cost": 2147483648.0, "incumbent": {"colsample_bytree": 1.0, "eta": 0.3, "max_depth": 10, "reg_lambda": 1.0}, "budget": 0, "origin": "Default"}
{"cpu_time": 1.2051589488983154, "wallclock_time": 1.2079930305480957, "evaluations": 1, "cost": 0.0413, "incumbent": {"colsample_bytree": 1.0, "eta": 0.3, "max_depth": 10, "reg_lambda": 1.0}, "budget": 0, "origin": "Default"}
{"cpu_time": 5.26910924911499, "wallclock_time": 5.2775232791900635, "evaluations": 7, "cost": 0.0379, "incumbent": {"colsample_bytree": 0.1477517486203504, "eta": 0.1656158608211872, "max_depth": 2, "reg_lambda": 0.008238286081969528}, "budget": 0, "origin": "Random Search"}
{"cpu_time": 11.52756142616272, "wallclock_time": 11.551611185073853, "evaluations": 20, "cost": 0.0336, "incumbent": {"colsample_bytree": 0.42779910928331233, "eta": 0.13140302375308188, "max_depth": 4, "reg_lambda": 1.351829952028138}, "budget": 0, "origin": "Random Search"}
{"cpu_time": 86.90887832641602, "wallclock_time": 87.6890799999237, "evaluations": 201, "cost": 0.0328, "incumbent": {"colsample_bytree": 0.2851932660368049, "eta": 0.12118641285238742, "max_depth": 9, "reg_lambda": 8.24407630298088}, "budget": 0, "origin": "Random Search"}
