"CPU Time Used","Estimated Training Performance","Wallclock Time","Incumbent ID","Automatic Configurator (CPU) Time","Configuration..."
0.000000, 2147483648.000000, 0.001420, 1, 0.001420, colsample_bytree='0.3908073678612709',eta='0.02197006114591668',max_depth='1',reg_lambda='0.025956378731779545'
0.459352, 0.199100, 0.461745, 1, 0.002393, colsample_bytree='0.3908073678612709',eta='0.02197006114591668',max_depth='1',reg_lambda='0.025956378731779545'
7.737481, 0.011500, 7.742581, 2, 0.005100, colsample_bytree='0.7864414579235017',eta='0.06876373473778273',max_depth='5',reg_lambda='2.180661802430785'
52.391593, 0.010600, 52.423055, 3, 0.031461, colsample_bytree='0.34836309412494304',eta='0.26655395384050556',max_depth='6',reg_lambda='0.1036182343546856'
239.962384, 0.010200, 263.004286, 4, 23.041903, colsample_bytree='0.38397655640334105',eta='0.3862841992041392',max_depth='6',reg_lambda='0.2782812984862395'
338.133034, 0.009900, 375.483500, 5, 37.350466, colsample_bytree='0.3859726951378557',eta='0.24975038652069564',max_depth='6',reg_lambda='0.003365680895458897'
370.345485, 0.009600, 412.810344, 6, 42.464859, colsample_bytree='0.38491161537736773',eta='0.23996894859423037',max_depth='5',reg_lambda='0.28344723582661135'
440.482388, 0.009400, 495.481758, 7, 54.999370, colsample_bytree='0.31895211678470037',eta='0.3479026707951455',max_depth='5',reg_lambda='0.30574306887077146'
448.031378, 0.009000, 503.055799, 8, 55.024421, colsample_bytree='0.3188491476522176',eta='0.3461254244356677',max_depth='5',reg_lambda='0.3015835327154227'
