{"cpu_time": 0.0, "wallclock_time": 4.1961669921875e-05, "evaluations": 0, "cost": 2147483648.0, "incumbent": {"colsample_bytree": 1.0, "eta": 0.3, "max_depth": 10, "reg_lambda": 1.0}, "budget": 0, "origin": "Default"}
{"cpu_time": 0.0332486629486084, "wallclock_time": 0.03388690948486328, "evaluations": 1, "cost": 0.2862, "incumbent": {"colsample_bytree": 1.0, "eta": 0.3, "max_depth": 10, "reg_lambda": 1.0}, "budget": 0, "origin": "Default"}
{"cpu_time": 0.6057510375976562, "wallclock_time": 0.624500036239624, "evaluations": 18, "cost": 0.2854, "incumbent": {"colsample_bytree": 0.7639954824069396, "eta": 0.15374481275613402, "max_depth": 5, "reg_lambda": 7.323940477654458}, "budget": 0, "origin": "Random Search"}
{"cpu_time": 1.2782196998596191, "wallclock_time": 1.3423280715942383, "evaluations": 46, "cost": 0.276, "incumbent": {"colsample_bytree": 0.8125212600601105, "eta": 0.945430757116883, "max_depth": 1, "reg_lambda": 0.02651767130107818}, "budget": 0, "origin": "Random Search"}
{"cpu_time": 4.473252296447754, "wallclock_time": 5.021217107772827, "evaluations": 185, "cost": 0.1717, "incumbent": {"colsample_bytree": 0.9724924901600555, "eta": 0.6117348219481789, "max_depth": 1, "reg_lambda": 0.0010535848603535672}, "budget": 0, "origin": "Random Search"}
{"cpu_time": 4.737385034561157, "wallclock_time": 5.342439889907837, "evaluations": 196, "cost": 0.1708, "incumbent": {"colsample_bytree": 0.33001240345066096, "eta": 0.49523742538170873, "max_depth": 1, "reg_lambda": 0.0032740114746970636}, "budget": 0, "origin": "Random Search"}
