{
  "mean_cost": 0.3512612437903158,
  "finished_ta_runs": 779,
  "inc_changed": 7,
  "n_configs": 701,
  "submitted_ta_runs": 779,
  "ta_time_used": 110.78680443763733,
  "wallclock_time_used": 120.011883020401,
  "dataset_id": 10101
}