{
  "mean_cost": 0.3708905064282733,
  "finished_ta_runs": 787,
  "inc_changed": 4,
  "n_configs": 743,
  "submitted_ta_runs": 787,
  "ta_time_used": 110.27382016181946,
  "wallclock_time_used": 120.12410879135132,
  "dataset_id": 31
}