"CPU Time Used","Estimated Training Performance","Wallclock Time","Incumbent ID","Automatic Configurator (CPU) Time","Configuration..."
0.000000, 2147483648.000000, 0.000565, 1, 0.000565, C='0.08611366210550205',gamma='0.4942679928374453'
0.239541, 0.040600, 0.240898, 1, 0.001357, C='0.08611366210550205',gamma='0.4942679928374453'
1.158178, 0.015500, 1.161958, 2, 0.003780, C='19.433598606658386',gamma='9.232350409327609'
6.093270, 0.008000, 6.111563, 3, 0.018293, C='0.9777853374117317',gamma='4.200721606776305'
8.282562, 0.002800, 8.312255, 4, 0.029693, C='490.89071375229827',gamma='0.4114559193983836'
19.390087, 0.002700, 22.950194, 5, 3.560107, C='522.311242925303',gamma='0.4973726140051697'
19.693895, 0.002000, 23.270134, 6, 3.576239, C='506.58577959959786',gamma='0.48787604554099623'
