{"cpu_time": 0.0, "wallclock_time": 0.001580953598022461, "evaluations": 0, "cost": 2147483648.0, "incumbent": {"max_depth": 2, "max_features": 0.4491682695224881, "min_samples_leaf": 1, "min_samples_split": 4}, "budget": 0, "origin": "Sobol"}
{"cpu_time": 0.14573907852172852, "wallclock_time": 0.14829492568969727, "evaluations": 1, "cost": 0.4974, "incumbent": {"max_depth": 2, "max_features": 0.4491682695224881, "min_samples_leaf": 1, "min_samples_split": 4}, "budget": 0, "origin": "Sobol"}
{"cpu_time": 1.4032251834869385, "wallclock_time": 1.4105899333953857, "evaluations": 4, "cost": 0.1636, "incumbent": {"max_depth": 17, "max_features": 0.6137791713699698, "min_samples_leaf": 16, "min_samples_split": 18}, "budget": 0, "origin": "Sobol"}
{"cpu_time": 8.370185375213623, "wallclock_time": 8.39320993423462, "evaluations": 17, "cost": 0.1465, "incumbent": {"max_depth": 7, "max_features": 0.8544756416231394, "min_samples_leaf": 3, "min_samples_split": 9}, "budget": 0, "origin": "Sobol"}
{"cpu_time": 23.297006130218506, "wallclock_time": 23.36756467819214, "evaluations": 48, "cost": 0.1374, "incumbent": {"max_depth": 46, "max_features": 0.7485423665493727, "min_samples_leaf": 1, "min_samples_split": 7}, "budget": 0, "origin": "Sobol"}
{"cpu_time": 51.695359230041504, "wallclock_time": 64.01002979278564, "evaluations": 91, "cost": 0.1373, "incumbent": {"max_depth": 9, "max_features": 0.7501339004954546, "min_samples_leaf": 1, "min_samples_split": 4}, "budget": 0, "origin": "Local Search"}
{"cpu_time": 61.61102223396301, "wallclock_time": 78.62312078475952, "evaluations": 103, "cost": 0.1372, "incumbent": {"max_depth": 47, "max_features": 0.748826483489893, "min_samples_leaf": 1, "min_samples_split": 4}, "budget": 0, "origin": "Local Search"}
{"cpu_time": 77.94859528541565, "wallclock_time": 102.53142976760864, "evaluations": 122, "cost": 0.1362, "incumbent": {"max_depth": 46, "max_features": 0.7485478765601874, "min_samples_leaf": 1, "min_samples_split": 6}, "budget": 0, "origin": "Local Search"}
{"cpu_time": 121.64303708076477, "wallclock_time": 160.90662598609924, "evaluations": 171, "cost": 0.1357, "incumbent": {"max_depth": 13, "max_features": 0.7485746678432441, "min_samples_leaf": 1, "min_samples_split": 4}, "budget": 0, "origin": "Local Search"}
