{"cpu_time": 0.0, "wallclock_time": 0.0005970001220703125, "evaluations": 0, "cost": 2147483648.0, "incumbent": {"alpha": 0.0040824718253228975, "eta0": 0.00044195488125554607}, "budget": 0, "origin": "Sobol"}
{"cpu_time": 0.11361813545227051, "wallclock_time": 0.11503791809082031, "evaluations": 1, "cost": 0.7041, "incumbent": {"alpha": 0.0040824718253228975, "eta0": 0.00044195488125554607}, "budget": 0, "origin": "Sobol"}
{"cpu_time": 1.0012924671173096, "wallclock_time": 1.0088508129119873, "evaluations": 8, "cost": 0.6745, "incumbent": {"alpha": 2.1186147948258377e-05, "eta0": 8.558614272324676e-05}, "budget": 0, "origin": "Sobol"}
