"CPU Time Used","Estimated Training Performance","Wallclock Time","Incumbent ID","Automatic Configurator (CPU) Time","Configuration..."
0.000000, 2147483648.000000, 0.000597, 1, 0.000597, alpha='0.0040824718253228975',eta0='0.00044195488125554607'
0.113618, 0.704100, 0.115038, 1, 0.001420, alpha='0.0040824718253228975',eta0='0.00044195488125554607'
1.001292, 0.674500, 1.008851, 2, 0.007558, alpha='2.1186147948258377e-05',eta0='8.558614272324676e-05'
