"CPU Time Used","Estimated Training Performance","Wallclock Time","Incumbent ID","Automatic Configurator (CPU) Time","Configuration..."
0.000000, 2147483648.000000, 0.001670, 1, 0.001670, alpha='0.0004126639093412234',eta0='0.0017613324954003418'
0.099467, 0.520700, 0.102864, 1, 0.003397, alpha='0.0004126639093412234',eta0='0.0017613324954003418'
0.297561, 0.496000, 0.303347, 2, 0.005786, alpha='0.037163815274404384',eta0='0.020029702345968858'
1.167639, 0.497300, 1.184962, 3, 0.017323, alpha='0.2764230876109255',eta0='0.24718221909693747'
11.622711, 0.493000, 42.488803, 4, 30.866092, alpha='8.372857796217468e-05',eta0='0.0001331175323931402'
19.714159, 0.489700, 98.309535, 5, 78.595376, alpha='8.774659787693006e-05',eta0='0.0001331037393142377'
