"CPU Time Used","Estimated Training Performance","Wallclock Time","Incumbent ID","Automatic Configurator (CPU) Time","Configuration..."
0.000000, 2147483648.000000, 0.001425, 1, 0.001425, colsample_bytree='0.569966175314039',eta='0.009556882986489993',max_depth='3',reg_lambda='0.0020776820882921045'
0.045519, 0.781100, 0.047873, 1, 0.002354, colsample_bytree='0.569966175314039',eta='0.009556882986489993',max_depth='3',reg_lambda='0.0020776820882921045'
0.374544, 0.771100, 0.384591, 2, 0.010047, colsample_bytree='0.7997161545790732',eta='0.8167090504942917',max_depth='1',reg_lambda='7.369638786139326'
1.493166, 0.756700, 1.514976, 3, 0.021810, colsample_bytree='0.5071276918053628',eta='0.18054041228993647',max_depth='4',reg_lambda='0.7014077911957106'
2.396876, 0.732900, 2.441218, 4, 0.044342, colsample_bytree='0.6345239883288741',eta='0.33181775125056084',max_depth='2',reg_lambda='0.043291333432912055'
5.611257, 0.724800, 21.061891, 5, 15.450634, colsample_bytree='0.7367758425899369',eta='0.33181775125056084',max_depth='2',reg_lambda='0.8808583740335085'
6.735812, 0.721300, 28.324140, 6, 21.588328, colsample_bytree='0.6937946987259981',eta='0.33181775125056084',max_depth='2',reg_lambda='0.8875913666132373'
