"CPU Time Used","Estimated Training Performance","Wallclock Time","Incumbent ID","Automatic Configurator (CPU) Time","Configuration..."
0.000000, 2147483648.000000, 0.000219, 1, 0.000219, alpha='0.0004126639093412234',eta0='0.0017613324954003418'
0.037160, 0.022600, 0.037967, 1, 0.000807, alpha='0.0004126639093412234',eta0='0.0017613324954003418'
