{
  "mean_cost": 0.418426602637129,
  "finished_ta_runs": 217,
  "inc_changed": 3,
  "n_configs": 98,
  "submitted_ta_runs": 217,
  "ta_time_used": 29.25520086288452,
  "wallclock_time_used": 60.460538148880005,
  "dataset_id": 3918
}