{
  "mean_cost": 0.46801580175450586,
  "finished_ta_runs": 300,
  "inc_changed": 6,
  "n_configs": 141,
  "submitted_ta_runs": 300,
  "ta_time_used": 533.8101961612701,
  "wallclock_time_used": 660.0048530101776,
  "dataset_id": 9978,
  "perf_time": 660.0157557079947
}