"CPU Time Used","Estimated Training Performance","Wallclock Time","Incumbent ID","Automatic Configurator (CPU) Time","Configuration..."
0.000000, 2147483648.000000, 0.002100, 1, 0.002100, alpha='0.00011227070295712931',eta0='0.0029096933833365197'
6.679978, 0.045200, 6.685245, 1, 0.005267, alpha='0.00011227070295712931',eta0='0.0029096933833365197'
46.206035, 0.027900, 46.218985, 2, 0.012951, alpha='0.026542866188361353',eta0='8.075114966892127e-05'
110.131105, 0.027300, 110.158099, 3, 0.026994, alpha='0.0025540066964094537',eta0='1.2228344859878906e-05'
218.441937, 0.023600, 218.504888, 4, 0.062951, alpha='0.2324892929213259',eta0='2.3356151186184673e-05'
