{
  "mean_cost": 0.2630322923106564,
  "finished_ta_runs": 1,
  "inc_changed": 1,
  "n_configs": 1,
  "submitted_ta_runs": 1,
  "ta_time_used": 0.7435648441314697,
  "wallclock_time_used": 0.7452139854431152,
  "dataset_id": 7592,
  "perf_time": 0.7535435830000097
}