{
  "mean_cost": 0.7102549943883277,
  "finished_ta_runs": 300,
  "inc_changed": 4,
  "n_configs": 173,
  "submitted_ta_runs": 300,
  "ta_time_used": 42.349390745162964,
  "wallclock_time_used": 139.13160490989685,
  "dataset_id": 2079,
  "perf_time": 139.14394754100067
}