"CPU Time Used","Estimated Training Performance","Wallclock Time","Incumbent ID","Automatic Configurator (CPU) Time","Configuration..."
0.000000, 2147483648.000000, 0.000234, 1, 0.000234, C='0.08611366210550205',gamma='0.4942679928374453'
0.202225, 0.500000, 0.203080, 1, 0.000855, C='0.08611366210550205',gamma='0.4942679928374453'
