{
  "mean_cost": 0.21011474100912508,
  "finished_ta_runs": 300,
  "inc_changed": 5,
  "n_configs": 214,
  "submitted_ta_runs": 300,
  "ta_time_used": 14.50415849685669,
  "wallclock_time_used": 98.96330213546753,
  "dataset_id": 14954,
  "perf_time": 98.97376416599946
}