"CPU Time Used","Estimated Training Performance","Wallclock Time","Incumbent ID","Automatic Configurator (CPU) Time","Configuration..."
0.000000, 2147483648.000000, 0.000058, 1, 0.000058, C='1.0',gamma='0.1'
0.167803, 0.876200, 0.168658, 1, 0.000855, C='1.0',gamma='0.1'
0.625965, 0.025100, 0.629696, 2, 0.003731, C='167.43465269107315',gamma='0.010473312293162985'
2.983621, 0.022300, 3.006338, 3, 0.022717, C='1.9695969079413513',gamma='0.0066983131773587995'
9.198413, 0.019900, 9.312266, 4, 0.113853, C='679.0325401248423',gamma='0.0030357544050474464'
14.162564, 0.017900, 14.396350, 5, 0.233786, C='1.3577833231108003',gamma='0.0023769411823143316'
23.121977, 0.015600, 23.655226, 6, 0.533249, C='10.18072871622912',gamma='0.002335135700216906'
