{
  "mean_cost": 0.4301555201334613,
  "finished_ta_runs": 300,
  "inc_changed": 3,
  "n_configs": 161,
  "submitted_ta_runs": 300,
  "ta_time_used": 8.878392934799194,
  "wallclock_time_used": 111.57326793670654,
  "dataset_id": 10101,
  "perf_time": 111.58822045800116
}