{"cpu_time": 0.0, "wallclock_time": 0.0015232563018798828, "evaluations": 0, "cost": 2147483648.0, "incumbent": ["max_depth='2'", "max_features='0.4491682695224881'", "min_samples_leaf='1'", "min_samples_split='4'"], "origin": "Sobol"}
{"cpu_time": 0.23841595649719238, "wallclock_time": 0.24083185195922852, "evaluations": 1, "cost": 0.3729, "incumbent": ["max_depth='2'", "max_features='0.4491682695224881'", "min_samples_leaf='1'", "min_samples_split='4'"], "origin": "Sobol"}
{"cpu_time": 2.661428689956665, "wallclock_time": 2.666501045227051, "evaluations": 4, "cost": 0.0554, "incumbent": ["max_depth='17'", "max_features='0.6137791713699698'", "min_samples_leaf='16'", "min_samples_split='18'"], "origin": "Sobol"}
{"cpu_time": 12.760218620300293, "wallclock_time": 12.7795250415802, "evaluations": 18, "cost": 0.0531, "incumbent": ["max_depth='44'", "max_features='0.3626425629481673'", "min_samples_leaf='15'", "min_samples_split='31'"], "origin": "Sobol"}
{"cpu_time": 25.30734896659851, "wallclock_time": 25.345030069351196, "evaluations": 32, "cost": 0.0474, "incumbent": ["max_depth='13'", "max_features='0.6508769644424319'", "min_samples_leaf='11'", "min_samples_split='3'"], "origin": "Sobol"}
{"cpu_time": 42.168561697006226, "wallclock_time": 42.23119401931763, "evaluations": 48, "cost": 0.0305, "incumbent": ["max_depth='46'", "max_features='0.7485423665493727'", "min_samples_leaf='1'", "min_samples_split='7'"], "origin": "Sobol"}
{"cpu_time": 68.12856888771057, "wallclock_time": 71.60921907424927, "evaluations": 75, "cost": 0.0278, "incumbent": ["max_depth='49'", "max_features='0.5318882466439006'", "min_samples_leaf='2'", "min_samples_split='4'"], "origin": "Local Search"}
{"cpu_time": 83.6970853805542, "wallclock_time": 89.06186604499817, "evaluations": 94, "cost": 0.0275, "incumbent": ["max_depth='48'", "max_features='0.5257537594334416'", "min_samples_leaf='2'", "min_samples_split='8'"], "origin": "Local Search"}
{"cpu_time": 101.59753370285034, "wallclock_time": 113.20007705688477, "evaluations": 122, "cost": 0.0268, "incumbent": ["max_depth='45'", "max_features='0.3196038540818737'", "min_samples_leaf='1'", "min_samples_split='7'"], "origin": "Local Search"}
{"cpu_time": 107.1057915687561, "wallclock_time": 119.29675006866455, "evaluations": 133, "cost": 0.0263, "incumbent": ["max_depth='45'", "max_features='0.30263035616205786'", "min_samples_leaf='1'", "min_samples_split='5'"], "origin": "Local Search"}
{"cpu_time": 115.70503067970276, "wallclock_time": 130.65593600273132, "evaluations": 151, "cost": 0.0262, "incumbent": ["max_depth='45'", "max_features='0.2916990156276771'", "min_samples_leaf='2'", "min_samples_split='3'"], "origin": "Local Search"}
{"cpu_time": 119.97520017623901, "wallclock_time": 135.38696599006653, "evaluations": 161, "cost": 0.0233, "incumbent": ["max_depth='45'", "max_features='0.13472072711312277'", "min_samples_leaf='1'", "min_samples_split='2'"], "origin": "Local Search"}
