{
  "mean_cost": 0.4975372591784806,
  "finished_ta_runs": 1,
  "inc_changed": 1,
  "n_configs": 1,
  "submitted_ta_runs": 1,
  "ta_time_used": 0.462831974029541,
  "wallclock_time_used": 0.46425390243530273,
  "dataset_id": 43,
  "perf_time": 0.48397354200005793
}