{
  "mean_cost": 0.4908376020583183,
  "finished_ta_runs": 1,
  "inc_changed": 1,
  "n_configs": 1,
  "submitted_ta_runs": 1,
  "ta_time_used": 0.3978581428527832,
  "wallclock_time_used": 0.39945483207702637,
  "dataset_id": 167119,
  "perf_time": 0.4049525420000464
}