"CPU Time Used","Estimated Training Performance","Wallclock Time","Incumbent ID","Automatic Configurator (CPU) Time","Configuration..."
0.000000, 2147483648.000000, 0.000572, 1, 0.000572, alpha='0.0004126639093412234',eta0='0.0017613324954003418'
0.202480, 0.390000, 0.203823, 1, 0.001343, alpha='0.0004126639093412234',eta0='0.0017613324954003418'
2.585705, 0.205100, 2.597128, 2, 0.011423, alpha='1.3751027885583958e-05',eta0='0.0001426968473177047'
