{
  "mean_cost": 0.11340546855874367,
  "finished_ta_runs": 1,
  "inc_changed": 1,
  "n_configs": 1,
  "submitted_ta_runs": 1,
  "ta_time_used": 1.0342440605163574,
  "wallclock_time_used": 1.0358219146728516
}