"CPU Time Used","Estimated Training Performance","Wallclock Time","Incumbent ID","Automatic Configurator (CPU) Time","Configuration..."
0.000000, 2147483648.000000, 0.000039, 1, 0.000039, alpha='0.001',eta0='0.01'
0.203180, 0.325500, 0.203863, 1, 0.000683, alpha='0.001',eta0='0.01'
1.451272, 0.337900, 1.457114, 2, 0.005842, alpha='0.005024635265504522',eta0='2.0035124286213127e-05'
2.436715, 0.254800, 2.447164, 3, 0.010449, alpha='1.0455662723206625e-05',eta0='0.001729647929337629'
3.910400, 0.200200, 3.928256, 4, 0.017856, alpha='0.00022661234155643443',eta0='7.824882505894288e-05'
10.717067, 0.192500, 10.796835, 5, 0.079768, alpha='0.0002044728811608274',eta0='0.0006324444152715982'
