{
  "mean_cost": 0.06383293575973999,
  "finished_ta_runs": 28,
  "inc_changed": 3,
  "n_configs": 16,
  "submitted_ta_runs": 28,
  "ta_time_used": 124.40596199035645,
  "wallclock_time_used": 124.45824193954468,
  "dataset_id": 167140
}