{"cpu_time": 0.0, "wallclock_time": 0.0015380382537841797, "evaluations": 0, "cost": 2147483648.0, "incumbent": {"max_depth": 1, "max_features": 0.49276944529265165, "min_samples_leaf": 4, "min_samples_split": 9}, "budget": 0, "origin": "Sobol"}
{"cpu_time": 0.34481096267700195, "wallclock_time": 0.34727978706359863, "evaluations": 1, "cost": 0.6886, "incumbent": {"max_depth": 1, "max_features": 0.49276944529265165, "min_samples_leaf": 4, "min_samples_split": 9}, "budget": 0, "origin": "Sobol"}
{"cpu_time": 3.841683864593506, "wallclock_time": 3.8466718196868896, "evaluations": 4, "cost": 0.5617, "incumbent": {"max_depth": 22, "max_features": 0.502463330514729, "min_samples_leaf": 18, "min_samples_split": 83}, "budget": 0, "origin": "Sobol"}
{"cpu_time": 7.370962858200073, "wallclock_time": 7.377741813659668, "evaluations": 6, "cost": 0.5257, "incumbent": {"max_depth": 10, "max_features": 0.5, "min_samples_leaf": 1, "min_samples_split": 32}, "budget": 0, "origin": null}
{"cpu_time": 51.49860072135925, "wallclock_time": 51.51650309562683, "evaluations": 17, "cost": 0.4705, "incumbent": {"max_depth": 11, "max_features": 0.9135355520993471, "min_samples_leaf": 2, "min_samples_split": 4}, "budget": 0, "origin": "Sobol"}
{"cpu_time": 97.49004697799683, "wallclock_time": 97.5463638305664, "evaluations": 41, "cost": 0.4421, "incumbent": {"max_depth": 35, "max_features": 0.653578007593751, "min_samples_leaf": 3, "min_samples_split": 2}, "budget": 0, "origin": "Sobol"}
{"cpu_time": 130.74798917770386, "wallclock_time": 130.82650804519653, "evaluations": 53, "cost": 0.4385, "incumbent": {"max_depth": 25, "max_features": 0.7711025746539235, "min_samples_leaf": 1, "min_samples_split": 10}, "budget": 0, "origin": "Sobol"}
{"cpu_time": 191.79072093963623, "wallclock_time": 195.78730583190918, "evaluations": 72, "cost": 0.435, "incumbent": {"max_depth": 24, "max_features": 0.7353074668753661, "min_samples_leaf": 1, "min_samples_split": 10}, "budget": 0, "origin": "Local Search"}
{"cpu_time": 243.56051898002625, "wallclock_time": 249.55729579925537, "evaluations": 84, "cost": 0.431, "incumbent": {"max_depth": 23, "max_features": 0.7290388247597839, "min_samples_leaf": 2, "min_samples_split": 5}, "budget": 0, "origin": "Local Search"}
{"cpu_time": 265.68218779563904, "wallclock_time": 271.6911690235138, "evaluations": 89, "cost": 0.4268, "incumbent": {"max_depth": 23, "max_features": 0.7283568050592276, "min_samples_leaf": 2, "min_samples_split": 3}, "budget": 0, "origin": "Local Search"}
{"cpu_time": 293.16596508026123, "wallclock_time": 300.9415919780731, "evaluations": 98, "cost": 0.4166, "incumbent": {"max_depth": 23, "max_features": 0.6690181780308183, "min_samples_leaf": 1, "min_samples_split": 2}, "budget": 0, "origin": "Local Search"}
{"cpu_time": 372.7808337211609, "wallclock_time": 389.32255387306213, "evaluations": 118, "cost": 0.4149, "incumbent": {"max_depth": 22, "max_features": 0.6644338457587263, "min_samples_leaf": 1, "min_samples_split": 2}, "budget": 0, "origin": "Local Search"}
