"CPU Time Used","Estimated Training Performance","Wallclock Time","Incumbent ID","Automatic Configurator (CPU) Time","Configuration..."
0.000000, 2147483648.000000, 0.000610, 1, 0.000610, C='0.017961675793542162',gamma='0.9046232030638993'
1.469709, 0.500000, 1.471057, 1, 0.001348, C='0.017961675793542162',gamma='0.9046232030638993'
5.283139, 0.039400, 5.287023, 2, 0.003884, C='61.71933670840937',gamma='1.0864412265106145'
20.639042, 0.037000, 20.661458, 3, 0.022416, C='2.574588067340684',gamma='0.2803288729873386'
49.553881, 0.036200, 53.473843, 4, 3.919962, C='2.5951946923626754',gamma='0.5405628113658557'
80.973741, 0.035800, 88.535604, 5, 7.561863, C='2.5951946923626754',gamma='0.571952673657171'
87.203638, 0.035800, 95.458735, 6, 8.255097, C='1.7929395512401884',gamma='0.5723658822385311'
91.465238, 0.035700, 99.733251, 7, 8.268013, C='1.7230465655197427',gamma='0.5724378249432373'
