{"cpu_time": 0.0, "wallclock_time": 0.0067138671875, "evaluations": 0, "cost": 2147483648.0, "incumbent": {"alpha": 0.00011227070295712931, "eta0": 0.0029096933833365197}, "budget": 0, "origin": "Sobol"}
{"cpu_time": 0.21164417266845703, "wallclock_time": 0.21970081329345703, "evaluations": 1, "cost": 0.3226, "incumbent": {"alpha": 0.00011227070295712931, "eta0": 0.0029096933833365197}, "budget": 0, "origin": "Sobol"}
{"cpu_time": 3.327098846435547, "wallclock_time": 3.3546528816223145, "evaluations": 17, "cost": 0.2248, "incumbent": {"alpha": 1.715136253541309e-05, "eta0": 0.0001288871339815063}, "budget": 0, "origin": "Sobol"}
