"CPU Time Used","Estimated Training Performance","Wallclock Time","Incumbent ID","Automatic Configurator (CPU) Time","Configuration..."
0.000000, 2147483648.000000, 0.006714, 1, 0.006714, alpha='0.00011227070295712931',eta0='0.0029096933833365197'
0.211644, 0.322600, 0.219701, 1, 0.008057, alpha='0.00011227070295712931',eta0='0.0029096933833365197'
3.327099, 0.224800, 3.354653, 2, 0.027554, alpha='1.715136253541309e-05',eta0='0.0001288871339815063'
