{
  "mean_cost": 0.18224765458180003,
  "finished_ta_runs": 1,
  "inc_changed": 1,
  "n_configs": 1,
  "submitted_ta_runs": 1,
  "ta_time_used": 0.01782703399658203,
  "wallclock_time_used": 0.019340038299560547,
  "dataset_id": 29,
  "perf_time": 0.0250155839994477
}