"CPU Time Used","Estimated Training Performance","Wallclock Time","Incumbent ID","Automatic Configurator (CPU) Time","Configuration..."
0.000000, 2147483648.000000, 0.000583, 1, 0.000583, alpha='0.0004126639093412234',eta0='0.0017613324954003418'
0.320503, 0.804800, 0.321946, 1, 0.001443, alpha='0.0004126639093412234',eta0='0.0017613324954003418'
13.834302, 0.786800, 13.875857, 2, 0.041555, alpha='0.0003176176432525431',eta0='6.415790095453975e-05'
19.133143, 0.771600, 20.095258, 3, 0.962115, alpha='7.023606868165011e-05',eta0='0.00017830680143403696'
82.858856, 0.762300, 137.088185, 4, 54.229329, alpha='7.236743821052353e-05',eta0='3.0525285688448426e-05'
