{
  "mean_cost": 0.5,
  "finished_ta_runs": 2,
  "inc_changed": 1,
  "n_configs": 1,
  "submitted_ta_runs": 2,
  "ta_time_used": 0.019010066986083984,
  "wallclock_time_used": 0.02063894271850586,
  "dataset_id": 3913,
  "perf_time": 0.02612529199996061
}