{
  "mean_cost": 0.31050915802463797,
  "finished_ta_runs": 2,
  "inc_changed": 1,
  "n_configs": 1,
  "submitted_ta_runs": 2,
  "ta_time_used": 1.1955389976501465,
  "wallclock_time_used": 1.1976120471954346,
  "dataset_id": 18,
  "perf_time": 1.2032435000000987
}