{"cpu_time": 0.0, "wallclock_time": 0.0015060901641845703, "evaluations": 0, "cost": 2147483648.0, "incumbent": ["max_depth='6'", "max_features='0.3290755869820714'", "min_samples_leaf='11'", "min_samples_split='2'"], "origin": "Sobol"}
{"cpu_time": 0.09152412414550781, "wallclock_time": 0.09393835067749023, "evaluations": 1, "cost": 0.013, "incumbent": ["max_depth='6'", "max_features='0.3290755869820714'", "min_samples_leaf='11'", "min_samples_split='2'"], "origin": "Sobol"}
{"cpu_time": 1.4841375350952148, "wallclock_time": 1.502380132675171, "evaluations": 17, "cost": 0.0085, "incumbent": ["max_depth='14'", "max_features='0.1785462163388729'", "min_samples_leaf='2'", "min_samples_split='10'"], "origin": "Sobol"}
{"cpu_time": 3.9098660945892334, "wallclock_time": 3.964123249053955, "evaluations": 43, "cost": 0.0072, "incumbent": ["max_depth='39'", "max_features='0.3087822897359729'", "min_samples_leaf='3'", "min_samples_split='7'"], "origin": "Sobol"}
{"cpu_time": 6.532953500747681, "wallclock_time": 7.769081115722656, "evaluations": 73, "cost": 0.0065, "incumbent": ["max_depth='40'", "max_features='0.3014934340586886'", "min_samples_leaf='1'", "min_samples_split='5'"], "origin": "Local Search"}
{"cpu_time": 7.988186836242676, "wallclock_time": 11.080348253250122, "evaluations": 89, "cost": 0.0064, "incumbent": ["max_depth='37'", "max_features='0.13165148884089295'", "min_samples_leaf='1'", "min_samples_split='10'"], "origin": "Local Search"}
