"CPU Time Used","Estimated Training Performance","Wallclock Time","Incumbent ID","Automatic Configurator (CPU) Time","Configuration..."
0.000000, 2147483648.000000, 0.000963, 1, 0.000963, C='0.017961675793542162',gamma='0.9046232030638993'
1.058133, 0.500000, 1.060350, 1, 0.002217, C='0.017961675793542162',gamma='0.9046232030638993'
4.638065, 0.487100, 4.643958, 2, 0.005893, C='61.71933670840937',gamma='1.0864412265106145'
7.404627, 0.485300, 7.413624, 3, 0.008997, C='1.0',gamma='0.1'
14.267270, 0.472700, 14.281320, 4, 0.014050, C='12.958180650233897',gamma='0.01207858159167579'
30.767712, 0.471200, 30.796311, 5, 0.028599, C='198.6613474689375',gamma='0.09318781769031856'
56.598804, 0.469800, 56.657921, 6, 0.059117, C='17.734802574793306',gamma='0.06491208861327971'
135.230691, 0.469100, 141.250538, 7, 6.019847, C='19.0989533800347',gamma='0.06922947466048089'
145.384116, 0.468800, 151.877061, 8, 6.492945, C='18.821859230834754',gamma='0.0682636386707514'
