{"cpu_time": 0.0, "wallclock_time": 3.1948089599609375e-05, "evaluations": 0, "cost": 2147483648.0, "incumbent": ["C='1.0'", "gamma='0.1'"], "origin": "Default"}
{"cpu_time": 0.044641971588134766, "wallclock_time": 0.045340776443481445, "evaluations": 1, "cost": 0.4889, "incumbent": ["C='1.0'", "gamma='0.1'"], "origin": "Default"}
