{
  "mean_cost": 0.2391189137724875,
  "finished_ta_runs": 1,
  "inc_changed": 1,
  "n_configs": 1,
  "submitted_ta_runs": 1,
  "ta_time_used": 14.252932071685791,
  "wallclock_time_used": 14.25455379486084
}