"CPU Time Used","Estimated Training Performance","Wallclock Time","Incumbent ID","Automatic Configurator (CPU) Time","Configuration..."
0.000000, 2147483648.000000, 0.000573, 1, 0.000573, alpha='0.0040824718253228975',eta0='0.00044195488125554607'
0.043350, 0.238400, 0.044695, 1, 0.001345, alpha='0.0040824718253228975',eta0='0.00044195488125554607'
2.174770, 0.246500, 5.305313, 2, 3.130543, alpha='0.005283795230268531',eta0='3.766766754583953e-05'
9.572387, 0.245900, 61.264995, 3, 51.692608, alpha='0.005830647633962306',eta0='0.0001258662051374977'
10.242067, 0.242800, 66.206558, 4, 55.964491, alpha='0.005830647633962306',eta0='9.04718161238837e-05'
