{
  "mean_cost": 0.09367755734331756,
  "finished_ta_runs": 12,
  "inc_changed": 1,
  "n_configs": 8,
  "submitted_ta_runs": 12,
  "ta_time_used": 67.17176508903503,
  "wallclock_time_used": 67.19475889205933,
  "dataset_id": 167125
}