{
  "mean_cost": 0.5,
  "finished_ta_runs": 1,
  "inc_changed": 1,
  "n_configs": 1,
  "submitted_ta_runs": 1,
  "ta_time_used": 0.012109994888305664,
  "wallclock_time_used": 0.013275861740112305,
  "dataset_id": 10101,
  "perf_time": 0.046537540999452176
}