{
  "mean_cost": 0.4488677122399095,
  "finished_ta_runs": 300,
  "inc_changed": 8,
  "n_configs": 135,
  "submitted_ta_runs": 300,
  "ta_time_used": 55.34441423416138,
  "wallclock_time_used": 96.52199602127075,
  "dataset_id": 3903,
  "perf_time": 96.51407000000472
}