"CPU Time Used","Estimated Training Performance","Wallclock Time","Incumbent ID","Automatic Configurator (CPU) Time","Configuration..."
0.000000, 2147483648.000000, 0.000040, 1, 0.000040, alpha='0.001',eta0='0.01'
0.255924, 0.045200, 0.256610, 1, 0.000686, alpha='0.001',eta0='0.01'
2.370653, 0.036500, 2.380639, 2, 0.009986, alpha='1.8419909509685855e-05',eta0='0.05046106065359831'
7.528609, 0.036400, 7.574494, 3, 0.045886, alpha='2.2549688115947852e-05',eta0='0.04153687300299965'
17.601666, 0.035700, 17.752987, 4, 0.151321, alpha='3.322869236004148e-05',eta0='0.02553483998274656'
19.403519, 0.035500, 19.578749, 5, 0.175230, alpha='4.8461372454484296e-05',eta0='0.0040635052544767325'
30.713846, 0.035200, 31.066039, 6, 0.352193, alpha='0.00011738206541611637',eta0='0.003200167601686509'
34.381916, 0.034600, 34.809572, 7, 0.427656, alpha='1.4380458439471012e-05',eta0='0.0014746515022720163'
