"CPU Time Used","Estimated Training Performance","Wallclock Time","Incumbent ID","Automatic Configurator (CPU) Time","Configuration..."
0.000000, 2147483648.000000, 0.002609, 1, 0.002609, alpha='0.00011227070295712931',eta0='0.0029096933833365197'
0.420617, 0.762100, 0.423971, 1, 0.003354, alpha='0.00011227070295712931',eta0='0.0029096933833365197'
13.722535, 0.769100, 13.765015, 2, 0.042480, alpha='8.493190945563282e-05',eta0='3.713240341799095e-05'
49.337903, 0.765300, 66.236704, 3, 16.898800, alpha='8.422854166785183e-05',eta0='2.5180020276719136e-05'
72.824114, 0.753800, 105.789576, 4, 32.965462, alpha='8.16217466981231e-05',eta0='2.5132085829105934e-05'
77.825524, 0.750100, 112.726478, 5, 34.900954, alpha='8.155937117896268e-05',eta0='2.5132085829105934e-05'
102.780781, 0.749300, 165.095560, 6, 62.314780, alpha='8.151504942706615e-05',eta0='2.5132085829105934e-05'
