"CPU Time Used","Estimated Training Performance","Wallclock Time","Incumbent ID","Automatic Configurator (CPU) Time","Configuration..."
0.000000, 2147483648.000000, 0.000604, 1, 0.000604, alpha='0.0004126639093412234',eta0='0.0017613324954003418'
0.057733, 0.431800, 0.059207, 1, 0.001474, alpha='0.0004126639093412234',eta0='0.0017613324954003418'
0.986824, 0.406600, 1.007315, 2, 0.020491, alpha='0.00014331222076014103',eta0='0.0006285756509200554'
10.979891, 0.405200, 54.620678, 3, 43.640787, alpha='0.00205990326227376',eta0='0.0006650881204784614'
