"CPU Time Used","Estimated Training Performance","Wallclock Time","Incumbent ID","Automatic Configurator (CPU) Time","Configuration..."
0.000000, 2147483648.000000, 0.001646, 1, 0.001646, C='0.08611366210550205',gamma='0.4942679928374453'
0.283638, 0.051100, 0.287137, 1, 0.003499, C='0.08611366210550205',gamma='0.4942679928374453'
1.741305, 0.038500, 1.757196, 2, 0.015891, C='4.532544074901469',gamma='0.03382327396632573'
2.898089, 0.012900, 2.928711, 3, 0.030622, C='490.89071375229827',gamma='0.4114559193983836'
4.005160, 0.008600, 4.052160, 4, 0.047000, C='76.5060885254147',gamma='0.08851540004701101'
9.928519, 0.007200, 21.037402, 5, 11.108883, C='52.517856989320414',gamma='0.0857164049484518'
