{
  "mean_cost": 0.3606577238360009,
  "finished_ta_runs": 170,
  "inc_changed": 4,
  "n_configs": 92,
  "submitted_ta_runs": 170,
  "ta_time_used": 29.13910984992981,
  "wallclock_time_used": 60.30496597290039,
  "dataset_id": 3917
}