"CPU Time Used","Estimated Training Performance","Wallclock Time","Incumbent ID","Automatic Configurator (CPU) Time","Configuration..."
0.000000, 2147483648.000000, 0.001422, 1, 0.001422, colsample_bytree='0.3908073678612709',eta='0.02197006114591668',max_depth='1',reg_lambda='0.025956378731779545'
0.038558, 0.287500, 0.040950, 1, 0.002392, colsample_bytree='0.3908073678612709',eta='0.02197006114591668',max_depth='1',reg_lambda='0.025956378731779545'
0.403212, 0.061200, 0.408125, 2, 0.004914, colsample_bytree='0.7864414579235017',eta='0.06876373473778273',max_depth='5',reg_lambda='2.180661802430785'
6.673508, 0.060900, 8.964523, 3, 2.291015, colsample_bytree='0.8114821832006276',eta='0.06590228175543805',max_depth='7',reg_lambda='0.0296983642837528'
8.257612, 0.060400, 11.105614, 4, 2.848002, colsample_bytree='0.8178677470940239',eta='0.0731064429437639',max_depth='6',reg_lambda='0.0017194263227398301'
12.346089, 0.056100, 20.555146, 5, 8.209057, colsample_bytree='0.9512346141184924',eta='0.07859382478896194',max_depth='10',reg_lambda='0.1617512891861298'
22.908258, 0.052800, 51.248817, 6, 28.340559, colsample_bytree='0.9887522959641113',eta='0.07422615210612557',max_depth='10',reg_lambda='0.21312365061933908'
39.575397, 0.052400, 95.984972, 7, 56.409575, colsample_bytree='0.9890036764422073',eta='0.06876079446276218',max_depth='8',reg_lambda='0.24724372291343302'
46.185884, 0.051300, 112.028480, 8, 65.842596, colsample_bytree='0.9888580873084267',eta='0.07448698638951388',max_depth='4',reg_lambda='0.16473920152991176'
