"CPU Time Used","Estimated Training Performance","Wallclock Time","Incumbent ID","Automatic Configurator (CPU) Time","Configuration..."
0.000000, 2147483648.000000, 0.000710, 1, 0.000710, C='1.3600811985592882',gamma='0.09352602871548096'
0.046067, 0.474600, 0.047735, 1, 0.001668, C='1.3600811985592882',gamma='0.09352602871548096'
0.623413, 0.470900, 0.635772, 2, 0.012359, C='102.59827344587585',gamma='0.0039228031036218506'
1.827370, 0.469600, 2.610085, 3, 0.782715, C='105.53529818686191',gamma='0.005358404937747651'
2.188132, 0.465800, 3.219207, 4, 1.031075, C='116.39410935837385',gamma='0.007812511145565165'
