{"cpu_time": 0.0, "wallclock_time": 0.0007102489471435547, "evaluations": 0, "cost": 2147483648.0, "incumbent": ["C='1.3600811985592882'", "gamma='0.09352602871548096'"], "origin": "Sobol"}
{"cpu_time": 0.0460667610168457, "wallclock_time": 0.047734975814819336, "evaluations": 1, "cost": 0.4746, "incumbent": ["C='1.3600811985592882'", "gamma='0.09352602871548096'"], "origin": "Sobol"}
{"cpu_time": 0.6234133243560791, "wallclock_time": 0.6357722282409668, "evaluations": 13, "cost": 0.4709, "incumbent": ["C='102.59827344587585'", "gamma='0.0039228031036218506'"], "origin": "Sobol"}
{"cpu_time": 1.8273704051971436, "wallclock_time": 2.6100852489471436, "evaluations": 40, "cost": 0.4696, "incumbent": ["C='105.53529818686191'", "gamma='0.005358404937747651'"], "origin": "Random Search (sorted)"}
{"cpu_time": 2.1881322860717773, "wallclock_time": 3.219207286834717, "evaluations": 46, "cost": 0.4658, "incumbent": ["C='116.39410935837385'", "gamma='0.007812511145565165'"], "origin": "Random Search (sorted)"}
