{
  "mean_cost": 0.7378951295617961,
  "finished_ta_runs": 1,
  "inc_changed": 1,
  "n_configs": 1,
  "submitted_ta_runs": 1,
  "ta_time_used": 0.15017294883728027,
  "wallclock_time_used": 0.15175294876098633
}