"CPU Time Used","Estimated Training Performance","Wallclock Time","Incumbent ID","Automatic Configurator (CPU) Time","Configuration..."
0.000000, 2147483648.000000, 0.000558, 1, 0.000558, alpha='0.0004126639093412234',eta0='0.0017613324954003418'
0.775357, 0.199700, 0.776728, 1, 0.001371, alpha='0.0004126639093412234',eta0='0.0017613324954003418'
19.078770, 0.179900, 19.097350, 2, 0.018580, alpha='1.3751027885583958e-05',eta0='0.0001426968473177047'
