{"cpu_time": 0.0, "wallclock_time": 0.0005581378936767578, "evaluations": 0, "cost": 2147483648.0, "incumbent": ["alpha='0.0004126639093412234'", "eta0='0.0017613324954003418'"], "origin": "Sobol"}
{"cpu_time": 0.7753572463989258, "wallclock_time": 0.7767281532287598, "evaluations": 1, "cost": 0.1997, "incumbent": ["alpha='0.0004126639093412234'", "eta0='0.0017613324954003418'"], "origin": "Sobol"}
{"cpu_time": 19.07877016067505, "wallclock_time": 19.097350120544434, "evaluations": 18, "cost": 0.1799, "incumbent": ["alpha='1.3751027885583958e-05'", "eta0='0.0001426968473177047'"], "origin": "Sobol"}
