"CPU Time Used","Estimated Training Performance","Wallclock Time","Incumbent ID","Automatic Configurator (CPU) Time","Configuration..."
0.000000, 2147483648.000000, 0.001493, 1, 0.001493, colsample_bytree='0.569966175314039',eta='0.009556882986489993',max_depth='3',reg_lambda='0.0020776820882921045'
1.520988, 0.070500, 1.523475, 1, 0.002487, colsample_bytree='0.569966175314039',eta='0.009556882986489993',max_depth='3',reg_lambda='0.0020776820882921045'
18.407794, 0.012900, 18.415702, 2, 0.007908, colsample_bytree='0.3878000834956765',eta='0.004721681612948408',max_depth='10',reg_lambda='0.09654112415362535'
46.011290, 0.009700, 46.031506, 3, 0.020216, colsample_bytree='0.5071276918053628',eta='0.18054041228993647',max_depth='4',reg_lambda='0.7014077911957106'
232.394577, 0.009000, 250.869218, 4, 18.474641, colsample_bytree='0.3227621989575703',eta='0.779472151458249',max_depth='4',reg_lambda='0.4258147771465208'
291.236713, 0.008800, 318.948457, 5, 27.711744, colsample_bytree='0.5425915895954008',eta='0.36357902729405667',max_depth='5',reg_lambda='0.007061754396226808'
307.846322, 0.008800, 337.222637, 6, 29.376315, colsample_bytree='0.4378224289095234',eta='0.34336065436874963',max_depth='5',reg_lambda='0.0012354674073176944'
315.698506, 0.008400, 345.096211, 7, 29.397705, colsample_bytree='0.4409370126292792',eta='0.35730558188578787',max_depth='5',reg_lambda='0.0013971493119412145'
356.888039, 0.008100, 393.920946, 8, 37.032907, colsample_bytree='0.3871483040568221',eta='0.3165111934042241',max_depth='5',reg_lambda='0.42329935590624534'
