{"cpu_time": 0.0, "wallclock_time": 0.0005366802215576172, "evaluations": 0, "cost": 2147483648.0, "incumbent": ["alpha='0.00011227070295712931'", "eta0='0.0029096933833365197'"], "origin": "Sobol"}
{"cpu_time": 0.17996501922607422, "wallclock_time": 0.18126273155212402, "evaluations": 1, "cost": 0.7798, "incumbent": ["alpha='0.00011227070295712931'", "eta0='0.0029096933833365197'"], "origin": "Sobol"}
{"cpu_time": 1.1236069202423096, "wallclock_time": 1.1298186779022217, "evaluations": 7, "cost": 0.7684, "incumbent": ["alpha='0.026542866188361353'", "eta0='8.075114966892127e-05'"], "origin": "Sobol"}
{"cpu_time": 7.7800514698028564, "wallclock_time": 9.649813890457153, "evaluations": 48, "cost": 0.7662, "incumbent": ["alpha='0.0004476941959182255'", "eta0='2.2435283268478662e-05'"], "origin": "Random Search"}
{"cpu_time": 40.3525173664093, "wallclock_time": 92.4084038734436, "evaluations": 246, "cost": 0.7658, "incumbent": ["alpha='1.0982774857856273e-05'", "eta0='1.9619220799052994e-05'"], "origin": "Random Search (sorted)"}
