"CPU Time Used","Estimated Training Performance","Wallclock Time","Incumbent ID","Automatic Configurator (CPU) Time","Configuration..."
0.000000, 2147483648.000000, 0.000537, 1, 0.000537, alpha='0.00011227070295712931',eta0='0.0029096933833365197'
0.179965, 0.779800, 0.181263, 1, 0.001298, alpha='0.00011227070295712931',eta0='0.0029096933833365197'
1.123607, 0.768400, 1.129819, 2, 0.006212, alpha='0.026542866188361353',eta0='8.075114966892127e-05'
7.780051, 0.766200, 9.649814, 3, 1.869762, alpha='0.0004476941959182255',eta0='2.2435283268478662e-05'
40.352517, 0.765800, 92.408404, 4, 52.055887, alpha='1.0982774857856273e-05',eta0='1.9619220799052994e-05'
