{"cpu_time": 0.0, "wallclock_time": 0.0014150142669677734, "evaluations": 0, "cost": 2147483648.0, "incumbent": {"colsample_bytree": 0.2890479595400393, "eta": 0.02972240058848022, "max_depth": 1, "reg_lambda": 0.23594281684827217}, "budget": 0, "origin": "Sobol"}
{"cpu_time": 0.02347707748413086, "wallclock_time": 0.02583003044128418, "evaluations": 1, "cost": 0.5, "incumbent": {"colsample_bytree": 0.2890479595400393, "eta": 0.02972240058848022, "max_depth": 1, "reg_lambda": 0.23594281684827217}, "budget": 0, "origin": "Sobol"}
{"cpu_time": 0.7782349586486816, "wallclock_time": 0.7906529903411865, "evaluations": 13, "cost": 0.4275, "incumbent": {"colsample_bytree": 0.5235572370700539, "eta": 0.1863242307845216, "max_depth": 3, "reg_lambda": 4.4461461740589225}, "budget": 0, "origin": "Sobol"}
{"cpu_time": 1.7677125930786133, "wallclock_time": 1.7841861248016357, "evaluations": 17, "cost": 0.3717, "incumbent": {"colsample_bytree": 1.0, "eta": 0.3, "max_depth": 10, "reg_lambda": 1.0}, "budget": 0, "origin": null}
{"cpu_time": 3.008765935897827, "wallclock_time": 3.0470612049102783, "evaluations": 34, "cost": 0.3603, "incumbent": {"colsample_bytree": 0.2529058099724353, "eta": 0.7089042475303222, "max_depth": 10, "reg_lambda": 0.0021408774596134435}, "budget": 0, "origin": "Sobol"}
