{"cpu_time": 0.0, "wallclock_time": 0.0016477108001708984, "evaluations": 0, "cost": 2147483648.0, "incumbent": ["colsample_bytree='0.2890479595400393'", "eta='0.02972240058848022'", "max_depth='1'", "reg_lambda='0.23594281684827217'"], "origin": "Sobol"}
{"cpu_time": 1.519244909286499, "wallclock_time": 1.5231287479400635, "evaluations": 1, "cost": 0.2787, "incumbent": ["colsample_bytree='0.2890479595400393'", "eta='0.02972240058848022'", "max_depth='1'", "reg_lambda='0.23594281684827217'"], "origin": "Sobol"}
{"cpu_time": 16.157887935638428, "wallclock_time": 16.168256998062134, "evaluations": 4, "cost": 0.1787, "incumbent": ["colsample_bytree='0.839533680677414'", "eta='0.03178815964339868'", "max_depth='7'", "reg_lambda='260.08137409645684'"], "origin": "Sobol"}
{"cpu_time": 26.38301682472229, "wallclock_time": 26.395570993423462, "evaluations": 6, "cost": 0.0896, "incumbent": ["colsample_bytree='1.0'", "eta='0.3'", "max_depth='10'", "reg_lambda='1.0'"], "origin": null}
