{"cpu_time": 0.0, "wallclock_time": 0.009076118469238281, "evaluations": 0, "cost": 2147483648.0, "incumbent": ["colsample_bytree='0.2890479595400393'", "eta='0.02972240058848022'", "max_depth='1'", "reg_lambda='0.23594281684827217'"], "origin": "Sobol"}
{"cpu_time": 1.370121955871582, "wallclock_time": 1.3814289569854736, "evaluations": 1, "cost": 0.2787, "incumbent": ["colsample_bytree='0.2890479595400393'", "eta='0.02972240058848022'", "max_depth='1'", "reg_lambda='0.23594281684827217'"], "origin": "Sobol"}
{"cpu_time": 15.900406122207642, "wallclock_time": 15.915450096130371, "evaluations": 4, "cost": 0.1787, "incumbent": ["colsample_bytree='0.839533680677414'", "eta='0.03178815964339868'", "max_depth='7'", "reg_lambda='260.08137409645684'"], "origin": "Sobol"}
{"cpu_time": 25.90559220314026, "wallclock_time": 25.923504114151, "evaluations": 6, "cost": 0.0896, "incumbent": ["colsample_bytree='1.0'", "eta='0.3'", "max_depth='10'", "reg_lambda='1.0'"], "origin": null}
{"cpu_time": 46.6706337928772, "wallclock_time": 46.697179079055786, "evaluations": 13, "cost": 0.0831, "incumbent": ["colsample_bytree='0.5235572370700539'", "eta='0.1863242307845216'", "max_depth='3'", "reg_lambda='4.4461461740589225'"], "origin": "Sobol"}
{"cpu_time": 110.77125573158264, "wallclock_time": 110.85463690757751, "evaluations": 43, "cost": 0.0748, "incumbent": ["colsample_bytree='0.14388876901939512'", "eta='0.011121334227289502'", "max_depth='8'", "reg_lambda='1.3793522611585929'"], "origin": "Sobol"}
{"cpu_time": 159.23378777503967, "wallclock_time": 162.5912721157074, "evaluations": 69, "cost": 0.0717, "incumbent": ["colsample_bytree='0.10015741763129578'", "eta='0.09703245058695359'", "max_depth='5'", "reg_lambda='6.225962953824201'"], "origin": "Random Search (sorted)"}
{"cpu_time": 174.83382177352905, "wallclock_time": 179.97653913497925, "evaluations": 79, "cost": 0.0669, "incumbent": ["colsample_bytree='0.11707669045000244'", "eta='0.09865521587016733'", "max_depth='9'", "reg_lambda='4.113370207058475'"], "origin": "Local Search"}
{"cpu_time": 212.87423658370972, "wallclock_time": 226.03247714042664, "evaluations": 103, "cost": 0.0655, "incumbent": ["colsample_bytree='0.11821751686127316'", "eta='0.0916970323767216'", "max_depth='7'", "reg_lambda='0.1826846972445345'"], "origin": "Local Search"}
{"cpu_time": 228.74907565116882, "wallclock_time": 245.53899097442627, "evaluations": 114, "cost": 0.0654, "incumbent": ["colsample_bytree='0.11821751686127316'", "eta='0.07566309366870552'", "max_depth='6'", "reg_lambda='0.25606351873523175'"], "origin": "Local Search"}
{"cpu_time": 279.76180267333984, "wallclock_time": 309.39867520332336, "evaluations": 147, "cost": 0.0647, "incumbent": ["colsample_bytree='0.11708059210952729'", "eta='0.0986795210326071'", "max_depth='9'", "reg_lambda='0.20404203054005754'"], "origin": "Local Search"}
{"cpu_time": 294.01148295402527, "wallclock_time": 324.4231688976288, "evaluations": 157, "cost": 0.0641, "incumbent": ["colsample_bytree='0.10613197459660337'", "eta='0.09793226218593157'", "max_depth='10'", "reg_lambda='0.02983587057759854'"], "origin": "Local Search"}
{"cpu_time": 301.4100878238678, "wallclock_time": 331.84827613830566, "evaluations": 162, "cost": 0.0623, "incumbent": ["colsample_bytree='0.11821751686127316'", "eta='0.08718390591676602'", "max_depth='9'", "reg_lambda='0.5657387086975171'"], "origin": "Local Search"}
