{"cpu_time": 0.0, "wallclock_time": 0.0015518665313720703, "evaluations": 0, "cost": 2147483648.0, "incumbent": {"colsample_bytree": 0.569966175314039, "eta": 0.009556882986489993, "max_depth": 3, "reg_lambda": 0.0020776820882921045}, "budget": 0, "origin": "Sobol"}
{"cpu_time": 0.2046830654144287, "wallclock_time": 0.20725584030151367, "evaluations": 1, "cost": 0.0033, "incumbent": {"colsample_bytree": 0.569966175314039, "eta": 0.009556882986489993, "max_depth": 3, "reg_lambda": 0.0020776820882921045}, "budget": 0, "origin": "Sobol"}
{"cpu_time": 1.6986355781555176, "wallclock_time": 1.7066881656646729, "evaluations": 7, "cost": 0.0, "incumbent": {"colsample_bytree": 0.3878000834956765, "eta": 0.004721681612948408, "max_depth": 10, "reg_lambda": 0.09654112415362535}, "budget": 0, "origin": "Sobol"}
{"cpu_time": 7.514983654022217, "wallclock_time": 7.575731992721558, "evaluations": 45, "cost": 0.0009, "incumbent": {"colsample_bytree": 0.34495162265375257, "eta": 0.024696687633828956, "max_depth": 4, "reg_lambda": 1.0914142682820267}, "budget": 0, "origin": "Sobol"}
{"cpu_time": 10.779381513595581, "wallclock_time": 10.875230073928833, "evaluations": 63, "cost": 0.0, "incumbent": {"colsample_bytree": 0.29933484047651293, "eta": 0.07951704473402763, "max_depth": 2, "reg_lambda": 0.06987614932803023}, "budget": 0, "origin": "Sobol"}
