"CPU Time Used","Estimated Training Performance","Wallclock Time","Incumbent ID","Automatic Configurator (CPU) Time","Configuration..."
0.000000, 2147483648.000000, 0.001552, 1, 0.001552, colsample_bytree='0.569966175314039',eta='0.009556882986489993',max_depth='3',reg_lambda='0.0020776820882921045'
0.204683, 0.003300, 0.207256, 1, 0.002573, colsample_bytree='0.569966175314039',eta='0.009556882986489993',max_depth='3',reg_lambda='0.0020776820882921045'
1.698636, 0.000000, 1.706688, 2, 0.008053, colsample_bytree='0.3878000834956765',eta='0.004721681612948408',max_depth='10',reg_lambda='0.09654112415362535'
7.514984, 0.000900, 7.575732, 3, 0.060748, colsample_bytree='0.34495162265375257',eta='0.024696687633828956',max_depth='4',reg_lambda='1.0914142682820267'
10.779382, 0.000000, 10.875230, 4, 0.095849, colsample_bytree='0.29933484047651293',eta='0.07951704473402763',max_depth='2',reg_lambda='0.06987614932803023'
