"CPU Time Used","Estimated Training Performance","Wallclock Time","Incumbent ID","Automatic Configurator (CPU) Time","Configuration..."
0.000000, 2147483648.000000, 0.000211, 1, 0.000211, alpha='0.0004126639093412234',eta0='0.0017613324954003418'
0.776081, 0.199700, 0.776909, 1, 0.000828, alpha='0.0004126639093412234',eta0='0.0017613324954003418'
