"CPU Time Used","Estimated Training Performance","Wallclock Time","Incumbent ID","Automatic Configurator (CPU) Time","Configuration..."
0.000000, 2147483648.000000, 0.000537, 1, 0.000537, alpha='0.0004126639093412234',eta0='0.0017613324954003418'
0.025250, 0.405600, 0.026502, 1, 0.001252, alpha='0.0004126639093412234',eta0='0.0017613324954003418'
1.574415, 0.403900, 4.497107, 2, 2.922692, alpha='0.00015789092800485302',eta0='0.0006052151600407305'
3.929902, 0.392200, 24.088155, 3, 20.158253, alpha='0.0001545073751499685',eta0='0.000584802290385458'
