{
  "mean_cost": 0.22006755491564037,
  "finished_ta_runs": 600,
  "inc_changed": 4,
  "n_configs": 576,
  "submitted_ta_runs": 600,
  "ta_time_used": 105.0352075099945,
  "wallclock_time_used": 110.43529486656189,
  "dataset_id": 146822,
  "perf_time": 110.45195516600143
}