{
  "mean_cost": 0.02491519713086492,
  "finished_ta_runs": 767,
  "inc_changed": 4,
  "n_configs": 749,
  "submitted_ta_runs": 767,
  "ta_time_used": 110.91533875465393,
  "wallclock_time_used": 120.0460479259491,
  "dataset_id": 3
}