{
  "mean_cost": 0.07066947043969103,
  "finished_ta_runs": 34,
  "inc_changed": 2,
  "n_configs": 26,
  "submitted_ta_runs": 34,
  "ta_time_used": 97.4474287033081,
  "wallclock_time_used": 97.50676989555359,
  "dataset_id": 146800
}