"CPU Time Used","Estimated Training Performance","Wallclock Time","Incumbent ID","Automatic Configurator (CPU) Time","Configuration..."
0.000000, 2147483648.000000, 0.000549, 1, 0.000549, C='0.08611366210550205',gamma='0.4942679928374453'
0.011749, 0.500000, 0.013049, 1, 0.001300, C='0.08611366210550205',gamma='0.4942679928374453'
0.101061, 0.396000, 0.106601, 2, 0.005540, C='69.38389384208695',gamma='0.0015531477828170245'
0.437735, 0.393700, 0.991946, 3, 0.554211, C='135.31580832936388',gamma='0.0015945668321688817'
0.699239, 0.379500, 1.877247, 4, 1.178008, C='1004.7020990324227',gamma='0.0015860221423306135'
1.329995, 0.375800, 6.310624, 5, 4.980629, C='1021.8761030986755',gamma='0.001524134675405718'
2.223288, 0.372100, 8.602509, 6, 6.379221, C='1020.296319807021',gamma='0.0014073345831070747'
