{"cpu_time": 0.0, "wallclock_time": 0.0015170574188232422, "evaluations": 0, "cost": 2147483648.0, "incumbent": ["max_depth='2'", "max_features='0.4491682695224881'", "min_samples_leaf='1'", "min_samples_split='4'"], "origin": "Sobol"}
{"cpu_time": 0.13767790794372559, "wallclock_time": 0.1400759220123291, "evaluations": 1, "cost": 0.5, "incumbent": ["max_depth='2'", "max_features='0.4491682695224881'", "min_samples_leaf='1'", "min_samples_split='4'"], "origin": "Sobol"}
{"cpu_time": 0.8298718929290771, "wallclock_time": 0.8350000381469727, "evaluations": 4, "cost": 0.1296, "incumbent": ["max_depth='17'", "max_features='0.6137791713699698'", "min_samples_leaf='16'", "min_samples_split='18'"], "origin": "Sobol"}
{"cpu_time": 1.2963595390319824, "wallclock_time": 1.3033769130706787, "evaluations": 6, "cost": 0.119, "incumbent": ["max_depth='10'", "max_features='0.5'", "min_samples_leaf='1'", "min_samples_split='32'"], "origin": null}
{"cpu_time": 4.087898254394531, "wallclock_time": 4.1064839363098145, "evaluations": 17, "cost": 0.0706, "incumbent": ["max_depth='7'", "max_features='0.8544756416231394'", "min_samples_leaf='3'", "min_samples_split='9'"], "origin": "Sobol"}
{"cpu_time": 8.834265947341919, "wallclock_time": 8.88651180267334, "evaluations": 39, "cost": 0.0626, "incumbent": ["max_depth='5'", "max_features='0.9284034045413136'", "min_samples_leaf='2'", "min_samples_split='14'"], "origin": "Sobol"}
{"cpu_time": 18.940048217773438, "wallclock_time": 24.390880823135376, "evaluations": 76, "cost": 0.0604, "incumbent": ["max_depth='5'", "max_features='0.8716126101699925'", "min_samples_leaf='1'", "min_samples_split='15'"], "origin": "Local Search"}
{"cpu_time": 20.541788339614868, "wallclock_time": 26.004173755645752, "evaluations": 81, "cost": 0.0584, "incumbent": ["max_depth='5'", "max_features='0.8665322971099757'", "min_samples_leaf='1'", "min_samples_split='18'"], "origin": "Local Search"}
{"cpu_time": 24.38941478729248, "wallclock_time": 34.45573663711548, "evaluations": 94, "cost": 0.0582, "incumbent": ["max_depth='5'", "max_features='0.8655046971379708'", "min_samples_leaf='1'", "min_samples_split='17'"], "origin": "Local Search"}
