"CPU Time Used","Estimated Training Performance","Wallclock Time","Incumbent ID","Automatic Configurator (CPU) Time","Configuration..."
0.000000, 2147483648.000000, 0.003685, 1, 0.003685, colsample_bytree='0.2890479595400393',eta='0.02972240058848022',max_depth='1',reg_lambda='0.23594281684827217'
0.023527, 0.062100, 0.028216, 1, 0.004689, colsample_bytree='0.2890479595400393',eta='0.02972240058848022',max_depth='1',reg_lambda='0.23594281684827217'
0.293879, 0.036900, 0.306065, 2, 0.012186, colsample_bytree='0.5235572370700539',eta='0.1863242307845216',max_depth='3',reg_lambda='4.4461461740589225'
0.623021, 0.027100, 0.646119, 3, 0.023098, colsample_bytree='0.6967330143786967',eta='0.5491817241792905',max_depth='1',reg_lambda='0.02427911263315825'
2.339239, 0.021900, 6.015680, 4, 3.676441, colsample_bytree='0.24578528328132943',eta='0.47461162786549543',max_depth='5',reg_lambda='0.0022149734410061954'
4.256860, 0.019800, 51.598232, 5, 47.341372, colsample_bytree='0.23435780072874693',eta='0.47024305449805204',max_depth='7',reg_lambda='1.561432488934726'
4.667652, 0.018200, 61.131570, 6, 56.463918, colsample_bytree='0.23349123598768579',eta='0.4441983219421152',max_depth='9',reg_lambda='1.471852577062336'
