{"cpu_time": 0.0, "wallclock_time": 0.00023102760314941406, "evaluations": 0, "cost": 2147483648.0, "incumbent": {"C": 0.08611366210550205, "gamma": 0.4942679928374453}, "budget": 0, "origin": "Sobol"}
{"cpu_time": 0.016569852828979492, "wallclock_time": 0.017364978790283203, "evaluations": 1, "cost": 0.5, "incumbent": {"C": 0.08611366210550205, "gamma": 0.4942679928374453}, "budget": 0, "origin": "Sobol"}
