{
  "mean_cost": 0.42279409534449724,
  "finished_ta_runs": 70,
  "inc_changed": 2,
  "n_configs": 55,
  "submitted_ta_runs": 70,
  "ta_time_used": 57.83367085456848,
  "wallclock_time_used": 60.287086963653564,
  "dataset_id": 3904
}