"CPU Time Used","Estimated Training Performance","Wallclock Time","Incumbent ID","Automatic Configurator (CPU) Time","Configuration..."
0.000000, 2147483648.000000, 0.000089, 1, 0.000089, C='1.0',gamma='0.1'
0.027695, 0.498200, 0.028622, 1, 0.000927, C='1.0',gamma='0.1'
0.177214, 0.489400, 0.181041, 2, 0.003827, C='167.43465269107315',gamma='0.010473312293162985'
0.788845, 0.486200, 0.812711, 3, 0.023866, C='3.0897471731383286',gamma='0.049857117783155845'
2.367154, 0.473000, 2.473532, 4, 0.106378, C='679.0325401248423',gamma='0.0030357544050474464'
4.565906, 0.467700, 4.857678, 5, 0.291773, C='277.8053884041678',gamma='0.004737932302767295'
7.003016, 0.465700, 7.665137, 6, 0.662121, C='163.86019330005755',gamma='0.003601480914914017'
9.228299, 0.460000, 10.320280, 7, 1.091981, C='121.13727366630242',gamma='0.006261918724477001'
13.200001, 0.454100, 15.403576, 8, 2.203575, C='49.98746159386675',gamma='0.009195057449207693'
