{
  "mean_cost": 0.38441764219556507,
  "finished_ta_runs": 300,
  "inc_changed": 3,
  "n_configs": 232,
  "submitted_ta_runs": 300,
  "ta_time_used": 42.321821212768555,
  "wallclock_time_used": 121.58449411392212,
  "dataset_id": 146820,
  "perf_time": 121.59478629200021
}