{
  "mean_cost": 0.8761609292839942,
  "finished_ta_runs": 2,
  "inc_changed": 1,
  "n_configs": 1,
  "submitted_ta_runs": 2,
  "ta_time_used": 0.31301259994506836,
  "wallclock_time_used": 0.31490564346313477,
  "dataset_id": 16,
  "perf_time": 0.3227415840001413
}