{
  "mean_cost": 0.11541659014386288,
  "finished_ta_runs": 300,
  "inc_changed": 7,
  "n_configs": 229,
  "submitted_ta_runs": 300,
  "ta_time_used": 90.96143293380737,
  "wallclock_time_used": 199.10174798965454,
  "dataset_id": 3022,
  "perf_time": 199.11682662501698
}