"CPU Time Used","Estimated Training Performance","Wallclock Time","Incumbent ID","Automatic Configurator (CPU) Time","Configuration..."
0.000000, 2147483648.000000, 0.000035, 1, 0.000035, alpha='0.001',eta0='0.01'
0.086838, 0.359500, 0.087446, 1, 0.000608, alpha='0.001',eta0='0.01'
2.075601, 0.346800, 2.089466, 2, 0.013865, alpha='0.00022661234155643443',eta0='7.824882505894288e-05'
3.553639, 0.317200, 3.583560, 3, 0.029921, alpha='0.026631249379216033',eta0='4.889539052643346e-05'
16.725680, 0.316800, 17.061674, 4, 0.335994, alpha='0.0006369911006372868',eta0='9.8597453484733e-05'
25.654273, 0.296100, 26.386795, 5, 0.732522, alpha='2.706421604375243e-05',eta0='0.01669336421272515'
