"CPU Time Used","Estimated Training Performance","Wallclock Time","Incumbent ID","Automatic Configurator (CPU) Time","Configuration..."
0.000000, 2147483648.000000, 0.001634, 1, 0.001634, colsample_bytree='0.3908073678612709',eta='0.02197006114591668',max_depth='1',reg_lambda='0.025956378731779545'
0.283519, 0.291600, 0.286191, 1, 0.002671, colsample_bytree='0.3908073678612709',eta='0.02197006114591668',max_depth='1',reg_lambda='0.025956378731779545'
4.916993, 0.029100, 4.922294, 2, 0.005301, colsample_bytree='0.7864414579235017',eta='0.06876373473778273',max_depth='5',reg_lambda='2.180661802430785'
34.540947, 0.021300, 34.566806, 3, 0.025859, colsample_bytree='0.5564905133098365',eta='0.01605885730841195',max_depth='10',reg_lambda='0.0010986517054572343'
47.838809, 0.016600, 47.894808, 4, 0.056000, colsample_bytree='0.2476114026270807',eta='0.09799148147389534',max_depth='9',reg_lambda='0.22959291519229882'
89.168632, 0.016100, 95.786990, 5, 6.618358, colsample_bytree='0.2889850033887092',eta='0.06256063581641952',max_depth='8',reg_lambda='0.23503222879053726'
101.628048, 0.015300, 109.795831, 6, 8.167783, colsample_bytree='0.2817646928682458',eta='0.0623458793792211',max_depth='9',reg_lambda='0.251584796481472'
273.180160, 0.014700, 380.626128, 7, 107.445968, colsample_bytree='0.29225886419017033',eta='0.06315836536503194',max_depth='9',reg_lambda='0.19338187448820243'
