{"cpu_time": 0.0, "wallclock_time": 0.0016341209411621094, "evaluations": 0, "cost": 2147483648.0, "incumbent": {"colsample_bytree": 0.3908073678612709, "eta": 0.02197006114591668, "max_depth": 1, "reg_lambda": 0.025956378731779545}, "budget": 0, "origin": "Sobol"}
{"cpu_time": 0.28351926803588867, "wallclock_time": 0.2861907482147217, "evaluations": 1, "cost": 0.2916, "incumbent": {"colsample_bytree": 0.3908073678612709, "eta": 0.02197006114591668, "max_depth": 1, "reg_lambda": 0.025956378731779545}, "budget": 0, "origin": "Sobol"}
{"cpu_time": 4.9169933795928955, "wallclock_time": 4.9222939014434814, "evaluations": 4, "cost": 0.0291, "incumbent": {"colsample_bytree": 0.7864414579235017, "eta": 0.06876373473778273, "max_depth": 5, "reg_lambda": 2.180661802430785}, "budget": 0, "origin": "Sobol"}
{"cpu_time": 34.54094743728638, "wallclock_time": 34.56680607795715, "evaluations": 22, "cost": 0.0213, "incumbent": {"colsample_bytree": 0.5564905133098365, "eta": 0.01605885730841195, "max_depth": 10, "reg_lambda": 0.0010986517054572343}, "budget": 0, "origin": "Sobol"}
{"cpu_time": 47.83880853652954, "wallclock_time": 47.89480805397034, "evaluations": 42, "cost": 0.0166, "incumbent": {"colsample_bytree": 0.2476114026270807, "eta": 0.09799148147389534, "max_depth": 9, "reg_lambda": 0.22959291519229882}, "budget": 0, "origin": "Sobol"}
{"cpu_time": 89.16863226890564, "wallclock_time": 95.78699016571045, "evaluations": 83, "cost": 0.0161, "incumbent": {"colsample_bytree": 0.2889850033887092, "eta": 0.06256063581641952, "max_depth": 8, "reg_lambda": 0.23503222879053726}, "budget": 0, "origin": "Local Search"}
{"cpu_time": 101.62804818153381, "wallclock_time": 109.79583096504211, "evaluations": 95, "cost": 0.0153, "incumbent": {"colsample_bytree": 0.2817646928682458, "eta": 0.0623458793792211, "max_depth": 9, "reg_lambda": 0.251584796481472}, "budget": 0, "origin": "Local Search"}
{"cpu_time": 273.1801600456238, "wallclock_time": 380.62612795829773, "evaluations": 237, "cost": 0.0147, "incumbent": {"colsample_bytree": 0.29225886419017033, "eta": 0.06315836536503194, "max_depth": 9, "reg_lambda": 0.19338187448820243}, "budget": 0, "origin": "Local Search"}
