"CPU Time Used","Estimated Training Performance","Wallclock Time","Incumbent ID","Automatic Configurator (CPU) Time","Configuration..."
0.000000, 2147483648.000000, 0.000680, 1, 0.000680, alpha='0.0004126639093412234',eta0='0.0017613324954003418'
0.139270, 0.334900, 0.140890, 1, 0.001620, alpha='0.0004126639093412234',eta0='0.0017613324954003418'
1.070670, 0.328400, 1.084223, 2, 0.013553, alpha='6.675963694532246e-05',eta0='0.13455959491033861'
14.205689, 0.335500, 26.821120, 3, 12.615431, alpha='0.0003081154336995279',eta0='7.7836053581742e-05'
19.706461, 0.331100, 43.063021, 4, 23.356560, alpha='0.0001507082792215242',eta0='9.055661329654329e-05'
20.869896, 0.322600, 45.350820, 5, 24.480924, alpha='0.000307981139711762',eta0='7.742272606502996e-05'
21.692671, 0.317100, 46.191586, 6, 24.498915, alpha='0.0003074389519691347',eta0='7.810113043820572e-05'
