{
  "mean_cost": 0.07066033895094344,
  "finished_ta_runs": 120,
  "inc_changed": 7,
  "n_configs": 82,
  "submitted_ta_runs": 120,
  "ta_time_used": 41.91586494445801,
  "wallclock_time_used": 60.12792992591858,
  "dataset_id": 167140
}