{
  "mean_cost": 0.6291125541125542,
  "finished_ta_runs": 1,
  "inc_changed": 1,
  "n_configs": 1,
  "submitted_ta_runs": 1,
  "ta_time_used": 0.06934905052185059,
  "wallclock_time_used": 0.07097482681274414,
  "dataset_id": 2079,
  "perf_time": 0.077638916000069
}