"CPU Time Used","Estimated Training Performance","Wallclock Time","Incumbent ID","Automatic Configurator (CPU) Time","Configuration..."
0.000000, 2147483648.000000, 0.000260, 1, 0.000260, alpha='0.0004126639093412234',eta0='0.0017613324954003418'
0.305043, 0.046600, 0.307098, 1, 0.002055, alpha='0.0004126639093412234',eta0='0.0017613324954003418'
