{"cpu_time": 0.0, "wallclock_time": 0.0016620159149169922, "evaluations": 0, "cost": 2147483648.0, "incumbent": ["colsample_bytree='0.2890479595400393'", "eta='0.02972240058848022'", "max_depth='1'", "reg_lambda='0.23594281684827217'"], "origin": "Sobol"}
{"cpu_time": 0.01687908172607422, "wallclock_time": 0.01972198486328125, "evaluations": 1, "cost": 0.5, "incumbent": ["colsample_bytree='0.2890479595400393'", "eta='0.02972240058848022'", "max_depth='1'", "reg_lambda='0.23594281684827217'"], "origin": "Sobol"}
{"cpu_time": 0.15885186195373535, "wallclock_time": 0.1706540584564209, "evaluations": 10, "cost": 0.3536, "incumbent": ["colsample_bytree='0.5235572370700539'", "eta='0.1863242307845216'", "max_depth='3'", "reg_lambda='4.4461461740589225'"], "origin": "Sobol"}
{"cpu_time": 0.3366703987121582, "wallclock_time": 0.3525998592376709, "evaluations": 14, "cost": 0.3226, "incumbent": ["colsample_bytree='1.0'", "eta='0.3'", "max_depth='10'", "reg_lambda='1.0'"], "origin": null}
{"cpu_time": 1.9269964694976807, "wallclock_time": 10.633672952651978, "evaluations": 72, "cost": 0.3104, "incumbent": ["colsample_bytree='1.0'", "eta='0.3015444423189758'", "max_depth='10'", "reg_lambda='1.017842389982571'"], "origin": "Local Search"}
{"cpu_time": 4.664769411087036, "wallclock_time": 50.86659216880798, "evaluations": 135, "cost": 0.3056, "incumbent": ["colsample_bytree='1.0'", "eta='0.30151111960684585'", "max_depth='10'", "reg_lambda='1.017940658541512'"], "origin": "Local Search"}
