{"cpu_time": 0.0, "wallclock_time": 0.001577138900756836, "evaluations": 0, "cost": 2147483648.0, "incumbent": ["max_depth='1'", "max_features='0.49276944529265165'", "min_samples_leaf='4'", "min_samples_split='9'"], "origin": "Sobol"}
{"cpu_time": 0.18789196014404297, "wallclock_time": 0.1904311180114746, "evaluations": 1, "cost": 0.8333, "incumbent": ["max_depth='1'", "max_features='0.49276944529265165'", "min_samples_leaf='4'", "min_samples_split='9'"], "origin": "Sobol"}
{"cpu_time": 1.6204445362091064, "wallclock_time": 1.625582218170166, "evaluations": 4, "cost": 0.6601, "incumbent": ["max_depth='22'", "max_features='0.502463330514729'", "min_samples_leaf='18'", "min_samples_split='83'"], "origin": "Sobol"}
{"cpu_time": 3.0602903366088867, "wallclock_time": 3.0674800872802734, "evaluations": 6, "cost": 0.627, "incumbent": ["max_depth='10'", "max_features='0.5'", "min_samples_leaf='1'", "min_samples_split='32'"], "origin": null}
{"cpu_time": 23.921185970306396, "wallclock_time": 23.939462900161743, "evaluations": 17, "cost": 0.547, "incumbent": ["max_depth='11'", "max_features='0.9135355520993471'", "min_samples_leaf='2'", "min_samples_split='4'"], "origin": "Sobol"}
{"cpu_time": 45.20266056060791, "wallclock_time": 45.256383180618286, "evaluations": 41, "cost": 0.5331, "incumbent": ["max_depth='35'", "max_features='0.653578007593751'", "min_samples_leaf='3'", "min_samples_split='2'"], "origin": "Sobol"}
{"cpu_time": 61.357197284698486, "wallclock_time": 61.43613314628601, "evaluations": 53, "cost": 0.5195, "incumbent": ["max_depth='25'", "max_features='0.7711025746539235'", "min_samples_leaf='1'", "min_samples_split='10'"], "origin": "Sobol"}
{"cpu_time": 162.45328831672668, "wallclock_time": 178.53300213813782, "evaluations": 107, "cost": 0.5185, "incumbent": ["max_depth='26'", "max_features='0.7714721945518088'", "min_samples_leaf='1'", "min_samples_split='10'"], "origin": "Local Search"}
{"cpu_time": 178.37452220916748, "wallclock_time": 195.2407832145691, "evaluations": 113, "cost": 0.5109, "incumbent": ["max_depth='26'", "max_features='0.7714721945518088'", "min_samples_leaf='1'", "min_samples_split='4'"], "origin": "Local Search"}
{"cpu_time": 196.99623322486877, "wallclock_time": 216.03051495552063, "evaluations": 121, "cost": 0.5051, "incumbent": ["max_depth='22'", "max_features='0.7408212867509089'", "min_samples_leaf='1'", "min_samples_split='3'"], "origin": "Local Search"}
{"cpu_time": 276.1372036933899, "wallclock_time": 313.75243616104126, "evaluations": 163, "cost": 0.5041, "incumbent": ["max_depth='30'", "max_features='0.7410687117474701'", "min_samples_leaf='1'", "min_samples_split='3'"], "origin": "Local Search"}
{"cpu_time": 294.9595437049866, "wallclock_time": 335.6083810329437, "evaluations": 171, "cost": 0.5028, "incumbent": ["max_depth='33'", "max_features='0.7410687117474701'", "min_samples_leaf='1'", "min_samples_split='3'"], "origin": "Local Search"}
{"cpu_time": 306.43586349487305, "wallclock_time": 347.1060130596161, "evaluations": 176, "cost": 0.5025, "incumbent": ["max_depth='44'", "max_features='0.740951478681576'", "min_samples_leaf='1'", "min_samples_split='3'"], "origin": "Local Search"}
