{
  "mean_cost": 0.043675453396506095,
  "finished_ta_runs": 300,
  "inc_changed": 10,
  "n_configs": 185,
  "submitted_ta_runs": 300,
  "ta_time_used": 650.353803396225,
  "wallclock_time_used": 715.7926599979401,
  "dataset_id": 146824,
  "perf_time": 715.8118283329968
}