{
  "mean_cost": 0.10328607503607505,
  "finished_ta_runs": 300,
  "inc_changed": 6,
  "n_configs": 120,
  "submitted_ta_runs": 300,
  "ta_time_used": 33.29014182090759,
  "wallclock_time_used": 67.23742318153381,
  "dataset_id": 3022,
  "perf_time": 67.2493993750004
}