{
  "mean_cost": 0.46597735043544974,
  "finished_ta_runs": 300,
  "inc_changed": 4,
  "n_configs": 186,
  "submitted_ta_runs": 300,
  "ta_time_used": 102.26243662834167,
  "wallclock_time_used": 171.87735605239868,
  "dataset_id": 3904,
  "perf_time": 171.88413870899967
}