{
  "mean_cost": 0.16870632877900685,
  "finished_ta_runs": 300,
  "inc_changed": 4,
  "n_configs": 104,
  "submitted_ta_runs": 300,
  "ta_time_used": 129.58219528198242,
  "wallclock_time_used": 158.46592688560486,
  "dataset_id": 146824,
  "perf_time": 158.47744225000497
}