{"cpu_time": 0.0, "wallclock_time": 3.0994415283203125e-05, "evaluations": 0, "cost": 2147483648.0, "incumbent": ["alpha='0.001'", "eta0='0.01'"], "origin": "Default"}
{"cpu_time": 0.04114508628845215, "wallclock_time": 0.04175901412963867, "evaluations": 1, "cost": 0.4904, "incumbent": ["alpha='0.001'", "eta0='0.01'"], "origin": "Default"}
