"CPU Time Used","Estimated Training Performance","Wallclock Time","Incumbent ID","Automatic Configurator (CPU) Time","Configuration..."
0.000000, 2147483648.000000, 0.001440, 1, 0.001440, colsample_bytree='0.569966175314039',eta='0.009556882986489993',max_depth='3',reg_lambda='0.0020776820882921045'
0.031936, 0.022900, 0.035014, 1, 0.003078, colsample_bytree='0.569966175314039',eta='0.009556882986489993',max_depth='3',reg_lambda='0.0020776820882921045'
0.629214, 0.003500, 0.640988, 2, 0.011774, colsample_bytree='0.7997161545790732',eta='0.8167090504942917',max_depth='1',reg_lambda='7.369638786139326'
0.889185, 0.002800, 0.911958, 3, 0.022773, colsample_bytree='0.5071276918053628',eta='0.18054041228993647',max_depth='4',reg_lambda='0.7014077911957106'
1.956981, 0.001300, 2.055700, 4, 0.098719, colsample_bytree='0.8084682528860867',eta='0.05027054478574182',max_depth='6',reg_lambda='0.12630572834813372'
2.424437, 0.000000, 4.228173, 5, 1.803736, colsample_bytree='0.8094016916725889',eta='0.04876588578627707',max_depth='6',reg_lambda='0.12146704424077949'
