"CPU Time Used","Estimated Training Performance","Wallclock Time","Incumbent ID","Automatic Configurator (CPU) Time","Configuration..."
0.000000, 2147483648.000000, 0.000612, 1, 0.000612, C='0.017961675793542162',gamma='0.9046232030638993'
0.023070, 0.500000, 0.024531, 1, 0.001461, C='0.017961675793542162',gamma='0.9046232030638993'
0.074545, 0.000000, 0.078505, 2, 0.003960, C='61.71933670840937',gamma='1.0864412265106145'
