"CPU Time Used","Estimated Training Performance","Wallclock Time","Incumbent ID","Automatic Configurator (CPU) Time","Configuration..."
0.000000, 2147483648.000000, 0.000044, 1, 0.000044, alpha='0.001',eta0='0.01'
0.116046, 0.609800, 0.117214, 1, 0.001168, alpha='0.001',eta0='0.01'
0.334907, 0.495600, 0.340352, 2, 0.005445, alpha='0.21197489574168019',eta0='0.4034540937214564'
1.162946, 0.490900, 1.178936, 3, 0.015990, alpha='0.35324220177781457',eta0='0.009929181630056166'
4.723735, 0.489200, 4.833647, 4, 0.109911, alpha='0.004765363945322159',eta0='0.00010953501997114095'
14.948627, 0.486500, 15.629259, 5, 0.680631, alpha='1.6288280748990713e-05',eta0='6.266263399797439e-05'
20.150278, 0.486300, 21.325018, 6, 1.174740, alpha='4.9499881535886214e-05',eta0='0.0002803965351523949'
