{
  "mean_cost": 0.03240355250269056,
  "finished_ta_runs": 2,
  "inc_changed": 1,
  "n_configs": 1,
  "submitted_ta_runs": 2,
  "ta_time_used": 10.483016014099121,
  "wallclock_time_used": 10.485994815826416,
  "dataset_id": 6,
  "perf_time": 10.5022895839993
}