{
  "mean_cost": 0.2830848963755278,
  "finished_ta_runs": 600,
  "inc_changed": 6,
  "n_configs": 567,
  "submitted_ta_runs": 600,
  "ta_time_used": 120.99894142150879,
  "wallclock_time_used": 126.38155484199524,
  "dataset_id": 146820,
  "perf_time": 126.38872541699675
}