"CPU Time Used","Estimated Training Performance","Wallclock Time","Incumbent ID","Automatic Configurator (CPU) Time","Configuration..."
0.000000, 2147483648.000000, 0.000768, 1, 0.000768, alpha='0.00011227070295712931',eta0='0.0029096933833365197'
0.325098, 0.803800, 0.326646, 1, 0.001548, alpha='0.00011227070295712931',eta0='0.0029096933833365197'
16.213375, 0.745300, 18.050952, 2, 1.837577, alpha='1.0481086565382785e-05',eta0='3.9665369308309635e-05'
31.021419, 0.741100, 39.448559, 3, 8.427140, alpha='1.0006971708192705e-05',eta0='0.0030616480738085566'
43.704819, 0.734900, 58.971170, 4, 15.266351, alpha='1.0006971708192705e-05',eta0='0.0009859526165846273'
95.165908, 0.733700, 184.277171, 5, 89.111263, alpha='1.0006971708192705e-05',eta0='0.0030240022604977844'
