{
  "mean_cost": 0.37439496777732073,
  "finished_ta_runs": 1,
  "inc_changed": 1,
  "n_configs": 1,
  "submitted_ta_runs": 1,
  "ta_time_used": 0.16304802894592285,
  "wallclock_time_used": 0.16497802734375
}