{"cpu_time": 0.0, "wallclock_time": 0.0038080215454101562, "evaluations": 0, "cost": 2147483648.0, "incumbent": ["max_depth='2'", "max_features='0.4491682695224881'", "min_samples_leaf='1'", "min_samples_split='4'"], "origin": "Sobol"}
{"cpu_time": 0.08385491371154785, "wallclock_time": 0.08868217468261719, "evaluations": 1, "cost": 0.258, "incumbent": ["max_depth='2'", "max_features='0.4491682695224881'", "min_samples_leaf='1'", "min_samples_split='4'"], "origin": "Sobol"}
{"cpu_time": 0.3840911388397217, "wallclock_time": 0.391618013381958, "evaluations": 4, "cost": 0.0096, "incumbent": ["max_depth='17'", "max_features='0.6137791713699698'", "min_samples_leaf='16'", "min_samples_split='18'"], "origin": "Sobol"}
{"cpu_time": 0.5928671360015869, "wallclock_time": 0.602229118347168, "evaluations": 6, "cost": 0.0023, "incumbent": ["max_depth='10'", "max_features='0.5'", "min_samples_leaf='1'", "min_samples_split='32'"], "origin": null}
{"cpu_time": 6.467686414718628, "wallclock_time": 7.7436840534210205, "evaluations": 59, "cost": 0.0027, "incumbent": ["max_depth='5'", "max_features='0.5388320829943961'", "min_samples_leaf='1'", "min_samples_split='59'"], "origin": "Local Search"}
{"cpu_time": 7.00334358215332, "wallclock_time": 8.289289236068726, "evaluations": 64, "cost": 0.0023, "incumbent": ["max_depth='9'", "max_features='0.5307898167872727'", "min_samples_leaf='1'", "min_samples_split='60'"], "origin": "Local Search"}
{"cpu_time": 7.533235549926758, "wallclock_time": 8.8297598361969, "evaluations": 69, "cost": 0.0009, "incumbent": ["max_depth='8'", "max_features='0.507599055251799'", "min_samples_leaf='1'", "min_samples_split='59'"], "origin": "Local Search"}
