{"cpu_time": 0.0, "wallclock_time": 0.004347801208496094, "evaluations": 0, "cost": 2147483648.0, "incumbent": {"colsample_bytree": 0.569966175314039, "eta": 0.009556882986489993, "max_depth": 3, "reg_lambda": 0.0020776820882921045}, "budget": 0, "origin": "Sobol"}
{"cpu_time": 0.026911020278930664, "wallclock_time": 0.03251481056213379, "evaluations": 1, "cost": 0.0229, "incumbent": {"colsample_bytree": 0.569966175314039, "eta": 0.009556882986489993, "max_depth": 3, "reg_lambda": 0.0020776820882921045}, "budget": 0, "origin": "Sobol"}
{"cpu_time": 0.2151801586151123, "wallclock_time": 0.22936773300170898, "evaluations": 10, "cost": 0.0035, "incumbent": {"colsample_bytree": 0.7997161545790732, "eta": 0.8167090504942917, "max_depth": 1, "reg_lambda": 7.369638786139326}, "budget": 0, "origin": "Sobol"}
{"cpu_time": 0.4890859127044678, "wallclock_time": 0.5154938697814941, "evaluations": 21, "cost": 0.0028, "incumbent": {"colsample_bytree": 0.5071276918053628, "eta": 0.18054041228993647, "max_depth": 4, "reg_lambda": 0.7014077911957106}, "budget": 0, "origin": "Sobol"}
{"cpu_time": 1.5882225036621094, "wallclock_time": 1.6941120624542236, "evaluations": 68, "cost": 0.0013, "incumbent": {"colsample_bytree": 0.8084682528860867, "eta": 0.05027054478574182, "max_depth": 6, "reg_lambda": 0.12630572834813372}, "budget": 0, "origin": "Sobol"}
{"cpu_time": 1.9920899868011475, "wallclock_time": 4.063624858856201, "evaluations": 79, "cost": 0.0005, "incumbent": {"colsample_bytree": 0.931072833836677, "eta": 0.05027054478574182, "max_depth": 6, "reg_lambda": 0.25161022430939783}, "budget": 0, "origin": "Local Search"}
{"cpu_time": 2.272050380706787, "wallclock_time": 5.0225489139556885, "evaluations": 85, "cost": 0.0, "incumbent": {"colsample_bytree": 0.9134838863240391, "eta": 0.05027054478574182, "max_depth": 6, "reg_lambda": 0.24772911644088788}, "budget": 0, "origin": "Local Search"}
