"CPU Time Used","Estimated Training Performance","Wallclock Time","Incumbent ID","Automatic Configurator (CPU) Time","Configuration..."
0.000000, 2147483648.000000, 0.004348, 1, 0.004348, colsample_bytree='0.569966175314039',eta='0.009556882986489993',max_depth='3',reg_lambda='0.0020776820882921045'
0.026911, 0.022900, 0.032515, 1, 0.005604, colsample_bytree='0.569966175314039',eta='0.009556882986489993',max_depth='3',reg_lambda='0.0020776820882921045'
0.215180, 0.003500, 0.229368, 2, 0.014188, colsample_bytree='0.7997161545790732',eta='0.8167090504942917',max_depth='1',reg_lambda='7.369638786139326'
0.489086, 0.002800, 0.515494, 3, 0.026408, colsample_bytree='0.5071276918053628',eta='0.18054041228993647',max_depth='4',reg_lambda='0.7014077911957106'
1.588223, 0.001300, 1.694112, 4, 0.105890, colsample_bytree='0.8084682528860867',eta='0.05027054478574182',max_depth='6',reg_lambda='0.12630572834813372'
1.992090, 0.000500, 4.063625, 5, 2.071535, colsample_bytree='0.931072833836677',eta='0.05027054478574182',max_depth='6',reg_lambda='0.25161022430939783'
2.272050, 0.000000, 5.022549, 6, 2.750499, colsample_bytree='0.9134838863240391',eta='0.05027054478574182',max_depth='6',reg_lambda='0.24772911644088788'
