{
  "mean_cost": 0.11387533184048586,
  "finished_ta_runs": 300,
  "inc_changed": 4,
  "n_configs": 195,
  "submitted_ta_runs": 300,
  "ta_time_used": 212.14978337287903,
  "wallclock_time_used": 330.5128209590912,
  "dataset_id": 14952,
  "perf_time": 330.5252848749951
}