"CPU Time Used","Estimated Training Performance","Wallclock Time","Incumbent ID","Automatic Configurator (CPU) Time","Configuration..."
0.000000, 2147483648.000000, 0.000537, 1, 0.000537, alpha='0.0004126639093412234',eta0='0.0017613324954003418'
0.346947, 0.000000, 0.348167, 1, 0.001220, alpha='0.0004126639093412234',eta0='0.0017613324954003418'
