{
  "mean_cost": 0.019224347573690515,
  "finished_ta_runs": 1,
  "inc_changed": 1,
  "n_configs": 1,
  "submitted_ta_runs": 1,
  "ta_time_used": 0.889613151550293,
  "wallclock_time_used": 0.891312837600708
}