{
  "mean_cost": 0.012377651123318848,
  "finished_ta_runs": 300,
  "inc_changed": 3,
  "n_configs": 107,
  "submitted_ta_runs": 300,
  "ta_time_used": 17.835550785064697,
  "wallclock_time_used": 52.64385223388672,
  "dataset_id": 10093,
  "perf_time": 52.653440415997466
}