{"cpu_time": 0.0, "wallclock_time": 0.0015192031860351562, "evaluations": 0, "cost": 2147483648.0, "incumbent": ["max_depth='6'", "max_features='0.3290755869820714'", "min_samples_leaf='11'", "min_samples_split='2'"], "origin": "Sobol"}
{"cpu_time": 0.08938813209533691, "wallclock_time": 0.0917971134185791, "evaluations": 1, "cost": 0.4349, "incumbent": ["max_depth='6'", "max_features='0.3290755869820714'", "min_samples_leaf='11'", "min_samples_split='2'"], "origin": "Sobol"}
{"cpu_time": 1.595616340637207, "wallclock_time": 1.605694055557251, "evaluations": 10, "cost": 0.3326, "incumbent": ["max_depth='18'", "max_features='0.9707894120365381'", "min_samples_leaf='5'", "min_samples_split='26'"], "origin": "Sobol"}
{"cpu_time": 9.293249607086182, "wallclock_time": 10.432584047317505, "evaluations": 65, "cost": 0.3097, "incumbent": ["max_depth='15'", "max_features='0.9900496268122106'", "min_samples_leaf='4'", "min_samples_split='40'"], "origin": "Local Search"}
{"cpu_time": 16.203526973724365, "wallclock_time": 23.48531723022461, "evaluations": 91, "cost": 0.3092, "incumbent": ["max_depth='22'", "max_features='0.9979936577575915'", "min_samples_leaf='3'", "min_samples_split='45'"], "origin": "Local Search"}
{"cpu_time": 21.199970960617065, "wallclock_time": 31.348963260650635, "evaluations": 110, "cost": 0.2738, "incumbent": ["max_depth='39'", "max_features='0.9913685158311119'", "min_samples_leaf='1'", "min_samples_split='5'"], "origin": "Local Search"}
{"cpu_time": 24.52367877960205, "wallclock_time": 35.32905602455139, "evaluations": 120, "cost": 0.2623, "incumbent": ["max_depth='38'", "max_features='0.997892918712243'", "min_samples_leaf='1'", "min_samples_split='2'"], "origin": "Local Search"}
