"CPU Time Used","Estimated Training Performance","Wallclock Time","Incumbent ID","Automatic Configurator (CPU) Time","Configuration..."
0.000000, 2147483648.000000, 0.000528, 1, 0.000528, alpha='0.0004126639093412234',eta0='0.0017613324954003418'
0.056967, 0.431800, 0.058177, 1, 0.001210, alpha='0.0004126639093412234',eta0='0.0017613324954003418'
0.991019, 0.406600, 1.009753, 2, 0.018734, alpha='0.00014331222076014103',eta0='0.0006285756509200554'
2.569797, 0.406000, 4.846726, 3, 2.276929, alpha='0.0035689813562420855',eta0='0.00019217189301235014'
3.980976, 0.403900, 8.379774, 4, 4.398798, alpha='0.0041522403075794955',eta0='0.0004983636894400727'
5.579587, 0.402600, 15.055302, 5, 9.475714, alpha='0.007124112848249433',eta0='0.0006201529355802361'
5.821127, 0.401100, 15.309711, 6, 9.488583, alpha='0.007603208059715324',eta0='0.0006204180055962665'
