{"cpu_time": 0.0, "wallclock_time": 3.6716461181640625e-05, "evaluations": 0, "cost": 2147483648.0, "incumbent": ["C='1.0'", "gamma='0.1'"], "origin": "Default"}
{"cpu_time": 0.014585256576538086, "wallclock_time": 0.015234947204589844, "evaluations": 1, "cost": 0.506, "incumbent": ["C='1.0'", "gamma='0.1'"], "origin": "Default"}
