{
  "mean_cost": 0.3787566053399662,
  "finished_ta_runs": 167,
  "inc_changed": 8,
  "n_configs": 111,
  "submitted_ta_runs": 167,
  "ta_time_used": 22.17707395553589,
  "wallclock_time_used": 60.22462201118469,
  "dataset_id": 3902
}