"CPU Time Used","Estimated Training Performance","Wallclock Time","Incumbent ID","Automatic Configurator (CPU) Time","Configuration..."
0.000000, 2147483648.000000, 0.000051, 1, 0.000051, alpha='0.001',eta0='0.01'
2.680773, 0.246800, 2.681568, 1, 0.000795, alpha='0.001',eta0='0.01'
47.004458, 0.246000, 47.022011, 2, 0.017553, alpha='0.00035587817016977173',eta0='0.01023975896861313'
169.634689, 0.243600, 169.744239, 3, 0.109550, alpha='3.442178449613646e-05',eta0='0.0003445091686072813'
216.699391, 0.241300, 216.855373, 4, 0.155982, alpha='0.00033220594137010754',eta0='0.0021337154971638435'
1433.336724, 0.241300, 1437.621599, 5, 4.284875, alpha='0.00037164439906688806',eta0='0.0020044949076068537'
