"CPU Time Used","Estimated Training Performance","Wallclock Time","Incumbent ID","Automatic Configurator (CPU) Time","Configuration..."
0.000000, 2147483648.000000, 0.000307, 1, 0.000307, C='0.08611366210550205',gamma='0.4942679928374453'
44.996435, 0.500000, 44.997658, 1, 0.001223, C='0.08611366210550205',gamma='0.4942679928374453'
