{
  "mean_cost": 0.4061322763928692,
  "finished_ta_runs": 116,
  "inc_changed": 2,
  "n_configs": 99,
  "submitted_ta_runs": 116,
  "ta_time_used": 41.25965762138367,
  "wallclock_time_used": 60.392260789871216,
  "dataset_id": 146817
}