{
  "mean_cost": 0.4538778414871531,
  "finished_ta_runs": 300,
  "inc_changed": 4,
  "n_configs": 153,
  "submitted_ta_runs": 300,
  "ta_time_used": 106.49378252029419,
  "wallclock_time_used": 205.23045086860657,
  "dataset_id": 3904,
  "perf_time": 205.24976520800556
}