{
  "mean_cost": 0.28748907099395865,
  "finished_ta_runs": 149,
  "inc_changed": 5,
  "n_configs": 116,
  "submitted_ta_runs": 149,
  "ta_time_used": 17.04602313041687,
  "wallclock_time_used": 60.08463978767395,
  "dataset_id": 14954
}