"CPU Time Used","Estimated Training Performance","Wallclock Time","Incumbent ID","Automatic Configurator (CPU) Time","Configuration..."
0.000000, 2147483648.000000, 0.000562, 1, 0.000562, C='0.08611366210550205',gamma='0.4942679928374453'
1.042161, 0.126100, 1.043498, 1, 0.001337, C='0.08611366210550205',gamma='0.4942679928374453'
5.603500, 0.088700, 5.612115, 2, 0.008615, C='69.38389384208695',gamma='0.0015531477828170245'
6.667830, 0.053200, 6.679196, 3, 0.011366, C='1.0',gamma='0.1'
18.341457, 0.036200, 18.372041, 4, 0.030584, C='490.89071375229827',gamma='0.4114559193983836'
30.139589, 0.036000, 30.427715, 5, 0.288126, C='935.5065820890233',gamma='0.3725232305003636'
57.127852, 0.035700, 60.748531, 6, 3.620678, C='978.4876798609818',gamma='0.33585794735773233'
