"CPU Time Used","Estimated Training Performance","Wallclock Time","Incumbent ID","Automatic Configurator (CPU) Time","Configuration..."
0.000000, 2147483648.000000, 0.000039, 1, 0.000039, C='1.0',gamma='0.1'
0.480687, 0.894000, 0.481424, 1, 0.000737, C='1.0',gamma='0.1'
3.998170, 0.891200, 4.010806, 2, 0.012636, C='52.455931369707116',gamma='0.0011373846877749554'
12.807391, 0.888400, 12.852952, 3, 0.045561, C='348.6879246606398',gamma='0.01954142554261534'
17.201154, 0.846800, 17.265657, 4, 0.064503, C='5.862099698295004',gamma='0.004673222012870196'
