{
  "mean_cost": 0.0978150994487782,
  "finished_ta_runs": 2,
  "inc_changed": 1,
  "n_configs": 1,
  "submitted_ta_runs": 2,
  "ta_time_used": 6.897564172744751,
  "wallclock_time_used": 6.8997931480407715,
  "dataset_id": 2074,
  "perf_time": 6.9051769999996395
}