{"cpu_time": 0.0, "wallclock_time": 0.0016398429870605469, "evaluations": 0, "cost": 2147483648.0, "incumbent": {"max_depth": 2, "max_features": 0.4491682695224881, "min_samples_leaf": 1, "min_samples_split": 4}, "budget": 0, "origin": "Sobol"}
{"cpu_time": 0.07230591773986816, "wallclock_time": 0.0750279426574707, "evaluations": 1, "cost": 0.5, "incumbent": {"max_depth": 2, "max_features": 0.4491682695224881, "min_samples_leaf": 1, "min_samples_split": 4}, "budget": 0, "origin": "Sobol"}
{"cpu_time": 1.9356904029846191, "wallclock_time": 1.9597959518432617, "evaluations": 24, "cost": 0.3401, "incumbent": {"max_depth": 7, "max_features": 0.8544756416231394, "min_samples_leaf": 3, "min_samples_split": 9}, "budget": 0, "origin": "Sobol"}
{"cpu_time": 9.232871055603027, "wallclock_time": 14.176686763763428, "evaluations": 97, "cost": 0.3384, "incumbent": {"max_depth": 7, "max_features": 0.8442615103214811, "min_samples_leaf": 6, "min_samples_split": 7}, "budget": 0, "origin": "Local Search"}
{"cpu_time": 10.519912719726562, "wallclock_time": 16.509836673736572, "evaluations": 109, "cost": 0.3375, "incumbent": {"max_depth": 8, "max_features": 0.7602088207058133, "min_samples_leaf": 6, "min_samples_split": 11}, "budget": 0, "origin": "Local Search"}
{"cpu_time": 12.771163702011108, "wallclock_time": 22.025625705718994, "evaluations": 130, "cost": 0.3375, "incumbent": {"max_depth": 11, "max_features": 0.7874929745617952, "min_samples_leaf": 6, "min_samples_split": 10}, "budget": 0, "origin": "Local Search"}
{"cpu_time": 16.300750970840454, "wallclock_time": 28.60797691345215, "evaluations": 162, "cost": 0.317, "incumbent": {"max_depth": 47, "max_features": 0.8639695911280852, "min_samples_leaf": 1, "min_samples_split": 2}, "budget": 0, "origin": "Local Search"}
{"cpu_time": 18.07772135734558, "wallclock_time": 32.113351821899414, "evaluations": 174, "cost": 0.3084, "incumbent": {"max_depth": 10, "max_features": 0.9560182992471846, "min_samples_leaf": 1, "min_samples_split": 2}, "budget": 0, "origin": "Local Search"}
{"cpu_time": 20.52227783203125, "wallclock_time": 36.91448092460632, "evaluations": 189, "cost": 0.3076, "incumbent": {"max_depth": 18, "max_features": 0.9908079071485545, "min_samples_leaf": 1, "min_samples_split": 6}, "budget": 0, "origin": "Local Search"}
