"CPU Time Used","Estimated Training Performance","Wallclock Time","Incumbent ID","Automatic Configurator (CPU) Time","Configuration..."
0.000000, 2147483648.000000, 0.001452, 1, 0.001452, colsample_bytree='0.569966175314039',eta='0.009556882986489993',max_depth='3',reg_lambda='0.0020776820882921045'
0.910355, 0.454100, 0.913290, 1, 0.002935, colsample_bytree='0.569966175314039',eta='0.009556882986489993',max_depth='3',reg_lambda='0.0020776820882921045'
2.269163, 0.425800, 2.278237, 2, 0.009074, colsample_bytree='0.3878000834956765',eta='0.004721681612948408',max_depth='10',reg_lambda='0.09654112415362535'
2.387915, 0.378300, 2.399648, 3, 0.011733, colsample_bytree='1.0',eta='0.3',max_depth='10',reg_lambda='1.0'
4.352195, 0.371200, 4.491801, 4, 0.139606, colsample_bytree='0.8787311974598232',eta='0.5789811375409207',max_depth='5',reg_lambda='0.0011373846877749554'
5.920888, 0.357600, 19.192778, 5, 13.271890, colsample_bytree='0.8748180011317938',eta='0.31106394093960976',max_depth='5',reg_lambda='12.804336545796362'
8.629092, 0.346000, 44.403642, 6, 35.774550, colsample_bytree='0.831006529578987',eta='0.31106394093960976',max_depth='8',reg_lambda='16.153755579526788'
