{"cpu_time": 0.0, "wallclock_time": 0.0014519691467285156, "evaluations": 0, "cost": 2147483648.0, "incumbent": {"colsample_bytree": 0.569966175314039, "eta": 0.009556882986489993, "max_depth": 3, "reg_lambda": 0.0020776820882921045}, "budget": 0, "origin": "Sobol"}
{"cpu_time": 0.9103553295135498, "wallclock_time": 0.9132900238037109, "evaluations": 1, "cost": 0.4541, "incumbent": {"colsample_bytree": 0.569966175314039, "eta": 0.009556882986489993, "max_depth": 3, "reg_lambda": 0.0020776820882921045}, "budget": 0, "origin": "Sobol"}
{"cpu_time": 2.269163131713867, "wallclock_time": 2.2782368659973145, "evaluations": 7, "cost": 0.4258, "incumbent": {"colsample_bytree": 0.3878000834956765, "eta": 0.004721681612948408, "max_depth": 10, "reg_lambda": 0.09654112415362535}, "budget": 0, "origin": "Sobol"}
{"cpu_time": 2.3879153728485107, "wallclock_time": 2.3996479511260986, "evaluations": 10, "cost": 0.3783, "incumbent": {"colsample_bytree": 1.0, "eta": 0.3, "max_depth": 10, "reg_lambda": 1.0}, "budget": 0, "origin": null}
{"cpu_time": 4.3521952629089355, "wallclock_time": 4.491800785064697, "evaluations": 54, "cost": 0.3712, "incumbent": {"colsample_bytree": 0.8787311974598232, "eta": 0.5789811375409207, "max_depth": 5, "reg_lambda": 0.0011373846877749554}, "budget": 0, "origin": "Random Search"}
{"cpu_time": 5.9208879470825195, "wallclock_time": 19.19277811050415, "evaluations": 106, "cost": 0.3576, "incumbent": {"colsample_bytree": 0.8748180011317938, "eta": 0.31106394093960976, "max_depth": 5, "reg_lambda": 12.804336545796362}, "budget": 0, "origin": "Local Search"}
{"cpu_time": 8.62909197807312, "wallclock_time": 44.40364193916321, "evaluations": 190, "cost": 0.346, "incumbent": {"colsample_bytree": 0.831006529578987, "eta": 0.31106394093960976, "max_depth": 8, "reg_lambda": 16.153755579526788}, "budget": 0, "origin": "Local Search"}
