{
  "mean_cost": 0.44601166437425804,
  "finished_ta_runs": 300,
  "inc_changed": 5,
  "n_configs": 106,
  "submitted_ta_runs": 300,
  "ta_time_used": 41.265421867370605,
  "wallclock_time_used": 63.375332832336426,
  "dataset_id": 9978,
  "perf_time": 63.388135333996615
}