{
  "mean_cost": 0.23333920009887432,
  "finished_ta_runs": 300,
  "inc_changed": 5,
  "n_configs": 106,
  "submitted_ta_runs": 300,
  "ta_time_used": 25.88503098487854,
  "wallclock_time_used": 52.5992648601532,
  "dataset_id": 3021,
  "perf_time": 52.61176791699836
}