{
  "mean_cost": 0.230624008402843,
  "finished_ta_runs": 59,
  "inc_changed": 5,
  "n_configs": 41,
  "submitted_ta_runs": 59,
  "ta_time_used": 79.92668199539185,
  "wallclock_time_used": 80.02300190925598,
  "dataset_id": 22
}