"CPU Time Used","Estimated Training Performance","Wallclock Time","Incumbent ID","Automatic Configurator (CPU) Time","Configuration..."
0.000000, 2147483648.000000, 0.001457, 1, 0.001457, colsample_bytree='0.569966175314039',eta='0.009556882986489993',max_depth='3',reg_lambda='0.0020776820882921045'
0.033135, 0.423300, 0.035585, 1, 0.002450, colsample_bytree='0.569966175314039',eta='0.009556882986489993',max_depth='3',reg_lambda='0.0020776820882921045'
0.259652, 0.323500, 0.269493, 2, 0.009841, colsample_bytree='0.7997161545790732',eta='0.8167090504942917',max_depth='1',reg_lambda='7.369638786139326'
0.852806, 0.321500, 0.873134, 3, 0.020328, colsample_bytree='0.5071276918053628',eta='0.18054041228993647',max_depth='4',reg_lambda='0.7014077911957106'
1.397611, 0.303700, 1.439801, 4, 0.042190, colsample_bytree='0.6345239883288741',eta='0.33181775125056084',max_depth='2',reg_lambda='0.043291333432912055'
2.638294, 0.288900, 3.984245, 5, 1.345951, colsample_bytree='0.6117098869358227',eta='0.8594322782112839',max_depth='2',reg_lambda='73.27378326677713'
7.973564, 0.288500, 99.020576, 6, 91.047012, colsample_bytree='0.6144269800184031',eta='0.8816661791450345',max_depth='2',reg_lambda='74.41864360961335'
