"CPU Time Used","Estimated Training Performance","Wallclock Time","Incumbent ID","Automatic Configurator (CPU) Time","Configuration..."
0.000000, 2147483648.000000, 0.000635, 1, 0.000635, alpha='0.0004126639093412234',eta0='0.0017613324954003418'
0.687532, 0.233000, 0.688964, 1, 0.001432, alpha='0.0004126639093412234',eta0='0.0017613324954003418'
4.703466, 0.177500, 4.710420, 2, 0.006954, alpha='0.10693804138470717',eta0='1.4701197301483249e-05'
11.176196, 0.165200, 11.193436, 3, 0.017240, alpha='1.3751027885583958e-05',eta0='0.0001426968473177047'
19.710475, 0.156400, 19.744260, 4, 0.033785, alpha='0.0014439030581155858',eta0='2.6843996424460273e-05'
33.258909, 0.152400, 34.757156, 5, 1.498246, alpha='0.0009766867823434177',eta0='3.9270738558057493e-05'
41.412904, 0.150300, 43.897978, 6, 2.485074, alpha='0.000976729225521965',eta0='3.6966708220845885e-05'
