{"cpu_time": 0.0, "wallclock_time": 0.0006349086761474609, "evaluations": 0, "cost": 2147483648.0, "incumbent": ["alpha='0.0004126639093412234'", "eta0='0.0017613324954003418'"], "origin": "Sobol"}
{"cpu_time": 0.6875319480895996, "wallclock_time": 0.6889641284942627, "evaluations": 1, "cost": 0.233, "incumbent": ["alpha='0.0004126639093412234'", "eta0='0.0017613324954003418'"], "origin": "Sobol"}
{"cpu_time": 4.703465700149536, "wallclock_time": 4.7104198932647705, "evaluations": 7, "cost": 0.1775, "incumbent": ["alpha='0.10693804138470717'", "eta0='1.4701197301483249e-05'"], "origin": "Sobol"}
{"cpu_time": 11.176195859909058, "wallclock_time": 11.193435907363892, "evaluations": 17, "cost": 0.1652, "incumbent": ["alpha='1.3751027885583958e-05'", "eta0='0.0001426968473177047'"], "origin": "Sobol"}
{"cpu_time": 19.710474729537964, "wallclock_time": 19.74426007270813, "evaluations": 30, "cost": 0.1564, "incumbent": ["alpha='0.0014439030581155858'", "eta0='2.6843996424460273e-05'"], "origin": "Sobol"}
{"cpu_time": 33.258909463882446, "wallclock_time": 34.757155895233154, "evaluations": 51, "cost": 0.1524, "incumbent": ["alpha='0.0009766867823434177'", "eta0='3.9270738558057493e-05'"], "origin": "Random Search (sorted)"}
{"cpu_time": 41.412903785705566, "wallclock_time": 43.89797782897949, "evaluations": 63, "cost": 0.1503, "incumbent": ["alpha='0.000976729225521965'", "eta0='3.6966708220845885e-05'"], "origin": "Local Search"}
