{"cpu_time": 0.0, "wallclock_time": 0.0015511512756347656, "evaluations": 0, "cost": 2147483648.0, "incumbent": {"max_depth": 1, "max_features": 0.49276944529265165, "min_samples_leaf": 4, "min_samples_split": 9}, "budget": 0, "origin": "Sobol"}
{"cpu_time": 0.07662510871887207, "wallclock_time": 0.07906508445739746, "evaluations": 1, "cost": 0.5, "incumbent": {"max_depth": 1, "max_features": 0.49276944529265165, "min_samples_leaf": 4, "min_samples_split": 9}, "budget": 0, "origin": "Sobol"}
{"cpu_time": 0.2846860885620117, "wallclock_time": 0.28961825370788574, "evaluations": 4, "cost": 0.4255, "incumbent": {"max_depth": 22, "max_features": 0.502463330514729, "min_samples_leaf": 18, "min_samples_split": 83}, "budget": 0, "origin": "Sobol"}
{"cpu_time": 0.44002413749694824, "wallclock_time": 0.44668006896972656, "evaluations": 6, "cost": 0.3538, "incumbent": {"max_depth": 10, "max_features": 0.5, "min_samples_leaf": 1, "min_samples_split": 32}, "budget": 0, "origin": null}
{"cpu_time": 1.5656673908233643, "wallclock_time": 1.5830802917480469, "evaluations": 17, "cost": 0.3352, "incumbent": {"max_depth": 11, "max_features": 0.9135355520993471, "min_samples_leaf": 2, "min_samples_split": 4}, "budget": 0, "origin": "Sobol"}
{"cpu_time": 4.509716272354126, "wallclock_time": 4.584604263305664, "evaluations": 53, "cost": 0.3319, "incumbent": {"max_depth": 25, "max_features": 0.7711025746539235, "min_samples_leaf": 1, "min_samples_split": 10}, "budget": 0, "origin": "Sobol"}
{"cpu_time": 6.98859977722168, "wallclock_time": 11.602777242660522, "evaluations": 75, "cost": 0.3249, "incumbent": {"max_depth": 41, "max_features": 0.9329481022129475, "min_samples_leaf": 1, "min_samples_split": 2}, "budget": 0, "origin": "Local Search"}
{"cpu_time": 8.56852388381958, "wallclock_time": 15.724929094314575, "evaluations": 86, "cost": 0.3219, "incumbent": {"max_depth": 42, "max_features": 0.9536444080074509, "min_samples_leaf": 1, "min_samples_split": 3}, "budget": 0, "origin": "Local Search"}
{"cpu_time": 10.15468692779541, "wallclock_time": 18.017609357833862, "evaluations": 96, "cost": 0.3143, "incumbent": {"max_depth": 47, "max_features": 0.993499021477087, "min_samples_leaf": 1, "min_samples_split": 2}, "budget": 0, "origin": "Local Search"}
