"CPU Time Used","Estimated Training Performance","Wallclock Time","Incumbent ID","Automatic Configurator (CPU) Time","Configuration..."
0.000000, 2147483648.000000, 0.000061, 1, 0.000061, colsample_bytree='1.0',eta='0.3',max_depth='10',reg_lambda='1.0'
5.269882, 0.030000, 5.270781, 1, 0.000899, colsample_bytree='1.0',eta='0.3',max_depth='10',reg_lambda='1.0'
32.191165, 0.019700, 32.198986, 2, 0.007821, colsample_bytree='0.1477517486203504',eta='0.1656158608211872',max_depth='2',reg_lambda='0.008238286081969528'
192.006755, 0.022900, 192.109297, 3, 0.102542, colsample_bytree='0.9259183675013876',eta='0.8824826840759027',max_depth='10',reg_lambda='12.061953377357213'
285.128134, 0.021300, 285.314374, 4, 0.186240, colsample_bytree='0.9939594305102523',eta='0.33393085138198403',max_depth='2',reg_lambda='0.011637544137272422'
315.011173, 0.020800, 315.234073, 5, 0.222900, colsample_bytree='0.980005464670301',eta='0.6582349691071272',max_depth='1',reg_lambda='0.09284850341567377'
422.322142, 0.020100, 422.679424, 6, 0.357282, colsample_bytree='0.8129132209276648',eta='0.10192939770340766',max_depth='3',reg_lambda='1.9230247071467368'
912.095414, 0.019300, 913.360678, 7, 1.265264, colsample_bytree='0.7778864186053919',eta='0.13481849307571267',max_depth='2',reg_lambda='0.40135792207448817'
