{
  "mean_cost": 0.5685294127375885,
  "finished_ta_runs": 600,
  "inc_changed": 1,
  "n_configs": 596,
  "submitted_ta_runs": 600,
  "ta_time_used": 2141.2466933727264,
  "wallclock_time_used": 2146.970715045929,
  "dataset_id": 14969,
  "perf_time": 2146.9826139999986
}