{
  "data": [
    [
      [
        1,
        null,
        330054389,
        0.0
      ],
      [
        0.3762978790756568,
        0.03179287910461426,
        {
          "__enum__": "StatusType.SUCCESS"
        },
        1674418959.364647,
        1674418959.396446,
        {}
      ]
    ]
  ],
  "config_origins": {
    "1": "Sobol"
  },
  "configs": {
    "1": {
      "colsample_bytree": 0.569966175314039,
      "eta": 0.009556882986489993,
      "max_depth": 3,
      "reg_lambda": 0.0020776820882921045
    }
  }
}