{"cpu_time": 0.0, "wallclock_time": 0.0002849102020263672, "evaluations": 0, "cost": 2147483648.0, "incumbent": {"colsample_bytree": 0.569966175314039, "eta": 0.009556882986489993, "max_depth": 3, "reg_lambda": 0.0020776820882921045}, "budget": 0, "origin": "Sobol"}
{"cpu_time": 0.03179287910461426, "wallclock_time": 0.03269815444946289, "evaluations": 1, "cost": 0.3763, "incumbent": {"colsample_bytree": 0.569966175314039, "eta": 0.009556882986489993, "max_depth": 3, "reg_lambda": 0.0020776820882921045}, "budget": 0, "origin": "Sobol"}
