{
  "mean_cost": 0.07018699841610058,
  "finished_ta_runs": 300,
  "inc_changed": 6,
  "n_configs": 163,
  "submitted_ta_runs": 300,
  "ta_time_used": 195.19131684303284,
  "wallclock_time_used": 250.4502980709076,
  "dataset_id": 16,
  "perf_time": 250.45960704200843
}