"CPU Time Used","Estimated Training Performance","Wallclock Time","Incumbent ID","Automatic Configurator (CPU) Time","Configuration..."
0.000000, 2147483648.000000, 0.000223, 1, 0.000223, C='0.08611366210550205',gamma='0.4942679928374453'
0.007937, 0.500000, 0.008729, 1, 0.000792, C='0.08611366210550205',gamma='0.4942679928374453'
