{
  "data": [
    [
      [
        1,
        null,
        330054389,
        0.0
      ],
      [
        0.13419979355365175,
        0.06264090538024902,
        {
          "__enum__": "StatusType.SUCCESS"
        },
        1674419437.782954,
        1674419437.8456,
        {}
      ]
    ]
  ],
  "config_origins": {
    "1": "Sobol"
  },
  "configs": {
    "1": {
      "colsample_bytree": 0.569966175314039,
      "eta": 0.009556882986489993,
      "max_depth": 3,
      "reg_lambda": 0.0020776820882921045
    }
  }
}