"CPU Time Used","Estimated Training Performance","Wallclock Time","Incumbent ID","Automatic Configurator (CPU) Time","Configuration..."
0.000000, 2147483648.000000, 0.001041, 1, 0.001041, alpha='0.00011227070295712931',eta0='0.0029096933833365197'
0.196348, 0.599500, 0.198436, 1, 0.002088, alpha='0.00011227070295712931',eta0='0.0029096933833365197'
1.329869, 0.572900, 1.339637, 2, 0.009768, alpha='0.026542866188361353',eta0='8.075114966892127e-05'
3.170179, 0.547400, 3.195938, 3, 0.025759, alpha='0.0025540066964094537',eta0='1.2228344859878906e-05'
8.659062, 0.545500, 9.981404, 4, 1.322341, alpha='0.006172116337735562',eta0='1.1019021839885363e-05'
31.638364, 0.543000, 59.327683, 5, 27.689318, alpha='0.00018707710529813283',eta0='1.5461866933444882e-05'
