"CPU Time Used","Estimated Training Performance","Wallclock Time","Incumbent ID","Automatic Configurator (CPU) Time","Configuration..."
0.000000, 2147483648.000000, 0.000049, 1, 0.000049, alpha='0.001',eta0='0.01'
0.024585, 0.430700, 0.025300, 1, 0.000715, alpha='0.001',eta0='0.01'
2.884003, 0.371900, 3.172274, 2, 0.288271, alpha='0.0014204896709497795',eta0='0.004723243926407576'
4.124456, 0.369700, 4.657688, 3, 0.533232, alpha='0.0004294269087199651',eta0='0.0045382764277193165'
6.419305, 0.368000, 7.542609, 4, 1.123304, alpha='0.005793117373975374',eta0='0.00046779478811982087'
13.379079, 0.360200, 17.453787, 5, 4.074708, alpha='0.0007483372777542416',eta0='1.4237817801029833e-05'
