{"cpu_time": 0.0, "wallclock_time": 4.00543212890625e-05, "evaluations": 0, "cost": 2147483648.0, "incumbent": ["C='1.0'", "gamma='0.1'"], "origin": "Default"}
{"cpu_time": 0.020678043365478516, "wallclock_time": 0.021342039108276367, "evaluations": 1, "cost": 0.1606, "incumbent": ["C='1.0'", "gamma='0.1'"], "origin": "Default"}
