{
  "mean_cost": 0.1487298727658204,
  "finished_ta_runs": 2,
  "inc_changed": 1,
  "n_configs": 1,
  "submitted_ta_runs": 2,
  "ta_time_used": 1.2650699615478516,
  "wallclock_time_used": 1.2672021389007568,
  "dataset_id": 167141,
  "perf_time": 1.272881874999939
}