{"cpu_time": 0.0, "wallclock_time": 0.0015597343444824219, "evaluations": 0, "cost": 2147483648.0, "incumbent": {"max_depth": 6, "max_features": 0.3290755869820714, "min_samples_leaf": 11, "min_samples_split": 2}, "budget": 0, "origin": "Sobol"}
{"cpu_time": 0.1132059097290039, "wallclock_time": 0.11566781997680664, "evaluations": 1, "cost": 0.4912, "incumbent": {"max_depth": 6, "max_features": 0.3290755869820714, "min_samples_leaf": 11, "min_samples_split": 2}, "budget": 0, "origin": "Sobol"}
{"cpu_time": 1.6316828727722168, "wallclock_time": 1.643704891204834, "evaluations": 12, "cost": 0.0842, "incumbent": {"max_depth": 18, "max_features": 0.9707894120365381, "min_samples_leaf": 5, "min_samples_split": 26}, "budget": 0, "origin": "Sobol"}
{"cpu_time": 6.440070629119873, "wallclock_time": 6.509243965148926, "evaluations": 51, "cost": 0.0835, "incumbent": {"max_depth": 6, "max_features": 0.6024900050833821, "min_samples_leaf": 1, "min_samples_split": 19}, "budget": 0, "origin": "Sobol"}
{"cpu_time": 8.49145770072937, "wallclock_time": 9.565678834915161, "evaluations": 67, "cost": 0.0833, "incumbent": {"max_depth": 7, "max_features": 0.589739275174363, "min_samples_leaf": 1, "min_samples_split": 20}, "budget": 0, "origin": "Local Search"}
{"cpu_time": 9.270613670349121, "wallclock_time": 10.996570825576782, "evaluations": 73, "cost": 0.083, "incumbent": {"max_depth": 5, "max_features": 0.589499867672525, "min_samples_leaf": 1, "min_samples_split": 23}, "budget": 0, "origin": "Local Search"}
{"cpu_time": 10.494659900665283, "wallclock_time": 13.428042888641357, "evaluations": 82, "cost": 0.083, "incumbent": {"max_depth": 41, "max_features": 0.5892432859154781, "min_samples_leaf": 1, "min_samples_split": 23}, "budget": 0, "origin": "Local Search"}
{"cpu_time": 12.168412923812866, "wallclock_time": 16.765800952911377, "evaluations": 94, "cost": 0.0829, "incumbent": {"max_depth": 48, "max_features": 0.5892432859154781, "min_samples_leaf": 1, "min_samples_split": 12}, "budget": 0, "origin": "Local Search"}
{"cpu_time": 14.759167432785034, "wallclock_time": 26.98625683784485, "evaluations": 113, "cost": 0.0828, "incumbent": {"max_depth": 49, "max_features": 0.5896964004565998, "min_samples_leaf": 1, "min_samples_split": 15}, "budget": 0, "origin": "Local Search"}
{"cpu_time": 16.118298053741455, "wallclock_time": 30.722317695617676, "evaluations": 123, "cost": 0.0801, "incumbent": {"max_depth": 49, "max_features": 0.5881207014981984, "min_samples_leaf": 1, "min_samples_split": 4}, "budget": 0, "origin": "Local Search"}
