{"cpu_time": 0.0, "wallclock_time": 0.0015289783477783203, "evaluations": 0, "cost": 2147483648.0, "incumbent": {"max_depth": 6, "max_features": 0.3290755869820714, "min_samples_leaf": 11, "min_samples_split": 2}, "budget": 0, "origin": "Sobol"}
{"cpu_time": 0.2184162139892578, "wallclock_time": 0.22091007232666016, "evaluations": 1, "cost": 0.2386, "incumbent": {"max_depth": 6, "max_features": 0.3290755869820714, "min_samples_leaf": 11, "min_samples_split": 2}, "budget": 0, "origin": "Sobol"}
{"cpu_time": 3.6504018306732178, "wallclock_time": 3.663602828979492, "evaluations": 13, "cost": 0.2254, "incumbent": {"max_depth": 31, "max_features": 0.009538660757243633, "min_samples_leaf": 10, "min_samples_split": 16}, "budget": 0, "origin": "Sobol"}
{"cpu_time": 5.456441879272461, "wallclock_time": 5.474873781204224, "evaluations": 18, "cost": 0.2, "incumbent": {"max_depth": 10, "max_features": 0.5, "min_samples_leaf": 1, "min_samples_split": 32}, "budget": 0, "origin": null}
{"cpu_time": 7.485562324523926, "wallclock_time": 7.513843774795532, "evaluations": 26, "cost": 0.1946, "incumbent": {"max_depth": 14, "max_features": 0.1785462163388729, "min_samples_leaf": 2, "min_samples_split": 10}, "budget": 0, "origin": "Sobol"}
{"cpu_time": 28.867093801498413, "wallclock_time": 45.07866597175598, "evaluations": 99, "cost": 0.1934, "incumbent": {"max_depth": 37, "max_features": 0.7366218015592663, "min_samples_leaf": 2, "min_samples_split": 10}, "budget": 0, "origin": "Random Search (sorted)"}
{"cpu_time": 32.264999866485596, "wallclock_time": 49.8093056678772, "evaluations": 106, "cost": 0.1922, "incumbent": {"max_depth": 33, "max_features": 0.6072703840567443, "min_samples_leaf": 2, "min_samples_split": 12}, "budget": 0, "origin": "Local Search"}
{"cpu_time": 38.96508026123047, "wallclock_time": 59.993165016174316, "evaluations": 120, "cost": 0.1755, "incumbent": {"max_depth": 34, "max_features": 0.6237807059485291, "min_samples_leaf": 2, "min_samples_split": 4}, "budget": 0, "origin": "Local Search"}
