"CPU Time Used","Estimated Training Performance","Wallclock Time","Incumbent ID","Automatic Configurator (CPU) Time","Configuration..."
0.000000, 2147483648.000000, 0.001439, 1, 0.001439, colsample_bytree='0.2890479595400393',eta='0.02972240058848022',max_depth='1',reg_lambda='0.23594281684827217'
0.047710, 0.303600, 0.050135, 1, 0.002425, colsample_bytree='0.2890479595400393',eta='0.02972240058848022',max_depth='1',reg_lambda='0.23594281684827217'
0.584965, 0.279700, 0.589884, 2, 0.004919, colsample_bytree='0.839533680677414',eta='0.03178815964339868',max_depth='7',reg_lambda='260.08137409645684'
1.040901, 0.213200, 1.049674, 3, 0.008772, colsample_bytree='1.0',eta='0.3',max_depth='10',reg_lambda='1.0'
5.647520, 0.209900, 6.314303, 4, 0.666783, colsample_bytree='0.9794418609342428',eta='0.45156950021669284',max_depth='2',reg_lambda='1.315878583854481'
6.962125, 0.198100, 10.536360, 5, 3.574234, colsample_bytree='0.9935785609482276',eta='0.34248840148191817',max_depth='2',reg_lambda='1.6236596940971653'
26.836795, 0.196400, 105.306697, 6, 78.469902, colsample_bytree='0.9999905949048228',eta='0.32620020730735133',max_depth='2',reg_lambda='4.2525507193014205'
