{
  "mean_cost": 0.22450913741561537,
  "finished_ta_runs": 177,
  "inc_changed": 2,
  "n_configs": 163,
  "submitted_ta_runs": 177,
  "ta_time_used": 119.54527425765991,
  "wallclock_time_used": 120.19689083099365,
  "dataset_id": 22
}