{
  "mean_cost": 0.4143327651278222,
  "finished_ta_runs": 600,
  "inc_changed": 6,
  "n_configs": 550,
  "submitted_ta_runs": 600,
  "ta_time_used": 38.882007122039795,
  "wallclock_time_used": 44.31549406051636,
  "dataset_id": 3917,
  "perf_time": 44.332735167001374
}