"CPU Time Used","Estimated Training Performance","Wallclock Time","Incumbent ID","Automatic Configurator (CPU) Time","Configuration..."
0.000000, 2147483648.000000, 0.000078, 1, 0.000078, alpha='0.001',eta0='0.01'
0.043661, 0.503200, 0.045043, 1, 0.001382, alpha='0.001',eta0='0.01'
0.245417, 0.454500, 0.260457, 2, 0.015040, alpha='0.08477318530405828',eta0='1.1349690026383863e-05'
0.883228, 0.439400, 0.932452, 3, 0.049224, alpha='0.01373581320388105',eta0='3.6699345852038843e-05'
1.093965, 0.430700, 1.155523, 4, 0.061558, alpha='0.00010338971252634734',eta0='0.00012997194084303965'
2.498058, 0.421000, 2.683418, 5, 0.185360, alpha='0.0036438626443016115',eta0='6.653856437497955e-05'
6.815292, 0.419700, 7.859386, 6, 1.044094, alpha='3.893846596579556e-05',eta0='6.648106417521523e-05'
