{
  "mean_cost": 0.025448877346094256,
  "finished_ta_runs": 300,
  "inc_changed": 8,
  "n_configs": 145,
  "submitted_ta_runs": 300,
  "ta_time_used": 5.594918727874756,
  "wallclock_time_used": 55.83588624000549,
  "dataset_id": 15,
  "perf_time": 55.84634441699018
}