{
  "mean_cost": 0.1355813178598061,
  "finished_ta_runs": 1,
  "inc_changed": 1,
  "n_configs": 1,
  "submitted_ta_runs": 1,
  "ta_time_used": 4.339329957962036,
  "wallclock_time_used": 4.340865135192871,
  "dataset_id": 32,
  "perf_time": 4.348046250000152
}