{"cpu_time": 0.0, "wallclock_time": 0.0007100105285644531, "evaluations": 0, "cost": 2147483648.0, "incumbent": {"C": 0.017961675793542162, "gamma": 0.9046232030638993}, "budget": 0, "origin": "Sobol"}
{"cpu_time": 0.03734087944030762, "wallclock_time": 0.03897905349731445, "evaluations": 1, "cost": 0.75, "incumbent": {"C": 0.017961675793542162, "gamma": 0.9046232030638993}, "budget": 0, "origin": "Sobol"}
{"cpu_time": 0.5602264404296875, "wallclock_time": 0.5774400234222412, "evaluations": 19, "cost": 0.008, "incumbent": {"C": 0.7731863785266639, "gamma": 0.0012442315522724887}, "budget": 0, "origin": "Sobol"}
