"CPU Time Used","Estimated Training Performance","Wallclock Time","Incumbent ID","Automatic Configurator (CPU) Time","Configuration..."
0.000000, 2147483648.000000, 0.000710, 1, 0.000710, C='0.017961675793542162',gamma='0.9046232030638993'
0.037341, 0.750000, 0.038979, 1, 0.001638, C='0.017961675793542162',gamma='0.9046232030638993'
0.560226, 0.008000, 0.577440, 2, 0.017214, C='0.7731863785266639',gamma='0.0012442315522724887'
