{
  "mean_cost": 0.15628308516591896,
  "finished_ta_runs": 734,
  "inc_changed": 4,
  "n_configs": 718,
  "submitted_ta_runs": 734,
  "ta_time_used": 111.65267181396484,
  "wallclock_time_used": 120.0277931690216,
  "dataset_id": 3022
}