"CPU Time Used","Estimated Training Performance","Wallclock Time","Incumbent ID","Automatic Configurator (CPU) Time","Configuration..."
0.000000, 2147483648.000000, 0.000043, 1, 0.000043, alpha='0.001',eta0='0.01'
0.054449, 0.091800, 0.055582, 1, 0.001133, alpha='0.001',eta0='0.01'
0.392632, 0.089200, 0.406529, 2, 0.013897, alpha='1.8419909509685855e-05',eta0='0.05046106065359831'
1.296797, 0.090700, 1.351400, 3, 0.054603, alpha='0.00047563268189094034',eta0='2.3569613209121685e-05'
1.633875, 0.090200, 1.706690, 4, 0.072815, alpha='9.399424143105853e-05',eta0='2.1264709675175496e-05'
2.302153, 0.089100, 2.422234, 5, 0.120081, alpha='8.319323152546776e-05',eta0='0.000244478036339581'
3.425211, 0.088800, 3.631102, 6, 0.205890, alpha='0.0001580175260173067',eta0='3.567628383737994e-05'
4.019293, 0.088100, 4.293221, 7, 0.273928, alpha='4.8461372454484296e-05',eta0='0.0040635052544767325'
5.036490, 0.073900, 5.444467, 8, 0.407977, alpha='2.682143881357107e-05',eta0='0.015564980404623575'
