{
  "mean_cost": 0.35140117205476684,
  "finished_ta_runs": 1,
  "inc_changed": 1,
  "n_configs": 1,
  "submitted_ta_runs": 1,
  "ta_time_used": 0.13406610488891602,
  "wallclock_time_used": 0.1356029510498047,
  "dataset_id": 167141,
  "perf_time": 0.1433226249996551
}