{
  "mean_cost": 0.02258988365629726,
  "finished_ta_runs": 300,
  "inc_changed": 4,
  "n_configs": 105,
  "submitted_ta_runs": 300,
  "ta_time_used": 19.88194441795349,
  "wallclock_time_used": 84.61565089225769,
  "dataset_id": 15,
  "perf_time": 84.62568162499974
}