{
  "mean_cost": 0.03668600164623249,
  "finished_ta_runs": 600,
  "inc_changed": 8,
  "n_configs": 468,
  "submitted_ta_runs": 600,
  "ta_time_used": 11.629625082015991,
  "wallclock_time_used": 17.0032856464386,
  "dataset_id": 15,
  "perf_time": 17.02584987499722
}