{
  "data": [
    [
      [
        1,
        null,
        379248293,
        0.0
      ],
      [
        0.15920150820494072,
        0.22574281692504883,
        {
          "__enum__": "StatusType.SUCCESS"
        },
        1674417694.878487,
        1674417695.1042361,
        {}
      ]
    ]
  ],
  "config_origins": {
    "1": "Sobol"
  },
  "configs": {
    "1": {
      "colsample_bytree": 0.3908073678612709,
      "eta": 0.02197006114591668,
      "max_depth": 1,
      "reg_lambda": 0.025956378731779545
    }
  }
}