"CPU Time Used","Estimated Training Performance","Wallclock Time","Incumbent ID","Automatic Configurator (CPU) Time","Configuration..."
0.000000, 2147483648.000000, 0.000051, 1, 0.000051, colsample_bytree='1.0',eta='0.3',max_depth='10',reg_lambda='1.0'
4.316486, 0.035600, 4.317325, 1, 0.000839, colsample_bytree='1.0',eta='0.3',max_depth='10',reg_lambda='1.0'
13.205860, 0.029300, 13.210694, 2, 0.004834, colsample_bytree='0.8787311974598232',eta='0.5789811375409207',max_depth='5',reg_lambda='0.0011373846877749554'
51.950011, 0.030200, 51.970796, 3, 0.020785, colsample_bytree='0.9806458301683194',eta='0.11021240891825923',max_depth='3',reg_lambda='1.2826061465293854'
73.791258, 0.023800, 73.829411, 4, 0.038153, colsample_bytree='0.1678519540894589',eta='0.17357689985074767',max_depth='8',reg_lambda='0.01954142554261534'
230.868297, 0.022100, 231.118075, 5, 0.249778, colsample_bytree='0.1409480675268526',eta='0.06524487600591164',max_depth='10',reg_lambda='0.3463662867261738'
440.612255, 0.020400, 441.436423, 6, 0.824167, colsample_bytree='0.20717525328610278',eta='0.0029790866062038884',max_depth='5',reg_lambda='0.268211092857435'
661.193527, 0.020300, 662.991795, 7, 1.798268, colsample_bytree='0.996011381384781',eta='0.26376395421559057',max_depth='2',reg_lambda='0.001113830970038831'
