"CPU Time Used","Estimated Training Performance","Wallclock Time","Incumbent ID","Automatic Configurator (CPU) Time","Configuration..."
0.000000, 2147483648.000000, 0.000040, 1, 0.000040, alpha='0.001',eta0='0.01'
0.099682, 0.206800, 0.100325, 1, 0.000643, alpha='0.001',eta0='0.01'
0.357761, 0.160700, 0.360828, 2, 0.003067, alpha='3.649484911512686e-05',eta0='1.2652165208090965e-05'
0.693484, 0.155700, 0.699913, 3, 0.006429, alpha='0.005024635265504522',eta0='2.0035124286213127e-05'
2.011926, 0.154100, 2.035608, 4, 0.023682, alpha='0.026631249379216033',eta0='4.889539052643346e-05'
4.978011, 0.152900, 5.063680, 5, 0.085669, alpha='0.019934075930552818',eta0='0.00010485547243228384'
7.292080, 0.147300, 7.452382, 6, 0.160302, alpha='0.0004496898502137025',eta0='5.0146689047894355e-05'
