{"cpu_time": 0.0, "wallclock_time": 4.00543212890625e-05, "evaluations": 0, "cost": 2147483648.0, "incumbent": ["alpha='0.001'", "eta0='0.01'"], "origin": "Default"}
{"cpu_time": 0.09968185424804688, "wallclock_time": 0.10032486915588379, "evaluations": 1, "cost": 0.2068, "incumbent": ["alpha='0.001'", "eta0='0.01'"], "origin": "Default"}
{"cpu_time": 0.3577613830566406, "wallclock_time": 0.3608279228210449, "evaluations": 4, "cost": 0.1607, "incumbent": ["alpha='3.649484911512686e-05'", "eta0='1.2652165208090965e-05'"], "origin": "Random Search"}
{"cpu_time": 0.6934840679168701, "wallclock_time": 0.6999130249023438, "evaluations": 8, "cost": 0.1557, "incumbent": ["alpha='0.005024635265504522'", "eta0='2.0035124286213127e-05'"], "origin": "Random Search"}
{"cpu_time": 2.0119259357452393, "wallclock_time": 2.0356078147888184, "evaluations": 24, "cost": 0.1541, "incumbent": ["alpha='0.026631249379216033'", "eta0='4.889539052643346e-05'"], "origin": "Random Search"}
{"cpu_time": 4.9780113697052, "wallclock_time": 5.063680171966553, "evaluations": 60, "cost": 0.1529, "incumbent": ["alpha='0.019934075930552818'", "eta0='0.00010485547243228384'"], "origin": "Random Search"}
{"cpu_time": 7.292079925537109, "wallclock_time": 7.4523820877075195, "evaluations": 88, "cost": 0.1473, "incumbent": ["alpha='0.0004496898502137025'", "eta0='5.0146689047894355e-05'"], "origin": "Random Search"}
