{
  "mean_cost": 0.3453153171944827,
  "finished_ta_runs": 62,
  "inc_changed": 3,
  "n_configs": 47,
  "submitted_ta_runs": 62,
  "ta_time_used": 59.913864612579346,
  "wallclock_time_used": 60.05684304237366,
  "dataset_id": 7592
}