{"cpu_time": 0.0, "wallclock_time": 5.602836608886719e-05, "evaluations": 0, "cost": 2147483648.0, "incumbent": {"colsample_bytree": 1.0, "eta": 0.3, "max_depth": 10, "reg_lambda": 1.0}, "budget": 0, "origin": "Default"}
{"cpu_time": 0.07425212860107422, "wallclock_time": 0.07498598098754883, "evaluations": 1, "cost": 0.2637, "incumbent": {"colsample_bytree": 1.0, "eta": 0.3, "max_depth": 10, "reg_lambda": 1.0}, "budget": 0, "origin": "Default"}
{"cpu_time": 0.49857091903686523, "wallclock_time": 0.5070967674255371, "evaluations": 10, "cost": 0.2466, "incumbent": {"colsample_bytree": 0.9735460407805239, "eta": 0.3678418820983057, "max_depth": 10, "reg_lambda": 21.683858388188526}, "budget": 0, "origin": "Random Search"}
{"cpu_time": 0.7702956199645996, "wallclock_time": 0.7909438610076904, "evaluations": 22, "cost": 0.236, "incumbent": {"colsample_bytree": 0.7165704774557743, "eta": 0.002539105117585464, "max_depth": 4, "reg_lambda": 0.09259999660241393}, "budget": 0, "origin": "Random Search"}
{"cpu_time": 1.7738885879516602, "wallclock_time": 1.8859667778015137, "evaluations": 68, "cost": 0.2125, "incumbent": {"colsample_bytree": 0.7952910929756847, "eta": 0.2536918311332832, "max_depth": 3, "reg_lambda": 56.339278737554594}, "budget": 0, "origin": "Random Search"}
{"cpu_time": 2.084012269973755, "wallclock_time": 2.2238426208496094, "evaluations": 79, "cost": 0.2082, "incumbent": {"colsample_bytree": 0.6404526650481162, "eta": 0.12865052653668843, "max_depth": 8, "reg_lambda": 33.911499936156325}, "budget": 0, "origin": "Random Search"}
{"cpu_time": 2.985306739807129, "wallclock_time": 3.2885780334472656, "evaluations": 126, "cost": 0.2081, "incumbent": {"colsample_bytree": 0.39375692855919475, "eta": 0.0887010639115652, "max_depth": 7, "reg_lambda": 12.224327088183047}, "budget": 0, "origin": "Random Search"}
{"cpu_time": 5.896962642669678, "wallclock_time": 6.909393787384033, "evaluations": 248, "cost": 0.2043, "incumbent": {"colsample_bytree": 0.9964577910372652, "eta": 0.4375984835132042, "max_depth": 4, "reg_lambda": 232.11205106817314}, "budget": 0, "origin": "Random Search"}
