{
  "mean_cost": 0.537517448369116,
  "finished_ta_runs": 600,
  "inc_changed": 5,
  "n_configs": 576,
  "submitted_ta_runs": 600,
  "ta_time_used": 41.054524421691895,
  "wallclock_time_used": 46.49601721763611,
  "dataset_id": 23,
  "perf_time": 46.51323237499946
}