{"cpu_time": 0.0, "wallclock_time": 0.0016019344329833984, "evaluations": 0, "cost": 2147483648.0, "incumbent": ["max_depth='1'", "max_features='0.49276944529265165'", "min_samples_leaf='4'", "min_samples_split='9'"], "origin": "Sobol"}
{"cpu_time": 0.24464702606201172, "wallclock_time": 0.2473459243774414, "evaluations": 1, "cost": 0.2261, "incumbent": ["max_depth='1'", "max_features='0.49276944529265165'", "min_samples_leaf='4'", "min_samples_split='9'"], "origin": "Sobol"}
{"cpu_time": 1.3912353515625, "wallclock_time": 1.4013218879699707, "evaluations": 4, "cost": 0.0526, "incumbent": ["max_depth='22'", "max_features='0.502463330514729'", "min_samples_leaf='18'", "min_samples_split='83'"], "origin": "Sobol"}
{"cpu_time": 2.54319429397583, "wallclock_time": 2.5560266971588135, "evaluations": 6, "cost": 0.0332, "incumbent": ["max_depth='10'", "max_features='0.5'", "min_samples_leaf='1'", "min_samples_split='32'"], "origin": null}
{"cpu_time": 44.64039373397827, "wallclock_time": 44.752649784088135, "evaluations": 47, "cost": 0.0309, "incumbent": ["max_depth='25'", "max_features='0.7711025746539235'", "min_samples_leaf='1'", "min_samples_split='10'"], "origin": "Sobol"}
{"cpu_time": 115.99464774131775, "wallclock_time": 135.75359892845154, "evaluations": 101, "cost": 0.0301, "incumbent": ["max_depth='25'", "max_features='0.7830751262477817'", "min_samples_leaf='1'", "min_samples_split='8'"], "origin": "Local Search"}
{"cpu_time": 143.03345203399658, "wallclock_time": 167.23070979118347, "evaluations": 115, "cost": 0.0285, "incumbent": ["max_depth='27'", "max_features='0.7815577072452727'", "min_samples_leaf='1'", "min_samples_split='5'"], "origin": "Local Search"}
{"cpu_time": 169.25836777687073, "wallclock_time": 199.001366853714, "evaluations": 130, "cost": 0.028, "incumbent": ["max_depth='13'", "max_features='0.7810055908645812'", "min_samples_leaf='1'", "min_samples_split='5'"], "origin": "Local Search"}
{"cpu_time": 288.4505560398102, "wallclock_time": 349.6766457557678, "evaluations": 194, "cost": 0.0276, "incumbent": ["max_depth='14'", "max_features='0.7810424931804233'", "min_samples_leaf='1'", "min_samples_split='5'"], "origin": "Local Search"}
