"CPU Time Used","Estimated Training Performance","Wallclock Time","Incumbent ID","Automatic Configurator (CPU) Time","Configuration..."
0.000000, 2147483648.000000, 0.000622, 1, 0.000622, alpha='0.0004126639093412234',eta0='0.0017613324954003418'
0.162631, 0.478800, 0.174694, 1, 0.012063, alpha='0.0004126639093412234',eta0='0.0017613324954003418'
1.449416, 0.468700, 1.468990, 2, 0.019574, alpha='6.675963694532246e-05',eta0='0.13455959491033861'
4.262868, 0.465200, 4.304647, 3, 0.041779, alpha='0.00014331222076014103',eta0='0.0006285756509200554'
7.814822, 0.462700, 8.608732, 4, 0.793909, alpha='0.007741780597432642',eta0='5.4908303802532796e-05'
18.344598, 0.454600, 31.064901, 5, 12.720303, alpha='0.00014282283279179507',eta0='7.108849971133258e-05'
23.650000, 0.443100, 43.946106, 6, 20.296106, alpha='0.00030821817088174975',eta0='6.449044170266509e-05'
26.523353, 0.437100, 54.943557, 7, 28.420204, alpha='0.00030821817088174975',eta0='6.449131922729314e-05'
