"CPU Time Used","Estimated Training Performance","Wallclock Time","Incumbent ID","Automatic Configurator (CPU) Time","Configuration..."
0.000000, 2147483648.000000, 0.000040, 1, 0.000040, C='1.0',gamma='0.1'
0.023989, 0.160600, 0.024613, 1, 0.000623, C='1.0',gamma='0.1'
0.220463, 0.082000, 0.228594, 2, 0.008131, C='7.615166584313989',gamma='0.10560628945782698'
0.603798, 0.029500, 0.624468, 3, 0.020670, C='66.34037087131655',gamma='0.15373657531118262'
16.303356, 0.028600, 19.210235, 4, 2.906878, C='14.320944657460142',gamma='0.40036360937507076'
