{
  "mean_cost": 0.3519183246657671,
  "finished_ta_runs": 300,
  "inc_changed": 8,
  "n_configs": 184,
  "submitted_ta_runs": 300,
  "ta_time_used": 34.1636803150177,
  "wallclock_time_used": 97.4313018321991,
  "dataset_id": 31,
  "perf_time": 97.44368079199921
}