{
  "mean_cost": 0.09342297885293238,
  "finished_ta_runs": 10,
  "inc_changed": 2,
  "n_configs": 5,
  "submitted_ta_runs": 10,
  "ta_time_used": 960.4262163639069,
  "wallclock_time_used": 960.4436631202698,
  "dataset_id": 16
}