{"cpu_time": 0.0, "wallclock_time": 3.4809112548828125e-05, "evaluations": 0, "cost": 2147483648.0, "incumbent": {"C": 1.0, "gamma": 0.1}, "budget": 0, "origin": "Default"}
{"cpu_time": 0.26937198638916016, "wallclock_time": 0.27002882957458496, "evaluations": 1, "cost": 0.5, "incumbent": {"C": 1.0, "gamma": 0.1}, "budget": 0, "origin": "Default"}
