{
  "mean_cost": 0.7853274916686391,
  "finished_ta_runs": 600,
  "inc_changed": 6,
  "n_configs": 397,
  "submitted_ta_runs": 600,
  "ta_time_used": 250.66399908065796,
  "wallclock_time_used": 255.1629021167755,
  "dataset_id": 146817,
  "perf_time": 255.17908462499327
}