"CPU Time Used","Estimated Training Performance","Wallclock Time","Incumbent ID","Automatic Configurator (CPU) Time","Configuration..."
0.000000, 2147483648.000000, 0.000547, 1, 0.000547, alpha='0.00011227070295712931',eta0='0.0029096933833365197'
0.040626, 0.478400, 0.041896, 1, 0.001270, alpha='0.00011227070295712931',eta0='0.0029096933833365197'
1.089118, 0.474300, 1.123542, 2, 0.034424, alpha='0.00022294150416561802',eta0='0.00019929399219757566'
3.052110, 0.472100, 8.496138, 3, 5.444028, alpha='8.975913118443738e-05',eta0='3.1953707405045705e-05'
5.033934, 0.469500, 21.108059, 4, 16.074126, alpha='0.0015894865402464793',eta0='1.3780965485296604e-05'
