{"cpu_time": 0.0, "wallclock_time": 0.0005259513854980469, "evaluations": 0, "cost": 2147483648.0, "incumbent": ["C='1.3600811985592882'", "gamma='0.09352602871548096'"], "origin": "Sobol"}
{"cpu_time": 0.008069992065429688, "wallclock_time": 0.009251117706298828, "evaluations": 1, "cost": 0.0, "incumbent": ["C='1.3600811985592882'", "gamma='0.09352602871548096'"], "origin": "Sobol"}
