"CPU Time Used","Estimated Training Performance","Wallclock Time","Incumbent ID","Automatic Configurator (CPU) Time","Configuration..."
0.000000, 2147483648.000000, 0.000526, 1, 0.000526, C='1.3600811985592882',gamma='0.09352602871548096'
0.008070, 0.000000, 0.009251, 1, 0.001181, C='1.3600811985592882',gamma='0.09352602871548096'
