{
  "mean_cost": 0.5,
  "finished_ta_runs": 1,
  "inc_changed": 1,
  "n_configs": 1,
  "submitted_ta_runs": 1,
  "ta_time_used": 0.09544610977172852,
  "wallclock_time_used": 0.09697890281677246,
  "dataset_id": 3021,
  "perf_time": 0.1056267089998073
}