"CPU Time Used","Estimated Training Performance","Wallclock Time","Incumbent ID","Automatic Configurator (CPU) Time","Configuration..."
0.000000, 2147483648.000000, 0.000123, 1, 0.000123, alpha='0.001',eta0='0.01'
2.084745, 0.055200, 2.085764, 1, 0.001019, alpha='0.001',eta0='0.01'
7.952610, 0.052400, 7.956705, 2, 0.004095, alpha='3.649484911512686e-05',eta0='1.2652165208090965e-05'
35.295177, 0.046400, 35.316463, 3, 0.021286, alpha='0.032669837074519134',eta0='0.00016174086408631311'
56.293972, 0.042100, 56.333184, 4, 0.039212, alpha='0.016247135786521674',eta0='0.00043831767895726446'
190.286674, 0.041400, 190.511833, 5, 0.225158, alpha='0.01583166456553848',eta0='0.0008976514920321256'
324.339518, 0.040200, 324.889325, 6, 0.549807, alpha='0.029562477603218992',eta0='0.0031285616514745156'
711.552628, 0.040100, 713.735766, 7, 2.183138, alpha='0.13769588348037104',eta0='0.0014443051930191362'
996.543065, 0.038900, 1000.582087, 8, 4.039022, alpha='0.09139464773585834',eta0='0.0004771327960036551'
