"CPU Time Used","Estimated Training Performance","Wallclock Time","Incumbent ID","Automatic Configurator (CPU) Time","Configuration..."
0.000000, 2147483648.000000, 0.000620, 1, 0.000620, alpha='0.0004126639093412234',eta0='0.0017613324954003418'
5.636137, 0.101800, 5.637763, 1, 0.001626, alpha='0.0004126639093412234',eta0='0.0017613324954003418'
72.606643, 0.097000, 72.623439, 2, 0.016797, alpha='1.3751027885583958e-05',eta0='0.0001426968473177047'
100.471668, 0.094300, 100.496235, 3, 0.024567, alpha='0.001',eta0='0.01'
161.830378, 0.092600, 161.877062, 4, 0.046684, alpha='0.003103826373830339',eta0='0.010415000482871395'
328.937275, 0.092300, 331.365045, 5, 2.427770, alpha='0.003446138047333669',eta0='0.010409640112807308'
356.754928, 0.092200, 359.199780, 6, 2.444852, alpha='0.0033937166656341318',eta0='0.010415000482871395'
468.044657, 0.089800, 472.928491, 7, 4.883834, alpha='0.008596790141562517',eta0='0.010423872320258987'
