{"cpu_time": 0.0, "wallclock_time": 0.0014190673828125, "evaluations": 0, "cost": 2147483648.0, "incumbent": ["colsample_bytree='0.3908073678612709'", "eta='0.02197006114591668'", "max_depth='1'", "reg_lambda='0.025956378731779545'"], "origin": "Sobol"}
{"cpu_time": 0.044251203536987305, "wallclock_time": 0.04657626152038574, "evaluations": 1, "cost": 0.6037, "incumbent": ["colsample_bytree='0.3908073678612709'", "eta='0.02197006114591668'", "max_depth='1'", "reg_lambda='0.025956378731779545'"], "origin": "Sobol"}
{"cpu_time": 0.26909494400024414, "wallclock_time": 0.273914098739624, "evaluations": 4, "cost": 0.4711, "incumbent": ["colsample_bytree='0.7864414579235017'", "eta='0.06876373473778273'", "max_depth='5'", "reg_lambda='2.180661802430785'"], "origin": "Sobol"}
{"cpu_time": 1.8341729640960693, "wallclock_time": 1.853567123413086, "evaluations": 18, "cost": 0.4666, "incumbent": ["colsample_bytree='0.9711315042339266'", "eta='0.012060433958797896'", "max_depth='5'", "reg_lambda='12.062033639067293'"], "origin": "Sobol"}
{"cpu_time": 6.31171989440918, "wallclock_time": 9.954265117645264, "evaluations": 64, "cost": 0.45, "incumbent": ["colsample_bytree='0.9940495841775644'", "eta='0.012465089707597177'", "max_depth='7'", "reg_lambda='21.186261789540243'"], "origin": "Local Search"}
{"cpu_time": 8.71539855003357, "wallclock_time": 17.84292721748352, "evaluations": 82, "cost": 0.4462, "incumbent": ["colsample_bytree='0.9944039623333817'", "eta='0.012465089707597177'", "max_depth='6'", "reg_lambda='33.05666535782538'"], "origin": "Local Search"}
{"cpu_time": 11.148230075836182, "wallclock_time": 23.640888214111328, "evaluations": 99, "cost": 0.4459, "incumbent": ["colsample_bytree='0.9959896989754379'", "eta='0.08443483380170122'", "max_depth='6'", "reg_lambda='81.60962969450972'"], "origin": "Local Search"}
{"cpu_time": 11.899403095245361, "wallclock_time": 24.405773162841797, "evaluations": 104, "cost": 0.4427, "incumbent": ["colsample_bytree='0.9952197635405203'", "eta='0.08389920183809309'", "max_depth='6'", "reg_lambda='84.83698567056639'"], "origin": "Local Search"}
{"cpu_time": 13.608796119689941, "wallclock_time": 29.29404902458191, "evaluations": 118, "cost": 0.4378, "incumbent": ["colsample_bytree='0.994095970577152'", "eta='0.08571292382550376'", "max_depth='5'", "reg_lambda='83.975496704204'"], "origin": "Local Search"}
{"cpu_time": 21.598079919815063, "wallclock_time": 54.64314913749695, "evaluations": 171, "cost": 0.435, "incumbent": ["colsample_bytree='0.9973731774394858'", "eta='0.08747315376480017'", "max_depth='10'", "reg_lambda='88.2451418041236'"], "origin": "Local Search"}
{"cpu_time": 23.166839122772217, "wallclock_time": 57.46480417251587, "evaluations": 179, "cost": 0.434, "incumbent": ["colsample_bytree='0.9998218943892432'", "eta='0.08827242376852959'", "max_depth='9'", "reg_lambda='113.29508392175569'"], "origin": "Local Search"}
{"cpu_time": 31.34243083000183, "wallclock_time": 78.33169198036194, "evaluations": 220, "cost": 0.4336, "incumbent": ["colsample_bytree='0.9521683453755027'", "eta='0.09088447730531603'", "max_depth='10'", "reg_lambda='82.82186021576831'"], "origin": "Local Search"}
{"cpu_time": 32.49141764640808, "wallclock_time": 79.50731706619263, "evaluations": 225, "cost": 0.4332, "incumbent": ["colsample_bytree='0.9640785268643213'", "eta='0.09088447730531603'", "max_depth='10'", "reg_lambda='83.3725589353218'"], "origin": "Local Search"}
{"cpu_time": 41.74279832839966, "wallclock_time": 106.53480219841003, "evaluations": 273, "cost": 0.4325, "incumbent": ["colsample_bytree='0.9997200204538542'", "eta='0.12900494411205127'", "max_depth='10'", "reg_lambda='114.13052330939954'"], "origin": "Local Search"}
{"cpu_time": 43.91853713989258, "wallclock_time": 110.72590112686157, "evaluations": 283, "cost": 0.4294, "incumbent": ["colsample_bytree='0.9958398446790644'", "eta='0.12669942807385562'", "max_depth='10'", "reg_lambda='112.21819433631985'"], "origin": "Local Search"}
