{"cpu_time": 0.0, "wallclock_time": 0.0015571117401123047, "evaluations": 0, "cost": 2147483648.0, "incumbent": ["max_depth='1'", "max_features='0.49276944529265165'", "min_samples_leaf='4'", "min_samples_split='9'"], "origin": "Sobol"}
{"cpu_time": 0.07401609420776367, "wallclock_time": 0.07650113105773926, "evaluations": 1, "cost": 0.2666, "incumbent": ["max_depth='1'", "max_features='0.49276944529265165'", "min_samples_leaf='4'", "min_samples_split='9'"], "origin": "Sobol"}
{"cpu_time": 0.3146030902862549, "wallclock_time": 0.3196282386779785, "evaluations": 4, "cost": 0.1564, "incumbent": ["max_depth='22'", "max_features='0.502463330514729'", "min_samples_leaf='18'", "min_samples_split='83'"], "origin": "Sobol"}
{"cpu_time": 0.5170180797576904, "wallclock_time": 0.5237860679626465, "evaluations": 6, "cost": 0.1316, "incumbent": ["max_depth='10'", "max_features='0.5'", "min_samples_leaf='1'", "min_samples_split='32'"], "origin": null}
{"cpu_time": 1.3360891342163086, "wallclock_time": 1.3493990898132324, "evaluations": 13, "cost": 0.1241, "incumbent": ["max_depth='4'", "max_features='0.7575887208804488'", "min_samples_leaf='11'", "min_samples_split='22'"], "origin": "Sobol"}
{"cpu_time": 2.996389150619507, "wallclock_time": 3.017029285430908, "evaluations": 20, "cost": 0.1121, "incumbent": ["max_depth='11'", "max_features='0.9135355520993471'", "min_samples_leaf='2'", "min_samples_split='4'"], "origin": "Sobol"}
{"cpu_time": 7.564197301864624, "wallclock_time": 7.643668174743652, "evaluations": 57, "cost": 0.1088, "incumbent": ["max_depth='25'", "max_features='0.7711025746539235'", "min_samples_leaf='1'", "min_samples_split='10'"], "origin": "Sobol"}
{"cpu_time": 21.697509288787842, "wallclock_time": 39.23022532463074, "evaluations": 131, "cost": 0.1043, "incumbent": ["max_depth='8'", "max_features='0.9143858007022487'", "min_samples_leaf='1'", "min_samples_split='6'"], "origin": "Local Search"}
