{
  "mean_cost": 0.5,
  "finished_ta_runs": 1,
  "inc_changed": 1,
  "n_configs": 1,
  "submitted_ta_runs": 1,
  "ta_time_used": 0.1519770622253418,
  "wallclock_time_used": 0.15359210968017578,
  "dataset_id": 146820,
  "perf_time": 0.15892454200002248
}