"CPU Time Used","Estimated Training Performance","Wallclock Time","Incumbent ID","Automatic Configurator (CPU) Time","Configuration..."
0.000000, 2147483648.000000, 0.000546, 1, 0.000546, alpha='0.0004126639093412234',eta0='0.0017613324954003418'
0.903101, 0.085100, 0.904401, 1, 0.001300, alpha='0.0004126639093412234',eta0='0.0017613324954003418'
30.792603, 0.085000, 31.147267, 2, 0.354664, alpha='0.00033431287428826567',eta0='0.0018314211431674759'
57.837132, 0.084800, 60.178736, 3, 2.341604, alpha='0.0003211493298744913',eta0='0.0018787531221917302'
172.489664, 0.083300, 202.683926, 4, 30.194262, alpha='3.052827156679896e-05',eta0='0.002038618786576527'
181.505377, 0.083000, 214.967527, 5, 33.462150, alpha='1.1932554993478024e-05',eta0='0.0020141777312876214'
