"CPU Time Used","Estimated Training Performance","Wallclock Time","Incumbent ID","Automatic Configurator (CPU) Time","Configuration..."
0.000000, 2147483648.000000, 0.000549, 1, 0.000549, C='1.3600811985592882',gamma='0.09352602871548096'
0.149626, 0.017200, 0.150977, 1, 0.001351, C='1.3600811985592882',gamma='0.09352602871548096'
3.032365, 0.009600, 3.043854, 2, 0.011489, C='102.59827344587585',gamma='0.0039228031036218506'
5.492328, 0.004300, 5.516003, 3, 0.023675, C='7.48101646809008',gamma='2.7251940323754646'
23.588179, 0.002700, 29.476083, 4, 5.887904, C='69.77737973594222',gamma='0.5546459452442956'
23.925938, 0.002000, 30.179837, 5, 6.253899, C='204.52535600194474',gamma='0.17950302930217296'
