{
  "mean_cost": 0.3720116635501251,
  "finished_ta_runs": 169,
  "inc_changed": 4,
  "n_configs": 106,
  "submitted_ta_runs": 169,
  "ta_time_used": 19.620565176010132,
  "wallclock_time_used": 60.620115995407104,
  "dataset_id": 2079
}