{"cpu_time": 0.0, "wallclock_time": 0.001584768295288086, "evaluations": 0, "cost": 2147483648.0, "incumbent": ["max_depth='1'", "max_features='0.49276944529265165'", "min_samples_leaf='4'", "min_samples_split='9'"], "origin": "Sobol"}
{"cpu_time": 0.06698393821716309, "wallclock_time": 0.06949186325073242, "evaluations": 1, "cost": 0.5, "incumbent": ["max_depth='1'", "max_features='0.49276944529265165'", "min_samples_leaf='4'", "min_samples_split='9'"], "origin": "Sobol"}
{"cpu_time": 0.2483839988708496, "wallclock_time": 0.25341367721557617, "evaluations": 4, "cost": 0.4771, "incumbent": ["max_depth='22'", "max_features='0.502463330514729'", "min_samples_leaf='18'", "min_samples_split='83'"], "origin": "Sobol"}
{"cpu_time": 0.38011884689331055, "wallclock_time": 0.38683080673217773, "evaluations": 6, "cost": 0.419, "incumbent": ["max_depth='10'", "max_features='0.5'", "min_samples_leaf='1'", "min_samples_split='32'"], "origin": null}
{"cpu_time": 0.6362438201904297, "wallclock_time": 0.646446704864502, "evaluations": 10, "cost": 0.3887, "incumbent": ["max_depth='9'", "max_features='0.24789578560739756'", "min_samples_leaf='6'", "min_samples_split='2'"], "origin": "Sobol"}
{"cpu_time": 2.037551164627075, "wallclock_time": 2.072906970977783, "evaluations": 31, "cost": 0.3795, "incumbent": ["max_depth='17'", "max_features='0.9866730123758316'", "min_samples_leaf='13'", "min_samples_split='6'"], "origin": "Sobol"}
{"cpu_time": 7.5340282917022705, "wallclock_time": 18.418449878692627, "evaluations": 106, "cost": 0.3736, "incumbent": ["max_depth='49'", "max_features='0.7401361791290575'", "min_samples_leaf='14'", "min_samples_split='3'"], "origin": "Local Search"}
{"cpu_time": 12.008933067321777, "wallclock_time": 36.03132367134094, "evaluations": 166, "cost": 0.3679, "incumbent": ["max_depth='49'", "max_features='0.9943673273491483'", "min_samples_leaf='11'", "min_samples_split='10'"], "origin": "Local Search"}
{"cpu_time": 13.231586694717407, "wallclock_time": 38.857263803482056, "evaluations": 182, "cost": 0.3637, "incumbent": ["max_depth='47'", "max_features='0.9883340589007281'", "min_samples_leaf='10'", "min_samples_split='2'"], "origin": "Local Search"}
