{
  "mean_cost": 0.008667155975217944,
  "finished_ta_runs": 2,
  "inc_changed": 1,
  "n_configs": 1,
  "submitted_ta_runs": 2,
  "ta_time_used": 0.6222860813140869,
  "wallclock_time_used": 0.624276876449585,
  "dataset_id": 3,
  "perf_time": 0.6297252919998755
}