{
  "mean_cost": 0.05105691753848518,
  "finished_ta_runs": 1,
  "inc_changed": 1,
  "n_configs": 1,
  "submitted_ta_runs": 1,
  "ta_time_used": 0.17071199417114258,
  "wallclock_time_used": 0.1722869873046875
}