{
  "mean_cost": 0.32409072668119987,
  "finished_ta_runs": 300,
  "inc_changed": 9,
  "n_configs": 216,
  "submitted_ta_runs": 300,
  "ta_time_used": 10.26886248588562,
  "wallclock_time_used": 113.94367909431458,
  "dataset_id": 31,
  "perf_time": 113.95503899999312
}