"CPU Time Used","Estimated Training Performance","Wallclock Time","Incumbent ID","Automatic Configurator (CPU) Time","Configuration..."
0.000000, 2147483648.000000, 0.001394, 1, 0.001394, colsample_bytree='0.569966175314039',eta='0.009556882986489993',max_depth='3',reg_lambda='0.0020776820882921045'
0.973031, 0.176400, 0.975410, 1, 0.002379, colsample_bytree='0.569966175314039',eta='0.009556882986489993',max_depth='3',reg_lambda='0.0020776820882921045'
11.576581, 0.115600, 11.584146, 2, 0.007565, colsample_bytree='0.3878000834956765',eta='0.004721681612948408',max_depth='10',reg_lambda='0.09654112415362535'
21.890739, 0.097800, 21.901126, 3, 0.010387, colsample_bytree='1.0',eta='0.3',max_depth='10',reg_lambda='1.0'
