{
  "mean_cost": 0.21132908782920562,
  "finished_ta_runs": 1522,
  "inc_changed": 6,
  "n_configs": 1456,
  "submitted_ta_runs": 1522,
  "ta_time_used": 82.29967284202576,
  "wallclock_time_used": 120.05536103248596,
  "dataset_id": 10093
}