{
  "mean_cost": 0.3943080623553769,
  "finished_ta_runs": 300,
  "inc_changed": 5,
  "n_configs": 126,
  "submitted_ta_runs": 300,
  "ta_time_used": 11.710789918899536,
  "wallclock_time_used": 87.12694025039673,
  "dataset_id": 37,
  "perf_time": 87.14016066700015
}