{
  "mean_cost": 0.1209807126095005,
  "finished_ta_runs": 300,
  "inc_changed": 8,
  "n_configs": 208,
  "submitted_ta_runs": 300,
  "ta_time_used": 101.36991906166077,
  "wallclock_time_used": 181.49188661575317,
  "dataset_id": 3022,
  "perf_time": 181.5064912079979
}