{
  "mean_cost": 0.4532460295196311,
  "finished_ta_runs": 793,
  "inc_changed": 5,
  "n_configs": 755,
  "submitted_ta_runs": 793,
  "ta_time_used": 110.03082776069641,
  "wallclock_time_used": 120.07526302337646,
  "dataset_id": 146820
}