"CPU Time Used","Estimated Training Performance","Wallclock Time","Incumbent ID","Automatic Configurator (CPU) Time","Configuration..."
0.000000, 2147483648.000000, 0.000636, 1, 0.000636, C='1.3600811985592882',gamma='0.09352602871548096'
0.276672, 0.116700, 0.278153, 1, 0.001481, C='1.3600811985592882',gamma='0.09352602871548096'
3.818376, 0.084100, 3.831493, 2, 0.013118, C='102.59827344587585',gamma='0.0039228031036218506'
7.158521, 0.079100, 7.184737, 3, 0.026216, C='15.199688790550503',gamma='0.014931473822877205'
