{"cpu_time": 0.0, "wallclock_time": 0.0006358623504638672, "evaluations": 0, "cost": 2147483648.0, "incumbent": ["C='1.3600811985592882'", "gamma='0.09352602871548096'"], "origin": "Sobol"}
{"cpu_time": 0.2766718864440918, "wallclock_time": 0.2781529426574707, "evaluations": 1, "cost": 0.1167, "incumbent": ["C='1.3600811985592882'", "gamma='0.09352602871548096'"], "origin": "Sobol"}
{"cpu_time": 3.818375587463379, "wallclock_time": 3.8314931392669678, "evaluations": 13, "cost": 0.0841, "incumbent": ["C='102.59827344587585'", "gamma='0.0039228031036218506'"], "origin": "Sobol"}
{"cpu_time": 7.158520936965942, "wallclock_time": 7.184736967086792, "evaluations": 25, "cost": 0.0791, "incumbent": ["C='15.199688790550503'", "gamma='0.014931473822877205'"], "origin": "Sobol"}
