"CPU Time Used","Estimated Training Performance","Wallclock Time","Incumbent ID","Automatic Configurator (CPU) Time","Configuration..."
0.000000, 2147483648.000000, 0.001499, 1, 0.001499, colsample_bytree='0.569966175314039',eta='0.009556882986489993',max_depth='3',reg_lambda='0.0020776820882921045'
0.272342, 0.219900, 0.274806, 1, 0.002464, colsample_bytree='0.569966175314039',eta='0.009556882986489993',max_depth='3',reg_lambda='0.0020776820882921045'
2.366619, 0.066800, 2.374273, 2, 0.007654, colsample_bytree='0.3878000834956765',eta='0.004721681612948408',max_depth='10',reg_lambda='0.09654112415362535'
16.160140, 0.061600, 16.834534, 3, 0.674394, colsample_bytree='0.6591354891017618',eta='0.08850173850277226',max_depth='10',reg_lambda='0.12355167477488883'
26.084267, 0.057300, 34.171501, 4, 8.087234, colsample_bytree='0.5108293517776443',eta='0.10203896378108164',max_depth='10',reg_lambda='0.12361841825774207'
38.193673, 0.051000, 54.240293, 5, 16.046620, colsample_bytree='0.34327084587940376',eta='0.10592458067708442',max_depth='10',reg_lambda='0.06171001461360474'
42.513894, 0.048900, 61.217795, 6, 18.703901, colsample_bytree='0.3453506725631714',eta='0.08004334214149599',max_depth='10',reg_lambda='0.04677369422271414'
77.463807, 0.047800, 128.748619, 7, 51.284812, colsample_bytree='0.36636938326707746',eta='0.10649145877403106',max_depth='10',reg_lambda='0.06263072372503553'
89.626137, 0.046000, 153.378975, 8, 63.752838, colsample_bytree='0.38558559100642575',eta='0.10658265398926431',max_depth='10',reg_lambda='0.04691712512772105'
