"CPU Time Used","Estimated Training Performance","Wallclock Time","Incumbent ID","Automatic Configurator (CPU) Time","Configuration..."
0.000000, 2147483648.000000, 0.000637, 1, 0.000637, C='0.017961675793542162',gamma='0.9046232030638993'
0.960751, 0.833300, 0.962319, 1, 0.001567, C='0.017961675793542162',gamma='0.9046232030638993'
4.585011, 0.588300, 4.589367, 2, 0.004355, C='61.71933670840937',gamma='1.0864412265106145'
6.218447, 0.583200, 6.224582, 3, 0.006134, C='1.0',gamma='0.1'
17.406523, 0.542300, 17.426090, 4, 0.019567, C='198.6613474689375',gamma='0.09318781769031856'
42.372143, 0.542000, 43.797573, 5, 1.425430, C='198.5674790100947',gamma='0.0809663383791345'
49.560961, 0.541800, 51.534033, 6, 1.973072, C='198.2894108837029',gamma='0.1953970578707093'
68.130356, 0.540900, 73.522770, 7, 5.392414, C='198.2894108837029',gamma='0.18206708578110822'
