{"cpu_time": 0.0, "wallclock_time": 0.0015549659729003906, "evaluations": 0, "cost": 2147483648.0, "incumbent": {"max_depth": 6, "max_features": 0.3290755869820714, "min_samples_leaf": 11, "min_samples_split": 2}, "budget": 0, "origin": "Sobol"}
{"cpu_time": 0.10590600967407227, "wallclock_time": 0.10843491554260254, "evaluations": 1, "cost": 0.5, "incumbent": {"max_depth": 6, "max_features": 0.3290755869820714, "min_samples_leaf": 11, "min_samples_split": 2}, "budget": 0, "origin": "Sobol"}
{"cpu_time": 2.5673818588256836, "wallclock_time": 2.580846071243286, "evaluations": 13, "cost": 0.4799, "incumbent": {"max_depth": 18, "max_features": 0.9707894120365381, "min_samples_leaf": 5, "min_samples_split": 26}, "budget": 0, "origin": "Sobol"}
{"cpu_time": 6.772382020950317, "wallclock_time": 6.817352056503296, "evaluations": 38, "cost": 0.4742, "incumbent": {"max_depth": 8, "max_features": 0.8408462973311543, "min_samples_leaf": 8, "min_samples_split": 5}, "budget": 0, "origin": "Sobol"}
{"cpu_time": 11.334277868270874, "wallclock_time": 11.863198041915894, "evaluations": 70, "cost": 0.4594, "incumbent": {"max_depth": 26, "max_features": 0.6638361221001667, "min_samples_leaf": 4, "min_samples_split": 5}, "budget": 0, "origin": "Random Search (sorted)"}
