{
  "mean_cost": 0.2644316059757236,
  "finished_ta_runs": 2,
  "inc_changed": 1,
  "n_configs": 1,
  "submitted_ta_runs": 2,
  "ta_time_used": 0.19092845916748047,
  "wallclock_time_used": 0.19316411018371582,
  "dataset_id": 53,
  "perf_time": 0.19926433399996313
}