"CPU Time Used","Estimated Training Performance","Wallclock Time","Incumbent ID","Automatic Configurator (CPU) Time","Configuration..."
0.000000, 2147483648.000000, 0.000519, 1, 0.000519, C='0.017961675793542162',gamma='0.9046232030638993'
0.011538, 0.500000, 0.012712, 1, 0.001174, C='0.017961675793542162',gamma='0.9046232030638993'
0.079091, 0.480300, 0.085212, 2, 0.006121, C='12.958180650233897',gamma='0.01207858159167579'
0.178792, 0.447400, 0.193768, 3, 0.014976, C='0.7731863785266639',gamma='0.0012442315522724887'
0.707196, 0.438100, 3.930976, 4, 3.223780, C='0.7788658300835608',gamma='0.0010310067967383802'
0.928927, 0.402000, 5.435001, 5, 4.506074, C='1.1935461591710415',gamma='0.001082697578615779'
0.997366, 0.392700, 6.171262, 6, 5.173896, C='1.2612391282036892',gamma='0.001069284582958522'
1.218162, 0.386000, 7.603650, 7, 6.385488, C='1.6574409626628392',gamma='0.001131020398223817'
