{"cpu_time": 0.0, "wallclock_time": 0.0005190372467041016, "evaluations": 0, "cost": 2147483648.0, "incumbent": ["C='0.017961675793542162'", "gamma='0.9046232030638993'"], "origin": "Sobol"}
{"cpu_time": 0.011538267135620117, "wallclock_time": 0.01271200180053711, "evaluations": 1, "cost": 0.5, "incumbent": ["C='0.017961675793542162'", "gamma='0.9046232030638993'"], "origin": "Sobol"}
{"cpu_time": 0.07909107208251953, "wallclock_time": 0.08521199226379395, "evaluations": 8, "cost": 0.4803, "incumbent": ["C='12.958180650233897'", "gamma='0.01207858159167579'"], "origin": "Sobol"}
{"cpu_time": 0.17879199981689453, "wallclock_time": 0.19376802444458008, "evaluations": 18, "cost": 0.4474, "incumbent": ["C='0.7731863785266639'", "gamma='0.0012442315522724887'"], "origin": "Sobol"}
{"cpu_time": 0.7071957588195801, "wallclock_time": 3.930976152420044, "evaluations": 65, "cost": 0.4381, "incumbent": ["C='0.7788658300835608'", "gamma='0.0010310067967383802'"], "origin": "Random Search (sorted)"}
{"cpu_time": 0.9289274215698242, "wallclock_time": 5.4350011348724365, "evaluations": 83, "cost": 0.402, "incumbent": ["C='1.1935461591710415'", "gamma='0.001082697578615779'"], "origin": "Local Search"}
{"cpu_time": 0.9973664283752441, "wallclock_time": 6.17126202583313, "evaluations": 89, "cost": 0.3927, "incumbent": ["C='1.2612391282036892'", "gamma='0.001069284582958522'"], "origin": "Local Search"}
{"cpu_time": 1.2181618213653564, "wallclock_time": 7.603650093078613, "evaluations": 107, "cost": 0.386, "incumbent": ["C='1.6574409626628392'", "gamma='0.001131020398223817'"], "origin": "Local Search"}
