{
  "mean_cost": 0.03419202541285875,
  "finished_ta_runs": 300,
  "inc_changed": 6,
  "n_configs": 181,
  "submitted_ta_runs": 300,
  "ta_time_used": 9.664318084716797,
  "wallclock_time_used": 76.58611512184143,
  "dataset_id": 9946,
  "perf_time": 76.59781770900008
}