{
  "mean_cost": 0.23619986231207457,
  "finished_ta_runs": 300,
  "inc_changed": 9,
  "n_configs": 195,
  "submitted_ta_runs": 300,
  "ta_time_used": 11.1513032913208,
  "wallclock_time_used": 85.28100800514221,
  "dataset_id": 37,
  "perf_time": 85.29373604099965
}