{
  "mean_cost": 0.1545341644339138,
  "finished_ta_runs": 133,
  "inc_changed": 5,
  "n_configs": 85,
  "submitted_ta_runs": 133,
  "ta_time_used": 40.49815917015076,
  "wallclock_time_used": 60.14401912689209,
  "dataset_id": 9981
}