{"cpu_time": 0.0, "wallclock_time": 0.001592874526977539, "evaluations": 0, "cost": 2147483648.0, "incumbent": {"max_depth": 6, "max_features": 0.3290755869820714, "min_samples_leaf": 11, "min_samples_split": 2}, "budget": 0, "origin": "Sobol"}
{"cpu_time": 0.3167450428009033, "wallclock_time": 0.3194558620452881, "evaluations": 1, "cost": 0.0509, "incumbent": {"max_depth": 6, "max_features": 0.3290755869820714, "min_samples_leaf": 11, "min_samples_split": 2}, "budget": 0, "origin": "Sobol"}
{"cpu_time": 19.760680675506592, "wallclock_time": 19.779015064239502, "evaluations": 10, "cost": 0.0406, "incumbent": {"max_depth": 18, "max_features": 0.9707894120365381, "min_samples_leaf": 5, "min_samples_split": 26}, "budget": 0, "origin": "Sobol"}
{"cpu_time": 22.04354977607727, "wallclock_time": 22.067808866500854, "evaluations": 14, "cost": 0.0313, "incumbent": {"max_depth": 10, "max_features": 0.5, "min_samples_leaf": 1, "min_samples_split": 32}, "budget": 0, "origin": null}
{"cpu_time": 64.07679414749146, "wallclock_time": 70.62543606758118, "evaluations": 73, "cost": 0.0299, "incumbent": {"max_depth": 25, "max_features": 0.49258007607421717, "min_samples_leaf": 1, "min_samples_split": 2}, "budget": 0, "origin": "Local Search"}
{"cpu_time": 67.14928770065308, "wallclock_time": 73.71557593345642, "evaluations": 78, "cost": 0.0266, "incumbent": {"max_depth": 31, "max_features": 0.4982767388438309, "min_samples_leaf": 1, "min_samples_split": 2}, "budget": 0, "origin": "Local Search"}
