{"cpu_time": 0.0, "wallclock_time": 0.0006871223449707031, "evaluations": 0, "cost": 2147483648.0, "incumbent": {"alpha": 0.0040824718253228975, "eta0": 0.00044195488125554607}, "budget": 0, "origin": "Sobol"}
{"cpu_time": 0.35370492935180664, "wallclock_time": 0.3552827835083008, "evaluations": 1, "cost": 0.0, "incumbent": {"alpha": 0.0040824718253228975, "eta0": 0.00044195488125554607}, "budget": 0, "origin": "Sobol"}
