"CPU Time Used","Estimated Training Performance","Wallclock Time","Incumbent ID","Automatic Configurator (CPU) Time","Configuration..."
0.000000, 2147483648.000000, 0.000550, 1, 0.000550, C='1.3600811985592882',gamma='0.09352602871548096'
0.051061, 0.035300, 0.052333, 1, 0.001271, C='1.3600811985592882',gamma='0.09352602871548096'
2.515480, 0.023500, 2.536269, 2, 0.020788, C='206.50233439434604',gamma='0.9897482788196605'
3.881067, 0.011000, 4.239496, 3, 0.358429, C='269.8573742943246',gamma='0.1299399545280281'
