{"cpu_time": 0.0, "wallclock_time": 0.0014998912811279297, "evaluations": 0, "cost": 2147483648.0, "incumbent": ["colsample_bytree='0.3908073678612709'", "eta='0.02197006114591668'", "max_depth='1'", "reg_lambda='0.025956378731779545'"], "origin": "Sobol"}
{"cpu_time": 0.2184739112854004, "wallclock_time": 0.22097492218017578, "evaluations": 1, "cost": 0.1592, "incumbent": ["colsample_bytree='0.3908073678612709'", "eta='0.02197006114591668'", "max_depth='1'", "reg_lambda='0.025956378731779545'"], "origin": "Sobol"}
{"cpu_time": 3.7761518955230713, "wallclock_time": 3.781398057937622, "evaluations": 4, "cost": 0.0085, "incumbent": ["colsample_bytree='0.7864414579235017'", "eta='0.06876373473778273'", "max_depth='5'", "reg_lambda='2.180661802430785'"], "origin": "Sobol"}
{"cpu_time": 6.197030782699585, "wallclock_time": 6.2041027545928955, "evaluations": 6, "cost": 0.0067, "incumbent": ["colsample_bytree='1.0'", "eta='0.3'", "max_depth='10'", "reg_lambda='1.0'"], "origin": null}
{"cpu_time": 54.68519043922424, "wallclock_time": 56.41774582862854, "evaluations": 54, "cost": 0.0038, "incumbent": ["colsample_bytree='1.0'", "eta='0.08386729869225425'", "max_depth='8'", "reg_lambda='9.445975853353033'"], "origin": "Local Search"}
{"cpu_time": 413.99566626548767, "wallclock_time": 454.6009180545807, "evaluations": 212, "cost": 0.0033, "incumbent": ["colsample_bytree='1.0'", "eta='0.06918850609786963'", "max_depth='10'", "reg_lambda='7.643907546760216'"], "origin": "Local Search"}
