"CPU Time Used","Estimated Training Performance","Wallclock Time","Incumbent ID","Automatic Configurator (CPU) Time","Configuration..."
0.000000, 2147483648.000000, 0.001500, 1, 0.001500, colsample_bytree='0.3908073678612709',eta='0.02197006114591668',max_depth='1',reg_lambda='0.025956378731779545'
0.218474, 0.159200, 0.220975, 1, 0.002501, colsample_bytree='0.3908073678612709',eta='0.02197006114591668',max_depth='1',reg_lambda='0.025956378731779545'
3.776152, 0.008500, 3.781398, 2, 0.005246, colsample_bytree='0.7864414579235017',eta='0.06876373473778273',max_depth='5',reg_lambda='2.180661802430785'
6.197031, 0.006700, 6.204103, 3, 0.007072, colsample_bytree='1.0',eta='0.3',max_depth='10',reg_lambda='1.0'
54.685190, 0.003800, 56.417746, 4, 1.732555, colsample_bytree='1.0',eta='0.08386729869225425',max_depth='8',reg_lambda='9.445975853353033'
413.995666, 0.003300, 454.600918, 5, 40.605252, colsample_bytree='1.0',eta='0.06918850609786963',max_depth='10',reg_lambda='7.643907546760216'
