{
  "mean_cost": 0.020432822852177623,
  "finished_ta_runs": 1,
  "inc_changed": 1,
  "n_configs": 1,
  "submitted_ta_runs": 1,
  "ta_time_used": 0.11358213424682617,
  "wallclock_time_used": 0.11521291732788086
}