{
  "mean_cost": 0.4993857787499998,
  "finished_ta_runs": 2,
  "inc_changed": 1,
  "n_configs": 1,
  "submitted_ta_runs": 2,
  "ta_time_used": 119.95499515533447,
  "wallclock_time_used": 119.9607150554657,
  "dataset_id": 7592,
  "perf_time": 119.96833312500075
}