{
  "data": [
    [
      [
        1,
        null,
        379248293,
        0.0
      ],
      [
        0.13402165734475446,
        1.0832340717315674,
        {
          "__enum__": "StatusType.SUCCESS"
        },
        1674417862.295465,
        1674417863.3787048,
        {}
      ]
    ]
  ],
  "config_origins": {
    "1": "Sobol"
  },
  "configs": {
    "1": {
      "colsample_bytree": 0.3908073678612709,
      "eta": 0.02197006114591668,
      "max_depth": 1,
      "reg_lambda": 0.025956378731779545
    }
  }
}