"CPU Time Used","Estimated Training Performance","Wallclock Time","Incumbent ID","Automatic Configurator (CPU) Time","Configuration..."
0.000000, 2147483648.000000, 0.000563, 1, 0.000563, C='0.017961675793542162',gamma='0.9046232030638993'
0.008548, 0.500000, 0.009922, 1, 0.001374, C='0.017961675793542162',gamma='0.9046232030638993'
0.163762, 0.067500, 0.181539, 2, 0.017777, C='0.7731863785266639',gamma='0.0012442315522724887'
0.428871, 0.058200, 1.181065, 3, 0.752194, C='86.87008486703596',gamma='0.0011618006469627865'
