{"cpu_time": 0.0, "wallclock_time": 0.0005393028259277344, "evaluations": 0, "cost": 2147483648.0, "incumbent": ["C='0.017961675793542162'", "gamma='0.9046232030638993'"], "origin": "Sobol"}
{"cpu_time": 0.43909621238708496, "wallclock_time": 0.44037318229675293, "evaluations": 1, "cost": 0.5, "incumbent": ["C='0.017961675793542162'", "gamma='0.9046232030638993'"], "origin": "Sobol"}
{"cpu_time": 1.7435014247894287, "wallclock_time": 1.747331142425537, "evaluations": 4, "cost": 0.3583, "incumbent": ["C='61.71933670840937'", "gamma='1.0864412265106145'"], "origin": "Sobol"}
{"cpu_time": 2.72318172454834, "wallclock_time": 2.7288031578063965, "evaluations": 6, "cost": 0.2744, "incumbent": ["C='1.0'", "gamma='0.1'"], "origin": null}
{"cpu_time": 4.731475114822388, "wallclock_time": 4.740770101547241, "evaluations": 10, "cost": 0.1294, "incumbent": ["C='12.958180650233897'", "gamma='0.01207858159167579'"], "origin": "Sobol"}
{"cpu_time": 11.794437885284424, "wallclock_time": 11.829888105392456, "evaluations": 28, "cost": 0.1181, "incumbent": ["C='176.75556488562856'", "gamma='0.002712060563487799'"], "origin": "Sobol"}
{"cpu_time": 16.756179332733154, "wallclock_time": 17.281265258789062, "evaluations": 41, "cost": 0.1118, "incumbent": ["C='156.43095654637057'", "gamma='0.001971107833419038'"], "origin": "Random Search (sorted)"}
{"cpu_time": 18.896946668624878, "wallclock_time": 19.759860038757324, "evaluations": 48, "cost": 0.1098, "incumbent": ["C='61.02571810992288'", "gamma='0.0017989775444477365'"], "origin": "Random Search (sorted)"}
{"cpu_time": 20.762195587158203, "wallclock_time": 21.902337074279785, "evaluations": 54, "cost": 0.108, "incumbent": ["C='162.83760461607548'", "gamma='0.0014597872863991738'"], "origin": "Random Search (sorted)"}
{"cpu_time": 27.054017305374146, "wallclock_time": 31.634227991104126, "evaluations": 74, "cost": 0.1068, "incumbent": ["C='164.64960076777055'", "gamma='0.0014597872863991738'"], "origin": "Local Search"}
{"cpu_time": 28.819567680358887, "wallclock_time": 33.74071717262268, "evaluations": 80, "cost": 0.1027, "incumbent": ["C='165.65282864701203'", "gamma='0.001150113597629497'"], "origin": "Local Search"}
{"cpu_time": 30.23594093322754, "wallclock_time": 35.16823196411133, "evaluations": 85, "cost": 0.0978, "incumbent": ["C='165.72428570133658'", "gamma='0.0009927487073772715'"], "origin": "Local Search"}
{"cpu_time": 36.30243182182312, "wallclock_time": 43.24400305747986, "evaluations": 102, "cost": 0.0978, "incumbent": ["C='561.7603440695395'", "gamma='0.0010191368107574847'"], "origin": "Local Search"}
{"cpu_time": 38.72214102745056, "wallclock_time": 46.58750534057617, "evaluations": 110, "cost": 0.0943, "incumbent": ["C='218.50890386461603'", "gamma='0.0010191210319257318'"], "origin": "Local Search"}
{"cpu_time": 41.4209189414978, "wallclock_time": 51.02720618247986, "evaluations": 119, "cost": 0.0923, "incumbent": ["C='224.4922275170896'", "gamma='0.000979209833908384'"], "origin": "Local Search"}
{"cpu_time": 49.07085585594177, "wallclock_time": 63.13521218299866, "evaluations": 141, "cost": 0.0914, "incumbent": ["C='272.3086459577434'", "gamma='0.000979209833908384'"], "origin": "Local Search"}
