{"cpu_time": 0.0, "wallclock_time": 0.0015423297882080078, "evaluations": 0, "cost": 2147483648.0, "incumbent": {"colsample_bytree": 0.569966175314039, "eta": 0.009556882986489993, "max_depth": 3, "reg_lambda": 0.0020776820882921045}, "budget": 0, "origin": "Sobol"}
{"cpu_time": 0.07990097999572754, "wallclock_time": 0.0824732780456543, "evaluations": 1, "cost": 0.5, "incumbent": {"colsample_bytree": 0.569966175314039, "eta": 0.009556882986489993, "max_depth": 3, "reg_lambda": 0.0020776820882921045}, "budget": 0, "origin": "Sobol"}
{"cpu_time": 0.7584586143493652, "wallclock_time": 0.767052173614502, "evaluations": 8, "cost": 0.4496, "incumbent": {"colsample_bytree": 0.3878000834956765, "eta": 0.004721681612948408, "max_depth": 10, "reg_lambda": 0.09654112415362535}, "budget": 0, "origin": "Sobol"}
{"cpu_time": 1.5022284984588623, "wallclock_time": 1.5136792659759521, "evaluations": 11, "cost": 0.3717, "incumbent": {"colsample_bytree": 1.0, "eta": 0.3, "max_depth": 10, "reg_lambda": 1.0}, "budget": 0, "origin": null}
{"cpu_time": 8.465911626815796, "wallclock_time": 15.129993438720703, "evaluations": 70, "cost": 0.3712, "incumbent": {"colsample_bytree": 1.0, "eta": 0.30055252313788644, "max_depth": 10, "reg_lambda": 0.9561390738531981}, "budget": 0, "origin": "Local Search"}
{"cpu_time": 10.197762727737427, "wallclock_time": 18.23620629310608, "evaluations": 78, "cost": 0.3421, "incumbent": {"colsample_bytree": 1.0, "eta": 0.30068708573523306, "max_depth": 10, "reg_lambda": 0.9638713155906646}, "budget": 0, "origin": "Local Search"}
{"cpu_time": 12.202152252197266, "wallclock_time": 22.60559320449829, "evaluations": 87, "cost": 0.3312, "incumbent": {"colsample_bytree": 1.0, "eta": 0.30068708573523306, "max_depth": 10, "reg_lambda": 0.9835031515456496}, "budget": 0, "origin": "Local Search"}
