"CPU Time Used","Estimated Training Performance","Wallclock Time","Incumbent ID","Automatic Configurator (CPU) Time","Configuration..."
0.000000, 2147483648.000000, 0.001542, 1, 0.001542, colsample_bytree='0.569966175314039',eta='0.009556882986489993',max_depth='3',reg_lambda='0.0020776820882921045'
0.079901, 0.500000, 0.082473, 1, 0.002572, colsample_bytree='0.569966175314039',eta='0.009556882986489993',max_depth='3',reg_lambda='0.0020776820882921045'
0.758459, 0.449600, 0.767052, 2, 0.008594, colsample_bytree='0.3878000834956765',eta='0.004721681612948408',max_depth='10',reg_lambda='0.09654112415362535'
1.502228, 0.371700, 1.513679, 3, 0.011451, colsample_bytree='1.0',eta='0.3',max_depth='10',reg_lambda='1.0'
8.465912, 0.371200, 15.129993, 4, 6.664082, colsample_bytree='1.0',eta='0.30055252313788644',max_depth='10',reg_lambda='0.9561390738531981'
10.197763, 0.342100, 18.236206, 5, 8.038444, colsample_bytree='1.0',eta='0.30068708573523306',max_depth='10',reg_lambda='0.9638713155906646'
12.202152, 0.331200, 22.605593, 6, 10.403441, colsample_bytree='1.0',eta='0.30068708573523306',max_depth='10',reg_lambda='0.9835031515456496'
