{
  "mean_cost": 0.3374485596707819,
  "finished_ta_runs": 1,
  "inc_changed": 1,
  "n_configs": 1,
  "submitted_ta_runs": 1,
  "ta_time_used": 0.009829044342041016,
  "wallclock_time_used": 0.011192798614501953,
  "dataset_id": 11,
  "perf_time": 0.08258625000053144
}