"CPU Time Used","Estimated Training Performance","Wallclock Time","Incumbent ID","Automatic Configurator (CPU) Time","Configuration..."
0.000000, 2147483648.000000, 0.000036, 1, 0.000036, C='1.0',gamma='0.1'
2.644033, 0.897300, 2.644704, 1, 0.000671, C='1.0',gamma='0.1'
9.087126, 0.854400, 9.093511, 2, 0.006385, C='0.004641884334659318',gamma='0.0012963395937877391'
17.134255, 0.077800, 17.145241, 3, 0.010986, C='1.746441318982685',gamma='0.0022547265063997683'
182.179920, 0.016200, 182.369263, 4, 0.189343, C='613.8366144551533',gamma='0.0010152179917278495'
822.700521, 0.015800, 825.172093, 5, 2.471572, C='2.349243982889509',gamma='0.0010148124925972325'
