{"cpu_time": 0.0, "wallclock_time": 3.0040740966796875e-05, "evaluations": 0, "cost": 2147483648.0, "incumbent": {"C": 1.0, "gamma": 0.1}, "budget": 0, "origin": "Default"}
{"cpu_time": 0.387683629989624, "wallclock_time": 0.3883538246154785, "evaluations": 1, "cost": 0.1071, "incumbent": {"C": 1.0, "gamma": 0.1}, "budget": 0, "origin": "Default"}
