{
  "mean_cost": 0.4300849097975811,
  "finished_ta_runs": 148,
  "inc_changed": 2,
  "n_configs": 136,
  "submitted_ta_runs": 148,
  "ta_time_used": 120.34900498390198,
  "wallclock_time_used": 120.82048487663269,
  "dataset_id": 3904
}