"CPU Time Used","Estimated Training Performance","Wallclock Time","Incumbent ID","Automatic Configurator (CPU) Time","Configuration..."
0.000000, 2147483648.000000, 0.001505, 1, 0.001505, colsample_bytree='0.3908073678612709',eta='0.02197006114591668',max_depth='1',reg_lambda='0.025956378731779545'
0.022429, 0.500000, 0.024985, 1, 0.002556, colsample_bytree='0.3908073678612709',eta='0.02197006114591668',max_depth='1',reg_lambda='0.025956378731779545'
0.262680, 0.391600, 0.267851, 2, 0.005171, colsample_bytree='0.7864414579235017',eta='0.06876373473778273',max_depth='5',reg_lambda='2.180661802430785'
0.752939, 0.330700, 0.760033, 3, 0.007094, colsample_bytree='1.0',eta='0.3',max_depth='10',reg_lambda='1.0'
2.903234, 0.322500, 2.939568, 4, 0.036334, colsample_bytree='0.34836309412494304',eta='0.26655395384050556',max_depth='6',reg_lambda='0.1036182343546856'
15.151535, 0.321100, 79.098208, 5, 63.946673, colsample_bytree='0.7327602249645783',eta='0.5835722896520676',max_depth='5',reg_lambda='0.017740068210972897'
19.462394, 0.318700, 109.749411, 6, 90.287017, colsample_bytree='0.7003837693499649',eta='0.5851791153998726',max_depth='10',reg_lambda='0.017740068210972897'
20.047276, 0.317100, 113.158136, 7, 93.110859, colsample_bytree='0.700430189859475',eta='0.5851791153998726',max_depth='4',reg_lambda='0.017831887432299645'
21.358126, 0.316300, 122.952301, 8, 101.594175, colsample_bytree='0.698262510213711',eta='0.5841005040098135',max_depth='4',reg_lambda='0.017740068210972897'
