{
  "mean_cost": 0.22496536556205368,
  "finished_ta_runs": 38,
  "inc_changed": 3,
  "n_configs": 21,
  "submitted_ta_runs": 38,
  "ta_time_used": 61.903297424316406,
  "wallclock_time_used": 61.98218011856079,
  "dataset_id": 22
}