"CPU Time Used","Estimated Training Performance","Wallclock Time","Incumbent ID","Automatic Configurator (CPU) Time","Configuration..."
0.000000, 2147483648.000000, 0.000068, 1, 0.000068, C='1.0',gamma='0.1'
0.013626, 0.506000, 0.014455, 1, 0.000829, C='1.0',gamma='0.1'
0.047625, 0.404200, 0.051093, 2, 0.003468, C='167.43465269107315',gamma='0.010473312293162985'
0.174256, 0.318400, 0.191314, 3, 0.017058, C='1.9695969079413513',gamma='0.0066983131773587995'
0.635367, 0.308200, 0.748088, 4, 0.112720, C='31.98069251892415',gamma='0.006028621975505069'
1.846891, 0.308000, 2.466640, 5, 0.619749, C='32.813454176385534',gamma='0.001178310423896086'
2.746466, 0.300600, 3.967084, 6, 1.220618, C='125.60045029649977',gamma='0.005663761085093136'
4.648248, 0.299000, 7.730551, 7, 3.082303, C='30.30940063427453',gamma='0.0011254281667751227'
