"CPU Time Used","Estimated Training Performance","Wallclock Time","Incumbent ID","Automatic Configurator (CPU) Time","Configuration..."
0.000000, 2147483648.000000, 0.000309, 1, 0.000309, C='0.08611366210550205',gamma='0.4942679928374453'
1.986891, 0.900000, 1.987991, 1, 0.001100, C='0.08611366210550205',gamma='0.4942679928374453'
