{
  "mean_cost": 0.31504144218115326,
  "finished_ta_runs": 1,
  "inc_changed": 1,
  "n_configs": 1,
  "submitted_ta_runs": 1,
  "ta_time_used": 0.5014212131500244,
  "wallclock_time_used": 0.5071620941162109
}