{"cpu_time": 0.0, "wallclock_time": 0.0014851093292236328, "evaluations": 0, "cost": 2147483648.0, "incumbent": ["colsample_bytree='0.3908073678612709'", "eta='0.02197006114591668'", "max_depth='1'", "reg_lambda='0.025956378731779545'"], "origin": "Sobol"}
{"cpu_time": 0.08877110481262207, "wallclock_time": 0.09128713607788086, "evaluations": 1, "cost": 0.1387, "incumbent": ["colsample_bytree='0.3908073678612709'", "eta='0.02197006114591668'", "max_depth='1'", "reg_lambda='0.025956378731779545'"], "origin": "Sobol"}
{"cpu_time": 1.1774871349334717, "wallclock_time": 1.1825621128082275, "evaluations": 4, "cost": 0.0611, "incumbent": ["colsample_bytree='0.7864414579235017'", "eta='0.06876373473778273'", "max_depth='5'", "reg_lambda='2.180661802430785'"], "origin": "Sobol"}
{"cpu_time": 3.420877456665039, "wallclock_time": 3.427894115447998, "evaluations": 6, "cost": 0.0455, "incumbent": ["colsample_bytree='1.0'", "eta='0.3'", "max_depth='10'", "reg_lambda='1.0'"], "origin": null}
{"cpu_time": 11.405446529388428, "wallclock_time": 11.43795895576477, "evaluations": 27, "cost": 0.0436, "incumbent": ["colsample_bytree='0.34836309412494304'", "eta='0.26655395384050556'", "max_depth='6'", "reg_lambda='0.1036182343546856'"], "origin": "Sobol"}
{"cpu_time": 15.622630596160889, "wallclock_time": 15.674532175064087, "evaluations": 39, "cost": 0.0429, "incumbent": ["colsample_bytree='0.2476114026270807'", "eta='0.09799148147389534'", "max_depth='9'", "reg_lambda='0.22959291519229882'"], "origin": "Sobol"}
{"cpu_time": 85.48543906211853, "wallclock_time": 154.07556200027466, "evaluations": 193, "cost": 0.0419, "incumbent": ["colsample_bytree='0.5136676247041678'", "eta='0.8721751956327158'", "max_depth='10'", "reg_lambda='27.527230974589475'"], "origin": "Local Search"}
{"cpu_time": 107.08563137054443, "wallclock_time": 210.98009514808655, "evaluations": 233, "cost": 0.041, "incumbent": ["colsample_bytree='0.5102187008822985'", "eta='0.9745664374590337'", "max_depth='10'", "reg_lambda='31.13719206185645'"], "origin": "Local Search"}
{"cpu_time": 130.4272539615631, "wallclock_time": 275.13688015937805, "evaluations": 275, "cost": 0.0399, "incumbent": ["colsample_bytree='0.5166432324133939'", "eta='0.8831378261971856'", "max_depth='10'", "reg_lambda='22.493993265166942'"], "origin": "Local Search"}
