"CPU Time Used","Estimated Training Performance","Wallclock Time","Incumbent ID","Automatic Configurator (CPU) Time","Configuration..."
0.000000, 2147483648.000000, 0.001485, 1, 0.001485, colsample_bytree='0.3908073678612709',eta='0.02197006114591668',max_depth='1',reg_lambda='0.025956378731779545'
0.088771, 0.138700, 0.091287, 1, 0.002516, colsample_bytree='0.3908073678612709',eta='0.02197006114591668',max_depth='1',reg_lambda='0.025956378731779545'
1.177487, 0.061100, 1.182562, 2, 0.005075, colsample_bytree='0.7864414579235017',eta='0.06876373473778273',max_depth='5',reg_lambda='2.180661802430785'
3.420877, 0.045500, 3.427894, 3, 0.007017, colsample_bytree='1.0',eta='0.3',max_depth='10',reg_lambda='1.0'
11.405447, 0.043600, 11.437959, 4, 0.032512, colsample_bytree='0.34836309412494304',eta='0.26655395384050556',max_depth='6',reg_lambda='0.1036182343546856'
15.622631, 0.042900, 15.674532, 5, 0.051902, colsample_bytree='0.2476114026270807',eta='0.09799148147389534',max_depth='9',reg_lambda='0.22959291519229882'
85.485439, 0.041900, 154.075562, 6, 68.590123, colsample_bytree='0.5136676247041678',eta='0.8721751956327158',max_depth='10',reg_lambda='27.527230974589475'
107.085631, 0.041000, 210.980095, 7, 103.894464, colsample_bytree='0.5102187008822985',eta='0.9745664374590337',max_depth='10',reg_lambda='31.13719206185645'
130.427254, 0.039900, 275.136880, 8, 144.709626, colsample_bytree='0.5166432324133939',eta='0.8831378261971856',max_depth='10',reg_lambda='22.493993265166942'
