{"cpu_time": 0.0, "wallclock_time": 4.1961669921875e-05, "evaluations": 0, "cost": 2147483648.0, "incumbent": {"C": 1.0, "gamma": 0.1}, "budget": 0, "origin": "Default"}
{"cpu_time": 0.013077974319458008, "wallclock_time": 0.013772964477539062, "evaluations": 1, "cost": 0.506, "incumbent": {"C": 1.0, "gamma": 0.1}, "budget": 0, "origin": "Default"}
