{"cpu_time": 0.0, "wallclock_time": 0.0015399456024169922, "evaluations": 0, "cost": 2147483648.0, "incumbent": {"colsample_bytree": 0.569966175314039, "eta": 0.009556882986489993, "max_depth": 3, "reg_lambda": 0.0020776820882921045}, "budget": 0, "origin": "Sobol"}
{"cpu_time": 0.21215200424194336, "wallclock_time": 0.2147200107574463, "evaluations": 1, "cost": 0.4798, "incumbent": {"colsample_bytree": 0.569966175314039, "eta": 0.009556882986489993, "max_depth": 3, "reg_lambda": 0.0020776820882921045}, "budget": 0, "origin": "Sobol"}
{"cpu_time": 2.0714869499206543, "wallclock_time": 2.0791938304901123, "evaluations": 7, "cost": 0.4676, "incumbent": {"colsample_bytree": 0.3878000834956765, "eta": 0.004721681612948408, "max_depth": 10, "reg_lambda": 0.09654112415362535}, "budget": 0, "origin": "Sobol"}
{"cpu_time": 3.857177734375, "wallclock_time": 3.8677730560302734, "evaluations": 10, "cost": 0.4392, "incumbent": {"colsample_bytree": 1.0, "eta": 0.3, "max_depth": 10, "reg_lambda": 1.0}, "budget": 0, "origin": null}
{"cpu_time": 4.855968475341797, "wallclock_time": 4.87171196937561, "evaluations": 15, "cost": 0.4248, "incumbent": {"colsample_bytree": 0.7997161545790732, "eta": 0.8167090504942917, "max_depth": 1, "reg_lambda": 7.369638786139326}, "budget": 0, "origin": "Sobol"}
{"cpu_time": 18.158616542816162, "wallclock_time": 24.765198945999146, "evaluations": 86, "cost": 0.4259, "incumbent": {"colsample_bytree": 0.7633076535576333, "eta": 0.9624760541779231, "max_depth": 2, "reg_lambda": 0.009776988643321226}, "budget": 0, "origin": "Local Search"}
{"cpu_time": 19.424073934555054, "wallclock_time": 27.39853811264038, "evaluations": 93, "cost": 0.419, "incumbent": {"colsample_bytree": 0.726883018584168, "eta": 0.9771196098289558, "max_depth": 1, "reg_lambda": 0.15636385410988823}, "budget": 0, "origin": "Local Search"}
{"cpu_time": 21.45300602912903, "wallclock_time": 33.59974980354309, "evaluations": 108, "cost": 0.4162, "incumbent": {"colsample_bytree": 0.737391077298604, "eta": 0.9817014809406047, "max_depth": 2, "reg_lambda": 0.15603177874215726}, "budget": 0, "origin": "Local Search"}
{"cpu_time": 22.423896551132202, "wallclock_time": 36.99450087547302, "evaluations": 120, "cost": 0.4138, "incumbent": {"colsample_bytree": 0.760247493483296, "eta": 0.9750893735689449, "max_depth": 1, "reg_lambda": 0.15413774498210692}, "budget": 0, "origin": "Local Search"}
{"cpu_time": 26.58919668197632, "wallclock_time": 49.394872188568115, "evaluations": 146, "cost": 0.4047, "incumbent": {"colsample_bytree": 0.7617289511471338, "eta": 0.9737206193103415, "max_depth": 2, "reg_lambda": 0.15456477827135032}, "budget": 0, "origin": "Local Search"}
{"cpu_time": 29.05994439125061, "wallclock_time": 57.315053939819336, "evaluations": 161, "cost": 0.3984, "incumbent": {"colsample_bytree": 0.7605770078590937, "eta": 0.9731750465752477, "max_depth": 2, "reg_lambda": 0.15456477827135032}, "budget": 0, "origin": "Local Search"}
{"cpu_time": 41.889307260513306, "wallclock_time": 106.08136796951294, "evaluations": 215, "cost": 0.3946, "incumbent": {"colsample_bytree": 0.7606940164389564, "eta": 0.9731750465752477, "max_depth": 8, "reg_lambda": 0.15456477827135032}, "budget": 0, "origin": "Local Search"}
{"cpu_time": 56.462801456451416, "wallclock_time": 171.3586151599884, "evaluations": 280, "cost": 0.3924, "incumbent": {"colsample_bytree": 0.7612357684311492, "eta": 0.9731750465752477, "max_depth": 8, "reg_lambda": 0.15452096734471824}, "budget": 0, "origin": "Local Search"}
