"CPU Time Used","Estimated Training Performance","Wallclock Time","Incumbent ID","Automatic Configurator (CPU) Time","Configuration..."
0.000000, 2147483648.000000, 0.000044, 1, 0.000044, C='1.0',gamma='0.1'
1.323154, 0.900000, 1.323886, 1, 0.000731, C='1.0',gamma='0.1'
7.570782, 0.006400, 7.579643, 2, 0.008861, C='52.455931369707116',gamma='0.0011373846877749554'
190.810485, 0.005600, 191.515440, 3, 0.704955, C='2.8009492907098563',gamma='0.001081407053553846'
