"CPU Time Used","Estimated Training Performance","Wallclock Time","Incumbent ID","Automatic Configurator (CPU) Time","Configuration..."
0.000000, 2147483648.000000, 0.000043, 1, 0.000043, C='1.0',gamma='0.1'
0.014291, 0.500000, 0.014964, 1, 0.000673, C='1.0',gamma='0.1'
0.088475, 0.461300, 0.094666, 2, 0.006191, C='1.746441318982685',gamma='0.0022547265063997683'
0.234320, 0.459200, 0.256369, 3, 0.022049, C='13.010154284884432',gamma='0.006601784113304256'
0.870195, 0.447400, 1.026394, 4, 0.156199, C='100.57643058377906',gamma='0.0030099006283244942'
0.967591, 0.389500, 1.147708, 5, 0.180117, C='613.8366144551533',gamma='0.0010152179917278495'
3.436536, 0.386000, 5.017092, 6, 1.580556, C='396.48605519896205',gamma='0.0011718275300657084'
