{
  "mean_cost": 0.02710719492066238,
  "finished_ta_runs": 1,
  "inc_changed": 1,
  "n_configs": 1,
  "submitted_ta_runs": 1,
  "ta_time_used": 0.2824289798736572,
  "wallclock_time_used": 0.28412795066833496
}