{
  "mean_cost": 0.03833199667821717,
  "finished_ta_runs": 101,
  "inc_changed": 5,
  "n_configs": 79,
  "submitted_ta_runs": 101,
  "ta_time_used": 46.28479790687561,
  "wallclock_time_used": 60.19330835342407,
  "dataset_id": 146824
}