{"cpu_time": 0.0, "wallclock_time": 0.0015468597412109375, "evaluations": 0, "cost": 2147483648.0, "incumbent": {"max_depth": 1, "max_features": 0.49276944529265165, "min_samples_leaf": 4, "min_samples_split": 9}, "budget": 0, "origin": "Sobol"}
{"cpu_time": 0.1980588436126709, "wallclock_time": 0.20046377182006836, "evaluations": 1, "cost": 0.5611, "incumbent": {"max_depth": 1, "max_features": 0.49276944529265165, "min_samples_leaf": 4, "min_samples_split": 9}, "budget": 0, "origin": "Sobol"}
{"cpu_time": 1.6922798156738281, "wallclock_time": 1.6972527503967285, "evaluations": 4, "cost": 0.0725, "incumbent": {"max_depth": 22, "max_features": 0.502463330514729, "min_samples_leaf": 18, "min_samples_split": 83}, "budget": 0, "origin": "Sobol"}
{"cpu_time": 3.159714937210083, "wallclock_time": 3.166537046432495, "evaluations": 6, "cost": 0.0526, "incumbent": {"max_depth": 10, "max_features": 0.5, "min_samples_leaf": 1, "min_samples_split": 32}, "budget": 0, "origin": null}
{"cpu_time": 23.440492630004883, "wallclock_time": 23.46231985092163, "evaluations": 19, "cost": 0.0454, "incumbent": {"max_depth": 11, "max_features": 0.9135355520993471, "min_samples_leaf": 2, "min_samples_split": 4}, "budget": 0, "origin": "Sobol"}
{"cpu_time": 29.992175102233887, "wallclock_time": 30.03330898284912, "evaluations": 32, "cost": 0.0408, "incumbent": {"max_depth": 20, "max_features": 0.05390122905373573, "min_samples_leaf": 4, "min_samples_split": 18}, "budget": 0, "origin": "Sobol"}
{"cpu_time": 44.76782846450806, "wallclock_time": 44.83643078804016, "evaluations": 47, "cost": 0.0321, "incumbent": {"max_depth": 35, "max_features": 0.653578007593751, "min_samples_leaf": 3, "min_samples_split": 2}, "budget": 0, "origin": "Sobol"}
{"cpu_time": 70.23587131500244, "wallclock_time": 72.62031483650208, "evaluations": 70, "cost": 0.0301, "incumbent": {"max_depth": 25, "max_features": 0.8006223197968427, "min_samples_leaf": 1, "min_samples_split": 3}, "budget": 0, "origin": "Local Search"}
{"cpu_time": 83.43175864219666, "wallclock_time": 85.82696986198425, "evaluations": 75, "cost": 0.0298, "incumbent": {"max_depth": 24, "max_features": 0.8205685488781513, "min_samples_leaf": 1, "min_samples_split": 3}, "budget": 0, "origin": "Local Search"}
{"cpu_time": 104.50720977783203, "wallclock_time": 108.72188186645508, "evaluations": 88, "cost": 0.0276, "incumbent": {"max_depth": 41, "max_features": 0.6585191116205589, "min_samples_leaf": 1, "min_samples_split": 3}, "budget": 0, "origin": "Local Search"}
{"cpu_time": 108.98693895339966, "wallclock_time": 113.81579279899597, "evaluations": 96, "cost": 0.0264, "incumbent": {"max_depth": 39, "max_features": 0.12939400782701038, "min_samples_leaf": 1, "min_samples_split": 3}, "budget": 0, "origin": "Local Search"}
{"cpu_time": 112.13338303565979, "wallclock_time": 117.48915481567383, "evaluations": 106, "cost": 0.0251, "incumbent": {"max_depth": 24, "max_features": 0.014474559794623795, "min_samples_leaf": 1, "min_samples_split": 2}, "budget": 0, "origin": "Local Search"}
{"cpu_time": 116.11815571784973, "wallclock_time": 125.18649077415466, "evaluations": 121, "cost": 0.025, "incumbent": {"max_depth": 38, "max_features": 0.02666014709502268, "min_samples_leaf": 1, "min_samples_split": 2}, "budget": 0, "origin": "Local Search"}
{"cpu_time": 119.85282468795776, "wallclock_time": 130.85059571266174, "evaluations": 134, "cost": 0.0249, "incumbent": {"max_depth": 21, "max_features": 0.0110796715824184, "min_samples_leaf": 1, "min_samples_split": 2}, "budget": 0, "origin": "Local Search"}
