"CPU Time Used","Estimated Training Performance","Wallclock Time","Incumbent ID","Automatic Configurator (CPU) Time","Configuration..."
0.000000, 2147483648.000000, 0.000560, 1, 0.000560, C='1.3600811985592882',gamma='0.09352602871548096'
0.021330, 0.213500, 0.022632, 1, 0.001302, C='1.3600811985592882',gamma='0.09352602871548096'
0.363491, 0.142600, 0.655540, 2, 0.292049, C='3.613325155345232',gamma='0.09338498405457618'
0.456983, 0.115400, 1.099089, 3, 0.642107, C='4.973320591178923',gamma='0.08802757966622543'
0.545171, 0.044400, 1.591799, 4, 1.046628, C='6.0385670923673676',gamma='0.09581373899821027'
0.694396, 0.023800, 2.161580, 5, 1.467185, C='7.130387394977436',gamma='0.1336554446281853'
0.751410, 0.018600, 2.741795, 6, 1.990385, C='6.658107347311632',gamma='0.09583562105300517'
1.544830, 0.011900, 8.308698, 7, 6.763868, C='10.011726986209197',gamma='0.14432951982428288'
