{"cpu_time": 0.0, "wallclock_time": 0.0005600452423095703, "evaluations": 0, "cost": 2147483648.0, "incumbent": ["C='1.3600811985592882'", "gamma='0.09352602871548096'"], "origin": "Sobol"}
{"cpu_time": 0.021329879760742188, "wallclock_time": 0.02263188362121582, "evaluations": 1, "cost": 0.2135, "incumbent": ["C='1.3600811985592882'", "gamma='0.09352602871548096'"], "origin": "Sobol"}
{"cpu_time": 0.3634912967681885, "wallclock_time": 0.6555399894714355, "evaluations": 29, "cost": 0.1426, "incumbent": ["C='3.613325155345232'", "gamma='0.09338498405457618'"], "origin": "Random Search (sorted)"}
{"cpu_time": 0.4569826126098633, "wallclock_time": 1.0990891456604004, "evaluations": 38, "cost": 0.1154, "incumbent": ["C='4.973320591178923'", "gamma='0.08802757966622543'"], "origin": "Random Search (sorted)"}
{"cpu_time": 0.5451712608337402, "wallclock_time": 1.591799020767212, "evaluations": 45, "cost": 0.0444, "incumbent": ["C='6.0385670923673676'", "gamma='0.09581373899821027'"], "origin": "Random Search (sorted)"}
{"cpu_time": 0.6943955421447754, "wallclock_time": 2.1615800857543945, "evaluations": 56, "cost": 0.0238, "incumbent": ["C='7.130387394977436'", "gamma='0.1336554446281853'"], "origin": "Random Search"}
{"cpu_time": 0.7514104843139648, "wallclock_time": 2.741795063018799, "evaluations": 61, "cost": 0.0186, "incumbent": ["C='6.658107347311632'", "gamma='0.09583562105300517'"], "origin": "Local Search"}
{"cpu_time": 1.5448298454284668, "wallclock_time": 8.308698177337646, "evaluations": 119, "cost": 0.0119, "incumbent": ["C='10.011726986209197'", "gamma='0.14432951982428288'"], "origin": "Random Search"}
