"CPU Time Used","Estimated Training Performance","Wallclock Time","Incumbent ID","Automatic Configurator (CPU) Time","Configuration..."
0.000000, 2147483648.000000, 0.000224, 1, 0.000224, C='1.0',gamma='0.1'
0.115203, 0.038500, 0.117043, 1, 0.001840, C='1.0',gamma='0.1'
0.643430, 0.008500, 0.655598, 2, 0.012168, C='7.615166584313989',gamma='0.10560628945782698'
5.566472, 0.007200, 5.655684, 3, 0.089212, C='38.785464222799575',gamma='0.10755953980580181'
