{"cpu_time": 0.0, "wallclock_time": 0.0015170574188232422, "evaluations": 0, "cost": 2147483648.0, "incumbent": ["colsample_bytree='0.3908073678612709'", "eta='0.02197006114591668'", "max_depth='1'", "reg_lambda='0.025956378731779545'"], "origin": "Sobol"}
{"cpu_time": 0.1450648307800293, "wallclock_time": 0.14762020111083984, "evaluations": 1, "cost": 0.5125, "incumbent": ["colsample_bytree='0.3908073678612709'", "eta='0.02197006114591668'", "max_depth='1'", "reg_lambda='0.025956378731779545'"], "origin": "Sobol"}
{"cpu_time": 2.530661106109619, "wallclock_time": 2.536051034927368, "evaluations": 4, "cost": 0.1672, "incumbent": ["colsample_bytree='0.7864414579235017'", "eta='0.06876373473778273'", "max_depth='5'", "reg_lambda='2.180661802430785'"], "origin": "Sobol"}
{"cpu_time": 5.145714044570923, "wallclock_time": 5.152981996536255, "evaluations": 6, "cost": 0.1614, "incumbent": ["colsample_bytree='1.0'", "eta='0.3'", "max_depth='10'", "reg_lambda='1.0'"], "origin": null}
{"cpu_time": 30.402678728103638, "wallclock_time": 30.46939706802368, "evaluations": 45, "cost": 0.1562, "incumbent": ["colsample_bytree='0.7050256938673556'", "eta='0.8105600352594424'", "max_depth='8'", "reg_lambda='26.591563225527754'"], "origin": "Sobol"}
{"cpu_time": 57.30856537818909, "wallclock_time": 64.07120990753174, "evaluations": 78, "cost": 0.1538, "incumbent": ["colsample_bytree='0.780204865302141'", "eta='0.7879390230840907'", "max_depth='5'", "reg_lambda='64.34393654435887'"], "origin": "Local Search"}
{"cpu_time": 79.69924116134644, "wallclock_time": 93.48991703987122, "evaluations": 98, "cost": 0.1533, "incumbent": ["colsample_bytree='0.721892229918115'", "eta='0.8231490555416098'", "max_depth='10'", "reg_lambda='75.18576829837816'"], "origin": "Local Search"}
{"cpu_time": 86.62137007713318, "wallclock_time": 100.42690300941467, "evaluations": 103, "cost": 0.1514, "incumbent": ["colsample_bytree='0.7197278289477855'", "eta='0.8401533977053895'", "max_depth='10'", "reg_lambda='75.20297142753037'"], "origin": "Local Search"}
