"CPU Time Used","Estimated Training Performance","Wallclock Time","Incumbent ID","Automatic Configurator (CPU) Time","Configuration..."
0.000000, 2147483648.000000, 0.001517, 1, 0.001517, colsample_bytree='0.3908073678612709',eta='0.02197006114591668',max_depth='1',reg_lambda='0.025956378731779545'
0.145065, 0.512500, 0.147620, 1, 0.002555, colsample_bytree='0.3908073678612709',eta='0.02197006114591668',max_depth='1',reg_lambda='0.025956378731779545'
2.530661, 0.167200, 2.536051, 2, 0.005390, colsample_bytree='0.7864414579235017',eta='0.06876373473778273',max_depth='5',reg_lambda='2.180661802430785'
5.145714, 0.161400, 5.152982, 3, 0.007268, colsample_bytree='1.0',eta='0.3',max_depth='10',reg_lambda='1.0'
30.402679, 0.156200, 30.469397, 4, 0.066718, colsample_bytree='0.7050256938673556',eta='0.8105600352594424',max_depth='8',reg_lambda='26.591563225527754'
57.308565, 0.153800, 64.071210, 5, 6.762645, colsample_bytree='0.780204865302141',eta='0.7879390230840907',max_depth='5',reg_lambda='64.34393654435887'
79.699241, 0.153300, 93.489917, 6, 13.790676, colsample_bytree='0.721892229918115',eta='0.8231490555416098',max_depth='10',reg_lambda='75.18576829837816'
86.621370, 0.151400, 100.426903, 7, 13.805533, colsample_bytree='0.7197278289477855',eta='0.8401533977053895',max_depth='10',reg_lambda='75.20297142753037'
