{"cpu_time": 0.0, "wallclock_time": 0.001329183578491211, "evaluations": 0, "cost": 2147483648.0, "incumbent": {"alpha": 0.0040824718253228975, "eta0": 0.00044195488125554607}, "budget": 0, "origin": "Sobol"}
{"cpu_time": 3.2104837894439697, "wallclock_time": 3.212912082672119, "evaluations": 1, "cost": 0.8, "incumbent": {"alpha": 0.0040824718253228975, "eta0": 0.00044195488125554607}, "budget": 0, "origin": "Sobol"}
{"cpu_time": 12.469761610031128, "wallclock_time": 12.474860191345215, "evaluations": 4, "cost": 0.7315, "incumbent": {"alpha": 0.0007534803600179209, "eta0": 0.01638324291048883}, "budget": 0, "origin": "Sobol"}
{"cpu_time": 63.109862089157104, "wallclock_time": 63.132341146469116, "evaluations": 20, "cost": 0.6908, "incumbent": {"alpha": 0.000182884801566337, "eta0": 0.0008272593854647256}, "budget": 0, "origin": "Sobol"}
{"cpu_time": 169.84604263305664, "wallclock_time": 172.89919996261597, "evaluations": 54, "cost": 0.6903, "incumbent": {"alpha": 0.00018420780873835326, "eta0": 0.0007124821354899626}, "budget": 0, "origin": "Local Search"}
{"cpu_time": 280.0697569847107, "wallclock_time": 286.5260121822357, "evaluations": 89, "cost": 0.6901, "incumbent": {"alpha": 0.0001859191008060442, "eta0": 0.000698961773766522}, "budget": 0, "origin": "Local Search"}
{"cpu_time": 318.6527283191681, "wallclock_time": 326.364137172699, "evaluations": 101, "cost": 0.6901, "incumbent": {"alpha": 0.00018422602056001849, "eta0": 0.0006989198019132102}, "budget": 0, "origin": "Local Search"}
{"cpu_time": 350.4158639907837, "wallclock_time": 359.60046005249023, "evaluations": 111, "cost": 0.6899, "incumbent": {"alpha": 0.00018599596289245804, "eta0": 0.0006909803624192619}, "budget": 0, "origin": "Local Search"}
{"cpu_time": 458.00001859664917, "wallclock_time": 476.05189299583435, "evaluations": 145, "cost": 0.6899, "incumbent": {"alpha": 0.0001897382106768142, "eta0": 0.0006969334178460856}, "budget": 0, "origin": "Local Search"}
{"cpu_time": 703.956778049469, "wallclock_time": 750.7969422340393, "evaluations": 221, "cost": 0.6898, "incumbent": {"alpha": 0.0002028613998237988, "eta0": 0.0006966991495845858}, "budget": 0, "origin": "Local Search"}
