{"cpu_time": 0.0, "wallclock_time": 6.198883056640625e-05, "evaluations": 0, "cost": 2147483648.0, "incumbent": {"colsample_bytree": 1.0, "eta": 0.3, "max_depth": 10, "reg_lambda": 1.0}, "budget": 0, "origin": "Default"}
{"cpu_time": 0.9816341400146484, "wallclock_time": 0.983004093170166, "evaluations": 1, "cost": 0.2637, "incumbent": {"colsample_bytree": 1.0, "eta": 0.3, "max_depth": 10, "reg_lambda": 1.0}, "budget": 0, "origin": "Default"}
{"cpu_time": 2.955296039581299, "wallclock_time": 2.966055154800415, "evaluations": 10, "cost": 0.2399, "incumbent": {"colsample_bytree": 0.7215616004927066, "eta": 0.033182157655697826, "max_depth": 1, "reg_lambda": 4.115760223604475}, "budget": 0, "origin": "Random Search"}
{"cpu_time": 4.293854475021362, "wallclock_time": 4.345105171203613, "evaluations": 37, "cost": 0.23, "incumbent": {"colsample_bytree": 0.973330160577809, "eta": 0.0017218025180545965, "max_depth": 4, "reg_lambda": 10.854440893981435}, "budget": 0, "origin": "Random Search"}
{"cpu_time": 4.740196466445923, "wallclock_time": 4.823026180267334, "evaluations": 51, "cost": 0.2129, "incumbent": {"colsample_bytree": 0.9964048870151224, "eta": 0.16236232357227742, "max_depth": 8, "reg_lambda": 133.23621395207746}, "budget": 0, "origin": "Random Search"}
{"cpu_time": 11.714776992797852, "wallclock_time": 13.97883415222168, "evaluations": 369, "cost": 0.2129, "incumbent": {"colsample_bytree": 0.7565308688409832, "eta": 0.07686160767972443, "max_depth": 5, "reg_lambda": 9.915395506302385}, "budget": 0, "origin": "Random Search"}
{"cpu_time": 12.427700757980347, "wallclock_time": 14.947133779525757, "evaluations": 392, "cost": 0.2062, "incumbent": {"colsample_bytree": 0.9523340104156329, "eta": 0.41281223521198135, "max_depth": 10, "reg_lambda": 186.5282285146449}, "budget": 0, "origin": "Random Search"}
{"cpu_time": 13.157808542251587, "wallclock_time": 16.00388813018799, "evaluations": 419, "cost": 0.2024, "incumbent": {"colsample_bytree": 0.8883780806587449, "eta": 0.09781706117991548, "max_depth": 9, "reg_lambda": 41.97080311419801}, "budget": 0, "origin": "Random Search"}
