"CPU Time Used","Estimated Training Performance","Wallclock Time","Incumbent ID","Automatic Configurator (CPU) Time","Configuration..."
0.000000, 2147483648.000000, 0.000053, 1, 0.000053, alpha='0.001',eta0='0.01'
0.046502, 0.500000, 0.047340, 1, 0.000838, alpha='0.001',eta0='0.01'
0.232549, 0.431000, 0.243406, 2, 0.010857, alpha='0.08477318530405828',eta0='1.1349690026383863e-05'
0.373600, 0.439800, 0.389023, 3, 0.015424, alpha='0.01706942529044376',eta0='0.0004888683437126603'
1.100588, 0.402800, 1.158818, 4, 0.058230, alpha='0.01373581320388105',eta0='3.6699345852038843e-05'
4.062253, 0.401600, 4.563030, 5, 0.500777, alpha='0.002227129616896583',eta0='0.0002709828573799495'
8.055916, 0.396700, 9.581978, 6, 1.526062, alpha='0.0007556853287329872',eta0='0.0030417560932299824'
