{
  "mean_cost": 0.17123545175430202,
  "finished_ta_runs": 159,
  "inc_changed": 3,
  "n_configs": 113,
  "submitted_ta_runs": 159,
  "ta_time_used": 9.090329647064209,
  "wallclock_time_used": 60.19028568267822,
  "dataset_id": 29
}