"CPU Time Used","Estimated Training Performance","Wallclock Time","Incumbent ID","Automatic Configurator (CPU) Time","Configuration..."
0.000000, 2147483648.000000, 0.000043, 1, 0.000043, C='1.0',gamma='0.1'
14.092777, 0.281400, 14.093590, 1, 0.000813, C='1.0',gamma='0.1'
54.314505, 0.249700, 54.320192, 2, 0.005687, C='167.43465269107315',gamma='0.010473312293162985'
114.776249, 0.214200, 114.787917, 3, 0.011668, C='131.61290023311957',gamma='0.649856834080378'
299.873158, 0.209400, 299.907450, 4, 0.034292, C='41.45456008096363',gamma='1.356609008584969'
874.586992, 0.159500, 874.636263, 5, 0.049272, C='917.5579484877297',gamma='13.537794043766304'
8456.722188, 0.159200, 8459.070171, 6, 2.347983, C='941.5025431575775',gamma='17.773816980644693'
