{
  "mean_cost": 0.047088431004839726,
  "finished_ta_runs": 1,
  "inc_changed": 1,
  "n_configs": 1,
  "submitted_ta_runs": 1,
  "ta_time_used": 2.0703940391540527,
  "wallclock_time_used": 2.072197914123535
}