{
  "mean_cost": 0.4405575905575906,
  "finished_ta_runs": 2,
  "inc_changed": 1,
  "n_configs": 1,
  "submitted_ta_runs": 2,
  "ta_time_used": 0.511343240737915,
  "wallclock_time_used": 0.5144157409667969,
  "dataset_id": 125920,
  "perf_time": 0.5214321660005226
}