{
  "mean_cost": 0.1887969589749776,
  "finished_ta_runs": 1,
  "inc_changed": 1,
  "n_configs": 1,
  "submitted_ta_runs": 1,
  "ta_time_used": 0.1656811237335205,
  "wallclock_time_used": 0.16724801063537598
}