{
  "data": [
    [
      [
        1,
        null,
        379248293,
        0.0
      ],
      [
        0.046123188163609274,
        1.0283091068267822,
        {
          "__enum__": "StatusType.SUCCESS"
        },
        1674416399.592291,
        1674416400.620607,
        {}
      ]
    ]
  ],
  "config_origins": {
    "1": "Sobol"
  },
  "configs": {
    "1": {
      "colsample_bytree": 0.3908073678612709,
      "eta": 0.02197006114591668,
      "max_depth": 1,
      "reg_lambda": 0.025956378731779545
    }
  }
}