{"cpu_time": 0.0, "wallclock_time": 0.0015261173248291016, "evaluations": 0, "cost": 2147483648.0, "incumbent": ["max_depth='1'", "max_features='0.49276944529265165'", "min_samples_leaf='4'", "min_samples_split='9'"], "origin": "Sobol"}
{"cpu_time": 0.05890512466430664, "wallclock_time": 0.06126904487609863, "evaluations": 1, "cost": 0.5, "incumbent": ["max_depth='1'", "max_features='0.49276944529265165'", "min_samples_leaf='4'", "min_samples_split='9'"], "origin": "Sobol"}
{"cpu_time": 0.24724102020263672, "wallclock_time": 0.25206804275512695, "evaluations": 4, "cost": 0.3932, "incumbent": ["max_depth='22'", "max_features='0.502463330514729'", "min_samples_leaf='18'", "min_samples_split='83'"], "origin": "Sobol"}
{"cpu_time": 0.3815901279449463, "wallclock_time": 0.3881230354309082, "evaluations": 6, "cost": 0.3448, "incumbent": ["max_depth='10'", "max_features='0.5'", "min_samples_leaf='1'", "min_samples_split='32'"], "origin": null}
{"cpu_time": 0.8511884212493896, "wallclock_time": 0.8640749454498291, "evaluations": 13, "cost": 0.3116, "incumbent": ["max_depth='4'", "max_features='0.7575887208804488'", "min_samples_leaf='11'", "min_samples_split='22'"], "origin": "Sobol"}
{"cpu_time": 1.8452980518341064, "wallclock_time": 1.8757410049438477, "evaluations": 28, "cost": 0.2933, "incumbent": ["max_depth='5'", "max_features='0.6957253441214561'", "min_samples_leaf='12'", "min_samples_split='11'"], "origin": "Sobol"}
{"cpu_time": 2.4578516483306885, "wallclock_time": 2.5008251667022705, "evaluations": 37, "cost": 0.285, "incumbent": ["max_depth='17'", "max_features='0.9866730123758316'", "min_samples_leaf='13'", "min_samples_split='6'"], "origin": "Sobol"}
{"cpu_time": 10.518996953964233, "wallclock_time": 33.265915870666504, "evaluations": 145, "cost": 0.2816, "incumbent": ["max_depth='37'", "max_features='0.9867057127429202'", "min_samples_leaf='14'", "min_samples_split='9'"], "origin": "Local Search"}
