{
  "mean_cost": 0.08648245159088092,
  "finished_ta_runs": 104,
  "inc_changed": 3,
  "n_configs": 83,
  "submitted_ta_runs": 104,
  "ta_time_used": 58.79326605796814,
  "wallclock_time_used": 61.18248391151428,
  "dataset_id": 43
}