{
  "mean_cost": 0.10065609722678748,
  "finished_ta_runs": 1,
  "inc_changed": 1,
  "n_configs": 1,
  "submitted_ta_runs": 1,
  "ta_time_used": 0.1239781379699707,
  "wallclock_time_used": 0.12568211555480957,
  "dataset_id": 45,
  "perf_time": 0.13170775000003232
}