"CPU Time Used","Estimated Training Performance","Wallclock Time","Incumbent ID","Automatic Configurator (CPU) Time","Configuration..."
0.000000, 2147483648.000000, 0.001462, 1, 0.001462, colsample_bytree='0.2890479595400393',eta='0.02972240058848022',max_depth='1',reg_lambda='0.23594281684827217'
0.077280, 0.292300, 0.079756, 1, 0.002476, colsample_bytree='0.2890479595400393',eta='0.02972240058848022',max_depth='1',reg_lambda='0.23594281684827217'
0.909105, 0.286700, 0.914351, 2, 0.005246, colsample_bytree='0.839533680677414',eta='0.03178815964339868',max_depth='7',reg_lambda='260.08137409645684'
4.297904, 0.281700, 4.320033, 3, 0.022129, colsample_bytree='0.6967330143786967',eta='0.5491817241792905',max_depth='1',reg_lambda='0.02427911263315825'
7.935607, 0.276600, 7.968185, 4, 0.032578, colsample_bytree='0.9015723663382232',eta='0.010033035034218575',max_depth='4',reg_lambda='43.24282114355108'
11.011166, 0.274500, 11.078553, 5, 0.067387, colsample_bytree='0.7499907797202467',eta='0.05656667040720061',max_depth='1',reg_lambda='2.9376493377635304'
12.545496, 0.267600, 12.626897, 6, 0.081401, colsample_bytree='0.9293424371629954',eta='0.09060786376256463',max_depth='1',reg_lambda='0.0013576646171971976'
17.168373, 0.263700, 21.928307, 7, 4.759934, colsample_bytree='0.9142138333391011',eta='0.06479018129407778',max_depth='1',reg_lambda='0.0013576646171971976'
