{
  "mean_cost": 0.008551213946232483,
  "finished_ta_runs": 1,
  "inc_changed": 1,
  "n_configs": 1,
  "submitted_ta_runs": 1,
  "ta_time_used": 0.37616467475891113,
  "wallclock_time_used": 0.37784290313720703
}