{
  "mean_cost": 0.22800257445973557,
  "finished_ta_runs": 300,
  "inc_changed": 6,
  "n_configs": 201,
  "submitted_ta_runs": 300,
  "ta_time_used": 30.98719596862793,
  "wallclock_time_used": 106.75263714790344,
  "dataset_id": 37,
  "perf_time": 106.76523704200008
}