{
  "mean_cost": 0.11415305124982533,
  "finished_ta_runs": 1,
  "inc_changed": 1,
  "n_configs": 1,
  "submitted_ta_runs": 1,
  "ta_time_used": 0.1389012336730957,
  "wallclock_time_used": 0.14071893692016602
}