"CPU Time Used","Estimated Training Performance","Wallclock Time","Incumbent ID","Automatic Configurator (CPU) Time","Configuration..."
0.000000, 2147483648.000000, 0.000062, 1, 0.000062, colsample_bytree='1.0',eta='0.3',max_depth='10',reg_lambda='1.0'
1.892001, 0.039200, 1.893087, 1, 0.001086, colsample_bytree='1.0',eta='0.3',max_depth='10',reg_lambda='1.0'
13.737269, 0.021100, 13.747610, 2, 0.010341, colsample_bytree='0.944553396390592',eta='0.7771105186723747',max_depth='4',reg_lambda='6.037064981686672'
23.919136, 0.020300, 23.935903, 3, 0.016768, colsample_bytree='0.9806458301683194',eta='0.11021240891825923',max_depth='3',reg_lambda='1.2826061465293854'
27.947936, 0.016000, 27.975212, 4, 0.027276, colsample_bytree='0.1678519540894589',eta='0.17357689985074767',max_depth='8',reg_lambda='0.01954142554261534'
85.373425, 0.010200, 85.522984, 5, 0.149559, colsample_bytree='0.9545508300040052',eta='0.5653487635621801',max_depth='2',reg_lambda='5.489750820269845'
265.220550, 0.010100, 266.407366, 6, 1.186816, colsample_bytree='0.996011381384781',eta='0.26376395421559057',max_depth='2',reg_lambda='0.001113830970038831'
