{"cpu_time": 0.0, "wallclock_time": 6.198883056640625e-05, "evaluations": 0, "cost": 2147483648.0, "incumbent": {"colsample_bytree": 1.0, "eta": 0.3, "max_depth": 10, "reg_lambda": 1.0}, "budget": 0, "origin": "Default"}
{"cpu_time": 1.8920011520385742, "wallclock_time": 1.8930871486663818, "evaluations": 1, "cost": 0.0392, "incumbent": {"colsample_bytree": 1.0, "eta": 0.3, "max_depth": 10, "reg_lambda": 1.0}, "budget": 0, "origin": "Default"}
{"cpu_time": 13.737268924713135, "wallclock_time": 13.747610330581665, "evaluations": 10, "cost": 0.0211, "incumbent": {"colsample_bytree": 0.944553396390592, "eta": 0.7771105186723747, "max_depth": 4, "reg_lambda": 6.037064981686672}, "budget": 0, "origin": "Random Search"}
{"cpu_time": 23.919135570526123, "wallclock_time": 23.935903072357178, "evaluations": 16, "cost": 0.0203, "incumbent": {"colsample_bytree": 0.9806458301683194, "eta": 0.11021240891825923, "max_depth": 3, "reg_lambda": 1.2826061465293854}, "budget": 0, "origin": "Random Search"}
{"cpu_time": 27.947936058044434, "wallclock_time": 27.97521209716797, "evaluations": 24, "cost": 0.016, "incumbent": {"colsample_bytree": 0.1678519540894589, "eta": 0.17357689985074767, "max_depth": 8, "reg_lambda": 0.01954142554261534}, "budget": 0, "origin": "Random Search"}
{"cpu_time": 85.37342476844788, "wallclock_time": 85.52298402786255, "evaluations": 78, "cost": 0.0102, "incumbent": {"colsample_bytree": 0.9545508300040052, "eta": 0.5653487635621801, "max_depth": 2, "reg_lambda": 5.489750820269845}, "budget": 0, "origin": "Random Search"}
{"cpu_time": 265.2205500602722, "wallclock_time": 266.40736627578735, "evaluations": 267, "cost": 0.0101, "incumbent": {"colsample_bytree": 0.996011381384781, "eta": 0.26376395421559057, "max_depth": 2, "reg_lambda": 0.001113830970038831}, "budget": 0, "origin": "Random Search"}
