{"cpu_time": 0.0, "wallclock_time": 4.9114227294921875e-05, "evaluations": 0, "cost": 2147483648.0, "incumbent": ["colsample_bytree='1.0'", "eta='0.3'", "max_depth='10'", "reg_lambda='1.0'"], "origin": "Default"}
{"cpu_time": 0.03797006607055664, "wallclock_time": 0.03871417045593262, "evaluations": 1, "cost": 0.3868, "incumbent": ["colsample_bytree='1.0'", "eta='0.3'", "max_depth='10'", "reg_lambda='1.0'"], "origin": "Default"}
{"cpu_time": 0.11500310897827148, "wallclock_time": 0.11846327781677246, "evaluations": 4, "cost": 0.3493, "incumbent": ["colsample_bytree='0.8824354449539316'", "eta='0.0031981000666476914'", "max_depth='7'", "reg_lambda='0.649856834080378'"], "origin": "Random Search"}
{"cpu_time": 0.34285783767700195, "wallclock_time": 0.3634040355682373, "evaluations": 21, "cost": 0.3113, "incumbent": ["colsample_bytree='0.8097534200987113'", "eta='0.26944934321966335'", "max_depth='1'", "reg_lambda='0.002741934497774073'"], "origin": "Random Search"}
{"cpu_time": 0.7018487453460693, "wallclock_time": 0.7635550498962402, "evaluations": 46, "cost": 0.3044, "incumbent": ["colsample_bytree='0.7010581107616777'", "eta='0.9434459383873505'", "max_depth='1'", "reg_lambda='47.50452475568605'"], "origin": "Random Search"}
