{
  "mean_cost": 0.23417053062068058,
  "finished_ta_runs": 600,
  "inc_changed": 6,
  "n_configs": 576,
  "submitted_ta_runs": 600,
  "ta_time_used": 620.6652991771698,
  "wallclock_time_used": 626.1005997657776,
  "dataset_id": 14952,
  "perf_time": 626.1144887080009
}