{
  "mean_cost": 0.030085690930052113,
  "finished_ta_runs": 82,
  "inc_changed": 3,
  "n_configs": 63,
  "submitted_ta_runs": 82,
  "ta_time_used": 60.137667417526245,
  "wallclock_time_used": 60.309767961502075,
  "dataset_id": 146824
}