"CPU Time Used","Estimated Training Performance","Wallclock Time","Incumbent ID","Automatic Configurator (CPU) Time","Configuration..."
0.000000, 2147483648.000000, 0.000068, 1, 0.000068, alpha='0.001',eta0='0.01'
2.237387, 0.194900, 2.238254, 1, 0.000867, alpha='0.001',eta0='0.01'
46.231395, 0.173500, 46.255909, 2, 0.024514, alpha='5.516507394942856e-05',eta0='0.468527197586272'
57.182754, 0.158900, 57.214566, 3, 0.031811, alpha='2.3820742831526158e-05',eta0='0.05455360234342531'
644.578050, 0.157100, 645.928267, 4, 1.350217, alpha='2.8087966789448818e-05',eta0='0.016542507824229287'
