{
  "mean_cost": 0.053896141329627056,
  "finished_ta_runs": 1,
  "inc_changed": 1,
  "n_configs": 1,
  "submitted_ta_runs": 1,
  "ta_time_used": 0.6350603103637695,
  "wallclock_time_used": 0.6367499828338623
}