{
  "mean_cost": 0.11840065894186436,
  "finished_ta_runs": 1,
  "inc_changed": 1,
  "n_configs": 1,
  "submitted_ta_runs": 1,
  "ta_time_used": 15.50534987449646,
  "wallclock_time_used": 15.50733995437622
}