{
  "mean_cost": 0.1241503751273152,
  "finished_ta_runs": 152,
  "inc_changed": 8,
  "n_configs": 107,
  "submitted_ta_runs": 152,
  "ta_time_used": 29.735369205474854,
  "wallclock_time_used": 61.03009605407715,
  "dataset_id": 146822
}