"CPU Time Used","Estimated Training Performance","Wallclock Time","Incumbent ID","Automatic Configurator (CPU) Time","Configuration..."
0.000000, 2147483648.000000, 0.002629, 1, 0.002629, C='0.08611366210550205',gamma='0.4942679928374453'
0.709355, 0.666700, 0.712917, 1, 0.003562, C='0.08611366210550205',gamma='0.4942679928374453'
2.961138, 0.576900, 2.968119, 2, 0.006981, C='19.433598606658386',gamma='9.232350409327609'
4.406956, 0.435000, 4.416231, 3, 0.009275, C='1.0',gamma='0.1'
5.869457, 0.037000, 5.883542, 4, 0.014085, C='69.38389384208695',gamma='0.0015531477828170245'
10.927822, 0.031700, 10.957045, 5, 0.029223, C='4.532544074901469',gamma='0.03382327396632573'
