{
  "data": [
    [
      [
        1,
        null,
        330054389,
        0.0
      ],
      [
        0.2367081659325171,
        1.4103491306304932,
        {
          "__enum__": "StatusType.SUCCESS"
        },
        1674419509.049759,
        1674419510.460114,
        {}
      ]
    ]
  ],
  "config_origins": {
    "1": "Sobol"
  },
  "configs": {
    "1": {
      "colsample_bytree": 0.569966175314039,
      "eta": 0.009556882986489993,
      "max_depth": 3,
      "reg_lambda": 0.0020776820882921045
    }
  }
}