{
  "mean_cost": 0.12103560385406363,
  "finished_ta_runs": 300,
  "inc_changed": 4,
  "n_configs": 93,
  "submitted_ta_runs": 300,
  "ta_time_used": 18.067474126815796,
  "wallclock_time_used": 50.41392183303833,
  "dataset_id": 16,
  "perf_time": 50.424267791999995
}