"CPU Time Used","Estimated Training Performance","Wallclock Time","Incumbent ID","Automatic Configurator (CPU) Time","Configuration..."
0.000000, 2147483648.000000, 0.000594, 1, 0.000594, C='0.08611366210550205',gamma='0.4942679928374453'
0.013994, 0.500000, 0.015318, 1, 0.001324, C='0.08611366210550205',gamma='0.4942679928374453'
0.092131, 0.424200, 0.098202, 2, 0.006071, C='69.38389384208695',gamma='0.0015531477828170245'
0.346097, 0.395300, 0.653976, 3, 0.307879, C='191.2868707172165',gamma='0.0012017873449446039'
0.447168, 0.392700, 1.118709, 4, 0.671541, C='149.2388284049059',gamma='0.0010975003252185166'
1.420487, 0.389500, 7.619017, 5, 6.198530, C='148.86759786358496',gamma='0.000978302490706898'
