{
  "mean_cost": 0.16540369401357222,
  "finished_ta_runs": 749,
  "inc_changed": 6,
  "n_configs": 679,
  "submitted_ta_runs": 749,
  "ta_time_used": 111.15943670272827,
  "wallclock_time_used": 120.0006217956543,
  "dataset_id": 146821
}