{
  "mean_cost": 0.33067718057549234,
  "finished_ta_runs": 2,
  "inc_changed": 1,
  "n_configs": 1,
  "submitted_ta_runs": 2,
  "ta_time_used": 0.49869394302368164,
  "wallclock_time_used": 0.500762939453125,
  "dataset_id": 3917,
  "perf_time": 0.5060396669996408
}