{"cpu_time": 0.0, "wallclock_time": 0.0014448165893554688, "evaluations": 0, "cost": 2147483648.0, "incumbent": {"colsample_bytree": 0.3908073678612709, "eta": 0.02197006114591668, "max_depth": 1, "reg_lambda": 0.025956378731779545}, "budget": 0, "origin": "Sobol"}
{"cpu_time": 0.6688439846038818, "wallclock_time": 0.6718587875366211, "evaluations": 1, "cost": 0.5, "incumbent": {"colsample_bytree": 0.3908073678612709, "eta": 0.02197006114591668, "max_depth": 1, "reg_lambda": 0.025956378731779545}, "budget": 0, "origin": "Sobol"}
{"cpu_time": 1.1534264087677002, "wallclock_time": 1.1597580909729004, "evaluations": 4, "cost": 0.3804, "incumbent": {"colsample_bytree": 0.7864414579235017, "eta": 0.06876373473778273, "max_depth": 5, "reg_lambda": 2.180661802430785}, "budget": 0, "origin": "Sobol"}
{"cpu_time": 1.2443196773529053, "wallclock_time": 1.2523808479309082, "evaluations": 6, "cost": 0.3226, "incumbent": {"colsample_bytree": 1.0, "eta": 0.3, "max_depth": 10, "reg_lambda": 1.0}, "budget": 0, "origin": null}
{"cpu_time": 4.587687730789185, "wallclock_time": 8.201130867004395, "evaluations": 60, "cost": 0.3098, "incumbent": {"colsample_bytree": 1.0, "eta": 0.3020042773092667, "max_depth": 6, "reg_lambda": 1.017043437873519}, "budget": 0, "origin": "Local Search"}
{"cpu_time": 4.913597345352173, "wallclock_time": 9.84366488456726, "evaluations": 68, "cost": 0.3054, "incumbent": {"colsample_bytree": 1.0, "eta": 0.7910650948721469, "max_depth": 6, "reg_lambda": 1.0}, "budget": 0, "origin": "Local Search"}
{"cpu_time": 5.716583490371704, "wallclock_time": 17.680470943450928, "evaluations": 92, "cost": 0.2869, "incumbent": {"colsample_bytree": 1.0, "eta": 0.7910650948721469, "max_depth": 6, "reg_lambda": 0.9989366513684518}, "budget": 0, "origin": "Local Search"}
{"cpu_time": 9.751409769058228, "wallclock_time": 69.53247380256653, "evaluations": 218, "cost": 0.2865, "incumbent": {"colsample_bytree": 1.0, "eta": 0.7910950746529504, "max_depth": 6, "reg_lambda": 0.9995977026136952}, "budget": 0, "origin": "Local Search"}
{"cpu_time": 10.058151483535767, "wallclock_time": 73.11737394332886, "evaluations": 229, "cost": 0.2801, "incumbent": {"colsample_bytree": 1.0, "eta": 0.7909081364336967, "max_depth": 6, "reg_lambda": 0.9992847872033319}, "budget": 0, "origin": "Local Search"}
{"cpu_time": 10.316806554794312, "wallclock_time": 75.32497882843018, "evaluations": 237, "cost": 0.2616, "incumbent": {"colsample_bytree": 1.0, "eta": 0.7908076612584867, "max_depth": 6, "reg_lambda": 0.9988701257649252}, "budget": 0, "origin": "Local Search"}
