{"cpu_time": 0.0, "wallclock_time": 0.0015730857849121094, "evaluations": 0, "cost": 2147483648.0, "incumbent": ["max_depth='6'", "max_features='0.3290755869820714'", "min_samples_leaf='11'", "min_samples_split='2'"], "origin": "Sobol"}
{"cpu_time": 0.1105809211730957, "wallclock_time": 0.11309218406677246, "evaluations": 1, "cost": 0.4912, "incumbent": ["max_depth='6'", "max_features='0.3290755869820714'", "min_samples_leaf='11'", "min_samples_split='2'"], "origin": "Sobol"}
{"cpu_time": 1.640679121017456, "wallclock_time": 1.6526882648468018, "evaluations": 12, "cost": 0.0842, "incumbent": ["max_depth='18'", "max_features='0.9707894120365381'", "min_samples_leaf='5'", "min_samples_split='26'"], "origin": "Sobol"}
{"cpu_time": 6.480639219284058, "wallclock_time": 6.54892897605896, "evaluations": 51, "cost": 0.0835, "incumbent": ["max_depth='6'", "max_features='0.6024900050833821'", "min_samples_leaf='1'", "min_samples_split='19'"], "origin": "Sobol"}
{"cpu_time": 13.245118141174316, "wallclock_time": 23.611231088638306, "evaluations": 96, "cost": 0.0835, "incumbent": ["max_depth='8'", "max_features='0.6783456878598115'", "min_samples_leaf='1'", "min_samples_split='14'"], "origin": "Local Search"}
{"cpu_time": 14.031840562820435, "wallclock_time": 24.410874843597412, "evaluations": 101, "cost": 0.0834, "incumbent": ["max_depth='8'", "max_features='0.6782734681241683'", "min_samples_leaf='1'", "min_samples_split='13'"], "origin": "Local Search"}
{"cpu_time": 16.529699325561523, "wallclock_time": 30.186579942703247, "evaluations": 116, "cost": 0.0825, "incumbent": ["max_depth='32'", "max_features='0.7892563071899017'", "min_samples_leaf='3'", "min_samples_split='3'"], "origin": "Local Search"}
{"cpu_time": 26.45390248298645, "wallclock_time": 56.279922008514404, "evaluations": 172, "cost": 0.081, "incumbent": ["max_depth='31'", "max_features='0.8600157464394963'", "min_samples_leaf='3'", "min_samples_split='2'"], "origin": "Local Search"}
{"cpu_time": 29.652215480804443, "wallclock_time": 61.91444396972656, "evaluations": 188, "cost": 0.0722, "incumbent": ["max_depth='20'", "max_features='0.943397895445315'", "min_samples_leaf='1'", "min_samples_split='3'"], "origin": "Local Search"}
{"cpu_time": 41.75163674354553, "wallclock_time": 88.76950597763062, "evaluations": 241, "cost": 0.0722, "incumbent": ["max_depth='35'", "max_features='0.9225341901206877'", "min_samples_leaf='1'", "min_samples_split='2'"], "origin": "Local Search"}
{"cpu_time": 44.058037757873535, "wallclock_time": 91.66524696350098, "evaluations": 251, "cost": 0.0716, "incumbent": ["max_depth='13'", "max_features='0.9499587737105445'", "min_samples_leaf='2'", "min_samples_split='3'"], "origin": "Local Search"}
{"cpu_time": 50.442147731781006, "wallclock_time": 104.1614248752594, "evaluations": 279, "cost": 0.0702, "incumbent": ["max_depth='35'", "max_features='0.9492941893867889'", "min_samples_leaf='2'", "min_samples_split='5'"], "origin": "Local Search"}
{"cpu_time": 53.648972272872925, "wallclock_time": 110.25311422348022, "evaluations": 293, "cost": 0.0701, "incumbent": ["max_depth='35'", "max_features='0.9847409958422818'", "min_samples_leaf='2'", "min_samples_split='4'"], "origin": "Local Search"}
