"CPU Time Used","Estimated Training Performance","Wallclock Time","Incumbent ID","Automatic Configurator (CPU) Time","Configuration..."
0.000000, 2147483648.000000, 0.000554, 1, 0.000554, alpha='0.00011227070295712931',eta0='0.0029096933833365197'
0.078121, 0.351900, 0.079468, 1, 0.001347, alpha='0.00011227070295712931',eta0='0.0029096933833365197'
0.273777, 0.343000, 0.277831, 2, 0.004054, alpha='0.09703148166773255',eta0='0.0033876811897594465'
0.983592, 0.335700, 0.998493, 3, 0.014901, alpha='0.0004927044981701337',eta0='0.12537334481910992'
3.403975, 0.323400, 3.470629, 4, 0.066654, alpha='5.6251118794716625e-05',eta0='0.434984328303294'
4.527075, 0.310500, 7.004538, 5, 2.477463, alpha='5.6831625415588714e-05',eta0='0.4373662745914283'
5.702415, 0.304000, 10.975892, 6, 5.273477, alpha='5.67727173681421e-05',eta0='0.4369618313229952'
