{
  "mean_cost": 0.15521980682111391,
  "finished_ta_runs": 2,
  "inc_changed": 1,
  "n_configs": 1,
  "submitted_ta_runs": 2,
  "ta_time_used": 0.7882909774780273,
  "wallclock_time_used": 0.7905559539794922,
  "dataset_id": 167141,
  "perf_time": 0.7966714999997748
}