{
  "data": [
    [
      [
        1,
        null,
        1799960134,
        0.0
      ],
      [
        0.09561565059014032,
        0.09609699249267578,
        {
          "__enum__": "StatusType.SUCCESS"
        },
        1674420918.458941,
        1674420918.5550442,
        {}
      ]
    ]
  ],
  "config_origins": {
    "1": "Sobol"
  },
  "configs": {
    "1": {
      "colsample_bytree": 0.2890479595400393,
      "eta": 0.02972240058848022,
      "max_depth": 1,
      "reg_lambda": 0.23594281684827217
    }
  }
}