"CPU Time Used","Estimated Training Performance","Wallclock Time","Incumbent ID","Automatic Configurator (CPU) Time","Configuration..."
0.000000, 2147483648.000000, 0.000046, 1, 0.000046, alpha='0.001',eta0='0.01'
0.038155, 0.427800, 0.039304, 1, 0.001149, alpha='0.001',eta0='0.01'
0.264232, 0.338800, 0.282144, 2, 0.017912, alpha='0.08477318530405828',eta0='1.1349690026383863e-05'
1.414109, 0.324700, 1.517239, 3, 0.103130, alpha='0.004765363945322159',eta0='0.00010953501997114095'
4.064672, 0.324500, 4.633464, 4, 0.568793, alpha='0.00013327124878838913',eta0='0.020284309365505692'
4.398599, 0.323500, 5.039976, 5, 0.641377, alpha='1.6288280748990713e-05',eta0='6.266263399797439e-05'
