"CPU Time Used","Estimated Training Performance","Wallclock Time","Incumbent ID","Automatic Configurator (CPU) Time","Configuration..."
0.000000, 2147483648.000000, 0.000702, 1, 0.000702, C='1.3600811985592882',gamma='0.09352602871548096'
0.036100, 0.163600, 0.037698, 1, 0.001598, C='1.3600811985592882',gamma='0.09352602871548096'
0.270930, 0.137900, 0.283203, 2, 0.012273, C='102.59827344587585',gamma='0.0039228031036218506'
0.496413, 0.123000, 0.521862, 3, 0.025449, C='15.199688790550503',gamma='0.014931473822877205'
1.024282, 0.119400, 3.637709, 4, 2.613427, C='14.982220769667547',gamma='0.014931473822877205'
