{"cpu_time": 0.0, "wallclock_time": 0.0016732215881347656, "evaluations": 0, "cost": 2147483648.0, "incumbent": ["max_depth='2'", "max_features='0.4491682695224881'", "min_samples_leaf='1'", "min_samples_split='4'"], "origin": "Sobol"}
{"cpu_time": 0.19867897033691406, "wallclock_time": 0.20161104202270508, "evaluations": 1, "cost": 0.3096, "incumbent": ["max_depth='2'", "max_features='0.4491682695224881'", "min_samples_leaf='1'", "min_samples_split='4'"], "origin": "Sobol"}
{"cpu_time": 0.9541382789611816, "wallclock_time": 0.9609839916229248, "evaluations": 4, "cost": 0.1414, "incumbent": ["max_depth='17'", "max_features='0.6137791713699698'", "min_samples_leaf='16'", "min_samples_split='18'"], "origin": "Sobol"}
{"cpu_time": 1.4259233474731445, "wallclock_time": 1.4353792667388916, "evaluations": 6, "cost": 0.1149, "incumbent": ["max_depth='10'", "max_features='0.5'", "min_samples_leaf='1'", "min_samples_split='32'"], "origin": null}
{"cpu_time": 2.2667734622955322, "wallclock_time": 2.280745267868042, "evaluations": 10, "cost": 0.1029, "incumbent": ["max_depth='9'", "max_features='0.10657401569187641'", "min_samples_leaf='8'", "min_samples_split='6'"], "origin": "Sobol"}
{"cpu_time": 11.56871223449707, "wallclock_time": 11.648414134979248, "evaluations": 43, "cost": 0.0912, "incumbent": ["max_depth='46'", "max_features='0.7485423665493727'", "min_samples_leaf='1'", "min_samples_split='7'"], "origin": "Sobol"}
{"cpu_time": 19.45008158683777, "wallclock_time": 22.17000913619995, "evaluations": 67, "cost": 0.0866, "incumbent": ["max_depth='46'", "max_features='0.7514203131046191'", "min_samples_leaf='1'", "min_samples_split='6'"], "origin": "Local Search"}
{"cpu_time": 23.572168111801147, "wallclock_time": 28.421972274780273, "evaluations": 77, "cost": 0.0819, "incumbent": ["max_depth='50'", "max_features='0.6288653793509662'", "min_samples_leaf='1'", "min_samples_split='2'"], "origin": "Random Search (sorted)"}
{"cpu_time": 25.482304334640503, "wallclock_time": 30.35763192176819, "evaluations": 82, "cost": 0.0815, "incumbent": ["max_depth='46'", "max_features='0.6971654285311499'", "min_samples_leaf='1'", "min_samples_split='6'"], "origin": "Random Search (sorted)"}
{"cpu_time": 28.975330591201782, "wallclock_time": 36.88138222694397, "evaluations": 91, "cost": 0.0798, "incumbent": ["max_depth='50'", "max_features='0.6940609033591633'", "min_samples_leaf='1'", "min_samples_split='3'"], "origin": "Local Search"}
{"cpu_time": 32.262765645980835, "wallclock_time": 41.45709013938904, "evaluations": 102, "cost": 0.068, "incumbent": ["max_depth='50'", "max_features='0.23823618522759188'", "min_samples_leaf='1'", "min_samples_split='3'"], "origin": "Local Search"}
