{
  "data": [
    [
      [
        1,
        null,
        379248293,
        0.0
      ],
      [
        0.20741634488080207,
        0.04018092155456543,
        {
          "__enum__": "StatusType.SUCCESS"
        },
        1674417675.681303,
        1674417675.7214909,
        {}
      ]
    ]
  ],
  "config_origins": {
    "1": "Sobol"
  },
  "configs": {
    "1": {
      "colsample_bytree": 0.3908073678612709,
      "eta": 0.02197006114591668,
      "max_depth": 1,
      "reg_lambda": 0.025956378731779545
    }
  }
}