"CPU Time Used","Estimated Training Performance","Wallclock Time","Incumbent ID","Automatic Configurator (CPU) Time","Configuration..."
0.000000, 2147483648.000000, 0.000035, 1, 0.000035, alpha='0.001',eta0='0.01'
1.879797, 0.423300, 1.880570, 1, 0.000773, alpha='0.001',eta0='0.01'
23.327119, 0.418400, 23.344359, 2, 0.017240, alpha='0.002374055867675844',eta0='5.8767874739523716e-05'
62.493266, 0.406200, 62.559684, 3, 0.066418, alpha='0.00047563268189094034',eta0='2.3569613209121685e-05'
376.010935, 0.405300, 377.074777, 4, 1.063842, alpha='0.00012149824461315488',eta0='0.00017949080212834273'
755.098396, 0.403700, 758.768317, 5, 3.669921, alpha='1.077028905722819e-05',eta0='0.00012931342518979354'
