{
  "mean_cost": 0.4658396402842303,
  "finished_ta_runs": 1,
  "inc_changed": 1,
  "n_configs": 1,
  "submitted_ta_runs": 1,
  "ta_time_used": 0.9925448894500732,
  "wallclock_time_used": 0.9943118095397949,
  "dataset_id": 167119,
  "perf_time": 1.0001565829998071
}