"CPU Time Used","Estimated Training Performance","Wallclock Time","Incumbent ID","Automatic Configurator (CPU) Time","Configuration..."
0.000000, 2147483648.000000, 0.000380, 1, 0.000380, C='0.08611366210550205',gamma='0.4942679928374453'
0.305267, 0.382900, 0.306273, 1, 0.001006, C='0.08611366210550205',gamma='0.4942679928374453'
