{"cpu_time": 0.0, "wallclock_time": 0.0007369518280029297, "evaluations": 0, "cost": 2147483648.0, "incumbent": ["alpha='0.0004126639093412234'", "eta0='0.0017613324954003418'"], "origin": "Sobol"}
{"cpu_time": 1.9549939632415771, "wallclock_time": 1.956618070602417, "evaluations": 1, "cost": 0.0548, "incumbent": ["alpha='0.0004126639093412234'", "eta0='0.0017613324954003418'"], "origin": "Sobol"}
{"cpu_time": 13.56209135055542, "wallclock_time": 13.568734169006348, "evaluations": 7, "cost": 0.0493, "incumbent": ["alpha='0.10693804138470717'", "eta0='1.4701197301483249e-05'"], "origin": "Sobol"}
{"cpu_time": 36.56184911727905, "wallclock_time": 36.58077621459961, "evaluations": 19, "cost": 0.0466, "incumbent": ["alpha='0.011093798215005723'", "eta0='0.0001899065880253528'"], "origin": "Sobol"}
{"cpu_time": 80.46451210975647, "wallclock_time": 80.51467514038086, "evaluations": 42, "cost": 0.0389, "incumbent": ["alpha='0.11597801330394517'", "eta0='0.0004221998477853003'"], "origin": "Sobol"}
