"CPU Time Used","Estimated Training Performance","Wallclock Time","Incumbent ID","Automatic Configurator (CPU) Time","Configuration..."
0.000000, 2147483648.000000, 0.000737, 1, 0.000737, alpha='0.0004126639093412234',eta0='0.0017613324954003418'
1.954994, 0.054800, 1.956618, 1, 0.001624, alpha='0.0004126639093412234',eta0='0.0017613324954003418'
13.562091, 0.049300, 13.568734, 2, 0.006643, alpha='0.10693804138470717',eta0='1.4701197301483249e-05'
36.561849, 0.046600, 36.580776, 3, 0.018927, alpha='0.011093798215005723',eta0='0.0001899065880253528'
80.464512, 0.038900, 80.514675, 4, 0.050163, alpha='0.11597801330394517',eta0='0.0004221998477853003'
