{
  "mean_cost": 0.5735496634110444,
  "finished_ta_runs": 95,
  "inc_changed": 1,
  "n_configs": 87,
  "submitted_ta_runs": 95,
  "ta_time_used": 120.01867198944092,
  "wallclock_time_used": 120.24602174758911,
  "dataset_id": 9985
}