{
  "mean_cost": 0.41294786276857615,
  "finished_ta_runs": 300,
  "inc_changed": 4,
  "n_configs": 125,
  "submitted_ta_runs": 300,
  "ta_time_used": 15.482422590255737,
  "wallclock_time_used": 68.3618311882019,
  "dataset_id": 49,
  "perf_time": 68.37441150000086
}