"CPU Time Used","Estimated Training Performance","Wallclock Time","Incumbent ID","Automatic Configurator (CPU) Time","Configuration..."
0.000000, 2147483648.000000, 0.000235, 1, 0.000235, alpha='0.0004126639093412234',eta0='0.0017613324954003418'
4.983948, 0.498400, 4.984821, 1, 0.000873, alpha='0.0004126639093412234',eta0='0.0017613324954003418'
