{"cpu_time": 0.0, "wallclock_time": 4.291534423828125e-05, "evaluations": 0, "cost": 2147483648.0, "incumbent": ["alpha='0.001'", "eta0='0.01'"], "origin": "Default"}
{"cpu_time": 0.0294039249420166, "wallclock_time": 0.030066967010498047, "evaluations": 1, "cost": 0.1111, "incumbent": ["alpha='0.001'", "eta0='0.01'"], "origin": "Default"}
{"cpu_time": 0.84920334815979, "wallclock_time": 0.8893938064575195, "evaluations": 33, "cost": 0.0975, "incumbent": ["alpha='0.00010614292991645016'", "eta0='0.8887521171740199'"], "origin": "Random Search"}
