"CPU Time Used","Estimated Training Performance","Wallclock Time","Incumbent ID","Automatic Configurator (CPU) Time","Configuration..."
0.000000, 2147483648.000000, 0.000043, 1, 0.000043, alpha='0.001',eta0='0.01'
0.029404, 0.111100, 0.030067, 1, 0.000663, alpha='0.001',eta0='0.01'
0.849203, 0.097500, 0.889394, 2, 0.040190, alpha='0.00010614292991645016',eta0='0.8887521171740199'
