"CPU Time Used","Estimated Training Performance","Wallclock Time","Incumbent ID","Automatic Configurator (CPU) Time","Configuration..."
0.000000, 2147483648.000000, 0.001424, 1, 0.001424, colsample_bytree='0.2890479595400393',eta='0.02972240058848022',max_depth='1',reg_lambda='0.23594281684827217'
0.372545, 0.187500, 0.374932, 1, 0.002387, colsample_bytree='0.2890479595400393',eta='0.02972240058848022',max_depth='1',reg_lambda='0.23594281684827217'
8.934312, 0.063100, 8.939411, 2, 0.005099, colsample_bytree='0.839533680677414',eta='0.03178815964339868',max_depth='7',reg_lambda='260.08137409645684'
15.374053, 0.013600, 15.381292, 3, 0.007239, colsample_bytree='1.0',eta='0.3',max_depth='10',reg_lambda='1.0'
28.125938, 0.012600, 28.140475, 4, 0.014536, colsample_bytree='0.5235572370700539',eta='0.1863242307845216',max_depth='3',reg_lambda='4.4461461740589225'
66.387918, 0.009500, 66.441279, 5, 0.053361, colsample_bytree='0.4696397740393877',eta='0.16644532888250615',max_depth='6',reg_lambda='0.015660421770666632'
251.818663, 0.009200, 280.954910, 6, 29.136246, colsample_bytree='0.555703177750978',eta='0.20057711062152533',max_depth='5',reg_lambda='0.0014294237626537895'
285.132843, 0.009200, 319.750700, 7, 34.617857, colsample_bytree='0.5220042591072522',eta='0.5013250687012054',max_depth='3',reg_lambda='0.01727548685421518'
316.121312, 0.008700, 355.945649, 8, 39.824337, colsample_bytree='0.4972343649886174',eta='0.5564307661879875',max_depth='3',reg_lambda='0.01727548685421518'
