"CPU Time Used","Estimated Training Performance","Wallclock Time","Incumbent ID","Automatic Configurator (CPU) Time","Configuration..."
0.000000, 2147483648.000000, 0.000552, 1, 0.000552, C='0.08611366210550205',gamma='0.4942679928374453'
0.020118, 0.500000, 0.021424, 1, 0.001306, C='0.08611366210550205',gamma='0.4942679928374453'
0.071787, 0.448400, 0.075367, 2, 0.003580, C='19.433598606658386',gamma='9.232350409327609'
