{
  "mean_cost": 0.08037686254275689,
  "finished_ta_runs": 1,
  "inc_changed": 1,
  "n_configs": 1,
  "submitted_ta_runs": 1,
  "ta_time_used": 0.17620086669921875,
  "wallclock_time_used": 0.17792201042175293
}