"CPU Time Used","Estimated Training Performance","Wallclock Time","Incumbent ID","Automatic Configurator (CPU) Time","Configuration..."
0.000000, 2147483648.000000, 0.000541, 1, 0.000541, C='1.3600811985592882',gamma='0.09352602871548096'
0.041761, 0.489600, 0.043026, 1, 0.001265, C='1.3600811985592882',gamma='0.09352602871548096'
0.419944, 0.478500, 0.430561, 2, 0.010617, C='102.59827344587585',gamma='0.0039228031036218506'
0.742721, 0.464100, 0.765262, 3, 0.022542, C='15.199688790550503',gamma='0.014931473822877205'
1.600780, 0.459700, 3.614200, 4, 2.013420, C='15.576361141416408',gamma='0.0149009283535498'
4.690308, 0.457400, 15.901421, 5, 11.211113, C='16.203826753032597',gamma='0.01439571800064451'
