{"cpu_time": 0.0, "wallclock_time": 0.0005412101745605469, "evaluations": 0, "cost": 2147483648.0, "incumbent": ["C='1.3600811985592882'", "gamma='0.09352602871548096'"], "origin": "Sobol"}
{"cpu_time": 0.041760921478271484, "wallclock_time": 0.04302620887756348, "evaluations": 1, "cost": 0.4896, "incumbent": ["C='1.3600811985592882'", "gamma='0.09352602871548096'"], "origin": "Sobol"}
{"cpu_time": 0.41994404792785645, "wallclock_time": 0.4305610656738281, "evaluations": 13, "cost": 0.4785, "incumbent": ["C='102.59827344587585'", "gamma='0.0039228031036218506'"], "origin": "Sobol"}
{"cpu_time": 0.7427206039428711, "wallclock_time": 0.7652621269226074, "evaluations": 25, "cost": 0.4641, "incumbent": ["C='15.199688790550503'", "gamma='0.014931473822877205'"], "origin": "Sobol"}
{"cpu_time": 1.6007802486419678, "wallclock_time": 3.6142001152038574, "evaluations": 53, "cost": 0.4597, "incumbent": ["C='15.576361141416408'", "gamma='0.0149009283535498'"], "origin": "Local Search"}
{"cpu_time": 4.690307855606079, "wallclock_time": 15.901421070098877, "evaluations": 151, "cost": 0.4574, "incumbent": ["C='16.203826753032597'", "gamma='0.01439571800064451'"], "origin": "Local Search"}
