{
  "mean_cost": 0.5009363295880149,
  "finished_ta_runs": 1,
  "inc_changed": 1,
  "n_configs": 1,
  "submitted_ta_runs": 1,
  "ta_time_used": 0.15831875801086426,
  "wallclock_time_used": 0.15989398956298828
}