{
  "mean_cost": 0.4153808085636757,
  "finished_ta_runs": 300,
  "inc_changed": 2,
  "n_configs": 160,
  "submitted_ta_runs": 300,
  "ta_time_used": 23.44217562675476,
  "wallclock_time_used": 123.64461898803711,
  "dataset_id": 3917,
  "perf_time": 123.65870737499972
}