{
  "mean_cost": 0.5,
  "finished_ta_runs": 1,
  "inc_changed": 1,
  "n_configs": 1,
  "submitted_ta_runs": 1,
  "ta_time_used": 0.013267993927001953,
  "wallclock_time_used": 0.014811038970947266,
  "dataset_id": 125920,
  "perf_time": 0.05191970899977605
}