"CPU Time Used","Estimated Training Performance","Wallclock Time","Incumbent ID","Automatic Configurator (CPU) Time","Configuration..."
0.000000, 2147483648.000000, 0.000731, 1, 0.000731, alpha='0.00011227070295712931',eta0='0.0029096933833365197'
3.132771, 0.033700, 3.137940, 1, 0.005169, alpha='0.00011227070295712931',eta0='0.0029096933833365197'
45.012629, 0.035200, 45.030438, 2, 0.017809, alpha='0.0025540066964094537',eta0='1.2228344859878906e-05'
115.585629, 0.029500, 115.637600, 3, 0.051971, alpha='8.493190945563282e-05',eta0='3.713240341799095e-05'
451.771231, 0.029400, 473.328581, 4, 21.557350, alpha='0.0008483325390797041',eta0='6.417105015221205e-05'
501.572578, 0.029200, 526.156971, 5, 24.584393, alpha='1.0425931341850015e-05',eta0='1.8030270206835214e-05'
