{"cpu_time": 0.0, "wallclock_time": 4.8160552978515625e-05, "evaluations": 0, "cost": 2147483648.0, "incumbent": ["colsample_bytree='1.0'", "eta='0.3'", "max_depth='10'", "reg_lambda='1.0'"], "origin": "Default"}
{"cpu_time": 0.06456804275512695, "wallclock_time": 0.06533932685852051, "evaluations": 1, "cost": 0.2653, "incumbent": ["colsample_bytree='1.0'", "eta='0.3'", "max_depth='10'", "reg_lambda='1.0'"], "origin": "Default"}
{"cpu_time": 0.21943116188049316, "wallclock_time": 0.22469019889831543, "evaluations": 4, "cost": 0.2436, "incumbent": ["colsample_bytree='0.8824354449539316'", "eta='0.0031981000666476914'", "max_depth='7'", "reg_lambda='0.649856834080378'"], "origin": "Random Search"}
{"cpu_time": 0.30146050453186035, "wallclock_time": 0.3116421699523926, "evaluations": 8, "cost": 0.239, "incumbent": ["colsample_bytree='0.1477517486203504'", "eta='0.1656158608211872'", "max_depth='2'", "reg_lambda='0.008238286081969528'"], "origin": "Random Search"}
{"cpu_time": 0.5967938899993896, "wallclock_time": 0.620941162109375, "evaluations": 20, "cost": 0.2213, "incumbent": ["colsample_bytree='0.42779910928331233'", "eta='0.13140302375308188'", "max_depth='4'", "reg_lambda='1.351829952028138'"], "origin": "Random Search"}
{"cpu_time": 4.033457040786743, "wallclock_time": 4.530126094818115, "evaluations": 164, "cost": 0.219, "incumbent": ["colsample_bytree='0.8584307684897831'", "eta='0.0038682438993154996'", "max_depth='7'", "reg_lambda='0.001570388453203586'"], "origin": "Random Search"}
{"cpu_time": 10.143306255340576, "wallclock_time": 12.937082290649414, "evaluations": 424, "cost": 0.2156, "incumbent": ["colsample_bytree='0.8788961566143496'", "eta='0.003367309267606402'", "max_depth='10'", "reg_lambda='0.0037764558220302275'"], "origin": "Random Search"}
