{
  "mean_cost": 0.1216333745774193,
  "finished_ta_runs": 300,
  "inc_changed": 7,
  "n_configs": 125,
  "submitted_ta_runs": 300,
  "ta_time_used": 1999.190498828888,
  "wallclock_time_used": 2080.9134559631348,
  "dataset_id": 219,
  "perf_time": 2080.937004958001
}