{"cpu_time": 0.0, "wallclock_time": 0.0015788078308105469, "evaluations": 0, "cost": 2147483648.0, "incumbent": {"max_depth": 2, "max_features": 0.4491682695224881, "min_samples_leaf": 1, "min_samples_split": 4}, "budget": 0, "origin": "Sobol"}
{"cpu_time": 0.08722591400146484, "wallclock_time": 0.08971476554870605, "evaluations": 1, "cost": 0.2552, "incumbent": {"max_depth": 2, "max_features": 0.4491682695224881, "min_samples_leaf": 1, "min_samples_split": 4}, "budget": 0, "origin": "Sobol"}
{"cpu_time": 0.33347368240356445, "wallclock_time": 0.33876466751098633, "evaluations": 4, "cost": 0.2452, "incumbent": {"max_depth": 17, "max_features": 0.6137791713699698, "min_samples_leaf": 16, "min_samples_split": 18}, "budget": 0, "origin": "Sobol"}
{"cpu_time": 0.4991188049316406, "wallclock_time": 0.5061898231506348, "evaluations": 6, "cost": 0.2248, "incumbent": {"max_depth": 10, "max_features": 0.5, "min_samples_leaf": 1, "min_samples_split": 32}, "budget": 0, "origin": null}
{"cpu_time": 1.4752349853515625, "wallclock_time": 1.4931488037109375, "evaluations": 17, "cost": 0.2178, "incumbent": {"max_depth": 7, "max_features": 0.8544756416231394, "min_samples_leaf": 3, "min_samples_split": 9}, "budget": 0, "origin": "Sobol"}
{"cpu_time": 3.22583270072937, "wallclock_time": 3.274995803833008, "evaluations": 39, "cost": 0.2156, "incumbent": {"max_depth": 5, "max_features": 0.9284034045413136, "min_samples_leaf": 2, "min_samples_split": 14}, "budget": 0, "origin": "Sobol"}
{"cpu_time": 3.827958583831787, "wallclock_time": 3.886946678161621, "evaluations": 45, "cost": 0.2043, "incumbent": {"max_depth": 46, "max_features": 0.7485423665493727, "min_samples_leaf": 1, "min_samples_split": 7}, "budget": 0, "origin": "Sobol"}
