{
  "mean_cost": 0.505967849408629,
  "finished_ta_runs": 2,
  "inc_changed": 1,
  "n_configs": 1,
  "submitted_ta_runs": 2,
  "ta_time_used": 0.02477121353149414,
  "wallclock_time_used": 0.026630878448486328,
  "dataset_id": 29,
  "perf_time": 0.032886292000512185
}