"CPU Time Used","Estimated Training Performance","Wallclock Time","Incumbent ID","Automatic Configurator (CPU) Time","Configuration..."
0.000000, 2147483648.000000, 0.000566, 1, 0.000566, alpha='0.0004126639093412234',eta0='0.0017613324954003418'
0.083186, 0.489900, 0.085764, 1, 0.002578, alpha='0.0004126639093412234',eta0='0.0017613324954003418'
1.334771, 0.478900, 1.674684, 2, 0.339913, alpha='0.1380658895012873',eta0='6.569452198134115e-05'
7.276401, 0.474900, 33.984795, 3, 26.708394, alpha='0.001081547620699713',eta0='0.006625852931773888'
