"CPU Time Used","Estimated Training Performance","Wallclock Time","Incumbent ID","Automatic Configurator (CPU) Time","Configuration..."
0.000000, 2147483648.000000, 0.000041, 1, 0.000041, C='1.0',gamma='0.1'
0.008066, 0.440600, 0.008656, 1, 0.000590, C='1.0',gamma='0.1'
0.130278, 0.434800, 0.149616, 2, 0.019338, C='7.175638647559039',gamma='0.09259999660241393'
0.287952, 0.413900, 0.352614, 3, 0.064662, C='9.179301862644406',gamma='0.016542996680034523'
0.745674, 0.409800, 0.975701, 4, 0.230027, C='64.9998285013093',gamma='0.010372084509422277'
2.322603, 0.374400, 3.867572, 5, 1.544969, C='159.89177575158155',gamma='0.0043792914111734325'
