"CPU Time Used","Estimated Training Performance","Wallclock Time","Incumbent ID","Automatic Configurator (CPU) Time","Configuration..."
0.000000, 2147483648.000000, 0.001515, 1, 0.001515, colsample_bytree='0.2890479595400393',eta='0.02972240058848022',max_depth='1',reg_lambda='0.23594281684827217'
1.292523, 0.779400, 1.295569, 1, 0.003046, colsample_bytree='0.2890479595400393',eta='0.02972240058848022',max_depth='1',reg_lambda='0.23594281684827217'
18.627049, 0.665600, 18.633411, 2, 0.006362, colsample_bytree='0.839533680677414',eta='0.03178815964339868',max_depth='7',reg_lambda='260.08137409645684'
44.918616, 0.523800, 44.926873, 3, 0.008257, colsample_bytree='1.0',eta='0.3',max_depth='10',reg_lambda='1.0'
209.362337, 0.518700, 209.442531, 4, 0.080194, colsample_bytree='0.6734632510691881',eta='0.10315263155687314',max_depth='10',reg_lambda='19.10353112100786'
259.913500, 0.505900, 261.508267, 5, 1.594767, colsample_bytree='0.5303846402106993',eta='0.6644460498150997',max_depth='10',reg_lambda='13.88636767354829'
1837.029541, 0.505500, 1894.146777, 6, 57.117236, colsample_bytree='0.3532568242979428',eta='0.9777194981234602',max_depth='10',reg_lambda='13.849578311109916'
