{"cpu_time": 0.0, "wallclock_time": 0.0015149116516113281, "evaluations": 0, "cost": 2147483648.0, "incumbent": {"colsample_bytree": 0.2890479595400393, "eta": 0.02972240058848022, "max_depth": 1, "reg_lambda": 0.23594281684827217}, "budget": 0, "origin": "Sobol"}
{"cpu_time": 1.29252290725708, "wallclock_time": 1.2955689430236816, "evaluations": 1, "cost": 0.7794, "incumbent": {"colsample_bytree": 0.2890479595400393, "eta": 0.02972240058848022, "max_depth": 1, "reg_lambda": 0.23594281684827217}, "budget": 0, "origin": "Sobol"}
{"cpu_time": 18.627049207687378, "wallclock_time": 18.633410930633545, "evaluations": 4, "cost": 0.6656, "incumbent": {"colsample_bytree": 0.839533680677414, "eta": 0.03178815964339868, "max_depth": 7, "reg_lambda": 260.08137409645684}, "budget": 0, "origin": "Sobol"}
{"cpu_time": 44.91861605644226, "wallclock_time": 44.926872968673706, "evaluations": 6, "cost": 0.5238, "incumbent": {"colsample_bytree": 1.0, "eta": 0.3, "max_depth": 10, "reg_lambda": 1.0}, "budget": 0, "origin": null}
{"cpu_time": 209.36233735084534, "wallclock_time": 209.4425311088562, "evaluations": 49, "cost": 0.5187, "incumbent": {"colsample_bytree": 0.6734632510691881, "eta": 0.10315263155687314, "max_depth": 10, "reg_lambda": 19.10353112100786}, "budget": 0, "origin": "Sobol"}
{"cpu_time": 259.9135003089905, "wallclock_time": 261.50826692581177, "evaluations": 58, "cost": 0.5059, "incumbent": {"colsample_bytree": 0.5303846402106993, "eta": 0.6644460498150997, "max_depth": 10, "reg_lambda": 13.88636767354829}, "budget": 0, "origin": "Local Search"}
{"cpu_time": 1837.0295414924622, "wallclock_time": 1894.1467771530151, "evaluations": 274, "cost": 0.5055, "incumbent": {"colsample_bytree": 0.3532568242979428, "eta": 0.9777194981234602, "max_depth": 10, "reg_lambda": 13.849578311109916}, "budget": 0, "origin": "Local Search"}
