{
  "mean_cost": 0.4757866724325058,
  "finished_ta_runs": 600,
  "inc_changed": 4,
  "n_configs": 514,
  "submitted_ta_runs": 600,
  "ta_time_used": 17.249847412109375,
  "wallclock_time_used": 22.637238025665283,
  "dataset_id": 125920,
  "perf_time": 22.65752262499882
}