{
  "mean_cost": 0.11744352937463304,
  "finished_ta_runs": 600,
  "inc_changed": 7,
  "n_configs": 540,
  "submitted_ta_runs": 600,
  "ta_time_used": 139.11709427833557,
  "wallclock_time_used": 144.33972787857056,
  "dataset_id": 3,
  "perf_time": 144.36446804201114
}