"CPU Time Used","Estimated Training Performance","Wallclock Time","Incumbent ID","Automatic Configurator (CPU) Time","Configuration..."
0.000000, 2147483648.000000, 0.001556, 1, 0.001556, colsample_bytree='0.3908073678612709',eta='0.02197006114591668',max_depth='1',reg_lambda='0.025956378731779545'
0.014910, 0.156900, 0.017571, 1, 0.002661, colsample_bytree='0.3908073678612709',eta='0.02197006114591668',max_depth='1',reg_lambda='0.025956378731779545'
0.104768, 0.161800, 0.110151, 2, 0.005383, colsample_bytree='0.7864414579235017',eta='0.06876373473778273',max_depth='5',reg_lambda='2.180661802430785'
0.200624, 0.147700, 0.207730, 3, 0.007106, colsample_bytree='1.0',eta='0.3',max_depth='10',reg_lambda='1.0'
0.577666, 0.138900, 0.603494, 4, 0.025828, colsample_bytree='0.9010553395375609',eta='0.432060045902756',max_depth='2',reg_lambda='47.50433230227836'
1.743828, 0.137700, 7.776426, 5, 6.032598, colsample_bytree='0.9010553395375609',eta='0.432060045902756',max_depth='2',reg_lambda='46.08379587382574'
2.953678, 0.136600, 20.889602, 6, 17.935924, colsample_bytree='0.9032732716323427',eta='0.4451777655184585',max_depth='2',reg_lambda='45.98726669211333'
