{"cpu_time": 0.0, "wallclock_time": 4.57763671875e-05, "evaluations": 0, "cost": 2147483648.0, "incumbent": {"colsample_bytree": 1.0, "eta": 0.3, "max_depth": 10, "reg_lambda": 1.0}, "budget": 0, "origin": "Default"}
{"cpu_time": 3.8190460205078125, "wallclock_time": 3.820356845855713, "evaluations": 1, "cost": 0.0342, "incumbent": {"colsample_bytree": 1.0, "eta": 0.3, "max_depth": 10, "reg_lambda": 1.0}, "budget": 0, "origin": "Default"}
{"cpu_time": 31.123104333877563, "wallclock_time": 31.138068914413452, "evaluations": 10, "cost": 0.0308, "incumbent": {"colsample_bytree": 0.944553396390592, "eta": 0.7771105186723747, "max_depth": 4, "reg_lambda": 6.037064981686672}, "budget": 0, "origin": "Random Search"}
{"cpu_time": 92.57633066177368, "wallclock_time": 92.72112679481506, "evaluations": 57, "cost": 0.0294, "incumbent": {"colsample_bytree": 0.580351551034581, "eta": 0.4313368436612933, "max_depth": 4, "reg_lambda": 41.86020328617718}, "budget": 0, "origin": "Random Search"}
{"cpu_time": 105.13710951805115, "wallclock_time": 105.30550765991211, "evaluations": 64, "cost": 0.0292, "incumbent": {"colsample_bytree": 0.5569725902137237, "eta": 0.43617660629602417, "max_depth": 5, "reg_lambda": 0.3490054055185923}, "budget": 0, "origin": "Random Search"}
{"cpu_time": 397.53257274627686, "wallclock_time": 399.9296748638153, "evaluations": 313, "cost": 0.028, "incumbent": {"colsample_bytree": 0.2860082341792169, "eta": 0.19434266744920936, "max_depth": 4, "reg_lambda": 0.052876924876185394}, "budget": 0, "origin": "Random Search"}
