{"cpu_time": 0.0, "wallclock_time": 0.0014913082122802734, "evaluations": 0, "cost": 2147483648.0, "incumbent": ["max_depth='1'", "max_features='0.49276944529265165'", "min_samples_leaf='4'", "min_samples_split='9'"], "origin": "Sobol"}
{"cpu_time": 0.08472895622253418, "wallclock_time": 0.08710026741027832, "evaluations": 1, "cost": 0.5, "incumbent": ["max_depth='1'", "max_features='0.49276944529265165'", "min_samples_leaf='4'", "min_samples_split='9'"], "origin": "Sobol"}
{"cpu_time": 0.7274320125579834, "wallclock_time": 0.7356841564178467, "evaluations": 8, "cost": 0.4954, "incumbent": ["max_depth='9'", "max_features='0.24789578560739756'", "min_samples_leaf='6'", "min_samples_split='2'"], "origin": "Sobol"}
{"cpu_time": 1.1388092041015625, "wallclock_time": 1.1498560905456543, "evaluations": 11, "cost": 0.4907, "incumbent": ["max_depth='10'", "max_features='0.5'", "min_samples_leaf='1'", "min_samples_split='32'"], "origin": null}
{"cpu_time": 3.8742196559906006, "wallclock_time": 3.8989880084991455, "evaluations": 20, "cost": 0.4544, "incumbent": ["max_depth='11'", "max_features='0.9135355520993471'", "min_samples_leaf='2'", "min_samples_split='4'"], "origin": "Sobol"}
{"cpu_time": 27.120696544647217, "wallclock_time": 41.982258319854736, "evaluations": 120, "cost": 0.45, "incumbent": ["max_depth='12'", "max_features='0.5834728715570253'", "min_samples_leaf='3'", "min_samples_split='2'"], "origin": "Local Search"}
{"cpu_time": 28.214636087417603, "wallclock_time": 43.61201214790344, "evaluations": 126, "cost": 0.4267, "incumbent": ["max_depth='12'", "max_features='0.5804944604832554'", "min_samples_leaf='1'", "min_samples_split='2'"], "origin": "Local Search"}
{"cpu_time": 30.871121168136597, "wallclock_time": 48.90083622932434, "evaluations": 141, "cost": 0.4231, "incumbent": ["max_depth='28'", "max_features='0.5827929187817017'", "min_samples_leaf='1'", "min_samples_split='2'"], "origin": "Local Search"}
{"cpu_time": 42.40584945678711, "wallclock_time": 69.3540551662445, "evaluations": 206, "cost": 0.4217, "incumbent": ["max_depth='48'", "max_features='0.4719834616406901'", "min_samples_leaf='1'", "min_samples_split='2'"], "origin": "Local Search"}
