{"cpu_time": 0.0, "wallclock_time": 0.0005710124969482422, "evaluations": 0, "cost": 2147483648.0, "incumbent": ["C='0.08611366210550205'", "gamma='0.4942679928374453'"], "origin": "Sobol"}
{"cpu_time": 0.010386943817138672, "wallclock_time": 0.011638164520263672, "evaluations": 1, "cost": 0.5, "incumbent": ["C='0.08611366210550205'", "gamma='0.4942679928374453'"], "origin": "Sobol"}
