"CPU Time Used","Estimated Training Performance","Wallclock Time","Incumbent ID","Automatic Configurator (CPU) Time","Configuration..."
0.000000, 2147483648.000000, 0.000537, 1, 0.000537, alpha='0.00011227070295712931',eta0='0.0029096933833365197'
1.121732, 0.403900, 1.122983, 1, 0.001251, alpha='0.00011227070295712931',eta0='0.0029096933833365197'
45.539906, 0.395400, 47.770229, 2, 2.230323, alpha='1.9913037552844146e-05',eta0='0.002465211352803624'
72.505479, 0.395300, 78.157732, 3, 5.652253, alpha='1.9301361571223913e-05',eta0='0.0024816373868740815'
135.529595, 0.391200, 149.445282, 4, 13.915687, alpha='1.425317132206353e-05',eta0='0.0037239023334077626'
141.148185, 0.391200, 155.078642, 5, 13.930456, alpha='1.425317132206353e-05',eta0='0.003799613252377868'
