{"cpu_time": 0.0, "wallclock_time": 0.0014472007751464844, "evaluations": 0, "cost": 2147483648.0, "incumbent": {"colsample_bytree": 0.569966175314039, "eta": 0.009556882986489993, "max_depth": 3, "reg_lambda": 0.0020776820882921045}, "budget": 0, "origin": "Sobol"}
{"cpu_time": 0.9310798645019531, "wallclock_time": 0.9340839385986328, "evaluations": 1, "cost": 0.4883, "incumbent": {"colsample_bytree": 0.569966175314039, "eta": 0.009556882986489993, "max_depth": 3, "reg_lambda": 0.0020776820882921045}, "budget": 0, "origin": "Sobol"}
{"cpu_time": 1.4953103065490723, "wallclock_time": 1.5042989253997803, "evaluations": 7, "cost": 0.4124, "incumbent": {"colsample_bytree": 0.3878000834956765, "eta": 0.004721681612948408, "max_depth": 10, "reg_lambda": 0.09654112415362535}, "budget": 0, "origin": "Sobol"}
{"cpu_time": 2.4180245399475098, "wallclock_time": 2.429795980453491, "evaluations": 10, "cost": 0.3226, "incumbent": {"colsample_bytree": 1.0, "eta": 0.3, "max_depth": 10, "reg_lambda": 1.0}, "budget": 0, "origin": null}
{"cpu_time": 5.210301399230957, "wallclock_time": 10.414352178573608, "evaluations": 69, "cost": 0.3118, "incumbent": {"colsample_bytree": 1.0, "eta": 0.30000000000000004, "max_depth": 10, "reg_lambda": 1.014412884689931}, "budget": 0, "origin": "Local Search"}
{"cpu_time": 7.114657640457153, "wallclock_time": 25.67521095275879, "evaluations": 118, "cost": 0.3041, "incumbent": {"colsample_bytree": 1.0, "eta": 0.3000845311142318, "max_depth": 10, "reg_lambda": 1.014412884689931}, "budget": 0, "origin": "Local Search"}
{"cpu_time": 7.566725015640259, "wallclock_time": 28.424885034561157, "evaluations": 128, "cost": 0.2946, "incumbent": {"colsample_bytree": 1.0, "eta": 0.30000000000000004, "max_depth": 9, "reg_lambda": 0.010183545924948191}, "budget": 0, "origin": "Local Search"}
{"cpu_time": 13.474655389785767, "wallclock_time": 65.38231015205383, "evaluations": 278, "cost": 0.2859, "incumbent": {"colsample_bytree": 1.0, "eta": 0.29959519586242517, "max_depth": 9, "reg_lambda": 0.010211685676613938}, "budget": 0, "origin": "Local Search"}
{"cpu_time": 14.079454183578491, "wallclock_time": 70.77525496482849, "evaluations": 293, "cost": 0.2764, "incumbent": {"colsample_bytree": 1.0, "eta": 0.2995451222766682, "max_depth": 9, "reg_lambda": 0.010180003869747427}, "budget": 0, "origin": "Local Search"}
