"CPU Time Used","Estimated Training Performance","Wallclock Time","Incumbent ID","Automatic Configurator (CPU) Time","Configuration..."
0.000000, 2147483648.000000, 0.001447, 1, 0.001447, colsample_bytree='0.569966175314039',eta='0.009556882986489993',max_depth='3',reg_lambda='0.0020776820882921045'
0.931080, 0.488300, 0.934084, 1, 0.003004, colsample_bytree='0.569966175314039',eta='0.009556882986489993',max_depth='3',reg_lambda='0.0020776820882921045'
1.495310, 0.412400, 1.504299, 2, 0.008989, colsample_bytree='0.3878000834956765',eta='0.004721681612948408',max_depth='10',reg_lambda='0.09654112415362535'
2.418025, 0.322600, 2.429796, 3, 0.011771, colsample_bytree='1.0',eta='0.3',max_depth='10',reg_lambda='1.0'
5.210301, 0.311800, 10.414352, 4, 5.204051, colsample_bytree='1.0',eta='0.30000000000000004',max_depth='10',reg_lambda='1.014412884689931'
7.114658, 0.304100, 25.675211, 5, 18.560553, colsample_bytree='1.0',eta='0.3000845311142318',max_depth='10',reg_lambda='1.014412884689931'
7.566725, 0.294600, 28.424885, 6, 20.858160, colsample_bytree='1.0',eta='0.30000000000000004',max_depth='9',reg_lambda='0.010183545924948191'
13.474655, 0.285900, 65.382310, 7, 51.907655, colsample_bytree='1.0',eta='0.29959519586242517',max_depth='9',reg_lambda='0.010211685676613938'
14.079454, 0.276400, 70.775255, 8, 56.695801, colsample_bytree='1.0',eta='0.2995451222766682',max_depth='9',reg_lambda='0.010180003869747427'
