"CPU Time Used","Estimated Training Performance","Wallclock Time","Incumbent ID","Automatic Configurator (CPU) Time","Configuration..."
0.000000, 2147483648.000000, 0.000041, 1, 0.000041, C='1.0',gamma='0.1'
0.038068, 0.750000, 0.038769, 1, 0.000701, C='1.0',gamma='0.1'
0.241548, 0.313400, 0.247700, 2, 0.006152, C='1.746441318982685',gamma='0.0022547265063997683'
2.552731, 0.008000, 2.714189, 3, 0.161458, C='613.8366144551533',gamma='0.0010152179917278495'
