"CPU Time Used","Estimated Training Performance","Wallclock Time","Incumbent ID","Automatic Configurator (CPU) Time","Configuration..."
0.000000, 2147483648.000000, 0.000701, 1, 0.000701, alpha='0.00011227070295712931',eta0='0.0029096933833365197'
2.484905, 0.047500, 2.486648, 1, 0.001743, alpha='0.00011227070295712931',eta0='0.0029096933833365197'
42.215903, 0.040400, 42.243859, 2, 0.027956, alpha='1.715136253541309e-05',eta0='0.0001288871339815063'
54.489632, 0.038000, 54.526211, 3, 0.036579, alpha='0.001',eta0='0.01'
133.634578, 0.037600, 135.146004, 4, 1.511426, alpha='0.0010757484285955064',eta0='0.008791313773944357'
301.013923, 0.037600, 309.490574, 5, 8.476651, alpha='0.001264052658770172',eta0='0.009756365861136153'
