"CPU Time Used","Estimated Training Performance","Wallclock Time","Incumbent ID","Automatic Configurator (CPU) Time","Configuration..."
0.000000, 2147483648.000000, 0.000566, 1, 0.000566, C='1.3600811985592882',gamma='0.09352602871548096'
0.024393, 0.124700, 0.025672, 1, 0.001279, C='1.3600811985592882',gamma='0.09352602871548096'
0.805003, 0.103800, 0.824425, 2, 0.019422, C='206.50233439434604',gamma='0.9897482788196605'
1.193938, 0.029500, 1.543071, 3, 0.349133, C='174.4081995613828',gamma='0.15470318244345835'
