{"cpu_time": 0.0, "wallclock_time": 0.001377105712890625, "evaluations": 0, "cost": 2147483648.0, "incumbent": {"colsample_bytree": 0.2890479595400393, "eta": 0.02972240058848022, "max_depth": 1, "reg_lambda": 0.23594281684827217}, "budget": 0, "origin": "Sobol"}
{"cpu_time": 0.04419517517089844, "wallclock_time": 0.046511173248291016, "evaluations": 1, "cost": 0.75, "incumbent": {"colsample_bytree": 0.2890479595400393, "eta": 0.02972240058848022, "max_depth": 1, "reg_lambda": 0.23594281684827217}, "budget": 0, "origin": "Sobol"}
{"cpu_time": 0.23892927169799805, "wallclock_time": 0.24382424354553223, "evaluations": 4, "cost": 0.6001, "incumbent": {"colsample_bytree": 0.839533680677414, "eta": 0.03178815964339868, "max_depth": 7, "reg_lambda": 260.08137409645684}, "budget": 0, "origin": "Sobol"}
{"cpu_time": 0.5325703620910645, "wallclock_time": 0.539175271987915, "evaluations": 6, "cost": 0.0747, "incumbent": {"colsample_bytree": 1.0, "eta": 0.3, "max_depth": 10, "reg_lambda": 1.0}, "budget": 0, "origin": null}
{"cpu_time": 1.787888765335083, "wallclock_time": 1.8173613548278809, "evaluations": 23, "cost": 0.0446, "incumbent": {"colsample_bytree": 0.9814464318566024, "eta": 0.37123837434896595, "max_depth": 2, "reg_lambda": 12.502183486957058}, "budget": 0, "origin": "Sobol"}
{"cpu_time": 4.176533937454224, "wallclock_time": 5.884381294250488, "evaluations": 61, "cost": 0.0401, "incumbent": {"colsample_bytree": 0.9950405826819753, "eta": 0.4461169023508942, "max_depth": 2, "reg_lambda": 3.0805627080496034}, "budget": 0, "origin": "Local Search"}
{"cpu_time": 10.269420623779297, "wallclock_time": 36.86542725563049, "evaluations": 149, "cost": 0.0395, "incumbent": {"colsample_bytree": 0.9955966864516631, "eta": 0.33669538743621924, "max_depth": 2, "reg_lambda": 1.5092461666281567}, "budget": 0, "origin": "Local Search"}
{"cpu_time": 18.601876974105835, "wallclock_time": 77.82200622558594, "evaluations": 256, "cost": 0.0354, "incumbent": {"colsample_bytree": 0.9939422802590321, "eta": 0.10647966680857804, "max_depth": 8, "reg_lambda": 18.582425464846995}, "budget": 0, "origin": "Local Search"}
{"cpu_time": 22.26977038383484, "wallclock_time": 86.52078318595886, "evaluations": 277, "cost": 0.0344, "incumbent": {"colsample_bytree": 0.9938339088387482, "eta": 0.11653736684118887, "max_depth": 10, "reg_lambda": 18.582425464846995}, "budget": 0, "origin": "Local Search"}
