"CPU Time Used","Estimated Training Performance","Wallclock Time","Incumbent ID","Automatic Configurator (CPU) Time","Configuration..."
0.000000, 2147483648.000000, 0.001377, 1, 0.001377, colsample_bytree='0.2890479595400393',eta='0.02972240058848022',max_depth='1',reg_lambda='0.23594281684827217'
0.044195, 0.750000, 0.046511, 1, 0.002316, colsample_bytree='0.2890479595400393',eta='0.02972240058848022',max_depth='1',reg_lambda='0.23594281684827217'
0.238929, 0.600100, 0.243824, 2, 0.004895, colsample_bytree='0.839533680677414',eta='0.03178815964339868',max_depth='7',reg_lambda='260.08137409645684'
0.532570, 0.074700, 0.539175, 3, 0.006605, colsample_bytree='1.0',eta='0.3',max_depth='10',reg_lambda='1.0'
1.787889, 0.044600, 1.817361, 4, 0.029473, colsample_bytree='0.9814464318566024',eta='0.37123837434896595',max_depth='2',reg_lambda='12.502183486957058'
4.176534, 0.040100, 5.884381, 5, 1.707847, colsample_bytree='0.9950405826819753',eta='0.4461169023508942',max_depth='2',reg_lambda='3.0805627080496034'
10.269421, 0.039500, 36.865427, 6, 26.596007, colsample_bytree='0.9955966864516631',eta='0.33669538743621924',max_depth='2',reg_lambda='1.5092461666281567'
18.601877, 0.035400, 77.822006, 7, 59.220129, colsample_bytree='0.9939422802590321',eta='0.10647966680857804',max_depth='8',reg_lambda='18.582425464846995'
22.269770, 0.034400, 86.520783, 8, 64.251013, colsample_bytree='0.9938339088387482',eta='0.11653736684118887',max_depth='10',reg_lambda='18.582425464846995'
