{"cpu_time": 0.0, "wallclock_time": 0.000247955322265625, "evaluations": 0, "cost": 2147483648.0, "incumbent": ["C='0.08611366210550205'", "gamma='0.4942679928374453'"], "origin": "Sobol"}
{"cpu_time": 0.10895085334777832, "wallclock_time": 0.10983705520629883, "evaluations": 1, "cost": 0.7822, "incumbent": ["C='0.08611366210550205'", "gamma='0.4942679928374453'"], "origin": "Sobol"}
