"CPU Time Used","Estimated Training Performance","Wallclock Time","Incumbent ID","Automatic Configurator (CPU) Time","Configuration..."
0.000000, 2147483648.000000, 0.000248, 1, 0.000248, C='0.08611366210550205',gamma='0.4942679928374453'
0.108951, 0.782200, 0.109837, 1, 0.000886, C='0.08611366210550205',gamma='0.4942679928374453'
