{
  "mean_cost": 0.14774445163781758,
  "finished_ta_runs": 2,
  "inc_changed": 1,
  "n_configs": 1,
  "submitted_ta_runs": 2,
  "ta_time_used": 0.1040041446685791,
  "wallclock_time_used": 0.10612821578979492,
  "dataset_id": 29,
  "perf_time": 0.11200795800004926
}