{
  "mean_cost": 0.3476031008894786,
  "finished_ta_runs": 300,
  "inc_changed": 5,
  "n_configs": 157,
  "submitted_ta_runs": 300,
  "ta_time_used": 45.005308628082275,
  "wallclock_time_used": 87.46504998207092,
  "dataset_id": 53,
  "perf_time": 87.47800649999408
}