"CPU Time Used","Estimated Training Performance","Wallclock Time","Incumbent ID","Automatic Configurator (CPU) Time","Configuration..."
0.000000, 2147483648.000000, 0.000035, 1, 0.000035, C='1.0',gamma='0.1'
0.006636, 0.500000, 0.007224, 1, 0.000588, C='1.0',gamma='0.1'
0.219974, 0.111100, 0.259799, 2, 0.039825, C='16.640050128980878',gamma='0.02787815770602151'
1.155517, 0.059800, 1.630163, 3, 0.474646, C='60.892090133809305',gamma='0.01973920087189567'
