{"cpu_time": 0.0, "wallclock_time": 0.0014889240264892578, "evaluations": 0, "cost": 2147483648.0, "incumbent": {"colsample_bytree": 0.569966175314039, "eta": 0.009556882986489993, "max_depth": 3, "reg_lambda": 0.0020776820882921045}, "budget": 0, "origin": "Sobol"}
{"cpu_time": 2.2152059078216553, "wallclock_time": 2.217787981033325, "evaluations": 1, "cost": 0.1892, "incumbent": {"colsample_bytree": 0.569966175314039, "eta": 0.009556882986489993, "max_depth": 3, "reg_lambda": 0.0020776820882921045}, "budget": 0, "origin": "Sobol"}
{"cpu_time": 19.717018365859985, "wallclock_time": 19.726900100708008, "evaluations": 7, "cost": 0.0873, "incumbent": {"colsample_bytree": 0.3878000834956765, "eta": 0.004721681612948408, "max_depth": 10, "reg_lambda": 0.09654112415362535}, "budget": 0, "origin": "Sobol"}
{"cpu_time": 54.79295301437378, "wallclock_time": 54.81891703605652, "evaluations": 18, "cost": 0.0816, "incumbent": {"colsample_bytree": 0.5071276918053628, "eta": 0.18054041228993647, "max_depth": 4, "reg_lambda": 0.7014077911957106}, "budget": 0, "origin": "Sobol"}
{"cpu_time": 91.55660390853882, "wallclock_time": 91.60550999641418, "evaluations": 31, "cost": 0.0779, "incumbent": {"colsample_bytree": 0.2573687224648893, "eta": 0.6313084526826623, "max_depth": 6, "reg_lambda": 4.454046125229204}, "budget": 0, "origin": "Sobol"}
{"cpu_time": 153.24210953712463, "wallclock_time": 153.36488890647888, "evaluations": 60, "cost": 0.0764, "incumbent": {"colsample_bytree": 0.1936281332746148, "eta": 0.01073664020918446, "max_depth": 6, "reg_lambda": 0.21345224923911993}, "budget": 0, "origin": "Sobol"}
{"cpu_time": 180.22206139564514, "wallclock_time": 181.05758500099182, "evaluations": 74, "cost": 0.0733, "incumbent": {"colsample_bytree": 0.6033588333592554, "eta": 0.3729926844513351, "max_depth": 2, "reg_lambda": 0.034371746837552945}, "budget": 0, "origin": "Local Search"}
{"cpu_time": 236.46386003494263, "wallclock_time": 252.8902349472046, "evaluations": 106, "cost": 0.0728, "incumbent": {"colsample_bytree": 0.6030560458358358, "eta": 0.33671768646730715, "max_depth": 2, "reg_lambda": 0.0035278175148208447}, "budget": 0, "origin": "Local Search"}
{"cpu_time": 289.2983651161194, "wallclock_time": 320.1542589664459, "evaluations": 140, "cost": 0.0709, "incumbent": {"colsample_bytree": 0.15421531873193986, "eta": 0.08513527636432844, "max_depth": 5, "reg_lambda": 0.03445047409363819}, "budget": 0, "origin": "Local Search"}
{"cpu_time": 309.40333580970764, "wallclock_time": 348.83246183395386, "evaluations": 154, "cost": 0.0646, "incumbent": {"colsample_bytree": 0.12166269095381664, "eta": 0.08534063579553985, "max_depth": 6, "reg_lambda": 0.03374158628331297}, "budget": 0, "origin": "Local Search"}
{"cpu_time": 330.97628927230835, "wallclock_time": 375.95446372032166, "evaluations": 166, "cost": 0.064, "incumbent": {"colsample_bytree": 0.1201840995581763, "eta": 0.08477747669599345, "max_depth": 6, "reg_lambda": 0.001024625905389458}, "budget": 0, "origin": "Local Search"}
{"cpu_time": 377.1929337978363, "wallclock_time": 442.27991485595703, "evaluations": 199, "cost": 0.0637, "incumbent": {"colsample_bytree": 0.1433061173074342, "eta": 0.08528155795839036, "max_depth": 9, "reg_lambda": 0.0011301498694710993}, "budget": 0, "origin": "Local Search"}
{"cpu_time": 411.33821964263916, "wallclock_time": 487.21888399124146, "evaluations": 218, "cost": 0.0629, "incumbent": {"colsample_bytree": 0.1433061173074342, "eta": 0.08532856187018849, "max_depth": 10, "reg_lambda": 0.0011501979365991211}, "budget": 0, "origin": "Local Search"}
