{
  "mean_cost": 0.24703452802273793,
  "finished_ta_runs": 300,
  "inc_changed": 4,
  "n_configs": 96,
  "submitted_ta_runs": 300,
  "ta_time_used": 779.1860616207123,
  "wallclock_time_used": 808.9838478565216,
  "dataset_id": 2074,
  "perf_time": 808.9952628330066
}