"CPU Time Used","Estimated Training Performance","Wallclock Time","Incumbent ID","Automatic Configurator (CPU) Time","Configuration..."
0.000000, 2147483648.000000, 0.000618, 1, 0.000618, alpha='0.0040824718253228975',eta0='0.00044195488125554607'
0.782755, 0.108600, 0.786830, 1, 0.004075, alpha='0.0040824718253228975',eta0='0.00044195488125554607'
4.968065, 0.104700, 4.978346, 2, 0.010281, alpha='2.1186147948258377e-05',eta0='8.558614272324676e-05'
14.127760, 0.102500, 14.151688, 3, 0.023928, alpha='0.000182884801566337',eta0='0.0008272593854647256'
21.120650, 0.101500, 21.159339, 4, 0.038689, alpha='5.872228902171585e-05',eta0='0.00027724604623741747'
