{
  "mean_cost": 0.025157488867166233,
  "finished_ta_runs": 2,
  "inc_changed": 1,
  "n_configs": 1,
  "submitted_ta_runs": 2,
  "ta_time_used": 0.1590561866760254,
  "wallclock_time_used": 0.16391396522521973,
  "dataset_id": 15,
  "perf_time": 0.21903604199997062
}