{
  "mean_cost": 0.5000119474313023,
  "finished_ta_runs": 300,
  "inc_changed": 1,
  "n_configs": 63,
  "submitted_ta_runs": 300,
  "ta_time_used": 10.681691646575928,
  "wallclock_time_used": 24.011921882629395,
  "dataset_id": 3902,
  "perf_time": 24.026305917010177
}