{"cpu_time": 0.0, "wallclock_time": 0.0006561279296875, "evaluations": 0, "cost": 2147483648.0, "incumbent": ["alpha='0.0040824718253228975'", "eta0='0.00044195488125554607'"], "origin": "Sobol"}
{"cpu_time": 3.1531171798706055, "wallclock_time": 3.1546900272369385, "evaluations": 1, "cost": 0.8, "incumbent": ["alpha='0.0040824718253228975'", "eta0='0.00044195488125554607'"], "origin": "Sobol"}
{"cpu_time": 12.909769773483276, "wallclock_time": 12.914112091064453, "evaluations": 4, "cost": 0.7315, "incumbent": ["alpha='0.0007534803600179209'", "eta0='0.01638324291048883'"], "origin": "Sobol"}
{"cpu_time": 64.61050868034363, "wallclock_time": 64.63172817230225, "evaluations": 20, "cost": 0.6908, "incumbent": ["alpha='0.000182884801566337'", "eta0='0.0008272593854647256'"], "origin": "Sobol"}
{"cpu_time": 233.7184283733368, "wallclock_time": 239.27365612983704, "evaluations": 72, "cost": 0.6906, "incumbent": ["alpha='0.00036351729614059945'", "eta0='0.0012322834288741814'"], "origin": "Local Search"}
{"cpu_time": 266.1477928161621, "wallclock_time": 272.85746002197266, "evaluations": 82, "cost": 0.6902, "incumbent": ["alpha='0.0003242972681854286'", "eta0='0.0009954005663488467'"], "origin": "Local Search"}
{"cpu_time": 527.0739352703094, "wallclock_time": 549.5716750621796, "evaluations": 162, "cost": 0.6902, "incumbent": ["alpha='0.00032361082854581025'", "eta0='0.0009798909458321298'"], "origin": "Local Search"}
{"cpu_time": 627.0839624404907, "wallclock_time": 655.3776819705963, "evaluations": 193, "cost": 0.6901, "incumbent": ["alpha='0.00032526189426039694'", "eta0='0.0009982439200644315'"], "origin": "Local Search"}
{"cpu_time": 783.6247563362122, "wallclock_time": 824.5572621822357, "evaluations": 241, "cost": 0.69, "incumbent": ["alpha='1.1907343841980431e-05'", "eta0='0.00044213969359544375'"], "origin": "Local Search"}
{"cpu_time": 851.7718279361725, "wallclock_time": 899.2519118785858, "evaluations": 262, "cost": 0.69, "incumbent": ["alpha='1.0630753935594778e-05'", "eta0='0.00044040146128128757'"], "origin": "Local Search"}
