{
  "mean_cost": 0.4455779236195902,
  "finished_ta_runs": 300,
  "inc_changed": 7,
  "n_configs": 146,
  "submitted_ta_runs": 300,
  "ta_time_used": 9.04445481300354,
  "wallclock_time_used": 63.81621479988098,
  "dataset_id": 125920,
  "perf_time": 63.827004749997286
}