{"cpu_time": 0.0, "wallclock_time": 0.0015370845794677734, "evaluations": 0, "cost": 2147483648.0, "incumbent": {"max_depth": 2, "max_features": 0.4491682695224881, "min_samples_leaf": 1, "min_samples_split": 4}, "budget": 0, "origin": "Sobol"}
{"cpu_time": 0.0720980167388916, "wallclock_time": 0.07454299926757812, "evaluations": 1, "cost": 0.2868, "incumbent": {"max_depth": 2, "max_features": 0.4491682695224881, "min_samples_leaf": 1, "min_samples_split": 4}, "budget": 0, "origin": "Sobol"}
{"cpu_time": 0.5327863693237305, "wallclock_time": 0.5451011657714844, "evaluations": 8, "cost": 0.2903, "incumbent": {"max_depth": 9, "max_features": 0.10657401569187641, "min_samples_leaf": 8, "min_samples_split": 6}, "budget": 0, "origin": "Sobol"}
{"cpu_time": 0.756486177444458, "wallclock_time": 0.7717289924621582, "evaluations": 11, "cost": 0.2851, "incumbent": {"max_depth": 10, "max_features": 0.5, "min_samples_leaf": 1, "min_samples_split": 32}, "budget": 0, "origin": null}
{"cpu_time": 1.732370138168335, "wallclock_time": 1.761780023574829, "evaluations": 23, "cost": 0.2738, "incumbent": {"max_depth": 7, "max_features": 0.8544756416231394, "min_samples_leaf": 3, "min_samples_split": 9}, "budget": 0, "origin": "Sobol"}
{"cpu_time": 3.8286728858947754, "wallclock_time": 3.9047491550445557, "evaluations": 51, "cost": 0.2513, "incumbent": {"max_depth": 46, "max_features": 0.7485423665493727, "min_samples_leaf": 1, "min_samples_split": 7}, "budget": 0, "origin": "Sobol"}
{"cpu_time": 5.328255653381348, "wallclock_time": 6.554428815841675, "evaluations": 71, "cost": 0.247, "incumbent": {"max_depth": 46, "max_features": 0.40096682533969596, "min_samples_leaf": 1, "min_samples_split": 6}, "budget": 0, "origin": "Local Search"}
{"cpu_time": 6.535423040390015, "wallclock_time": 10.8231360912323, "evaluations": 85, "cost": 0.2361, "incumbent": {"max_depth": 46, "max_features": 0.8237157880778012, "min_samples_leaf": 1, "min_samples_split": 5}, "budget": 0, "origin": "Local Search"}
{"cpu_time": 10.201245069503784, "wallclock_time": 22.535322904586792, "evaluations": 120, "cost": 0.2351, "incumbent": {"max_depth": 47, "max_features": 0.8230218602796704, "min_samples_leaf": 1, "min_samples_split": 4}, "budget": 0, "origin": "Local Search"}
