{
  "mean_cost": 0.15692764413247906,
  "finished_ta_runs": 1,
  "inc_changed": 1,
  "n_configs": 1,
  "submitted_ta_runs": 1,
  "ta_time_used": 0.018474102020263672,
  "wallclock_time_used": 0.019932985305786133,
  "dataset_id": 29,
  "perf_time": 0.025480374999972355
}