"CPU Time Used","Estimated Training Performance","Wallclock Time","Incumbent ID","Automatic Configurator (CPU) Time","Configuration..."
0.000000, 2147483648.000000, 0.000158, 1, 0.000158, alpha='0.001',eta0='0.01'
0.065100, 0.257300, 0.067293, 1, 0.002193, alpha='0.001',eta0='0.01'
0.325339, 0.224000, 0.339069, 2, 0.013730, alpha='0.08477318530405828',eta0='1.1349690026383863e-05'
1.476964, 0.245700, 1.546719, 3, 0.069756, alpha='2.7335319104944513e-05',eta0='1.1848235705025143e-05'
3.872888, 0.239800, 4.153304, 4, 0.280416, alpha='0.0006315750646160033',eta0='4.428886669551368e-05'
