{
  "data": [
    [
      [
        1,
        null,
        1799960134,
        0.0
      ],
      [
        0.3083957496041895,
        0.016603946685791016,
        {
          "__enum__": "StatusType.SUCCESS"
        },
        1674420895.8448288,
        1674420895.861438,
        {}
      ]
    ]
  ],
  "config_origins": {
    "1": "Sobol"
  },
  "configs": {
    "1": {
      "colsample_bytree": 0.2890479595400393,
      "eta": 0.02972240058848022,
      "max_depth": 1,
      "reg_lambda": 0.23594281684827217
    }
  }
}