"CPU Time Used","Estimated Training Performance","Wallclock Time","Incumbent ID","Automatic Configurator (CPU) Time","Configuration..."
0.000000, 2147483648.000000, 0.000576, 1, 0.000576, C='0.017961675793542162',gamma='0.9046232030638993'
0.050425, 0.500000, 0.051796, 1, 0.001371, C='0.017961675793542162',gamma='0.9046232030638993'
0.169509, 0.488900, 0.173239, 2, 0.003730, C='61.71933670840937',gamma='1.0864412265106145'
0.409754, 0.461100, 0.418266, 3, 0.008512, C='12.958180650233897',gamma='0.01207858159167579'
