{
  "data": [
    [
      [
        1,
        null,
        330054389,
        0.0
      ],
      [
        0.604514241146743,
        3.050915002822876,
        {
          "__enum__": "StatusType.SUCCESS"
        },
        1674419902.368669,
        1674419905.41959,
        {}
      ]
    ]
  ],
  "config_origins": {
    "1": "Sobol"
  },
  "configs": {
    "1": {
      "colsample_bytree": 0.569966175314039,
      "eta": 0.009556882986489993,
      "max_depth": 3,
      "reg_lambda": 0.0020776820882921045
    }
  }
}