{
  "mean_cost": 0.022864701436129953,
  "finished_ta_runs": 1,
  "inc_changed": 1,
  "n_configs": 1,
  "submitted_ta_runs": 1,
  "ta_time_used": 0.025339841842651367,
  "wallclock_time_used": 0.026861190795898438,
  "dataset_id": 10093,
  "perf_time": 0.057451833999948576
}