{
  "mean_cost": 0.5078607503607504,
  "finished_ta_runs": 1,
  "inc_changed": 1,
  "n_configs": 1,
  "submitted_ta_runs": 1,
  "ta_time_used": 0.03613901138305664,
  "wallclock_time_used": 0.03760409355163574,
  "dataset_id": 2079,
  "perf_time": 0.043258416999378824
}