{
  "mean_cost": 0.3625636574074074,
  "finished_ta_runs": 300,
  "inc_changed": 2,
  "n_configs": 146,
  "submitted_ta_runs": 300,
  "ta_time_used": 7.5458455085754395,
  "wallclock_time_used": 97.98452877998352,
  "dataset_id": 3913,
  "perf_time": 97.99560620800185
}