{"cpu_time": 0.0, "wallclock_time": 4.8160552978515625e-05, "evaluations": 0, "cost": 2147483648.0, "incumbent": {"C": 1.0, "gamma": 0.1}, "budget": 0, "origin": "Default"}
{"cpu_time": 0.4876699447631836, "wallclock_time": 0.4884970188140869, "evaluations": 1, "cost": 0.2744, "incumbent": {"C": 1.0, "gamma": 0.1}, "budget": 0, "origin": "Default"}
{"cpu_time": 2.075479745864868, "wallclock_time": 2.0791971683502197, "evaluations": 4, "cost": 0.1379, "incumbent": {"C": 167.43465269107315, "gamma": 0.010473312293162985}, "budget": 0, "origin": "Random Search"}
{"cpu_time": 22.877198457717896, "wallclock_time": 22.972811937332153, "evaluations": 55, "cost": 0.1285, "incumbent": {"C": 679.0325401248423, "gamma": 0.0030357544050474464}, "budget": 0, "origin": "Random Search"}
{"cpu_time": 26.638358116149902, "wallclock_time": 26.756639003753662, "evaluations": 65, "cost": 0.1274, "incumbent": {"C": 31.98069251892415, "gamma": 0.006028621975505069}, "budget": 0, "origin": "Random Search"}
{"cpu_time": 73.57417678833008, "wallclock_time": 74.21073818206787, "evaluations": 183, "cost": 0.1123, "incumbent": {"C": 32.813454176385534, "gamma": 0.001178310423896086}, "budget": 0, "origin": "Random Search"}
{"cpu_time": 114.62198376655579, "wallclock_time": 116.01277112960815, "evaluations": 287, "cost": 0.1117, "incumbent": {"C": 133.8164376100696, "gamma": 0.001570388453203586}, "budget": 0, "origin": "Random Search"}
{"cpu_time": 159.64293885231018, "wallclock_time": 162.15891289710999, "evaluations": 397, "cost": 0.104, "incumbent": {"C": 602.4786779835428, "gamma": 0.0011033932408327032}, "budget": 0, "origin": "Random Search"}
