"CPU Time Used","Estimated Training Performance","Wallclock Time","Incumbent ID","Automatic Configurator (CPU) Time","Configuration..."
0.000000, 2147483648.000000, 0.000048, 1, 0.000048, C='1.0',gamma='0.1'
0.487670, 0.274400, 0.488497, 1, 0.000827, C='1.0',gamma='0.1'
2.075480, 0.137900, 2.079197, 2, 0.003717, C='167.43465269107315',gamma='0.010473312293162985'
22.877198, 0.128500, 22.972812, 3, 0.095613, C='679.0325401248423',gamma='0.0030357544050474464'
26.638358, 0.127400, 26.756639, 4, 0.118281, C='31.98069251892415',gamma='0.006028621975505069'
73.574177, 0.112300, 74.210738, 5, 0.636561, C='32.813454176385534',gamma='0.001178310423896086'
114.621984, 0.111700, 116.012771, 6, 1.390787, C='133.8164376100696',gamma='0.001570388453203586'
159.642939, 0.104000, 162.158913, 7, 2.515974, C='602.4786779835428',gamma='0.0011033932408327032'
