{"cpu_time": 0.0, "wallclock_time": 0.0016078948974609375, "evaluations": 0, "cost": 2147483648.0, "incumbent": {"max_depth": 2, "max_features": 0.4491682695224881, "min_samples_leaf": 1, "min_samples_split": 4}, "budget": 0, "origin": "Sobol"}
{"cpu_time": 0.14717388153076172, "wallclock_time": 0.1498579978942871, "evaluations": 1, "cost": 0.4974, "incumbent": {"max_depth": 2, "max_features": 0.4491682695224881, "min_samples_leaf": 1, "min_samples_split": 4}, "budget": 0, "origin": "Sobol"}
{"cpu_time": 1.4007689952850342, "wallclock_time": 1.4061598777770996, "evaluations": 4, "cost": 0.1636, "incumbent": {"max_depth": 17, "max_features": 0.6137791713699698, "min_samples_leaf": 16, "min_samples_split": 18}, "budget": 0, "origin": "Sobol"}
{"cpu_time": 8.355525493621826, "wallclock_time": 8.373863935470581, "evaluations": 17, "cost": 0.1465, "incumbent": {"max_depth": 7, "max_features": 0.8544756416231394, "min_samples_leaf": 3, "min_samples_split": 9}, "budget": 0, "origin": "Sobol"}
{"cpu_time": 23.186405181884766, "wallclock_time": 23.249805688858032, "evaluations": 48, "cost": 0.1374, "incumbent": {"max_depth": 46, "max_features": 0.7485423665493727, "min_samples_leaf": 1, "min_samples_split": 7}, "budget": 0, "origin": "Sobol"}
{"cpu_time": 137.42319011688232, "wallclock_time": 175.7348029613495, "evaluations": 173, "cost": 0.1359, "incumbent": {"max_depth": 23, "max_features": 0.7600553540951313, "min_samples_leaf": 1, "min_samples_split": 5}, "budget": 0, "origin": "Local Search"}
