"CPU Time Used","Estimated Training Performance","Wallclock Time","Incumbent ID","Automatic Configurator (CPU) Time","Configuration..."
0.000000, 2147483648.000000, 0.000249, 1, 0.000249, alpha='0.0004126639093412234',eta0='0.0017613324954003418'
9.238147, 0.262700, 9.239158, 1, 0.001011, alpha='0.0004126639093412234',eta0='0.0017613324954003418'
