"CPU Time Used","Estimated Training Performance","Wallclock Time","Incumbent ID","Automatic Configurator (CPU) Time","Configuration..."
0.000000, 2147483648.000000, 0.000040, 1, 0.000040, alpha='0.001',eta0='0.01'
0.241391, 0.491700, 0.242101, 1, 0.000710, alpha='0.001',eta0='0.01'
2.384223, 0.390100, 2.396603, 2, 0.012379, alpha='1.8419909509685855e-05',eta0='0.05046106065359831'
7.641370, 0.387400, 7.693847, 3, 0.052477, alpha='2.2549688115947852e-05',eta0='0.04153687300299965'
98.281717, 0.382600, 101.003635, 4, 2.721918, alpha='1.0647649912830236e-05',eta0='0.033495614074799764'
