{"cpu_time": 0.0, "wallclock_time": 3.218650817871094e-05, "evaluations": 0, "cost": 2147483648.0, "incumbent": {"alpha": 0.001, "eta0": 0.01}, "budget": 0, "origin": "Default"}
{"cpu_time": 0.7128558158874512, "wallclock_time": 0.7135272026062012, "evaluations": 1, "cost": 0.107, "incumbent": {"alpha": 0.001, "eta0": 0.01}, "budget": 0, "origin": "Default"}
