"CPU Time Used","Estimated Training Performance","Wallclock Time","Incumbent ID","Automatic Configurator (CPU) Time","Configuration..."
0.000000, 2147483648.000000, 0.000594, 1, 0.000594, C='0.017961675793542162',gamma='0.9046232030638993'
0.437195, 0.127800, 0.438594, 1, 0.001399, C='0.017961675793542162',gamma='0.9046232030638993'
1.028872, 0.004300, 1.032639, 2, 0.003767, C='61.71933670840937',gamma='1.0864412265106145'
4.364214, 0.002700, 4.380645, 3, 0.016431, C='198.6613474689375',gamma='0.09318781769031856'
16.349175, 0.002000, 18.161345, 4, 1.812170, C='297.36591312608823',gamma='0.1640125459529848'
