"CPU Time Used","Estimated Training Performance","Wallclock Time","Incumbent ID","Automatic Configurator (CPU) Time","Configuration..."
0.000000, 2147483648.000000, 0.000557, 1, 0.000557, C='0.08611366210550205',gamma='0.4942679928374453'
0.025573, 0.833300, 0.026842, 1, 0.001269, C='0.08611366210550205',gamma='0.4942679928374453'
0.080516, 0.791600, 0.083963, 2, 0.003447, C='19.433598606658386',gamma='9.232350409327609'
0.103603, 0.764600, 0.108503, 3, 0.004900, C='1.0',gamma='0.1'
0.481378, 0.733800, 0.510498, 4, 0.029119, C='76.5060885254147',gamma='0.08851540004701101'
2.171394, 0.725200, 7.263418, 5, 5.092024, C='324.6047737323339',gamma='0.03664936041307464'
2.698411, 0.721700, 9.154876, 6, 6.456465, C='320.72468013402727',gamma='0.03784824957379898'
4.879017, 0.720500, 14.969757, 7, 10.090740, C='320.50737830195624',gamma='0.037503187335310384'
7.546406, 0.717400, 22.951729, 8, 15.405323, C='339.3923831566646',gamma='0.03747146078609763'
