{
  "mean_cost": 0.2067921129058448,
  "finished_ta_runs": 300,
  "inc_changed": 6,
  "n_configs": 194,
  "submitted_ta_runs": 300,
  "ta_time_used": 275.19140005111694,
  "wallclock_time_used": 354.97917103767395,
  "dataset_id": 146817,
  "perf_time": 354.99358887500057
}