"CPU Time Used","Estimated Training Performance","Wallclock Time","Incumbent ID","Automatic Configurator (CPU) Time","Configuration..."
0.000000, 2147483648.000000, 0.000479, 1, 0.000479, C='0.08611366210550205',gamma='0.4942679928374453'
193.009706, 0.660600, 193.011337, 1, 0.001631, C='0.08611366210550205',gamma='0.4942679928374453'
