{"cpu_time": 0.0, "wallclock_time": 0.00047898292541503906, "evaluations": 0, "cost": 2147483648.0, "incumbent": {"C": 0.08611366210550205, "gamma": 0.4942679928374453}, "budget": 0, "origin": "Sobol"}
{"cpu_time": 193.00970602035522, "wallclock_time": 193.01133680343628, "evaluations": 1, "cost": 0.6606, "incumbent": {"C": 0.08611366210550205, "gamma": 0.4942679928374453}, "budget": 0, "origin": "Sobol"}
