"CPU Time Used","Estimated Training Performance","Wallclock Time","Incumbent ID","Automatic Configurator (CPU) Time","Configuration..."
0.000000, 2147483648.000000, 0.000043, 1, 0.000043, alpha='0.001',eta0='0.01'
5.552700, 0.093500, 5.553486, 1, 0.000786, alpha='0.001',eta0='0.01'
78.128310, 0.094500, 78.148560, 2, 0.020250, alpha='0.028387033006830095',eta0='0.0034936207237134015'
133.998195, 0.090000, 134.036991, 3, 0.038796, alpha='0.008069975154575677',eta0='0.0002621113477187414'
329.317051, 0.087500, 329.456177, 4, 0.139125, alpha='0.00654487245349877',eta0='0.0003997328444419544'
564.365802, 0.083600, 564.683219, 5, 0.317417, alpha='0.018348547395235892',eta0='0.0012250924590423776'
2637.259476, 0.083100, 2641.982403, 6, 4.722927, alpha='0.017503053420290564',eta0='0.0013851858022475869'
2748.921613, 0.082500, 2754.009935, 7, 5.088322, alpha='0.014883261405876208',eta0='0.0005698404014745569'
