{"cpu_time": 0.0, "wallclock_time": 0.0016090869903564453, "evaluations": 0, "cost": 2147483648.0, "incumbent": {"max_depth": 2, "max_features": 0.4491682695224881, "min_samples_leaf": 1, "min_samples_split": 4}, "budget": 0, "origin": "Sobol"}
{"cpu_time": 0.2408761978149414, "wallclock_time": 0.24348711967468262, "evaluations": 1, "cost": 0.3729, "incumbent": {"max_depth": 2, "max_features": 0.4491682695224881, "min_samples_leaf": 1, "min_samples_split": 4}, "budget": 0, "origin": "Sobol"}
{"cpu_time": 2.7038307189941406, "wallclock_time": 2.7092721462249756, "evaluations": 4, "cost": 0.0554, "incumbent": {"max_depth": 17, "max_features": 0.6137791713699698, "min_samples_leaf": 16, "min_samples_split": 18}, "budget": 0, "origin": "Sobol"}
{"cpu_time": 12.929840803146362, "wallclock_time": 12.949991941452026, "evaluations": 18, "cost": 0.0531, "incumbent": {"max_depth": 44, "max_features": 0.3626425629481673, "min_samples_leaf": 15, "min_samples_split": 31}, "budget": 0, "origin": "Sobol"}
{"cpu_time": 25.65111494064331, "wallclock_time": 25.689611196517944, "evaluations": 32, "cost": 0.0474, "incumbent": {"max_depth": 13, "max_features": 0.6508769644424319, "min_samples_leaf": 11, "min_samples_split": 3}, "budget": 0, "origin": "Sobol"}
{"cpu_time": 42.67715001106262, "wallclock_time": 42.74173307418823, "evaluations": 48, "cost": 0.0305, "incumbent": {"max_depth": 46, "max_features": 0.7485423665493727, "min_samples_leaf": 1, "min_samples_split": 7}, "budget": 0, "origin": "Sobol"}
{"cpu_time": 63.09574007987976, "wallclock_time": 65.12973117828369, "evaluations": 69, "cost": 0.0268, "incumbent": {"max_depth": 46, "max_features": 0.2988183942746699, "min_samples_leaf": 1, "min_samples_split": 7}, "budget": 0, "origin": "Local Search"}
{"cpu_time": 71.04085183143616, "wallclock_time": 79.6999340057373, "evaluations": 88, "cost": 0.0235, "incumbent": {"max_depth": 45, "max_features": 0.30101943805203935, "min_samples_leaf": 1, "min_samples_split": 2}, "budget": 0, "origin": "Local Search"}
