{"cpu_time": 0.0, "wallclock_time": 0.0015180110931396484, "evaluations": 0, "cost": 2147483648.0, "incumbent": ["max_depth='1'", "max_features='0.49276944529265165'", "min_samples_leaf='4'", "min_samples_split='9'"], "origin": "Sobol"}
{"cpu_time": 0.23783397674560547, "wallclock_time": 0.24040889739990234, "evaluations": 1, "cost": 0.3102, "incumbent": ["max_depth='1'", "max_features='0.49276944529265165'", "min_samples_leaf='4'", "min_samples_split='9'"], "origin": "Sobol"}
{"cpu_time": 1.3152570724487305, "wallclock_time": 1.321760892868042, "evaluations": 4, "cost": 0.0468, "incumbent": ["max_depth='22'", "max_features='0.502463330514729'", "min_samples_leaf='18'", "min_samples_split='83'"], "origin": "Sobol"}
{"cpu_time": 2.2485411167144775, "wallclock_time": 2.2613649368286133, "evaluations": 6, "cost": 0.0244, "incumbent": ["max_depth='10'", "max_features='0.5'", "min_samples_leaf='1'", "min_samples_split='32'"], "origin": null}
{"cpu_time": 16.266302824020386, "wallclock_time": 16.33314085006714, "evaluations": 33, "cost": 0.0206, "incumbent": ["max_depth='14'", "max_features='0.5856096064671874'", "min_samples_leaf='7'", "min_samples_split='20'"], "origin": "Sobol"}
{"cpu_time": 20.68490767478943, "wallclock_time": 20.771130800247192, "evaluations": 41, "cost": 0.0156, "incumbent": ["max_depth='35'", "max_features='0.653578007593751'", "min_samples_leaf='3'", "min_samples_split='2'"], "origin": "Sobol"}
{"cpu_time": 28.52908158302307, "wallclock_time": 28.65623188018799, "evaluations": 53, "cost": 0.0153, "incumbent": ["max_depth='25'", "max_features='0.7711025746539235'", "min_samples_leaf='1'", "min_samples_split='10'"], "origin": "Sobol"}
{"cpu_time": 39.00393748283386, "wallclock_time": 41.724626779556274, "evaluations": 70, "cost": 0.0148, "incumbent": ["max_depth='46'", "max_features='0.7783151685038248'", "min_samples_leaf='2'", "min_samples_split='4'"], "origin": "Local Search"}
{"cpu_time": 53.37040686607361, "wallclock_time": 58.96492576599121, "evaluations": 86, "cost": 0.0141, "incumbent": ["max_depth='25'", "max_features='0.7699394524815999'", "min_samples_leaf='1'", "min_samples_split='4'"], "origin": "Local Search"}
{"cpu_time": 98.53227996826172, "wallclock_time": 115.11012768745422, "evaluations": 134, "cost": 0.0135, "incumbent": ["max_depth='25'", "max_features='0.6467098009996045'", "min_samples_leaf='1'", "min_samples_split='3'"], "origin": "Local Search"}
{"cpu_time": 103.11240601539612, "wallclock_time": 120.28309392929077, "evaluations": 140, "cost": 0.0129, "incumbent": ["max_depth='23'", "max_features='0.7134915749200705'", "min_samples_leaf='1'", "min_samples_split='3'"], "origin": "Local Search"}
{"cpu_time": 113.71310091018677, "wallclock_time": 134.32421875, "evaluations": 154, "cost": 0.0128, "incumbent": ["max_depth='14'", "max_features='0.7105124632563398'", "min_samples_leaf='1'", "min_samples_split='3'"], "origin": "Local Search"}
{"cpu_time": 168.28777170181274, "wallclock_time": 203.3778998851776, "evaluations": 223, "cost": 0.0125, "incumbent": ["max_depth='50'", "max_features='0.6761466902395725'", "min_samples_leaf='1'", "min_samples_split='3'"], "origin": "Local Search"}
