"CPU Time Used","Estimated Training Performance","Wallclock Time","Incumbent ID","Automatic Configurator (CPU) Time","Configuration..."
0.000000, 2147483648.000000, 0.000038, 1, 0.000038, C='1.0',gamma='0.1'
0.025512, 0.500000, 0.026138, 1, 0.000626, C='1.0',gamma='0.1'
0.177209, 0.498400, 0.183629, 2, 0.006420, C='1.746441318982685',gamma='0.0022547265063997683'
0.430506, 0.466500, 0.454142, 3, 0.023636, C='13.010154284884432',gamma='0.006601784113304256'
2.728794, 0.461900, 3.200792, 4, 0.471998, C='1.0304869607174925',gamma='0.0025384233648311993'
5.443471, 0.459200, 7.056143, 5, 1.612672, C='159.89177575158155',gamma='0.0043792914111734325'
9.160199, 0.459000, 13.141584, 6, 3.981385, C='6.82633748816413',gamma='0.00463770593898224'
9.511828, 0.456000, 13.779756, 7, 4.267928, C='102.17186948456977',gamma='0.004831508302654698'
