"CPU Time Used","Estimated Training Performance","Wallclock Time","Incumbent ID","Automatic Configurator (CPU) Time","Configuration..."
0.000000, 2147483648.000000, 0.000576, 1, 0.000576, alpha='0.0040824718253228975',eta0='0.00044195488125554607'
2.469224, 0.037500, 2.470799, 1, 0.001575, alpha='0.0040824718253228975',eta0='0.00044195488125554607'
