{"cpu_time": 0.0, "wallclock_time": 0.000576019287109375, "evaluations": 0, "cost": 2147483648.0, "incumbent": {"alpha": 0.0040824718253228975, "eta0": 0.00044195488125554607}, "budget": 0, "origin": "Sobol"}
{"cpu_time": 2.469223976135254, "wallclock_time": 2.470799207687378, "evaluations": 1, "cost": 0.0375, "incumbent": {"alpha": 0.0040824718253228975, "eta0": 0.00044195488125554607}, "budget": 0, "origin": "Sobol"}
