"CPU Time Used","Estimated Training Performance","Wallclock Time","Incumbent ID","Automatic Configurator (CPU) Time","Configuration..."
0.000000, 2147483648.000000, 0.000580, 1, 0.000580, alpha='0.0004126639093412234',eta0='0.0017613324954003418'
0.965427, 0.120100, 0.966821, 1, 0.001394, alpha='0.0004126639093412234',eta0='0.0017613324954003418'
22.261825, 0.029800, 22.289442, 2, 0.027617, alpha='2.6979332069179497e-05',eta0='0.03342560639959951'
52.101025, 0.028900, 55.312145, 3, 3.211120, alpha='2.730797772663408e-05',eta0='0.034007004527846676'
162.889568, 0.028400, 185.586065, 4, 22.696497, alpha='1.1752962287687527e-05',eta0='0.014291397247935527'
173.510601, 0.027800, 197.551167, 5, 24.040566, alpha='1.230344892543568e-05',eta0='0.01604530171599117'
