{"cpu_time": 0.0, "wallclock_time": 0.0005803108215332031, "evaluations": 0, "cost": 2147483648.0, "incumbent": ["alpha='0.0004126639093412234'", "eta0='0.0017613324954003418'"], "origin": "Sobol"}
{"cpu_time": 0.9654269218444824, "wallclock_time": 0.9668211936950684, "evaluations": 1, "cost": 0.1201, "incumbent": ["alpha='0.0004126639093412234'", "eta0='0.0017613324954003418'"], "origin": "Sobol"}
{"cpu_time": 22.26182508468628, "wallclock_time": 22.28944206237793, "evaluations": 23, "cost": 0.0298, "incumbent": ["alpha='2.6979332069179497e-05'", "eta0='0.03342560639959951'"], "origin": "Sobol"}
{"cpu_time": 52.101024866104126, "wallclock_time": 55.3121452331543, "evaluations": 54, "cost": 0.0289, "incumbent": ["alpha='2.730797772663408e-05'", "eta0='0.034007004527846676'"], "origin": "Local Search"}
{"cpu_time": 162.88956832885742, "wallclock_time": 185.5860652923584, "evaluations": 169, "cost": 0.0284, "incumbent": ["alpha='1.1752962287687527e-05'", "eta0='0.014291397247935527'"], "origin": "Local Search"}
{"cpu_time": 173.51060104370117, "wallclock_time": 197.551167011261, "evaluations": 180, "cost": 0.0278, "incumbent": ["alpha='1.230344892543568e-05'", "eta0='0.01604530171599117'"], "origin": "Local Search"}
