"CPU Time Used","Estimated Training Performance","Wallclock Time","Incumbent ID","Automatic Configurator (CPU) Time","Configuration..."
0.000000, 2147483648.000000, 0.000060, 1, 0.000060, C='1.0',gamma='0.1'
0.011006, 0.500000, 0.011770, 1, 0.000764, C='1.0',gamma='0.1'
0.070966, 0.072700, 0.077954, 2, 0.006987, C='1.746441318982685',gamma='0.0022547265063997683'
0.734332, 0.068600, 0.899353, 3, 0.165021, C='100.57643058377906',gamma='0.0030099006283244942'
0.834985, 0.058200, 1.030739, 4, 0.195754, C='613.8366144551533',gamma='0.0010152179917278495'
