"CPU Time Used","Estimated Training Performance","Wallclock Time","Incumbent ID","Automatic Configurator (CPU) Time","Configuration..."
0.000000, 2147483648.000000, 0.000068, 1, 0.000068, C='1.0',gamma='0.1'
0.469932, 0.894000, 0.470822, 1, 0.000890, C='1.0',gamma='0.1'
1.885133, 0.874600, 1.889121, 2, 0.003988, C='167.43465269107315',gamma='0.010473312293162985'
8.043324, 0.857900, 8.063353, 3, 0.020029, C='1.9695969079413513',gamma='0.0066983131773587995'
30.342611, 0.852300, 30.475104, 4, 0.132493, C='31.98069251892415',gamma='0.006028621975505069'
54.668077, 0.846800, 54.996572, 5, 0.328495, C='277.8053884041678',gamma='0.004737932302767295'
