{
  "mean_cost": 0.40742605514469443,
  "finished_ta_runs": 300,
  "inc_changed": 9,
  "n_configs": 220,
  "submitted_ta_runs": 300,
  "ta_time_used": 260.7621657848358,
  "wallclock_time_used": 354.8130478858948,
  "dataset_id": 3904,
  "perf_time": 354.81918049999877
}