"CPU Time Used","Estimated Training Performance","Wallclock Time","Incumbent ID","Automatic Configurator (CPU) Time","Configuration..."
0.000000, 2147483648.000000, 0.000034, 1, 0.000034, alpha='0.001',eta0='0.01'
2.608394, 0.253000, 2.609030, 1, 0.000636, alpha='0.001',eta0='0.01'
26.110109, 0.246300, 26.118936, 2, 0.008827, alpha='1.0455662723206625e-05',eta0='0.001729647929337629'
123.029773, 0.245400, 123.100279, 3, 0.070506, alpha='6.959795355041734e-05',eta0='0.019546809674957418'
427.393223, 0.244300, 427.857277, 4, 0.464054, alpha='3.1505120945266366e-05',eta0='0.0412181608527465'
440.423306, 0.243700, 440.906558, 5, 0.483252, alpha='0.00017520972438211103',eta0='0.022854321206871617'
521.534276, 0.242800, 522.173522, 6, 0.639246, alpha='0.00035336380991856796',eta0='0.00042098244465503147'
