{"cpu_time": 0.0, "wallclock_time": 0.0002911090850830078, "evaluations": 0, "cost": 2147483648.0, "incumbent": ["colsample_bytree='0.3908073678612709'", "eta='0.02197006114591668'", "max_depth='1'", "reg_lambda='0.025956378731779545'"], "origin": "Sobol"}
{"cpu_time": 1.1757659912109375, "wallclock_time": 1.1767380237579346, "evaluations": 1, "cost": 0.1575, "incumbent": ["colsample_bytree='0.3908073678612709'", "eta='0.02197006114591668'", "max_depth='1'", "reg_lambda='0.025956378731779545'"], "origin": "Sobol"}
