"CPU Time Used","Estimated Training Performance","Wallclock Time","Incumbent ID","Automatic Configurator (CPU) Time","Configuration..."
0.000000, 2147483648.000000, 0.000556, 1, 0.000556, C='0.08611366210550205',gamma='0.4942679928374453'
0.106844, 0.782200, 0.108143, 1, 0.001299, C='0.08611366210550205',gamma='0.4942679928374453'
0.409522, 0.679200, 0.413233, 2, 0.003711, C='19.433598606658386',gamma='9.232350409327609'
0.599136, 0.171700, 0.604432, 3, 0.005296, C='1.0',gamma='0.1'
0.761634, 0.073900, 0.770108, 4, 0.008474, C='69.38389384208695',gamma='0.0015531477828170245'
2.371151, 0.072000, 3.173503, 5, 0.802352, C='58.95152294163177',gamma='0.0015492898431443394'
2.702900, 0.070300, 4.044321, 6, 1.341421, C='60.99687464100267',gamma='0.0015491803629100946'
