{"cpu_time": 0.0, "wallclock_time": 4.601478576660156e-05, "evaluations": 0, "cost": 2147483648.0, "incumbent": ["colsample_bytree='1.0'", "eta='0.3'", "max_depth='10'", "reg_lambda='1.0'"], "origin": "Default"}
{"cpu_time": 4.311892986297607, "wallclock_time": 4.312711000442505, "evaluations": 1, "cost": 0.0356, "incumbent": ["colsample_bytree='1.0'", "eta='0.3'", "max_depth='10'", "reg_lambda='1.0'"], "origin": "Default"}
{"cpu_time": 45.42795372009277, "wallclock_time": 45.44455599784851, "evaluations": 10, "cost": 0.0306, "incumbent": ["colsample_bytree='0.9735460407805239'", "eta='0.3678418820983057'", "max_depth='10'", "reg_lambda='21.683858388188526'"], "origin": "Random Search"}
{"cpu_time": 102.26248264312744, "wallclock_time": 102.30749893188477, "evaluations": 25, "cost": 0.0231, "incumbent": ["colsample_bytree='0.240020761526117'", "eta='0.004988078916285493'", "max_depth='8'", "reg_lambda='0.05362665544757772'"], "origin": "Random Search"}
{"cpu_time": 214.83033847808838, "wallclock_time": 215.01259899139404, "evaluations": 68, "cost": 0.0207, "incumbent": ["colsample_bytree='0.3634349639276606'", "eta='0.323900931887624'", "max_depth='10'", "reg_lambda='157.84050728992733'"], "origin": "Random Search"}
