{"cpu_time": 0.0, "wallclock_time": 0.0014979839324951172, "evaluations": 0, "cost": 2147483648.0, "incumbent": ["max_depth='2'", "max_features='0.4491682695224881'", "min_samples_leaf='1'", "min_samples_split='4'"], "origin": "Sobol"}
{"cpu_time": 0.23002171516418457, "wallclock_time": 0.23237991333007812, "evaluations": 1, "cost": 0.8183, "incumbent": ["max_depth='2'", "max_features='0.4491682695224881'", "min_samples_leaf='1'", "min_samples_split='4'"], "origin": "Sobol"}
{"cpu_time": 2.4778645038604736, "wallclock_time": 2.4834039211273193, "evaluations": 4, "cost": 0.6142, "incumbent": ["max_depth='17'", "max_features='0.6137791713699698'", "min_samples_leaf='16'", "min_samples_split='18'"], "origin": "Sobol"}
{"cpu_time": 20.63292908668518, "wallclock_time": 20.66233992576599, "evaluations": 25, "cost": 0.5951, "incumbent": ["max_depth='13'", "max_features='0.6508769644424319'", "min_samples_leaf='11'", "min_samples_split='3'"], "origin": "Sobol"}
{"cpu_time": 44.29167342185974, "wallclock_time": 44.35216999053955, "evaluations": 46, "cost": 0.5173, "incumbent": ["max_depth='46'", "max_features='0.7485423665493727'", "min_samples_leaf='1'", "min_samples_split='7'"], "origin": "Sobol"}
{"cpu_time": 75.18945074081421, "wallclock_time": 76.4526219367981, "evaluations": 66, "cost": 0.5116, "incumbent": ["max_depth='46'", "max_features='0.7971817125240293'", "min_samples_leaf='2'", "min_samples_split='4'"], "origin": "Local Search"}
{"cpu_time": 89.37322449684143, "wallclock_time": 90.6489109992981, "evaluations": 71, "cost": 0.5104, "incumbent": ["max_depth='46'", "max_features='0.8107195771963996'", "min_samples_leaf='2'", "min_samples_split='4'"], "origin": "Local Search"}
{"cpu_time": 152.3487401008606, "wallclock_time": 157.42417192459106, "evaluations": 92, "cost": 0.5091, "incumbent": ["max_depth='47'", "max_features='0.8362950095965103'", "min_samples_leaf='2'", "min_samples_split='3'"], "origin": "Local Search"}
{"cpu_time": 173.42997288703918, "wallclock_time": 179.5929238796234, "evaluations": 99, "cost": 0.508, "incumbent": ["max_depth='50'", "max_features='0.8179105700413372'", "min_samples_leaf='1'", "min_samples_split='2'"], "origin": "Local Search"}
{"cpu_time": 214.92036628723145, "wallclock_time": 221.56844997406006, "evaluations": 109, "cost": 0.5067, "incumbent": ["max_depth='46'", "max_features='0.9570038054680041'", "min_samples_leaf='1'", "min_samples_split='3'"], "origin": "Local Search"}
{"cpu_time": 260.75984048843384, "wallclock_time": 269.58094906806946, "evaluations": 121, "cost": 0.502, "incumbent": ["max_depth='47'", "max_features='0.8939088113995948'", "min_samples_leaf='1'", "min_samples_split='2'"], "origin": "Local Search"}
