{
  "mean_cost": 0.13969939510533014,
  "finished_ta_runs": 235,
  "inc_changed": 4,
  "n_configs": 104,
  "submitted_ta_runs": 235,
  "ta_time_used": 26.898977994918823,
  "wallclock_time_used": 60.007404088974,
  "dataset_id": 146819
}