{
  "mean_cost": 0.4480410125259725,
  "finished_ta_runs": 39,
  "inc_changed": 3,
  "n_configs": 27,
  "submitted_ta_runs": 39,
  "ta_time_used": 123.51669430732727,
  "wallclock_time_used": 123.58194708824158,
  "dataset_id": 14969
}