"CPU Time Used","Estimated Training Performance","Wallclock Time","Incumbent ID","Automatic Configurator (CPU) Time","Configuration..."
0.000000, 2147483648.000000, 0.000542, 1, 0.000542, C='0.017961675793542162',gamma='0.9046232030638993'
0.011028, 0.833300, 0.012323, 1, 0.001295, C='0.017961675793542162',gamma='0.9046232030638993'
0.050119, 0.792800, 0.053546, 2, 0.003427, C='61.71933670840937',gamma='1.0864412265106145'
0.074640, 0.764600, 0.079491, 3, 0.004851, C='1.0',gamma='0.1'
0.425833, 0.730200, 0.440608, 4, 0.014776, C='198.6613474689375',gamma='0.09318781769031856'
0.980584, 0.724700, 1.561798, 5, 0.581215, C='192.72305334099397',gamma='0.0939675159474853'
1.041514, 0.690300, 1.630118, 6, 0.588604, C='1.3127743272512626',gamma='0.21215223343176434'
1.151200, 0.684300, 2.306681, 7, 1.155482, C='1.2888475267036688',gamma='0.19611694919781336'
1.693491, 0.679700, 5.816697, 8, 4.123206, C='1.3064676093851686',gamma='0.1967451863799606'
