{
  "mean_cost": 0.7437296453546454,
  "finished_ta_runs": 300,
  "inc_changed": 13,
  "n_configs": 126,
  "submitted_ta_runs": 300,
  "ta_time_used": 31.94822359085083,
  "wallclock_time_used": 117.42705988883972,
  "dataset_id": 3560,
  "perf_time": 117.44067950000317
}