{"cpu_time": 0.0, "wallclock_time": 0.0015711784362792969, "evaluations": 0, "cost": 2147483648.0, "incumbent": ["max_depth='6'", "max_features='0.3290755869820714'", "min_samples_leaf='11'", "min_samples_split='2'"], "origin": "Sobol"}
{"cpu_time": 0.3602638244628906, "wallclock_time": 0.36277294158935547, "evaluations": 1, "cost": 0.6878, "incumbent": ["max_depth='6'", "max_features='0.3290755869820714'", "min_samples_leaf='11'", "min_samples_split='2'"], "origin": "Sobol"}
{"cpu_time": 19.010271787643433, "wallclock_time": 19.02110004425049, "evaluations": 10, "cost": 0.5686, "incumbent": ["max_depth='18'", "max_features='0.9707894120365381'", "min_samples_leaf='5'", "min_samples_split='26'"], "origin": "Sobol"}
{"cpu_time": 38.32194209098816, "wallclock_time": 38.36841607093811, "evaluations": 36, "cost": 0.5522, "incumbent": ["max_depth='39'", "max_features='0.3087822897359729'", "min_samples_leaf='3'", "min_samples_split='7'"], "origin": "Sobol"}
{"cpu_time": 55.65720510482788, "wallclock_time": 57.93740725517273, "evaluations": 64, "cost": 0.5463, "incumbent": ["max_depth='46'", "max_features='0.30459977890403717'", "min_samples_leaf='3'", "min_samples_split='3'"], "origin": "Local Search"}
{"cpu_time": 68.06901907920837, "wallclock_time": 70.91642808914185, "evaluations": 70, "cost": 0.5273, "incumbent": ["max_depth='47'", "max_features='0.7786392716336281'", "min_samples_leaf='3'", "min_samples_split='3'"], "origin": "Random Search (sorted)"}
{"cpu_time": 96.67117285728455, "wallclock_time": 102.0839831829071, "evaluations": 79, "cost": 0.5054, "incumbent": ["max_depth='47'", "max_features='0.878911159584244'", "min_samples_leaf='1'", "min_samples_split='3'"], "origin": "Local Search"}
