{
  "mean_cost": 0.9,
  "finished_ta_runs": 1,
  "inc_changed": 1,
  "n_configs": 1,
  "submitted_ta_runs": 1,
  "ta_time_used": 0.405803918838501,
  "wallclock_time_used": 0.4073779582977295,
  "dataset_id": 9964,
  "perf_time": 0.41841187499994703
}