{
  "mean_cost": 0.3408657216936787,
  "finished_ta_runs": 300,
  "inc_changed": 5,
  "n_configs": 99,
  "submitted_ta_runs": 300,
  "ta_time_used": 3.2591757774353027,
  "wallclock_time_used": 24.634602069854736,
  "dataset_id": 9971,
  "perf_time": 24.646832500002347
}