"CPU Time Used","Estimated Training Performance","Wallclock Time","Incumbent ID","Automatic Configurator (CPU) Time","Configuration..."
0.000000, 2147483648.000000, 0.000250, 1, 0.000250, C='0.08611366210550205',gamma='0.4942679928374453'
7.273731, 0.500000, 7.274650, 1, 0.000919, C='0.08611366210550205',gamma='0.4942679928374453'
