"CPU Time Used","Estimated Training Performance","Wallclock Time","Incumbent ID","Automatic Configurator (CPU) Time","Configuration..."
0.000000, 2147483648.000000, 0.000244, 1, 0.000244, alpha='0.0004126639093412234',eta0='0.0017613324954003418'
0.025646, 0.405600, 0.026514, 1, 0.000868, alpha='0.0004126639093412234',eta0='0.0017613324954003418'
