{"cpu_time": 0.0, "wallclock_time": 0.0005991458892822266, "evaluations": 0, "cost": 2147483648.0, "incumbent": {"C": 1.3600811985592882, "gamma": 0.09352602871548096}, "budget": 0, "origin": "Sobol"}
{"cpu_time": 0.019018888473510742, "wallclock_time": 0.020339012145996094, "evaluations": 1, "cost": 0.1108, "incumbent": {"C": 1.3600811985592882, "gamma": 0.09352602871548096}, "budget": 0, "origin": "Sobol"}
{"cpu_time": 0.20581889152526855, "wallclock_time": 0.21579384803771973, "evaluations": 13, "cost": 0.103, "incumbent": {"C": 102.59827344587585, "gamma": 0.0039228031036218506}, "budget": 0, "origin": "Sobol"}
{"cpu_time": 0.421661376953125, "wallclock_time": 0.4416491985321045, "evaluations": 24, "cost": 0.0663, "incumbent": {"C": 7.48101646809008, "gamma": 2.7251940323754646}, "budget": 0, "origin": "Sobol"}
{"cpu_time": 0.6461772918701172, "wallclock_time": 0.6775002479553223, "evaluations": 34, "cost": 0.0325, "incumbent": {"C": 206.50233439434604, "gamma": 0.9897482788196605}, "budget": 0, "origin": "Sobol"}
{"cpu_time": 1.0487871170043945, "wallclock_time": 2.3533129692077637, "evaluations": 54, "cost": 0.0272, "incumbent": {"C": 485.47227473002863, "gamma": 0.036456196106433726}, "budget": 0, "origin": "Random Search (sorted)"}
{"cpu_time": 1.308786392211914, "wallclock_time": 4.118078947067261, "evaluations": 69, "cost": 0.0207, "incumbent": {"C": 485.47227473002863, "gamma": 0.05590262371316575}, "budget": 0, "origin": "Local Search"}
{"cpu_time": 1.4650037288665771, "wallclock_time": 4.586057901382446, "evaluations": 79, "cost": 0.0119, "incumbent": {"C": 486.0207561361898, "gamma": 0.14744167241823464}, "budget": 0, "origin": "Local Search"}
