"CPU Time Used","Estimated Training Performance","Wallclock Time","Incumbent ID","Automatic Configurator (CPU) Time","Configuration..."
0.000000, 2147483648.000000, 0.000599, 1, 0.000599, C='1.3600811985592882',gamma='0.09352602871548096'
0.019019, 0.110800, 0.020339, 1, 0.001320, C='1.3600811985592882',gamma='0.09352602871548096'
0.205819, 0.103000, 0.215794, 2, 0.009975, C='102.59827344587585',gamma='0.0039228031036218506'
0.421661, 0.066300, 0.441649, 3, 0.019988, C='7.48101646809008',gamma='2.7251940323754646'
0.646177, 0.032500, 0.677500, 4, 0.031323, C='206.50233439434604',gamma='0.9897482788196605'
1.048787, 0.027200, 2.353313, 5, 1.304526, C='485.47227473002863',gamma='0.036456196106433726'
1.308786, 0.020700, 4.118079, 6, 2.809293, C='485.47227473002863',gamma='0.05590262371316575'
1.465004, 0.011900, 4.586058, 7, 3.121054, C='486.0207561361898',gamma='0.14744167241823464'
