"CPU Time Used","Estimated Training Performance","Wallclock Time","Incumbent ID","Automatic Configurator (CPU) Time","Configuration..."
0.000000, 2147483648.000000, 0.000038, 1, 0.000038, C='1.0',gamma='0.1'
0.138404, 0.019000, 0.139035, 1, 0.000631, C='1.0',gamma='0.1'
1.947644, 0.005700, 1.957032, 2, 0.009387, C='7.615166584313989',gamma='0.10560628945782698'
2.880337, 0.004300, 2.896148, 3, 0.015811, C='292.4994967580367',gamma='3.9659151741281455'
5.051968, 0.003500, 5.081071, 4, 0.029103, C='66.34037087131655',gamma='0.15373657531118262'
8.745348, 0.002700, 8.794592, 5, 0.049244, C='348.6879246606398',gamma='0.01954142554261534'
9.092128, 0.002000, 9.150565, 6, 0.058438, C='284.8830541292723',gamma='0.2225750471432824'
