"CPU Time Used","Estimated Training Performance","Wallclock Time","Incumbent ID","Automatic Configurator (CPU) Time","Configuration..."
0.000000, 2147483648.000000, 0.000037, 1, 0.000037, alpha='0.001',eta0='0.01'
0.090541, 0.418700, 0.091170, 1, 0.000629, alpha='0.001',eta0='0.01'
0.768189, 0.317800, 0.773532, 2, 0.005342, alpha='0.08477318530405828',eta0='1.1349690026383863e-05'
3.786312, 0.322800, 3.822500, 3, 0.036188, alpha='0.01373581320388105',eta0='3.6699345852038843e-05'
7.877683, 0.305000, 7.980436, 4, 0.102753, alpha='2.4963195458628125e-05',eta0='0.00024478027536705115'
13.638406, 0.296700, 13.896649, 5, 0.258243, alpha='2.173051274277952e-05',eta0='0.027547580295105508'
31.076088, 0.288700, 32.118467, 6, 1.042379, alpha='0.00012681953083820287',eta0='0.0007161403352154013'
