"CPU Time Used","Estimated Training Performance","Wallclock Time","Incumbent ID","Automatic Configurator (CPU) Time","Configuration..."
0.000000, 2147483648.000000, 0.000035, 1, 0.000035, C='1.0',gamma='0.1'
0.299146, 0.129600, 0.299791, 1, 0.000645, C='1.0',gamma='0.1'
0.893200, 0.090000, 0.896413, 2, 0.003213, C='167.43465269107315',gamma='0.010473312293162985'
14.670490, 0.085100, 14.727381, 3, 0.056891, C='871.5114118311369',gamma='0.019532202976770125'
22.768585, 0.079300, 22.874697, 4, 0.106112, C='679.0325401248423',gamma='0.0030357544050474464'
85.959241, 0.078300, 86.712397, 5, 0.753156, C='584.241391048655',gamma='0.0030339388056100356'
130.515609, 0.077800, 132.072815, 6, 1.557206, C='75.2534017152365',gamma='0.009268400131996845'
175.346742, 0.077300, 178.105517, 7, 2.758775, C='634.5687145818983',gamma='0.0029826695129098113'
