{
  "mean_cost": 0.5006479244869337,
  "finished_ta_runs": 2,
  "inc_changed": 1,
  "n_configs": 1,
  "submitted_ta_runs": 2,
  "ta_time_used": 0.19867587089538574,
  "wallclock_time_used": 0.20068097114562988,
  "dataset_id": 53,
  "perf_time": 0.20661741699996128
}