"CPU Time Used","Estimated Training Performance","Wallclock Time","Incumbent ID","Automatic Configurator (CPU) Time","Configuration..."
0.000000, 2147483648.000000, 0.000036, 1, 0.000036, alpha='0.001',eta0='0.01'
1.510925, 0.409200, 1.511726, 1, 0.000801, alpha='0.001',eta0='0.01'
7.556231, 0.398400, 7.561385, 2, 0.005154, alpha='0.2222611632956835',eta0='7.173240601211391e-05'
52.890675, 0.408100, 52.940204, 3, 0.049529, alpha='0.06657697399880122',eta0='0.00013306591048841407'
86.987707, 0.376600, 87.084580, 4, 0.096873, alpha='0.00047563268189094034',eta0='2.3569613209121685e-05'
150.147528, 0.370300, 150.365113, 5, 0.217585, alpha='3.442178449613646e-05',eta0='0.0003445091686072813'
633.451496, 0.364000, 635.932350, 6, 2.480854, alpha='0.0002854782249285659',eta0='8.890299993397114e-05'
998.469968, 0.362400, 1004.321257, 7, 5.851289, alpha='0.0004244253078174028',eta0='1.1117954040961048e-05'
