{
  "mean_cost": 0.03198424154633306,
  "finished_ta_runs": 1,
  "inc_changed": 1,
  "n_configs": 1,
  "submitted_ta_runs": 1,
  "ta_time_used": 0.17745614051818848,
  "wallclock_time_used": 0.17913484573364258
}