{
  "mean_cost": 0.4579623359332406,
  "finished_ta_runs": 614,
  "inc_changed": 5,
  "n_configs": 582,
  "submitted_ta_runs": 614,
  "ta_time_used": 114.16698503494263,
  "wallclock_time_used": 120.06948471069336,
  "dataset_id": 3903
}