{"cpu_time": 0.0, "wallclock_time": 0.0014150142669677734, "evaluations": 0, "cost": 2147483648.0, "incumbent": {"colsample_bytree": 0.569966175314039, "eta": 0.009556882986489993, "max_depth": 3, "reg_lambda": 0.0020776820882921045}, "budget": 0, "origin": "Sobol"}
{"cpu_time": 0.03973388671875, "wallclock_time": 0.04206228256225586, "evaluations": 1, "cost": 0.4762, "incumbent": {"colsample_bytree": 0.569966175314039, "eta": 0.009556882986489993, "max_depth": 3, "reg_lambda": 0.0020776820882921045}, "budget": 0, "origin": "Sobol"}
{"cpu_time": 0.34867286682128906, "wallclock_time": 0.3558359146118164, "evaluations": 7, "cost": 0.4246, "incumbent": {"colsample_bytree": 0.3878000834956765, "eta": 0.004721681612948408, "max_depth": 10, "reg_lambda": 0.09654112415362535}, "budget": 0, "origin": "Sobol"}
{"cpu_time": 1.1402568817138672, "wallclock_time": 1.1608672142028809, "evaluations": 20, "cost": 0.4191, "incumbent": {"colsample_bytree": 0.6897349533624947, "eta": 0.11093751049628797, "max_depth": 5, "reg_lambda": 0.005625821167002132}, "budget": 0, "origin": "Sobol"}
{"cpu_time": 1.8045732975006104, "wallclock_time": 1.8444201946258545, "evaluations": 35, "cost": 0.3968, "incumbent": {"colsample_bytree": 0.6345239883288741, "eta": 0.33181775125056084, "max_depth": 2, "reg_lambda": 0.043291333432912055}, "budget": 0, "origin": "Sobol"}
{"cpu_time": 3.078860282897949, "wallclock_time": 5.202892065048218, "evaluations": 70, "cost": 0.3923, "incumbent": {"colsample_bytree": 0.7223690070550086, "eta": 0.7880560171416565, "max_depth": 2, "reg_lambda": 0.020077822621114544}, "budget": 0, "origin": "Local Search"}
{"cpu_time": 5.829542636871338, "wallclock_time": 25.57811212539673, "evaluations": 141, "cost": 0.3906, "incumbent": {"colsample_bytree": 0.8349330475467441, "eta": 0.7900263188679535, "max_depth": 9, "reg_lambda": 0.001798841992172208}, "budget": 0, "origin": "Local Search"}
{"cpu_time": 6.3662497997283936, "wallclock_time": 27.47731113433838, "evaluations": 154, "cost": 0.3905, "incumbent": {"colsample_bytree": 0.7503814898343807, "eta": 0.783919113779893, "max_depth": 2, "reg_lambda": 0.015486626320334531}, "budget": 0, "origin": "Local Search"}
{"cpu_time": 6.540785789489746, "wallclock_time": 28.198670148849487, "evaluations": 160, "cost": 0.3851, "incumbent": {"colsample_bytree": 0.6809985698697669, "eta": 0.3219329497812775, "max_depth": 2, "reg_lambda": 0.13781580026280715}, "budget": 0, "origin": "Local Search"}
{"cpu_time": 6.933978796005249, "wallclock_time": 30.693170070648193, "evaluations": 173, "cost": 0.3633, "incumbent": {"colsample_bytree": 0.20731604978445783, "eta": 0.510782209489111, "max_depth": 2, "reg_lambda": 0.0054949023328245}, "budget": 0, "origin": "Local Search"}
