{
  "mean_cost": 0.16635033598080082,
  "finished_ta_runs": 300,
  "inc_changed": 6,
  "n_configs": 102,
  "submitted_ta_runs": 300,
  "ta_time_used": 25.35787844657898,
  "wallclock_time_used": 51.28978681564331,
  "dataset_id": 9957,
  "perf_time": 51.30340808300389
}