"CPU Time Used","Estimated Training Performance","Wallclock Time","Incumbent ID","Automatic Configurator (CPU) Time","Configuration..."
0.000000, 2147483648.000000, 0.000094, 1, 0.000094, C='1.0',gamma='0.1'
0.357309, 0.053200, 0.358290, 1, 0.000981, C='1.0',gamma='0.1'
13.820769, 0.043900, 13.851415, 2, 0.030646, C='7.175638647559039',gamma='0.09259999660241393'
22.128041, 0.042700, 22.178686, 3, 0.050645, C='367.5161020929368',gamma='0.05362665544757772'
46.422190, 0.037600, 46.535381, 4, 0.113191, C='14.808221051646633',gamma='0.15966041698268'
70.011856, 0.036200, 70.195134, 5, 0.183278, C='861.9862886988024',gamma='0.5844837998943263'
81.624956, 0.036000, 81.856969, 6, 0.232013, C='6.955269026516795',gamma='0.21952102504182694'
