{"cpu_time": 0.0, "wallclock_time": 9.393692016601562e-05, "evaluations": 0, "cost": 2147483648.0, "incumbent": ["C='1.0'", "gamma='0.1'"], "origin": "Default"}
{"cpu_time": 0.35730910301208496, "wallclock_time": 0.3582899570465088, "evaluations": 1, "cost": 0.0532, "incumbent": ["C='1.0'", "gamma='0.1'"], "origin": "Default"}
{"cpu_time": 13.820768594741821, "wallclock_time": 13.851414680480957, "evaluations": 21, "cost": 0.0439, "incumbent": ["C='7.175638647559039'", "gamma='0.09259999660241393'"], "origin": "Random Search"}
{"cpu_time": 22.128040552139282, "wallclock_time": 22.178685903549194, "evaluations": 31, "cost": 0.0427, "incumbent": ["C='367.5161020929368'", "gamma='0.05362665544757772'"], "origin": "Random Search"}
{"cpu_time": 46.42219018936157, "wallclock_time": 46.535380840301514, "evaluations": 57, "cost": 0.0376, "incumbent": ["C='14.808221051646633'", "gamma='0.15966041698268'"], "origin": "Random Search"}
{"cpu_time": 70.0118556022644, "wallclock_time": 70.19513392448425, "evaluations": 80, "cost": 0.0362, "incumbent": ["C='861.9862886988024'", "gamma='0.5844837998943263'"], "origin": "Random Search"}
{"cpu_time": 81.62495636940002, "wallclock_time": 81.8569688796997, "evaluations": 95, "cost": 0.036, "incumbent": ["C='6.955269026516795'", "gamma='0.21952102504182694'"], "origin": "Random Search"}
