"CPU Time Used","Estimated Training Performance","Wallclock Time","Incumbent ID","Automatic Configurator (CPU) Time","Configuration..."
0.000000, 2147483648.000000, 0.000555, 1, 0.000555, alpha='0.00011227070295712931',eta0='0.0029096933833365197'
0.037979, 0.436700, 0.039274, 1, 0.001295, alpha='0.00011227070295712931',eta0='0.0029096933833365197'
0.234313, 0.399000, 0.239616, 2, 0.005303, alpha='0.026542866188361353',eta0='8.075114966892127e-05'
2.147824, 0.407400, 5.543677, 3, 3.395853, alpha='2.0709772468017694e-05',eta0='3.2334398647039505e-05'
2.423092, 0.384500, 5.904149, 4, 3.481057, alpha='0.002988163056229432',eta0='1.651541925695078e-05'
8.618498, 0.383500, 30.667132, 5, 22.048634, alpha='2.741650153721196e-05',eta0='1.6325737228579986e-05'
