{"cpu_time": 0.0, "wallclock_time": 0.0015397071838378906, "evaluations": 0, "cost": 2147483648.0, "incumbent": ["max_depth='6'", "max_features='0.3290755869820714'", "min_samples_leaf='11'", "min_samples_split='2'"], "origin": "Sobol"}
{"cpu_time": 0.08788466453552246, "wallclock_time": 0.0903317928314209, "evaluations": 1, "cost": 0.5, "incumbent": ["max_depth='6'", "max_features='0.3290755869820714'", "min_samples_leaf='11'", "min_samples_split='2'"], "origin": "Sobol"}
{"cpu_time": 1.5339560508728027, "wallclock_time": 1.5471508502960205, "evaluations": 13, "cost": 0.4881, "incumbent": ["max_depth='18'", "max_features='0.9707894120365381'", "min_samples_leaf='5'", "min_samples_split='26'"], "origin": "Sobol"}
{"cpu_time": 3.178558349609375, "wallclock_time": 3.210096836090088, "evaluations": 29, "cost": 0.4524, "incumbent": ["max_depth='14'", "max_features='0.1785462163388729'", "min_samples_leaf='2'", "min_samples_split='10'"], "origin": "Sobol"}
{"cpu_time": 4.737545490264893, "wallclock_time": 4.796958923339844, "evaluations": 46, "cost": 0.4468, "incumbent": ["max_depth='39'", "max_features='0.3087822897359729'", "min_samples_leaf='3'", "min_samples_split='7'"], "origin": "Sobol"}
{"cpu_time": 12.792536735534668, "wallclock_time": 23.17022681236267, "evaluations": 127, "cost": 0.4413, "incumbent": ["max_depth='39'", "max_features='0.44188602250848297'", "min_samples_leaf='3'", "min_samples_split='5'"], "origin": "Local Search"}
{"cpu_time": 22.30193591117859, "wallclock_time": 50.69802379608154, "evaluations": 220, "cost": 0.4208, "incumbent": ["max_depth='39'", "max_features='0.44512800935908886'", "min_samples_leaf='1'", "min_samples_split='4'"], "origin": "Local Search"}
