"CPU Time Used","Estimated Training Performance","Wallclock Time","Incumbent ID","Automatic Configurator (CPU) Time","Configuration..."
0.000000, 2147483648.000000, 0.000524, 1, 0.000524, C='0.017961675793542162',gamma='0.9046232030638993'
0.473826, 0.900000, 0.475159, 1, 0.001333, C='0.017961675793542162',gamma='0.9046232030638993'
1.929417, 0.894000, 1.934434, 2, 0.005017, C='61.71933670840937',gamma='1.0864412265106145'
4.857872, 0.877300, 4.873094, 3, 0.015222, C='12.958180650233897',gamma='0.01207858159167579'
17.030411, 0.871800, 17.507399, 4, 0.476989, C='757.7854874480706',gamma='0.009602356559190985'
24.794365, 0.846800, 26.939660, 5, 2.145295, C='801.3705927318335',gamma='0.0043093695514376685'
