{
  "mean_cost": 0.09154254475683045,
  "finished_ta_runs": 7,
  "inc_changed": 1,
  "n_configs": 4,
  "submitted_ta_runs": 7,
  "ta_time_used": 124.9945776462555,
  "wallclock_time_used": 125.00562405586243,
  "dataset_id": 9964
}