{
  "mean_cost": 0.07376080568350807,
  "finished_ta_runs": 143,
  "inc_changed": 4,
  "n_configs": 94,
  "submitted_ta_runs": 143,
  "ta_time_used": 31.329336643218994,
  "wallclock_time_used": 60.24503517150879,
  "dataset_id": 146822
}