"CPU Time Used","Estimated Training Performance","Wallclock Time","Incumbent ID","Automatic Configurator (CPU) Time","Configuration..."
0.000000, 2147483648.000000, 0.000041, 1, 0.000041, C='1.0',gamma='0.1'
0.018863, 0.500000, 0.019490, 1, 0.000627, C='1.0',gamma='0.1'
0.101080, 0.322900, 0.106867, 2, 0.005787, C='52.455931369707116',gamma='0.0011373846877749554'
1.620938, 0.273100, 2.075669, 3, 0.454731, C='2.8009492907098563',gamma='0.001081407053553846'
