{
  "mean_cost": 0.4244326324338737,
  "finished_ta_runs": 300,
  "inc_changed": 5,
  "n_configs": 153,
  "submitted_ta_runs": 300,
  "ta_time_used": 341.14408469200134,
  "wallclock_time_used": 421.46724820137024,
  "dataset_id": 9960,
  "perf_time": 421.5093019999913
}