"CPU Time Used","Estimated Training Performance","Wallclock Time","Incumbent ID","Automatic Configurator (CPU) Time","Configuration..."
0.000000, 2147483648.000000, 0.000549, 1, 0.000549, alpha='0.0040824718253228975',eta0='0.00044195488125554607'
0.044305, 0.500000, 0.045584, 1, 0.001279, alpha='0.0040824718253228975',eta0='0.00044195488125554607'
0.154306, 0.495900, 0.157784, 2, 0.003478, alpha='0.0007534803600179209',eta0='0.01638324291048883'
1.138761, 0.466700, 1.164369, 3, 0.025608, alpha='5.872228902171585e-05',eta0='0.00027724604623741747'
3.328683, 0.458000, 6.543974, 4, 3.215291, alpha='0.004269786189854269',eta0='1.1774048858419607e-05'
7.634032, 0.456700, 26.761453, 5, 19.127421, alpha='0.0020055025916849455',eta0='1.2779980150906455e-05'
