"CPU Time Used","Estimated Training Performance","Wallclock Time","Incumbent ID","Automatic Configurator (CPU) Time","Configuration..."
0.000000, 2147483648.000000, 0.000605, 1, 0.000605, alpha='0.00011227070295712931',eta0='0.0029096933833365197'
4.282768, 0.027200, 4.284545, 1, 0.001777, alpha='0.00011227070295712931',eta0='0.0029096933833365197'
68.897031, 0.016700, 68.916049, 2, 0.019019, alpha='2.9848599322377e-05',eta0='0.022418115180003955'
159.136296, 0.016100, 159.497076, 3, 0.360780, alpha='2.527489224648829e-05',eta0='0.036718647922691576'
184.885253, 0.014800, 185.561132, 4, 0.675879, alpha='1.821113988495869e-05',eta0='0.03945715249157148'
253.715743, 0.014000, 255.810444, 5, 2.094701, alpha='1.1473353256761596e-05',eta0='0.06631087423546693'
288.059536, 0.013900, 290.673095, 6, 2.613559, alpha='1.2886014222073373e-05',eta0='0.04547000206501834'
309.534922, 0.013400, 312.158765, 7, 2.623843, alpha='1.1546902381584285e-05',eta0='0.04308414596335641'
696.223969, 0.013200, 707.573521, 8, 11.349552, alpha='1.0044538098518767e-05',eta0='0.04597655976168061'
