{
  "mean_cost": 0.03469145715666184,
  "finished_ta_runs": 300,
  "inc_changed": 6,
  "n_configs": 122,
  "submitted_ta_runs": 300,
  "ta_time_used": 31.25867795944214,
  "wallclock_time_used": 69.18138980865479,
  "dataset_id": 3549,
  "perf_time": 69.19596687500007
}