"CPU Time Used","Estimated Training Performance","Wallclock Time","Incumbent ID","Automatic Configurator (CPU) Time","Configuration..."
0.000000, 2147483648.000000, 0.001439, 1, 0.001439, colsample_bytree='0.2890479595400393',eta='0.02972240058848022',max_depth='1',reg_lambda='0.23594281684827217'
0.018106, 0.500000, 0.020449, 1, 0.002343, colsample_bytree='0.2890479595400393',eta='0.02972240058848022',max_depth='1',reg_lambda='0.23594281684827217'
0.274714, 0.311900, 0.287354, 2, 0.012640, colsample_bytree='0.5235572370700539',eta='0.1863242307845216',max_depth='3',reg_lambda='4.4461461740589225'
0.399012, 0.286200, 0.415821, 3, 0.016809, colsample_bytree='1.0',eta='0.3',max_depth='10',reg_lambda='1.0'
0.525876, 0.176000, 0.551122, 4, 0.025246, colsample_bytree='0.6967330143786967',eta='0.5491817241792905',max_depth='1',reg_lambda='0.02427911263315825'
1.409228, 0.175100, 2.103956, 5, 0.694728, colsample_bytree='0.6863309393531282',eta='0.5426422962996134',max_depth='1',reg_lambda='0.0029196302899450748'
2.257024, 0.174300, 11.710997, 6, 9.453973, colsample_bytree='0.36672936189339655',eta='0.5496644130603553',max_depth='1',reg_lambda='0.0029480260984666587'
2.436368, 0.172600, 13.001290, 7, 10.564923, colsample_bytree='0.5510805304860271',eta='0.7384820219428919',max_depth='1',reg_lambda='0.011889494317838749'
3.492833, 0.171700, 28.575122, 8, 25.082289, colsample_bytree='0.5505785346162367',eta='0.7384820219428919',max_depth='1',reg_lambda='0.02580453323737207'
