{"cpu_time": 0.0, "wallclock_time": 0.0014390945434570312, "evaluations": 0, "cost": 2147483648.0, "incumbent": ["colsample_bytree='0.2890479595400393'", "eta='0.02972240058848022'", "max_depth='1'", "reg_lambda='0.23594281684827217'"], "origin": "Sobol"}
{"cpu_time": 0.018105745315551758, "wallclock_time": 0.020448923110961914, "evaluations": 1, "cost": 0.5, "incumbent": ["colsample_bytree='0.2890479595400393'", "eta='0.02972240058848022'", "max_depth='1'", "reg_lambda='0.23594281684827217'"], "origin": "Sobol"}
{"cpu_time": 0.27471399307250977, "wallclock_time": 0.2873542308807373, "evaluations": 13, "cost": 0.3119, "incumbent": ["colsample_bytree='0.5235572370700539'", "eta='0.1863242307845216'", "max_depth='3'", "reg_lambda='4.4461461740589225'"], "origin": "Sobol"}
{"cpu_time": 0.39901161193847656, "wallclock_time": 0.4158210754394531, "evaluations": 17, "cost": 0.2862, "incumbent": ["colsample_bytree='1.0'", "eta='0.3'", "max_depth='10'", "reg_lambda='1.0'"], "origin": null}
{"cpu_time": 0.5258760452270508, "wallclock_time": 0.5511221885681152, "evaluations": 24, "cost": 0.176, "incumbent": ["colsample_bytree='0.6967330143786967'", "eta='0.5491817241792905'", "max_depth='1'", "reg_lambda='0.02427911263315825'"], "origin": "Sobol"}
{"cpu_time": 1.4092278480529785, "wallclock_time": 2.1039559841156006, "evaluations": 64, "cost": 0.1751, "incumbent": ["colsample_bytree='0.6863309393531282'", "eta='0.5426422962996134'", "max_depth='1'", "reg_lambda='0.0029196302899450748'"], "origin": "Local Search"}
{"cpu_time": 2.257024049758911, "wallclock_time": 11.710997104644775, "evaluations": 108, "cost": 0.1743, "incumbent": ["colsample_bytree='0.36672936189339655'", "eta='0.5496644130603553'", "max_depth='1'", "reg_lambda='0.0029480260984666587'"], "origin": "Local Search"}
{"cpu_time": 2.4363675117492676, "wallclock_time": 13.001290082931519, "evaluations": 118, "cost": 0.1726, "incumbent": ["colsample_bytree='0.5510805304860271'", "eta='0.7384820219428919'", "max_depth='1'", "reg_lambda='0.011889494317838749'"], "origin": "Local Search"}
{"cpu_time": 3.492832899093628, "wallclock_time": 28.575122117996216, "evaluations": 170, "cost": 0.1717, "incumbent": ["colsample_bytree='0.5505785346162367'", "eta='0.7384820219428919'", "max_depth='1'", "reg_lambda='0.02580453323737207'"], "origin": "Local Search"}
