{
  "mean_cost": 0.7122352145043852,
  "finished_ta_runs": 213,
  "inc_changed": 4,
  "n_configs": 98,
  "submitted_ta_runs": 213,
  "ta_time_used": 27.92117738723755,
  "wallclock_time_used": 60.021706104278564,
  "dataset_id": 3560
}