{"cpu_time": 0.0, "wallclock_time": 0.0015559196472167969, "evaluations": 0, "cost": 2147483648.0, "incumbent": {"max_depth": 6, "max_features": 0.3290755869820714, "min_samples_leaf": 11, "min_samples_split": 2}, "budget": 0, "origin": "Sobol"}
{"cpu_time": 0.08126497268676758, "wallclock_time": 0.08371829986572266, "evaluations": 1, "cost": 0.2894, "incumbent": {"max_depth": 6, "max_features": 0.3290755869820714, "min_samples_leaf": 11, "min_samples_split": 2}, "budget": 0, "origin": "Sobol"}
{"cpu_time": 0.9055955410003662, "wallclock_time": 0.9156351089477539, "evaluations": 10, "cost": 0.2666, "incumbent": {"max_depth": 18, "max_features": 0.9707894120365381, "min_samples_leaf": 5, "min_samples_split": 26}, "budget": 0, "origin": "Sobol"}
{"cpu_time": 1.2043466567993164, "wallclock_time": 1.21809720993042, "evaluations": 14, "cost": 0.2345, "incumbent": {"max_depth": 10, "max_features": 0.5, "min_samples_leaf": 1, "min_samples_split": 32}, "budget": 0, "origin": null}
{"cpu_time": 2.771604537963867, "wallclock_time": 2.8178980350494385, "evaluations": 36, "cost": 0.2059, "incumbent": {"max_depth": 39, "max_features": 0.3087822897359729, "min_samples_leaf": 3, "min_samples_split": 7}, "budget": 0, "origin": "Sobol"}
{"cpu_time": 5.314453601837158, "wallclock_time": 9.653162002563477, "evaluations": 70, "cost": 0.1895, "incumbent": {"max_depth": 39, "max_features": 0.6696987064530081, "min_samples_leaf": 2, "min_samples_split": 9}, "budget": 0, "origin": "Local Search"}
{"cpu_time": 9.697291612625122, "wallclock_time": 23.295050144195557, "evaluations": 114, "cost": 0.189, "incumbent": {"max_depth": 38, "max_features": 0.7704988256301292, "min_samples_leaf": 1, "min_samples_split": 2}, "budget": 0, "origin": "Local Search"}
{"cpu_time": 12.881386756896973, "wallclock_time": 34.45413613319397, "evaluations": 145, "cost": 0.1872, "incumbent": {"max_depth": 38, "max_features": 0.7904648706685748, "min_samples_leaf": 1, "min_samples_split": 6}, "budget": 0, "origin": "Local Search"}
{"cpu_time": 16.79206085205078, "wallclock_time": 48.75507831573486, "evaluations": 183, "cost": 0.1851, "incumbent": {"max_depth": 38, "max_features": 0.8328114123633636, "min_samples_leaf": 1, "min_samples_split": 2}, "budget": 0, "origin": "Local Search"}
{"cpu_time": 23.15660047531128, "wallclock_time": 75.9706518650055, "evaluations": 249, "cost": 0.1845, "incumbent": {"max_depth": 38, "max_features": 0.8105892528058621, "min_samples_leaf": 1, "min_samples_split": 3}, "budget": 0, "origin": "Local Search"}
