{
  "mean_cost": 0.486398181696189,
  "finished_ta_runs": 300,
  "inc_changed": 3,
  "n_configs": 171,
  "submitted_ta_runs": 300,
  "ta_time_used": 9.812670230865479,
  "wallclock_time_used": 58.25508093833923,
  "dataset_id": 14954,
  "perf_time": 58.267868249997264
}