{
  "mean_cost": 0.36570117125672674,
  "finished_ta_runs": 1,
  "inc_changed": 1,
  "n_configs": 1,
  "submitted_ta_runs": 1,
  "ta_time_used": 0.14084672927856445,
  "wallclock_time_used": 0.14246129989624023
}