"CPU Time Used","Estimated Training Performance","Wallclock Time","Incumbent ID","Automatic Configurator (CPU) Time","Configuration..."
0.000000, 2147483648.000000, 0.001495, 1, 0.001495, colsample_bytree='0.569966175314039',eta='0.009556882986489993',max_depth='3',reg_lambda='0.0020776820882921045'
0.442156, 0.106500, 0.444693, 1, 0.002537, colsample_bytree='0.569966175314039',eta='0.009556882986489993',max_depth='3',reg_lambda='0.0020776820882921045'
3.532755, 0.059300, 3.540426, 2, 0.007671, colsample_bytree='0.3878000834956765',eta='0.004721681612948408',max_depth='10',reg_lambda='0.09654112415362535'
24.107265, 0.058600, 25.809081, 3, 1.701817, colsample_bytree='0.3621960430449238',eta='0.004968440769425268',max_depth='10',reg_lambda='0.07835927144290125'
37.667044, 0.057700, 46.437310, 4, 8.770266, colsample_bytree='0.2976900273194121',eta='0.004974200094534349',max_depth='10',reg_lambda='0.07871198465122385'
49.610555, 0.056500, 62.801502, 5, 13.190947, colsample_bytree='0.2523262933878217',eta='0.00513596473278033',max_depth='9',reg_lambda='0.07882301190486282'
