"CPU Time Used","Estimated Training Performance","Wallclock Time","Incumbent ID","Automatic Configurator (CPU) Time","Configuration..."
0.000000, 2147483648.000000, 0.000224, 1, 0.000224, alpha='0.0004126639093412234',eta0='0.0017613324954003418'
5.460224, 0.038900, 5.461170, 1, 0.000946, alpha='0.0004126639093412234',eta0='0.0017613324954003418'
