{"cpu_time": 0.0, "wallclock_time": 0.00022411346435546875, "evaluations": 0, "cost": 2147483648.0, "incumbent": ["alpha='0.0004126639093412234'", "eta0='0.0017613324954003418'"], "origin": "Sobol"}
{"cpu_time": 5.460224151611328, "wallclock_time": 5.461170196533203, "evaluations": 1, "cost": 0.0389, "incumbent": ["alpha='0.0004126639093412234'", "eta0='0.0017613324954003418'"], "origin": "Sobol"}
