{
  "mean_cost": 0.25119291087792,
  "finished_ta_runs": 300,
  "inc_changed": 9,
  "n_configs": 201,
  "submitted_ta_runs": 300,
  "ta_time_used": 488.6636211872101,
  "wallclock_time_used": 671.2407720088959,
  "dataset_id": 167119,
  "perf_time": 671.3183480000007
}