"CPU Time Used","Estimated Training Performance","Wallclock Time","Incumbent ID","Automatic Configurator (CPU) Time","Configuration..."
0.000000, 2147483648.000000, 0.000037, 1, 0.000037, C='1.0',gamma='0.1'
0.008370, 0.500000, 0.008964, 1, 0.000594, C='1.0',gamma='0.1'
0.063294, 0.483300, 0.068841, 2, 0.005547, C='52.455931369707116',gamma='0.0011373846877749554'
