{
  "mean_cost": 0.12032169199113653,
  "finished_ta_runs": 300,
  "inc_changed": 2,
  "n_configs": 88,
  "submitted_ta_runs": 300,
  "ta_time_used": 8.774900436401367,
  "wallclock_time_used": 28.142138957977295,
  "dataset_id": 3549,
  "perf_time": 28.154350666998653
}