{"cpu_time": 0.0, "wallclock_time": 0.0014646053314208984, "evaluations": 0, "cost": 2147483648.0, "incumbent": {"colsample_bytree": 0.569966175314039, "eta": 0.009556882986489993, "max_depth": 3, "reg_lambda": 0.0020776820882921045}, "budget": 0, "origin": "Sobol"}
{"cpu_time": 2.3164172172546387, "wallclock_time": 2.31886887550354, "evaluations": 1, "cost": 0.0823, "incumbent": {"colsample_bytree": 0.569966175314039, "eta": 0.009556882986489993, "max_depth": 3, "reg_lambda": 0.0020776820882921045}, "budget": 0, "origin": "Sobol"}
{"cpu_time": 19.688737630844116, "wallclock_time": 19.696677684783936, "evaluations": 7, "cost": 0.0496, "incumbent": {"colsample_bytree": 0.3878000834956765, "eta": 0.004721681612948408, "max_depth": 10, "reg_lambda": 0.09654112415362535}, "budget": 0, "origin": "Sobol"}
{"cpu_time": 142.05611896514893, "wallclock_time": 143.88828372955322, "evaluations": 56, "cost": 0.0485, "incumbent": {"colsample_bytree": 0.3600464976450851, "eta": 0.00329481060704614, "max_depth": 10, "reg_lambda": 0.05994617073303978}, "budget": 0, "origin": "Local Search"}
{"cpu_time": 215.73939275741577, "wallclock_time": 222.54429173469543, "evaluations": 80, "cost": 0.0473, "incumbent": {"colsample_bytree": 0.3091470700905026, "eta": 0.0033671852271502044, "max_depth": 10, "reg_lambda": 0.0161819321127906}, "budget": 0, "origin": "Local Search"}
{"cpu_time": 243.83336234092712, "wallclock_time": 251.3545606136322, "evaluations": 88, "cost": 0.0452, "incumbent": {"colsample_bytree": 0.3120649577822083, "eta": 0.008700673316259734, "max_depth": 10, "reg_lambda": 0.0010249175661804035}, "budget": 0, "origin": "Local Search"}
{"cpu_time": 415.51848435401917, "wallclock_time": 446.1821608543396, "evaluations": 148, "cost": 0.0445, "incumbent": {"colsample_bytree": 0.31093730603556824, "eta": 0.010213715389283838, "max_depth": 9, "reg_lambda": 0.0009966969616853514}, "budget": 0, "origin": "Local Search"}
{"cpu_time": 1479.266491651535, "wallclock_time": 1527.7704598903656, "evaluations": 186, "cost": 0.0441, "incumbent": {"colsample_bytree": 0.309862949710546, "eta": 0.01022501499969579, "max_depth": 8, "reg_lambda": 0.0010050013773990757}, "budget": 0, "origin": "Local Search"}
{"cpu_time": 2469.4671745300293, "wallclock_time": 2521.31875371933, "evaluations": 194, "cost": 0.0439, "incumbent": {"colsample_bytree": 0.30994764752795634, "eta": 0.00812144627926471, "max_depth": 7, "reg_lambda": 0.0010050412820760705}, "budget": 0, "origin": "Local Search"}
{"cpu_time": 2858.541553735733, "wallclock_time": 3840.903268814087, "evaluations": 226, "cost": 0.0436, "incumbent": {"colsample_bytree": 0.309862949710546, "eta": 0.008536259267401248, "max_depth": 8, "reg_lambda": 0.0010050013773990757}, "budget": 0, "origin": "Local Search"}
