"CPU Time Used","Estimated Training Performance","Wallclock Time","Incumbent ID","Automatic Configurator (CPU) Time","Configuration..."
0.000000, 2147483648.000000, 0.000036, 1, 0.000036, C='1.0',gamma='0.1'
0.101837, 0.171700, 0.102462, 1, 0.000625, C='1.0',gamma='0.1'
0.451253, 0.080900, 0.457061, 2, 0.005808, C='1.746441318982685',gamma='0.0022547265063997683'
1.313446, 0.076700, 1.336097, 3, 0.022651, C='13.010154284884432',gamma='0.006601784113304256'
7.018877, 0.075700, 7.212004, 4, 0.193128, C='613.8366144551533',gamma='0.0010152179917278495'
7.471843, 0.073000, 7.694257, 5, 0.222414, C='23.975776717526003',gamma='0.00252242241319379'
14.567962, 0.063200, 15.213952, 6, 0.645990, C='9.487691972636018',gamma='0.0011871610916139818'
