"CPU Time Used","Estimated Training Performance","Wallclock Time","Incumbent ID","Automatic Configurator (CPU) Time","Configuration..."
0.000000, 2147483648.000000, 0.000596, 1, 0.000596, alpha='0.00011227070295712931',eta0='0.0029096933833365197'
0.197869, 0.410400, 0.200614, 1, 0.002745, alpha='0.00011227070295712931',eta0='0.0029096933833365197'
4.460156, 0.403700, 4.493465, 2, 0.033309, alpha='8.493190945563282e-05',eta0='3.713240341799095e-05'
29.971427, 0.390800, 66.140844, 3, 36.169417, alpha='3.49753989040205e-05',eta0='1.1864919020119807e-05'
39.325777, 0.385400, 104.768664, 4, 65.442887, alpha='3.4996343741556264e-05',eta0='1.0340062955124665e-05'
