{"cpu_time": 0.0, "wallclock_time": 0.00580596923828125, "evaluations": 0, "cost": 2147483648.0, "incumbent": ["boosting_type=''Ordered''", "bootstrap_type=''Bernoulli''", "colsample_bylevel='0.010899255497025633'", "depth='3'", "learning_rate='0.0014870274473845076'", "objective=''MultiClass''", "subsample='0.8382327005757765'"], "origin": "Sobol"}
{"cpu_time": 0.3958868980407715, "wallclock_time": 0.40328192710876465, "evaluations": 1, "cost": 0.3469, "incumbent": ["boosting_type=''Ordered''", "bootstrap_type=''Bernoulli''", "colsample_bylevel='0.010899255497025633'", "depth='3'", "learning_rate='0.0014870274473845076'", "objective=''MultiClass''", "subsample='0.8382327005757765'"], "origin": "Sobol"}
{"cpu_time": 388.5925769805908, "wallclock_time": 388.61637687683105, "evaluations": 10, "cost": 0.1808, "incumbent": ["boosting_type=''Ordered''", "bootstrap_type=''MVS''", "colsample_bylevel='0.04849012490598247'", "depth='12'", "learning_rate='0.025847751276837454'", "objective=''MultiClass''"], "origin": "Sobol"}
{"cpu_time": 699.57932305336, "wallclock_time": 699.6866199970245, "evaluations": 55, "cost": 0.1672, "incumbent": ["boosting_type=''Plain''", "bootstrap_type=''MVS''", "colsample_bylevel='0.09320328141430526'", "depth='11'", "learning_rate='0.26460838239503537'", "objective=''MultiClass''"], "origin": "Sobol"}
{"cpu_time": 1258.8292307853699, "wallclock_time": 1259.0480189323425, "evaluations": 96, "cost": 0.1542, "incumbent": ["boosting_type=''Ordered''", "bootstrap_type=''MVS''", "colsample_bylevel='0.06428794774546254'", "depth='10'", "learning_rate='0.15793347123773785'", "objective=''MultiClass''"], "origin": "Sobol"}
{"cpu_time": 1340.481255531311, "wallclock_time": 1345.7387027740479, "evaluations": 109, "cost": 0.1509, "incumbent": ["boosting_type=''Ordered''", "bootstrap_type=''MVS''", "colsample_bylevel='0.06433083196623549'", "depth='8'", "learning_rate='0.17041490695597705'", "objective=''MultiClass''"], "origin": "Local Search"}
{"cpu_time": 1453.4062027931213, "wallclock_time": 1459.571877002716, "evaluations": 115, "cost": 0.1473, "incumbent": ["boosting_type=''Ordered''", "bootstrap_type=''MVS''", "colsample_bylevel='0.046238764447188545'", "depth='10'", "learning_rate='0.18438821324459678'", "objective=''MultiClass''"], "origin": "Local Search"}
{"cpu_time": 3789.5850126743317, "wallclock_time": 3833.621155977249, "evaluations": 166, "cost": 0.1472, "incumbent": ["boosting_type=''Ordered''", "bootstrap_type=''MVS''", "colsample_bylevel='0.0897403051550813'", "depth='12'", "learning_rate='0.16946505235089074'", "objective=''MultiClass''"], "origin": "Local Search"}
{"cpu_time": 9049.208774328232, "wallclock_time": 9178.70882487297, "evaluations": 241, "cost": 0.1422, "incumbent": ["boosting_type=''Ordered''", "bootstrap_type=''MVS''", "colsample_bylevel='0.09085718626987627'", "depth='12'", "learning_rate='0.2038955958553456'", "objective=''MultiClass''"], "origin": "Local Search"}
