{
  "mean_cost": 0.5455606968514392,
  "finished_ta_runs": 300,
  "inc_changed": 7,
  "n_configs": 182,
  "submitted_ta_runs": 300,
  "ta_time_used": 2887.5258405208588,
  "wallclock_time_used": 3054.705232143402,
  "dataset_id": 9985,
  "perf_time": 3054.7356165830006
}