"CPU Time Used","Estimated Training Performance","Wallclock Time","Incumbent ID","Automatic Configurator (CPU) Time","Configuration..."
0.000000, 2147483648.000000, 0.000035, 1, 0.000035, C='1.0',gamma='0.1'
0.012197, 0.500000, 0.012783, 1, 0.000586, C='1.0',gamma='0.1'
0.077059, 0.325900, 0.082346, 2, 0.005287, C='52.455931369707116',gamma='0.0011373846877749554'
0.531260, 0.294600, 0.627201, 3, 0.095941, C='821.2083876682452',gamma='0.0011317947333548213'
4.056288, 0.287500, 7.470080, 4, 3.413792, C='507.8104251637247',gamma='0.0015819033230807813'
