{
  "mean_cost": 0.3385096430788415,
  "finished_ta_runs": 169,
  "inc_changed": 6,
  "n_configs": 120,
  "submitted_ta_runs": 169,
  "ta_time_used": 24.7925968170166,
  "wallclock_time_used": 60.22580885887146,
  "dataset_id": 146820
}