{
  "mean_cost": 0.08114656581844083,
  "finished_ta_runs": 300,
  "inc_changed": 9,
  "n_configs": 161,
  "submitted_ta_runs": 300,
  "ta_time_used": 143.94978880882263,
  "wallclock_time_used": 269.40726685523987,
  "dataset_id": 146800,
  "perf_time": 269.4221918330004
}