"CPU Time Used","Estimated Training Performance","Wallclock Time","Incumbent ID","Automatic Configurator (CPU) Time","Configuration..."
0.000000, 2147483648.000000, 0.000671, 1, 0.000671, alpha='0.0040824718253228975',eta0='0.00044195488125554607'
6.865114, 0.036100, 6.866780, 1, 0.001666, alpha='0.0040824718253228975',eta0='0.00044195488125554607'
89.719320, 0.023100, 89.732951, 2, 0.013631, alpha='0.14798430619583566',eta0='3.173402502821644e-05'
284.845105, 0.022800, 286.636663, 3, 1.791558, alpha='0.17275952107464324',eta0='1.2073734948460878e-05'
325.217200, 0.022500, 327.554709, 4, 2.337509, alpha='0.2146885954047305',eta0='1.0283371728227026e-05'
496.956162, 0.022400, 501.880515, 5, 4.924353, alpha='0.18381023444424766',eta0='1.0317272801167975e-05'
842.198046, 0.022100, 853.413095, 6, 11.215049, alpha='0.18562297066724617',eta0='1.0006710354556043e-05'
