{"cpu_time": 0.0, "wallclock_time": 0.0006709098815917969, "evaluations": 0, "cost": 2147483648.0, "incumbent": {"alpha": 0.0040824718253228975, "eta0": 0.00044195488125554607}, "budget": 0, "origin": "Sobol"}
{"cpu_time": 6.865113973617554, "wallclock_time": 6.866780042648315, "evaluations": 1, "cost": 0.0361, "incumbent": {"alpha": 0.0040824718253228975, "eta0": 0.00044195488125554607}, "budget": 0, "origin": "Sobol"}
{"cpu_time": 89.71932029724121, "wallclock_time": 89.73295092582703, "evaluations": 13, "cost": 0.0231, "incumbent": {"alpha": 0.14798430619583566, "eta0": 3.173402502821644e-05}, "budget": 0, "origin": "Sobol"}
{"cpu_time": 284.84510493278503, "wallclock_time": 286.6366629600525, "evaluations": 42, "cost": 0.0228, "incumbent": {"alpha": 0.17275952107464324, "eta0": 1.2073734948460878e-05}, "budget": 0, "origin": "Random Search (sorted)"}
{"cpu_time": 325.21720027923584, "wallclock_time": 327.5547089576721, "evaluations": 48, "cost": 0.0225, "incumbent": {"alpha": 0.2146885954047305, "eta0": 1.0283371728227026e-05}, "budget": 0, "origin": "Random Search (sorted)"}
{"cpu_time": 496.9561619758606, "wallclock_time": 501.8805148601532, "evaluations": 74, "cost": 0.0224, "incumbent": {"alpha": 0.18381023444424766, "eta0": 1.0317272801167975e-05}, "budget": 0, "origin": "Random Search (sorted)"}
{"cpu_time": 842.1980464458466, "wallclock_time": 853.413094997406, "evaluations": 125, "cost": 0.0221, "incumbent": {"alpha": 0.18562297066724617, "eta0": 1.0006710354556043e-05}, "budget": 0, "origin": "Local Search"}
