"CPU Time Used","Estimated Training Performance","Wallclock Time","Incumbent ID","Automatic Configurator (CPU) Time","Configuration..."
0.000000, 2147483648.000000, 0.000038, 1, 0.000038, C='1.0',gamma='0.1'
0.112252, 0.171700, 0.112917, 1, 0.000665, C='1.0',gamma='0.1'
0.284204, 0.084300, 0.287332, 2, 0.003129, C='167.43465269107315',gamma='0.010473312293162985'
0.985068, 0.074600, 1.000544, 3, 0.015476, C='1.9695969079413513',gamma='0.0066983131773587995'
11.842592, 0.070200, 12.286698, 4, 0.444106, C='10.18072871622912',gamma='0.002335135700216906'
24.506958, 0.069100, 26.058719, 5, 1.551761, C='8.692604106495832',gamma='0.0010324396783099518'
43.863322, 0.066600, 48.241428, 6, 4.378106, C='5.9267503551629455',gamma='0.0016074924317016862'
