"CPU Time Used","Estimated Training Performance","Wallclock Time","Incumbent ID","Automatic Configurator (CPU) Time","Configuration..."
0.000000, 2147483648.000000, 0.001521, 1, 0.001521, alpha='0.0040824718253228975',eta0='0.00044195488125554607'
0.076706, 0.009400, 0.079306, 1, 0.002600, alpha='0.0040824718253228975',eta0='0.00044195488125554607'
8.951655, 0.008400, 28.287997, 2, 19.336342, alpha='6.442638107803645e-05',eta0='0.006608972588392449'
