{
  "mean_cost": 0.052378874291679034,
  "finished_ta_runs": 2,
  "inc_changed": 1,
  "n_configs": 1,
  "submitted_ta_runs": 2,
  "ta_time_used": 4.324617862701416,
  "wallclock_time_used": 4.327392101287842,
  "dataset_id": 9977,
  "perf_time": 4.333397375000004
}