{
  "mean_cost": 0.23599477321524423,
  "finished_ta_runs": 300,
  "inc_changed": 8,
  "n_configs": 137,
  "submitted_ta_runs": 300,
  "ta_time_used": 21.721312999725342,
  "wallclock_time_used": 117.92448306083679,
  "dataset_id": 14954,
  "perf_time": 117.93914158300322
}