"CPU Time Used","Estimated Training Performance","Wallclock Time","Incumbent ID","Automatic Configurator (CPU) Time","Configuration..."
0.000000, 2147483648.000000, 0.000247, 1, 0.000247, C='0.08611366210550205',gamma='0.4942679928374453'
0.062678, 0.900000, 0.063583, 1, 0.000905, C='0.08611366210550205',gamma='0.4942679928374453'
