"CPU Time Used","Estimated Training Performance","Wallclock Time","Incumbent ID","Automatic Configurator (CPU) Time","Configuration..."
0.000000, 2147483648.000000, 0.001483, 1, 0.001483, colsample_bytree='0.569966175314039',eta='0.009556882986489993',max_depth='3',reg_lambda='0.0020776820882921045'
0.070562, 0.449100, 0.073052, 1, 0.002490, colsample_bytree='0.569966175314039',eta='0.009556882986489993',max_depth='3',reg_lambda='0.0020776820882921045'
0.159714, 0.445200, 0.164773, 2, 0.005059, colsample_bytree='0.16842876113951205',eta='0.057518979203087454',max_depth='1',reg_lambda='907.9118723498699'
0.648306, 0.330700, 0.655201, 3, 0.006895, colsample_bytree='1.0',eta='0.3',max_depth='10',reg_lambda='1.0'
2.330009, 0.323100, 2.354961, 4, 0.024952, colsample_bytree='0.2573687224648893',eta='0.6313084526826623',max_depth='6',reg_lambda='4.454046125229204'
10.354335, 0.322500, 36.017312, 5, 25.662977, colsample_bytree='0.2026023500509918',eta='0.9958749114654967',max_depth='6',reg_lambda='4.982195096914826'
17.043548, 0.320400, 63.675782, 6, 46.632234, colsample_bytree='0.3458270804803387',eta='0.9873434180773528',max_depth='5',reg_lambda='0.18048075855550452'
23.870248, 0.319900, 93.594444, 7, 69.724196, colsample_bytree='0.492143194457931',eta='0.6635103048531226',max_depth='5',reg_lambda='0.18131468135983894'
