{"cpu_time": 0.0, "wallclock_time": 0.001439809799194336, "evaluations": 0, "cost": 2147483648.0, "incumbent": {"colsample_bytree": 0.569966175314039, "eta": 0.009556882986489993, "max_depth": 3, "reg_lambda": 0.0020776820882921045}, "budget": 0, "origin": "Sobol"}
{"cpu_time": 0.47854113578796387, "wallclock_time": 0.4809119701385498, "evaluations": 1, "cost": 0.1065, "incumbent": {"colsample_bytree": 0.569966175314039, "eta": 0.009556882986489993, "max_depth": 3, "reg_lambda": 0.0020776820882921045}, "budget": 0, "origin": "Sobol"}
{"cpu_time": 3.5747907161712646, "wallclock_time": 3.582472801208496, "evaluations": 7, "cost": 0.0593, "incumbent": {"colsample_bytree": 0.3878000834956765, "eta": 0.004721681612948408, "max_depth": 10, "reg_lambda": 0.09654112415362535}, "budget": 0, "origin": "Sobol"}
{"cpu_time": 25.255881309509277, "wallclock_time": 27.759099006652832, "evaluations": 59, "cost": 0.057, "incumbent": {"colsample_bytree": 0.3085241086535454, "eta": 0.00425408230123737, "max_depth": 10, "reg_lambda": 0.00883146401626931}, "budget": 0, "origin": "Local Search"}
{"cpu_time": 162.32896208763123, "wallclock_time": 245.69797801971436, "evaluations": 281, "cost": 0.0568, "incumbent": {"colsample_bytree": 0.2972942057772714, "eta": 0.0022950127249153933, "max_depth": 10, "reg_lambda": 0.001134014831846177}, "budget": 0, "origin": "Local Search"}
