"CPU Time Used","Estimated Training Performance","Wallclock Time","Incumbent ID","Automatic Configurator (CPU) Time","Configuration..."
0.000000, 2147483648.000000, 0.001440, 1, 0.001440, colsample_bytree='0.569966175314039',eta='0.009556882986489993',max_depth='3',reg_lambda='0.0020776820882921045'
0.478541, 0.106500, 0.480912, 1, 0.002371, colsample_bytree='0.569966175314039',eta='0.009556882986489993',max_depth='3',reg_lambda='0.0020776820882921045'
3.574791, 0.059300, 3.582473, 2, 0.007682, colsample_bytree='0.3878000834956765',eta='0.004721681612948408',max_depth='10',reg_lambda='0.09654112415362535'
25.255881, 0.057000, 27.759099, 3, 2.503218, colsample_bytree='0.3085241086535454',eta='0.00425408230123737',max_depth='10',reg_lambda='0.00883146401626931'
162.328962, 0.056800, 245.697978, 4, 83.369016, colsample_bytree='0.2972942057772714',eta='0.0022950127249153933',max_depth='10',reg_lambda='0.001134014831846177'
