"CPU Time Used","Estimated Training Performance","Wallclock Time","Incumbent ID","Automatic Configurator (CPU) Time","Configuration..."
0.000000, 2147483648.000000, 0.000539, 1, 0.000539, C='1.3600811985592882',gamma='0.09352602871548096'
0.133438, 0.017200, 0.134694, 1, 0.001256, C='1.3600811985592882',gamma='0.09352602871548096'
3.001447, 0.009600, 3.012708, 2, 0.011261, C='102.59827344587585',gamma='0.0039228031036218506'
5.460111, 0.004300, 5.483095, 3, 0.022984, C='7.48101646809008',gamma='2.7251940323754646'
