{"cpu_time": 0.0, "wallclock_time": 0.0005393028259277344, "evaluations": 0, "cost": 2147483648.0, "incumbent": ["C='1.3600811985592882'", "gamma='0.09352602871548096'"], "origin": "Sobol"}
{"cpu_time": 0.1334378719329834, "wallclock_time": 0.13469433784484863, "evaluations": 1, "cost": 0.0172, "incumbent": ["C='1.3600811985592882'", "gamma='0.09352602871548096'"], "origin": "Sobol"}
{"cpu_time": 3.0014467239379883, "wallclock_time": 3.0127081871032715, "evaluations": 13, "cost": 0.0096, "incumbent": ["C='102.59827344587585'", "gamma='0.0039228031036218506'"], "origin": "Sobol"}
{"cpu_time": 5.460110902786255, "wallclock_time": 5.483095169067383, "evaluations": 24, "cost": 0.0043, "incumbent": ["C='7.48101646809008'", "gamma='2.7251940323754646'"], "origin": "Sobol"}
