{
  "mean_cost": 0.16067189748031352,
  "finished_ta_runs": 1,
  "inc_changed": 1,
  "n_configs": 1,
  "submitted_ta_runs": 1,
  "ta_time_used": 0.24688410758972168,
  "wallclock_time_used": 0.24851417541503906,
  "dataset_id": 28,
  "perf_time": 0.2678750410000248
}