"CPU Time Used","Estimated Training Performance","Wallclock Time","Incumbent ID","Automatic Configurator (CPU) Time","Configuration..."
0.000000, 2147483648.000000, 0.001417, 1, 0.001417, colsample_bytree='0.2890479595400393',eta='0.02972240058848022',max_depth='1',reg_lambda='0.23594281684827217'
0.028242, 0.500000, 0.030591, 1, 0.002349, colsample_bytree='0.2890479595400393',eta='0.02972240058848022',max_depth='1',reg_lambda='0.23594281684827217'
0.563912, 0.137300, 0.577848, 2, 0.013936, colsample_bytree='0.5235572370700539',eta='0.1863242307845216',max_depth='3',reg_lambda='4.4461461740589225'
1.120934, 0.058800, 1.139198, 3, 0.018264, colsample_bytree='1.0',eta='0.3',max_depth='10',reg_lambda='1.0'
3.940628, 0.053200, 5.225435, 4, 1.284807, colsample_bytree='0.9972564610664967',eta='0.5415771393311946',max_depth='5',reg_lambda='0.8287835021064024'
6.093551, 0.047500, 10.268021, 5, 4.174470, colsample_bytree='0.9999562815190479',eta='0.5229072621191326',max_depth='3',reg_lambda='0.06590428357148632'
8.997072, 0.040800, 25.784273, 6, 16.787201, colsample_bytree='0.9994190837893756',eta='0.5251339058376067',max_depth='2',reg_lambda='0.020681504670656974'
