{"cpu_time": 0.0, "wallclock_time": 0.001416921615600586, "evaluations": 0, "cost": 2147483648.0, "incumbent": ["colsample_bytree='0.2890479595400393'", "eta='0.02972240058848022'", "max_depth='1'", "reg_lambda='0.23594281684827217'"], "origin": "Sobol"}
{"cpu_time": 0.028242111206054688, "wallclock_time": 0.03059101104736328, "evaluations": 1, "cost": 0.5, "incumbent": ["colsample_bytree='0.2890479595400393'", "eta='0.02972240058848022'", "max_depth='1'", "reg_lambda='0.23594281684827217'"], "origin": "Sobol"}
{"cpu_time": 0.5639121532440186, "wallclock_time": 0.5778477191925049, "evaluations": 13, "cost": 0.1373, "incumbent": ["colsample_bytree='0.5235572370700539'", "eta='0.1863242307845216'", "max_depth='3'", "reg_lambda='4.4461461740589225'"], "origin": "Sobol"}
{"cpu_time": 1.120934247970581, "wallclock_time": 1.139197826385498, "evaluations": 17, "cost": 0.0588, "incumbent": ["colsample_bytree='1.0'", "eta='0.3'", "max_depth='10'", "reg_lambda='1.0'"], "origin": null}
{"cpu_time": 3.9406278133392334, "wallclock_time": 5.22543478012085, "evaluations": 62, "cost": 0.0532, "incumbent": ["colsample_bytree='0.9972564610664967'", "eta='0.5415771393311946'", "max_depth='5'", "reg_lambda='0.8287835021064024'"], "origin": "Local Search"}
{"cpu_time": 6.093551158905029, "wallclock_time": 10.268020868301392, "evaluations": 85, "cost": 0.0475, "incumbent": ["colsample_bytree='0.9999562815190479'", "eta='0.5229072621191326'", "max_depth='3'", "reg_lambda='0.06590428357148632'"], "origin": "Local Search"}
{"cpu_time": 8.997071981430054, "wallclock_time": 25.78427290916443, "evaluations": 130, "cost": 0.0408, "incumbent": ["colsample_bytree='0.9994190837893756'", "eta='0.5251339058376067'", "max_depth='2'", "reg_lambda='0.020681504670656974'"], "origin": "Local Search"}
