{
  "mean_cost": 0.025159748443745873,
  "finished_ta_runs": 300,
  "inc_changed": 5,
  "n_configs": 149,
  "submitted_ta_runs": 300,
  "ta_time_used": 7.54218864440918,
  "wallclock_time_used": 59.02683973312378,
  "dataset_id": 15,
  "perf_time": 59.03641595799945
}