{
  "mean_cost": 0.8571428571428572,
  "finished_ta_runs": 2,
  "inc_changed": 1,
  "n_configs": 1,
  "submitted_ta_runs": 2,
  "ta_time_used": 0.4498121738433838,
  "wallclock_time_used": 0.4518699645996094,
  "dataset_id": 146817,
  "perf_time": 0.460005375000037
}