{"cpu_time": 0.0, "wallclock_time": 0.001615762710571289, "evaluations": 0, "cost": 2147483648.0, "incumbent": {"max_depth": 2, "max_features": 0.4491682695224881, "min_samples_leaf": 1, "min_samples_split": 4}, "budget": 0, "origin": "Sobol"}
{"cpu_time": 0.11002278327941895, "wallclock_time": 0.11266207695007324, "evaluations": 1, "cost": 0.6417, "incumbent": {"max_depth": 2, "max_features": 0.4491682695224881, "min_samples_leaf": 1, "min_samples_split": 4}, "budget": 0, "origin": "Sobol"}
{"cpu_time": 0.7387166023254395, "wallclock_time": 0.7439298629760742, "evaluations": 4, "cost": 0.2728, "incumbent": {"max_depth": 17, "max_features": 0.6137791713699698, "min_samples_leaf": 16, "min_samples_split": 18}, "budget": 0, "origin": "Sobol"}
{"cpu_time": 1.1657686233520508, "wallclock_time": 1.1728649139404297, "evaluations": 6, "cost": 0.2616, "incumbent": {"max_depth": 10, "max_features": 0.5, "min_samples_leaf": 1, "min_samples_split": 32}, "budget": 0, "origin": null}
{"cpu_time": 4.4847636222839355, "wallclock_time": 4.5032057762146, "evaluations": 17, "cost": 0.2465, "incumbent": {"max_depth": 7, "max_features": 0.8544756416231394, "min_samples_leaf": 3, "min_samples_split": 9}, "budget": 0, "origin": "Sobol"}
{"cpu_time": 10.965116500854492, "wallclock_time": 11.02214789390564, "evaluations": 43, "cost": 0.193, "incumbent": {"max_depth": 46, "max_features": 0.7485423665493727, "min_samples_leaf": 1, "min_samples_split": 7}, "budget": 0, "origin": "Sobol"}
{"cpu_time": 19.13472270965576, "wallclock_time": 23.592967987060547, "evaluations": 69, "cost": 0.1765, "incumbent": {"max_depth": 46, "max_features": 0.7424724620185272, "min_samples_leaf": 1, "min_samples_split": 3}, "budget": 0, "origin": "Local Search"}
{"cpu_time": 32.70106315612793, "wallclock_time": 43.723228931427, "evaluations": 97, "cost": 0.172, "incumbent": {"max_depth": 21, "max_features": 0.7412685535142352, "min_samples_leaf": 1, "min_samples_split": 3}, "budget": 0, "origin": "Local Search"}
{"cpu_time": 36.58365988731384, "wallclock_time": 50.024741888046265, "evaluations": 105, "cost": 0.17, "incumbent": {"max_depth": 20, "max_features": 0.7416855328567611, "min_samples_leaf": 1, "min_samples_split": 3}, "budget": 0, "origin": "Local Search"}
