{"cpu_time": 0.0, "wallclock_time": 0.0002758502960205078, "evaluations": 0, "cost": 2147483648.0, "incumbent": ["colsample_bytree='0.2890479595400393'", "eta='0.02972240058848022'", "max_depth='1'", "reg_lambda='0.23594281684827217'"], "origin": "Sobol"}
{"cpu_time": 0.02493906021118164, "wallclock_time": 0.025829792022705078, "evaluations": 1, "cost": 0.5, "incumbent": ["colsample_bytree='0.2890479595400393'", "eta='0.02972240058848022'", "max_depth='1'", "reg_lambda='0.23594281684827217'"], "origin": "Sobol"}
