"CPU Time Used","Estimated Training Performance","Wallclock Time","Incumbent ID","Automatic Configurator (CPU) Time","Configuration..."
0.000000, 2147483648.000000, 0.000037, 1, 0.000037, alpha='0.001',eta0='0.01'
0.258205, 0.405300, 0.258817, 1, 0.000612, alpha='0.001',eta0='0.01'
7.129374, 0.405000, 7.169534, 2, 0.040160, alpha='6.710472301897032e-05',eta0='0.015704169615611125'
41.397336, 0.404700, 41.959420, 3, 0.562084, alpha='2.706421604375243e-05',eta0='0.01669336421272515'
56.392187, 0.403200, 57.349872, 4, 0.957685, alpha='2.2807894686775367e-05',eta0='0.014503293804265042'
90.709857, 0.395300, 92.872664, 5, 2.162807, alpha='2.230126587564064e-05',eta0='0.035936269372755576'
122.280970, 0.394900, 126.006742, 6, 3.725772, alpha='3.358653721289016e-05',eta0='0.032354163827107395'
