{
  "mean_cost": 0.36798260971055086,
  "finished_ta_runs": 1,
  "inc_changed": 1,
  "n_configs": 1,
  "submitted_ta_runs": 1,
  "ta_time_used": 0.07507896423339844,
  "wallclock_time_used": 0.07655501365661621,
  "dataset_id": 3902,
  "perf_time": 0.08175854099999924
}