{
  "mean_cost": 0.043127823384159776,
  "finished_ta_runs": 217,
  "inc_changed": 7,
  "n_configs": 99,
  "submitted_ta_runs": 217,
  "ta_time_used": 24.214625120162964,
  "wallclock_time_used": 60.69654822349548,
  "dataset_id": 9946
}