"CPU Time Used","Estimated Training Performance","Wallclock Time","Incumbent ID","Automatic Configurator (CPU) Time","Configuration..."
0.000000, 2147483648.000000, 0.000047, 1, 0.000047, alpha='0.001',eta0='0.01'
0.070125, 0.351900, 0.071187, 1, 0.001062, alpha='0.001',eta0='0.01'
0.296305, 0.342100, 0.301461, 2, 0.005156, alpha='3.649484911512686e-05',eta0='1.2652165208090965e-05'
1.922925, 0.322600, 1.958297, 3, 0.035372, alpha='0.00013228124193272842',eta0='0.3501303606717672'
15.925826, 0.308300, 16.724392, 4, 0.798566, alpha='4.735688088524975e-05',eta0='0.26683342477283406'
24.100125, 0.306400, 25.771661, 5, 1.671536, alpha='8.60049030410098e-05',eta0='0.9281779911735101'
24.844250, 0.297200, 26.613213, 6, 1.768963, alpha='2.208559273959783e-05',eta0='0.2740563817931601'
28.566022, 0.293800, 30.932198, 7, 2.366176, alpha='1.0979044230604733e-05',eta0='0.870766345233906'
