{
  "mean_cost": 0.2423879921723713,
  "finished_ta_runs": 300,
  "inc_changed": 7,
  "n_configs": 135,
  "submitted_ta_runs": 300,
  "ta_time_used": 1027.442806005478,
  "wallclock_time_used": 1126.3367192745209,
  "dataset_id": 7592,
  "perf_time": 1126.3375718750012
}