"CPU Time Used","Estimated Training Performance","Wallclock Time","Incumbent ID","Automatic Configurator (CPU) Time","Configuration..."
0.000000, 2147483648.000000, 0.000851, 1, 0.000851, alpha='0.00011227070295712931',eta0='0.0029096933833365197'
0.032360, 0.235500, 0.034065, 1, 0.001705, alpha='0.00011227070295712931',eta0='0.0029096933833365197'
0.427908, 0.250300, 0.440641, 2, 0.012733, alpha='0.0025540066964094537',eta0='1.2228344859878906e-05'
2.509935, 0.249300, 15.822308, 3, 13.312373, alpha='0.00020847101047652688',eta0='1.194600630466953e-05'
3.460579, 0.248000, 19.907169, 4, 16.446590, alpha='0.0005520201143160746',eta0='1.2136271478519297e-05'
3.810474, 0.247000, 20.774269, 5, 16.963795, alpha='9.65502399322362e-05',eta0='1.153168864828696e-05'
4.670186, 0.244700, 24.433976, 6, 19.763790, alpha='0.00017984294605464523',eta0='1.1492390847173539e-05'
