{"cpu_time": 0.0, "wallclock_time": 0.0015561580657958984, "evaluations": 0, "cost": 2147483648.0, "incumbent": ["max_depth='6'", "max_features='0.3290755869820714'", "min_samples_leaf='11'", "min_samples_split='2'"], "origin": "Sobol"}
{"cpu_time": 0.10615301132202148, "wallclock_time": 0.1086111068725586, "evaluations": 1, "cost": 0.1803, "incumbent": ["max_depth='6'", "max_features='0.3290755869820714'", "min_samples_leaf='11'", "min_samples_split='2'"], "origin": "Sobol"}
{"cpu_time": 1.2213687896728516, "wallclock_time": 1.234361171722412, "evaluations": 13, "cost": 0.1382, "incumbent": ["max_depth='31'", "max_features='0.009538660757243633'", "min_samples_leaf='10'", "min_samples_split='16'"], "origin": "Sobol"}
{"cpu_time": 2.4857068061828613, "wallclock_time": 2.5123701095581055, "evaluations": 25, "cost": 0.053, "incumbent": ["max_depth='14'", "max_features='0.1785462163388729'", "min_samples_leaf='2'", "min_samples_split='10'"], "origin": "Sobol"}
{"cpu_time": 4.188717603683472, "wallclock_time": 4.242203950881958, "evaluations": 42, "cost": 0.0447, "incumbent": ["max_depth='39'", "max_features='0.3087822897359729'", "min_samples_leaf='3'", "min_samples_split='7'"], "origin": "Sobol"}
{"cpu_time": 7.365211009979248, "wallclock_time": 10.391956090927124, "evaluations": 73, "cost": 0.0401, "incumbent": ["max_depth='38'", "max_features='0.3567398873485384'", "min_samples_leaf='2'", "min_samples_split='6'"], "origin": "Local Search"}
{"cpu_time": 12.28760814666748, "wallclock_time": 29.349156141281128, "evaluations": 121, "cost": 0.0346, "incumbent": ["max_depth='38'", "max_features='0.33884004387103667'", "min_samples_leaf='1'", "min_samples_split='5'"], "origin": "Local Search"}
{"cpu_time": 14.430359125137329, "wallclock_time": 35.34719896316528, "evaluations": 140, "cost": 0.0331, "incumbent": ["max_depth='46'", "max_features='0.3400603306086146'", "min_samples_leaf='2'", "min_samples_split='4'"], "origin": "Local Search"}
{"cpu_time": 15.151812553405762, "wallclock_time": 36.57146716117859, "evaluations": 146, "cost": 0.0306, "incumbent": ["max_depth='45'", "max_features='0.4338487436310978'", "min_samples_leaf='1'", "min_samples_split='3'"], "origin": "Local Search"}
