"CPU Time Used","Estimated Training Performance","Wallclock Time","Incumbent ID","Automatic Configurator (CPU) Time","Configuration..."
0.000000, 2147483648.000000, 0.000544, 1, 0.000544, C='0.017961675793542162',gamma='0.9046232030638993'
0.017139, 0.500000, 0.018495, 1, 0.001356, C='0.017961675793542162',gamma='0.9046232030638993'
0.066588, 0.448400, 0.070385, 2, 0.003797, C='61.71933670840937',gamma='1.0864412265106145'
