{
  "mean_cost": 0.19969944185501465,
  "finished_ta_runs": 1,
  "inc_changed": 1,
  "n_configs": 1,
  "submitted_ta_runs": 1,
  "ta_time_used": 0.7760813236236572,
  "wallclock_time_used": 0.7774770259857178,
  "dataset_id": 22,
  "perf_time": 0.782888209000248
}