{
  "mean_cost": 0.2665689544967818,
  "finished_ta_runs": 2,
  "inc_changed": 1,
  "n_configs": 1,
  "submitted_ta_runs": 2,
  "ta_time_used": 1.2705821990966797,
  "wallclock_time_used": 1.2752389907836914,
  "dataset_id": 9910,
  "perf_time": 1.2817911659999481
}