"CPU Time Used","Estimated Training Performance","Wallclock Time","Incumbent ID","Automatic Configurator (CPU) Time","Configuration..."
0.000000, 2147483648.000000, 0.000552, 1, 0.000552, C='1.3600811985592882',gamma='0.09352602871548096'
0.020220, 0.696400, 0.021538, 1, 0.001318, C='1.3600811985592882',gamma='0.09352602871548096'
0.225354, 0.586900, 0.235827, 2, 0.010473, C='102.59827344587585',gamma='0.0039228031036218506'
