{
  "mean_cost": 0.11040640424390424,
  "finished_ta_runs": 300,
  "inc_changed": 10,
  "n_configs": 120,
  "submitted_ta_runs": 300,
  "ta_time_used": 76.73481321334839,
  "wallclock_time_used": 156.80997920036316,
  "dataset_id": 9964,
  "perf_time": 156.82558012500158
}