"CPU Time Used","Estimated Training Performance","Wallclock Time","Incumbent ID","Automatic Configurator (CPU) Time","Configuration..."
0.000000, 2147483648.000000, 0.000536, 1, 0.000536, C='1.3600811985592882',gamma='0.09352602871548096'
0.035309, 0.099100, 0.036585, 1, 0.001276, C='1.3600811985592882',gamma='0.09352602871548096'
0.411448, 0.056600, 0.422181, 2, 0.010733, C='102.59827344587585',gamma='0.0039228031036218506'
0.908945, 0.056100, 0.930511, 3, 0.021566, C='7.48101646809008',gamma='2.7251940323754646'
1.364317, 0.024400, 1.398261, 4, 0.033944, C='206.50233439434604',gamma='0.9897482788196605'
2.056202, 0.003000, 2.782786, 5, 0.726583, C='541.2955481394744',gamma='0.043793048608343044'
3.254732, 0.000000, 8.723053, 6, 5.468321, C='539.6066806111558',gamma='0.08422386030060136'
