"CPU Time Used","Estimated Training Performance","Wallclock Time","Incumbent ID","Automatic Configurator (CPU) Time","Configuration..."
0.000000, 2147483648.000000, 0.000581, 1, 0.000581, alpha='0.00011227070295712931',eta0='0.0029096933833365197'
0.792948, 0.104600, 0.794365, 1, 0.001417, alpha='0.00011227070295712931',eta0='0.0029096933833365197'
186.560647, 0.102700, 266.389387, 2, 79.828740, alpha='9.550931835294277e-05',eta0='0.0004205151107675873'
