{"cpu_time": 0.0, "wallclock_time": 0.001528024673461914, "evaluations": 0, "cost": 2147483648.0, "incumbent": ["max_depth='1'", "max_features='0.49276944529265165'", "min_samples_leaf='4'", "min_samples_split='9'"], "origin": "Sobol"}
{"cpu_time": 0.20987296104431152, "wallclock_time": 0.21236419677734375, "evaluations": 1, "cost": 0.6667, "incumbent": ["max_depth='1'", "max_features='0.49276944529265165'", "min_samples_leaf='4'", "min_samples_split='9'"], "origin": "Sobol"}
{"cpu_time": 0.9794199466705322, "wallclock_time": 0.9853413105010986, "evaluations": 4, "cost": 0.0796, "incumbent": ["max_depth='22'", "max_features='0.502463330514729'", "min_samples_leaf='18'", "min_samples_split='83'"], "origin": "Sobol"}
{"cpu_time": 1.5525867938995361, "wallclock_time": 1.5609641075134277, "evaluations": 6, "cost": 0.0563, "incumbent": ["max_depth='10'", "max_features='0.5'", "min_samples_leaf='1'", "min_samples_split='32'"], "origin": null}
{"cpu_time": 11.806614875793457, "wallclock_time": 11.882002353668213, "evaluations": 37, "cost": 0.0526, "incumbent": ["max_depth='35'", "max_features='0.653578007593751'", "min_samples_leaf='3'", "min_samples_split='2'"], "origin": "Sobol"}
{"cpu_time": 50.468920946121216, "wallclock_time": 89.10130310058594, "evaluations": 130, "cost": 0.0523, "incumbent": ["max_depth='36'", "max_features='0.6913691458107418'", "min_samples_leaf='1'", "min_samples_split='10'"], "origin": "Local Search"}
{"cpu_time": 95.89901375770569, "wallclock_time": 203.64169120788574, "evaluations": 251, "cost": 0.0523, "incumbent": ["max_depth='27'", "max_features='0.4146021703201825'", "min_samples_leaf='1'", "min_samples_split='4'"], "origin": "Local Search"}
{"cpu_time": 103.5720465183258, "wallclock_time": 220.00675106048584, "evaluations": 274, "cost": 0.0469, "incumbent": ["max_depth='42'", "max_features='0.4711287846538762'", "min_samples_leaf='1'", "min_samples_split='12'"], "origin": "Local Search"}
