{
  "mean_cost": 0.3593981481481482,
  "finished_ta_runs": 1,
  "inc_changed": 1,
  "n_configs": 1,
  "submitted_ta_runs": 1,
  "ta_time_used": 0.07228684425354004,
  "wallclock_time_used": 0.07440400123596191,
  "dataset_id": 14954,
  "perf_time": 0.08257975000014994
}