"CPU Time Used","Estimated Training Performance","Wallclock Time","Incumbent ID","Automatic Configurator (CPU) Time","Configuration..."
0.000000, 2147483648.000000, 0.000551, 1, 0.000551, C='1.3600811985592882',gamma='0.09352602871548096'
0.078819, 0.729700, 0.080108, 1, 0.001289, C='1.3600811985592882',gamma='0.09352602871548096'
0.943169, 0.542100, 0.954992, 2, 0.011823, C='102.59827344587585',gamma='0.0039228031036218506'
3.202765, 0.540000, 4.344457, 3, 1.141692, C='49.877685956795354',gamma='0.0038967585328262624'
3.802782, 0.537400, 5.454159, 4, 1.651377, C='31.07046534846112',gamma='0.0038967585328262624'
8.177623, 0.535800, 13.755941, 5, 5.578318, C='32.72880489199396',gamma='0.0038803417624292402'
20.754486, 0.514800, 45.840615, 6, 25.086129, C='389.9942065582977',gamma='0.001073572577085618'
