{"cpu_time": 0.0, "wallclock_time": 0.0005509853363037109, "evaluations": 0, "cost": 2147483648.0, "incumbent": ["C='1.3600811985592882'", "gamma='0.09352602871548096'"], "origin": "Sobol"}
{"cpu_time": 0.07881903648376465, "wallclock_time": 0.0801079273223877, "evaluations": 1, "cost": 0.7297, "incumbent": ["C='1.3600811985592882'", "gamma='0.09352602871548096'"], "origin": "Sobol"}
{"cpu_time": 0.943169355392456, "wallclock_time": 0.9549920558929443, "evaluations": 13, "cost": 0.5421, "incumbent": ["C='102.59827344587585'", "gamma='0.0039228031036218506'"], "origin": "Sobol"}
{"cpu_time": 3.2027649879455566, "wallclock_time": 4.344456911087036, "evaluations": 44, "cost": 0.54, "incumbent": ["C='49.877685956795354'", "gamma='0.0038967585328262624'"], "origin": "Random Search (sorted)"}
{"cpu_time": 3.802781820297241, "wallclock_time": 5.4541590213775635, "evaluations": 51, "cost": 0.5374, "incumbent": ["C='31.07046534846112'", "gamma='0.0038967585328262624'"], "origin": "Local Search"}
{"cpu_time": 8.17762279510498, "wallclock_time": 13.755941152572632, "evaluations": 103, "cost": 0.5358, "incumbent": ["C='32.72880489199396'", "gamma='0.0038803417624292402'"], "origin": "Local Search"}
{"cpu_time": 20.754486083984375, "wallclock_time": 45.840614795684814, "evaluations": 248, "cost": 0.5148, "incumbent": ["C='389.9942065582977'", "gamma='0.001073572577085618'"], "origin": "Random Search"}
