{
  "mean_cost": 0.12559313846319553,
  "finished_ta_runs": 1,
  "inc_changed": 1,
  "n_configs": 1,
  "submitted_ta_runs": 1,
  "ta_time_used": 0.17197608947753906,
  "wallclock_time_used": 0.17352890968322754
}