{"cpu_time": 0.0, "wallclock_time": 0.0015721321105957031, "evaluations": 0, "cost": 2147483648.0, "incumbent": ["colsample_bytree='0.569966175314039'", "eta='0.009556882986489993'", "max_depth='3'", "reg_lambda='0.0020776820882921045'"], "origin": "Sobol"}
{"cpu_time": 1.0485169887542725, "wallclock_time": 1.0513241291046143, "evaluations": 1, "cost": 0.079, "incumbent": ["colsample_bytree='0.569966175314039'", "eta='0.009556882986489993'", "max_depth='3'", "reg_lambda='0.0020776820882921045'"], "origin": "Sobol"}
{"cpu_time": 11.89694094657898, "wallclock_time": 11.907474279403687, "evaluations": 7, "cost": 0.0401, "incumbent": ["colsample_bytree='0.3878000834956765'", "eta='0.004721681612948408'", "max_depth='10'", "reg_lambda='0.09654112415362535'"], "origin": "Sobol"}
{"cpu_time": 23.26295804977417, "wallclock_time": 23.27767515182495, "evaluations": 10, "cost": 0.0342, "incumbent": ["colsample_bytree='1.0'", "eta='0.3'", "max_depth='10'", "reg_lambda='1.0'"], "origin": null}
{"cpu_time": 38.97814154624939, "wallclock_time": 39.0072922706604, "evaluations": 19, "cost": 0.0315, "incumbent": ["colsample_bytree='0.5071276918053628'", "eta='0.18054041228993647'", "max_depth='4'", "reg_lambda='0.7014077911957106'"], "origin": "Sobol"}
{"cpu_time": 56.29096961021423, "wallclock_time": 56.35126304626465, "evaluations": 35, "cost": 0.0294, "incumbent": ["colsample_bytree='0.6345239883288741'", "eta='0.33181775125056084'", "max_depth='2'", "reg_lambda='0.043291333432912055'"], "origin": "Sobol"}
{"cpu_time": 105.52258849143982, "wallclock_time": 113.4506721496582, "evaluations": 77, "cost": 0.0282, "incumbent": ["colsample_bytree='0.6351399880654532'", "eta='0.31396730897604125'", "max_depth='7'", "reg_lambda='67.41056226449584'"], "origin": "Local Search"}
{"cpu_time": 142.86459517478943, "wallclock_time": 156.00666213035583, "evaluations": 91, "cost": 0.0282, "incumbent": ["colsample_bytree='0.6351399880654532'", "eta='0.3146347062906235'", "max_depth='8'", "reg_lambda='165.10297340769947'"], "origin": "Local Search"}
{"cpu_time": 530.2530097961426, "wallclock_time": 648.0987122058868, "evaluations": 252, "cost": 0.0281, "incumbent": ["colsample_bytree='0.6004599907159771'", "eta='0.31188199926242105'", "max_depth='10'", "reg_lambda='137.20796332193802'"], "origin": "Local Search"}
{"cpu_time": 569.877970457077, "wallclock_time": 694.2050001621246, "evaluations": 267, "cost": 0.0276, "incumbent": ["colsample_bytree='0.5533057963109382'", "eta='0.3120241977221871'", "max_depth='8'", "reg_lambda='138.65355824957086'"], "origin": "Local Search"}
{"cpu_time": 645.4388041496277, "wallclock_time": 798.6961672306061, "evaluations": 299, "cost": 0.0276, "incumbent": ["colsample_bytree='0.5567372744620803'", "eta='0.3120241977221871'", "max_depth='7'", "reg_lambda='138.65355824957086'"], "origin": "Local Search"}
