{"cpu_time": 0.0, "wallclock_time": 0.0015511512756347656, "evaluations": 0, "cost": 2147483648.0, "incumbent": ["max_depth='1'", "max_features='0.49276944529265165'", "min_samples_leaf='4'", "min_samples_split='9'"], "origin": "Sobol"}
{"cpu_time": 0.1460559368133545, "wallclock_time": 0.14848685264587402, "evaluations": 1, "cost": 0.541, "incumbent": ["max_depth='1'", "max_features='0.49276944529265165'", "min_samples_leaf='4'", "min_samples_split='9'"], "origin": "Sobol"}
{"cpu_time": 1.1481692790985107, "wallclock_time": 1.153109073638916, "evaluations": 4, "cost": 0.1707, "incumbent": ["max_depth='22'", "max_features='0.502463330514729'", "min_samples_leaf='18'", "min_samples_split='83'"], "origin": "Sobol"}
{"cpu_time": 2.1256322860717773, "wallclock_time": 2.132354974746704, "evaluations": 6, "cost": 0.1469, "incumbent": ["max_depth='10'", "max_features='0.5'", "min_samples_leaf='1'", "min_samples_split='32'"], "origin": null}
{"cpu_time": 13.68280553817749, "wallclock_time": 13.701417922973633, "evaluations": 17, "cost": 0.1196, "incumbent": ["max_depth='11'", "max_features='0.9135355520993471'", "min_samples_leaf='2'", "min_samples_split='4'"], "origin": "Sobol"}
{"cpu_time": 35.38994860649109, "wallclock_time": 35.4627640247345, "evaluations": 53, "cost": 0.1176, "incumbent": ["max_depth='25'", "max_features='0.7711025746539235'", "min_samples_leaf='1'", "min_samples_split='10'"], "origin": "Sobol"}
{"cpu_time": 47.014212131500244, "wallclock_time": 49.21444296836853, "evaluations": 69, "cost": 0.1141, "incumbent": ["max_depth='25'", "max_features='0.6490654045455231'", "min_samples_leaf='1'", "min_samples_split='9'"], "origin": "Local Search"}
{"cpu_time": 82.6724271774292, "wallclock_time": 101.18863701820374, "evaluations": 114, "cost": 0.1103, "incumbent": ["max_depth='38'", "max_features='0.623806700792565'", "min_samples_leaf='1'", "min_samples_split='4'"], "origin": "Local Search"}
