{
  "mean_cost": 0.25233449074074077,
  "finished_ta_runs": 300,
  "inc_changed": 4,
  "n_configs": 118,
  "submitted_ta_runs": 300,
  "ta_time_used": 30.94391655921936,
  "wallclock_time_used": 99.45784497261047,
  "dataset_id": 3913,
  "perf_time": 99.47070624999469
}