{"cpu_time": 0.0, "wallclock_time": 0.0006358623504638672, "evaluations": 0, "cost": 2147483648.0, "incumbent": {"C": 0.08611366210550205, "gamma": 0.4942679928374453}, "budget": 0, "origin": "Sobol"}
{"cpu_time": 0.012758016586303711, "wallclock_time": 0.014246940612792969, "evaluations": 1, "cost": 0.5, "incumbent": {"C": 0.08611366210550205, "gamma": 0.4942679928374453}, "budget": 0, "origin": "Sobol"}
{"cpu_time": 0.3565819263458252, "wallclock_time": 0.3859410285949707, "evaluations": 29, "cost": 0.2556, "incumbent": {"C": 4.532544074901469, "gamma": 0.03382327396632573}, "budget": 0, "origin": "Sobol"}
{"cpu_time": 0.5129392147064209, "wallclock_time": 0.5584540367126465, "evaluations": 41, "cost": 0.0972, "incumbent": {"C": 490.89071375229827, "gamma": 0.4114559193983836}, "budget": 0, "origin": "Sobol"}
{"cpu_time": 0.6799063682556152, "wallclock_time": 0.7462999820709229, "evaluations": 54, "cost": 0.0119, "incumbent": {"C": 76.5060885254147, "gamma": 0.08851540004701101}, "budget": 0, "origin": "Sobol"}
{"cpu_time": 0.9566402435302734, "wallclock_time": 2.296541929244995, "evaluations": 69, "cost": 0.006, "incumbent": {"C": 76.84568078334314, "gamma": 0.09483831394652611}, "budget": 0, "origin": "Local Search"}
