"CPU Time Used","Estimated Training Performance","Wallclock Time","Incumbent ID","Automatic Configurator (CPU) Time","Configuration..."
0.000000, 2147483648.000000, 0.000636, 1, 0.000636, C='0.08611366210550205',gamma='0.4942679928374453'
0.012758, 0.500000, 0.014247, 1, 0.001489, C='0.08611366210550205',gamma='0.4942679928374453'
0.356582, 0.255600, 0.385941, 2, 0.029359, C='4.532544074901469',gamma='0.03382327396632573'
0.512939, 0.097200, 0.558454, 3, 0.045515, C='490.89071375229827',gamma='0.4114559193983836'
0.679906, 0.011900, 0.746300, 4, 0.066394, C='76.5060885254147',gamma='0.08851540004701101'
0.956640, 0.006000, 2.296542, 5, 1.339902, C='76.84568078334314',gamma='0.09483831394652611'
