"CPU Time Used","Estimated Training Performance","Wallclock Time","Incumbent ID","Automatic Configurator (CPU) Time","Configuration..."
0.000000, 2147483648.000000, 0.000163, 1, 0.000163, alpha='0.001',eta0='0.01'
0.044588, 0.427200, 0.061343, 1, 0.016756, alpha='0.001',eta0='0.01'
0.344212, 0.411500, 0.371596, 2, 0.027384, alpha='1.0455662723206625e-05',eta0='0.001729647929337629'
1.939145, 0.406000, 2.057561, 3, 0.118417, alpha='1.2909687744250807e-05',eta0='0.00294381217579643'
