{
  "mean_cost": 0.4658384823022981,
  "finished_ta_runs": 600,
  "inc_changed": 5,
  "n_configs": 540,
  "submitted_ta_runs": 600,
  "ta_time_used": 22.92611861228943,
  "wallclock_time_used": 28.615431308746338,
  "dataset_id": 3918,
  "perf_time": 28.6325179580017
}