{
  "mean_cost": 0.4519796389294597,
  "finished_ta_runs": 300,
  "inc_changed": 6,
  "n_configs": 172,
  "submitted_ta_runs": 300,
  "ta_time_used": 103.16300940513611,
  "wallclock_time_used": 164.87780785560608,
  "dataset_id": 3904,
  "perf_time": 164.89844745800656
}