{
  "mean_cost": 0.03735859622853343,
  "finished_ta_runs": 567,
  "inc_changed": 2,
  "n_configs": 396,
  "submitted_ta_runs": 567,
  "ta_time_used": 115.31986474990845,
  "wallclock_time_used": 120.03729200363159,
  "dataset_id": 3549
}