{
  "mean_cost": 0.6608137568144539,
  "finished_ta_runs": 39,
  "inc_changed": 3,
  "n_configs": 23,
  "submitted_ta_runs": 39,
  "ta_time_used": 65.90065097808838,
  "wallclock_time_used": 65.96194219589233,
  "dataset_id": 9985
}