"CPU Time Used","Estimated Training Performance","Wallclock Time","Incumbent ID","Automatic Configurator (CPU) Time","Configuration..."
0.000000, 2147483648.000000, 0.000566, 1, 0.000566, alpha='0.00011227070295712931',eta0='0.0029096933833365197'
0.330947, 0.803800, 0.332290, 1, 0.001343, alpha='0.00011227070295712931',eta0='0.0029096933833365197'
12.386364, 0.742500, 13.379879, 2, 0.993515, alpha='1.8589110264378734e-05',eta0='0.00011825202035805479'
34.393352, 0.736600, 45.133702, 3, 10.740350, alpha='1.7887843669541668e-05',eta0='0.00014939696418491563'
55.666967, 0.735300, 77.067840, 4, 21.400873, alpha='0.001140555486674578',eta0='0.00010703734158684144'
82.570097, 0.727700, 121.152479, 5, 38.582382, alpha='0.0005502656997961513',eta0='0.000147139856220905'
