"CPU Time Used","Estimated Training Performance","Wallclock Time","Incumbent ID","Automatic Configurator (CPU) Time","Configuration..."
0.000000, 2147483648.000000, 0.000695, 1, 0.000695, alpha='0.0040824718253228975',eta0='0.00044195488125554607'
0.178194, 0.429800, 0.180318, 1, 0.002124, alpha='0.0040824718253228975',eta0='0.00044195488125554607'
2.605511, 0.453000, 2.625960, 2, 0.020449, alpha='8.740778541533059e-05',eta0='0.35545691961437276'
7.324435, 0.444800, 8.027049, 3, 0.702614, alpha='0.004403941676822538',eta0='1.708958666154341e-05'
10.113464, 0.441900, 13.248626, 4, 3.135162, alpha='0.004394887474425928',eta0='1.5997095654140817e-05'
31.936886, 0.437700, 68.260415, 5, 36.323529, alpha='5.118184277519929e-05',eta0='1.589809042224766e-05'
37.886467, 0.431700, 85.389031, 6, 47.502564, alpha='0.0014793372138075737',eta0='1.2158181389474783e-05'
43.465325, 0.416200, 105.155195, 7, 61.689870, alpha='5.238147816462363e-05',eta0='0.0002713463194704236'
