{
  "mean_cost": 0.2934751050244563,
  "finished_ta_runs": 1,
  "inc_changed": 1,
  "n_configs": 1,
  "submitted_ta_runs": 1,
  "ta_time_used": 0.1714472770690918,
  "wallclock_time_used": 0.17323017120361328
}