{"cpu_time": 0.0, "wallclock_time": 5.412101745605469e-05, "evaluations": 0, "cost": 2147483648.0, "incumbent": {"colsample_bytree": 1.0, "eta": 0.3, "max_depth": 10, "reg_lambda": 1.0}, "budget": 0, "origin": "Default"}
{"cpu_time": 1.13205885887146, "wallclock_time": 1.1327800750732422, "evaluations": 1, "cost": 0.0455, "incumbent": {"colsample_bytree": 1.0, "eta": 0.3, "max_depth": 10, "reg_lambda": 1.0}, "budget": 0, "origin": "Default"}
{"cpu_time": 9.379803895950317, "wallclock_time": 9.392513990402222, "evaluations": 10, "cost": 0.0431, "incumbent": {"colsample_bytree": 0.9735460407805239, "eta": 0.3678418820983057, "max_depth": 10, "reg_lambda": 21.683858388188526}, "budget": 0, "origin": "Random Search"}
{"cpu_time": 20.642529249191284, "wallclock_time": 20.70497417449951, "evaluations": 33, "cost": 0.0415, "incumbent": {"colsample_bytree": 0.9998494866560442, "eta": 0.4926361595982613, "max_depth": 10, "reg_lambda": 10.601362085146015}, "budget": 0, "origin": "Random Search"}
{"cpu_time": 97.50363564491272, "wallclock_time": 99.3008360862732, "evaluations": 299, "cost": 0.0412, "incumbent": {"colsample_bytree": 0.667533809257375, "eta": 0.7551276904045547, "max_depth": 8, "reg_lambda": 6.428704425169726}, "budget": 0, "origin": "Random Search"}
