{
  "mean_cost": 0.4422252831343741,
  "finished_ta_runs": 2,
  "inc_changed": 1,
  "n_configs": 1,
  "submitted_ta_runs": 2,
  "ta_time_used": 0.7995281219482422,
  "wallclock_time_used": 0.8023250102996826,
  "dataset_id": 3022,
  "perf_time": 0.8106153749999976
}