"CPU Time Used","Estimated Training Performance","Wallclock Time","Incumbent ID","Automatic Configurator (CPU) Time","Configuration..."
0.000000, 2147483648.000000, 0.003566, 1, 0.003566, colsample_bytree='0.569966175314039',eta='0.009556882986489993',max_depth='3',reg_lambda='0.0020776820882921045'
2.661545, 0.052200, 2.666299, 1, 0.004754, colsample_bytree='0.569966175314039',eta='0.009556882986489993',max_depth='3',reg_lambda='0.0020776820882921045'
20.610304, 0.026400, 20.622423, 2, 0.012119, colsample_bytree='0.3878000834956765',eta='0.004721681612948408',max_depth='10',reg_lambda='0.09654112415362535'
128.582032, 0.021000, 128.692955, 3, 0.110923, colsample_bytree='0.1936281332746148',eta='0.01073664020918446',max_depth='6',reg_lambda='0.21345224923911993'
193.693256, 0.019500, 199.846785, 4, 6.153529, colsample_bytree='0.1924813720019009',eta='0.0016536048167132974',max_depth='6',reg_lambda='0.211306363386415'
221.326458, 0.019500, 230.197438, 5, 8.870980, colsample_bytree='0.18240853482491606',eta='0.0015507644659666655',max_depth='6',reg_lambda='0.024524842746503107'
239.007855, 0.019100, 248.698220, 6, 9.690365, colsample_bytree='0.20278447772116132',eta='0.0016541498552734568',max_depth='6',reg_lambda='0.013639808833539059'
