{"cpu_time": 0.0, "wallclock_time": 0.0035660266876220703, "evaluations": 0, "cost": 2147483648.0, "incumbent": {"colsample_bytree": 0.569966175314039, "eta": 0.009556882986489993, "max_depth": 3, "reg_lambda": 0.0020776820882921045}, "budget": 0, "origin": "Sobol"}
{"cpu_time": 2.6615450382232666, "wallclock_time": 2.6662991046905518, "evaluations": 1, "cost": 0.0522, "incumbent": {"colsample_bytree": 0.569966175314039, "eta": 0.009556882986489993, "max_depth": 3, "reg_lambda": 0.0020776820882921045}, "budget": 0, "origin": "Sobol"}
{"cpu_time": 20.6103036403656, "wallclock_time": 20.62242293357849, "evaluations": 7, "cost": 0.0264, "incumbent": {"colsample_bytree": 0.3878000834956765, "eta": 0.004721681612948408, "max_depth": 10, "reg_lambda": 0.09654112415362535}, "budget": 0, "origin": "Sobol"}
{"cpu_time": 128.5820324420929, "wallclock_time": 128.69295501708984, "evaluations": 53, "cost": 0.021, "incumbent": {"colsample_bytree": 0.1936281332746148, "eta": 0.01073664020918446, "max_depth": 6, "reg_lambda": 0.21345224923911993}, "budget": 0, "origin": "Sobol"}
{"cpu_time": 193.6932556629181, "wallclock_time": 199.84678506851196, "evaluations": 84, "cost": 0.0195, "incumbent": {"colsample_bytree": 0.1924813720019009, "eta": 0.0016536048167132974, "max_depth": 6, "reg_lambda": 0.211306363386415}, "budget": 0, "origin": "Local Search"}
{"cpu_time": 221.32645845413208, "wallclock_time": 230.1974380016327, "evaluations": 95, "cost": 0.0195, "incumbent": {"colsample_bytree": 0.18240853482491606, "eta": 0.0015507644659666655, "max_depth": 6, "reg_lambda": 0.024524842746503107}, "budget": 0, "origin": "Local Search"}
{"cpu_time": 239.00785493850708, "wallclock_time": 248.69822001457214, "evaluations": 103, "cost": 0.0191, "incumbent": {"colsample_bytree": 0.20278447772116132, "eta": 0.0016541498552734568, "max_depth": 6, "reg_lambda": 0.013639808833539059}, "budget": 0, "origin": "Local Search"}
