{
  "mean_cost": 0.1336342542488376,
  "finished_ta_runs": 300,
  "inc_changed": 2,
  "n_configs": 152,
  "submitted_ta_runs": 300,
  "ta_time_used": 12.369487047195435,
  "wallclock_time_used": 94.45581388473511,
  "dataset_id": 9946,
  "perf_time": 94.46945704199607
}