"CPU Time Used","Estimated Training Performance","Wallclock Time","Incumbent ID","Automatic Configurator (CPU) Time","Configuration..."
0.000000, 2147483648.000000, 0.000703, 1, 0.000703, C='0.017961675793542162',gamma='0.9046232030638993'
0.034223, 0.500000, 0.035871, 1, 0.001648, C='0.017961675793542162',gamma='0.9046232030638993'
0.138602, 0.480500, 0.142913, 2, 0.004311, C='61.71933670840937',gamma='1.0864412265106145'
0.220200, 0.474600, 0.226228, 3, 0.006028, C='1.0',gamma='0.1'
0.717793, 0.467000, 0.741770, 4, 0.023977, C='198.6613474689375',gamma='0.09318781769031856'
