{
  "mean_cost": 0.5046893720941581,
  "finished_ta_runs": 1,
  "inc_changed": 1,
  "n_configs": 1,
  "submitted_ta_runs": 1,
  "ta_time_used": 0.13253402709960938,
  "wallclock_time_used": 0.13434576988220215
}