"CPU Time Used","Estimated Training Performance","Wallclock Time","Incumbent ID","Automatic Configurator (CPU) Time","Configuration..."
0.000000, 2147483648.000000, 0.001982, 1, 0.001982, alpha='0.00011227070295712931',eta0='0.0029096933833365197'
0.432305, 0.440200, 0.435718, 1, 0.003413, alpha='0.00011227070295712931',eta0='0.0029096933833365197'
2.495158, 0.438200, 2.503280, 2, 0.008122, alpha='0.026542866188361353',eta0='8.075114966892127e-05'
6.011095, 0.443600, 6.028311, 3, 0.017215, alpha='0.0025540066964094537',eta0='1.2228344859878906e-05'
9.303675, 0.442500, 9.331933, 4, 0.028257, alpha='2.9848599322377e-05',eta0='0.022418115180003955'
