{
  "mean_cost": 0.09043323315867277,
  "finished_ta_runs": 77,
  "inc_changed": 7,
  "n_configs": 55,
  "submitted_ta_runs": 77,
  "ta_time_used": 60.019010066986084,
  "wallclock_time_used": 60.162137031555176,
  "dataset_id": 3
}