"CPU Time Used","Estimated Training Performance","Wallclock Time","Incumbent ID","Automatic Configurator (CPU) Time","Configuration..."
0.000000, 2147483648.000000, 0.000539, 1, 0.000539, alpha='0.00011227070295712931',eta0='0.0029096933833365197'
0.064958, 0.437100, 0.066242, 1, 0.001284, alpha='0.00011227070295712931',eta0='0.0029096933833365197'
0.806723, 0.409300, 0.820701, 2, 0.013978, alpha='1.715136253541309e-05',eta0='0.0001288871339815063'
2.018208, 0.406000, 2.068344, 3, 0.050136, alpha='8.493190945563282e-05',eta0='3.713240341799095e-05'
2.647902, 0.405300, 4.037130, 4, 1.389228, alpha='0.005048792685813385',eta0='0.00036936281458430347'
3.175691, 0.403100, 4.997547, 5, 1.821856, alpha='0.007335296972916839',eta0='0.0003860723551622833'
15.823950, 0.402700, 99.452845, 6, 83.628895, alpha='0.00010167719582197957',eta0='0.0010236943668864174'
