{
  "mean_cost": 0.7112942576970356,
  "finished_ta_runs": 300,
  "inc_changed": 4,
  "n_configs": 112,
  "submitted_ta_runs": 300,
  "ta_time_used": 4.171609878540039,
  "wallclock_time_used": 30.013447761535645,
  "dataset_id": 3560,
  "perf_time": 30.025760250005987
}