"CPU Time Used","Estimated Training Performance","Wallclock Time","Incumbent ID","Automatic Configurator (CPU) Time","Configuration..."
0.000000, 2147483648.000000, 0.000554, 1, 0.000554, C='0.08611366210550205',gamma='0.4942679928374453'
0.019982, 0.800000, 0.021256, 1, 0.001274, C='0.08611366210550205',gamma='0.4942679928374453'
0.135978, 0.591900, 0.142401, 2, 0.006423, C='69.38389384208695',gamma='0.0015531477828170245'
0.601891, 0.585800, 0.978014, 3, 0.376123, C='191.2868707172165',gamma='0.0012017873449446039'
0.759301, 0.578400, 1.415567, 4, 0.656266, C='516.8638983244714',gamma='0.0013392845125826636'
