{
  "mean_cost": 0.4695713281876707,
  "finished_ta_runs": 300,
  "inc_changed": 4,
  "n_configs": 86,
  "submitted_ta_runs": 300,
  "ta_time_used": 13.648654460906982,
  "wallclock_time_used": 39.089414834976196,
  "dataset_id": 3917,
  "perf_time": 39.10576854100509
}