{"cpu_time": 0.0, "wallclock_time": 0.0006048679351806641, "evaluations": 0, "cost": 2147483648.0, "incumbent": ["alpha='0.00011227070295712931'", "eta0='0.0029096933833365197'"], "origin": "Sobol"}
{"cpu_time": 0.9124617576599121, "wallclock_time": 0.9139058589935303, "evaluations": 1, "cost": 0.0884, "incumbent": ["alpha='0.00011227070295712931'", "eta0='0.0029096933833365197'"], "origin": "Sobol"}
{"cpu_time": 26.30730438232422, "wallclock_time": 26.651871919631958, "evaluations": 29, "cost": 0.0828, "incumbent": ["alpha='0.00012313963795980293'", "eta0='0.004066819073934648'"], "origin": "Random Search (sorted)"}
