"CPU Time Used","Estimated Training Performance","Wallclock Time","Incumbent ID","Automatic Configurator (CPU) Time","Configuration..."
0.000000, 2147483648.000000, 0.000605, 1, 0.000605, alpha='0.00011227070295712931',eta0='0.0029096933833365197'
0.912462, 0.088400, 0.913906, 1, 0.001444, alpha='0.00011227070295712931',eta0='0.0029096933833365197'
26.307304, 0.082800, 26.651872, 2, 0.344568, alpha='0.00012313963795980293',eta0='0.004066819073934648'
