"CPU Time Used","Estimated Training Performance","Wallclock Time","Incumbent ID","Automatic Configurator (CPU) Time","Configuration..."
0.000000, 2147483648.000000, 0.000044, 1, 0.000044, C='1.0',gamma='0.1'
0.046800, 0.474600, 0.047511, 1, 0.000711, C='1.0',gamma='0.1'
0.697280, 0.469500, 0.718242, 2, 0.020962, C='16.640050128980878',gamma='0.02787815770602151'
1.047983, 0.467000, 1.080400, 3, 0.032417, C='7.175638647559039',gamma='0.09259999660241393'
5.492393, 0.465800, 5.862136, 4, 0.369743, C='64.9998285013093',gamma='0.010372084509422277'
