{
  "mean_cost": 0.20125445741622217,
  "finished_ta_runs": 600,
  "inc_changed": 4,
  "n_configs": 558,
  "submitted_ta_runs": 600,
  "ta_time_used": 1503.588609457016,
  "wallclock_time_used": 1509.143317937851,
  "dataset_id": 14,
  "perf_time": 1509.1446942080001
}