{
  "mean_cost": 0.0663646257623812,
  "finished_ta_runs": 300,
  "inc_changed": 7,
  "n_configs": 181,
  "submitted_ta_runs": 300,
  "ta_time_used": 450.6648507118225,
  "wallclock_time_used": 632.9808330535889,
  "dataset_id": 16,
  "perf_time": 632.9965282080011
}