{
  "mean_cost": 0.04106142776976113,
  "finished_ta_runs": 210,
  "inc_changed": 8,
  "n_configs": 105,
  "submitted_ta_runs": 210,
  "ta_time_used": 23.983307123184204,
  "wallclock_time_used": 60.56455612182617,
  "dataset_id": 9946
}