{"cpu_time": 0.0, "wallclock_time": 0.0005230903625488281, "evaluations": 0, "cost": 2147483648.0, "incumbent": {"C": 1.3600811985592882, "gamma": 0.09352602871548096}, "budget": 0, "origin": "Sobol"}
{"cpu_time": 0.10425806045532227, "wallclock_time": 0.10545730590820312, "evaluations": 1, "cost": 0.165, "incumbent": {"C": 1.3600811985592882, "gamma": 0.09352602871548096}, "budget": 0, "origin": "Sobol"}
{"cpu_time": 0.8831181526184082, "wallclock_time": 0.8940050601959229, "evaluations": 13, "cost": 0.085, "incumbent": {"C": 102.59827344587585, "gamma": 0.0039228031036218506}, "budget": 0, "origin": "Sobol"}
{"cpu_time": 2.280637502670288, "wallclock_time": 2.316350221633911, "evaluations": 33, "cost": 0.0692, "incumbent": {"C": 4.729862452035014, "gamma": 0.0020153549174183696}, "budget": 0, "origin": "Sobol"}
{"cpu_time": 3.1757476329803467, "wallclock_time": 4.621937274932861, "evaluations": 51, "cost": 0.069, "incumbent": {"C": 3.49442356130428, "gamma": 0.0021471796787384478}, "budget": 0, "origin": "Local Search"}
