"CPU Time Used","Estimated Training Performance","Wallclock Time","Incumbent ID","Automatic Configurator (CPU) Time","Configuration..."
0.000000, 2147483648.000000, 0.000523, 1, 0.000523, C='1.3600811985592882',gamma='0.09352602871548096'
0.104258, 0.165000, 0.105457, 1, 0.001199, C='1.3600811985592882',gamma='0.09352602871548096'
0.883118, 0.085000, 0.894005, 2, 0.010887, C='102.59827344587585',gamma='0.0039228031036218506'
2.280638, 0.069200, 2.316350, 3, 0.035713, C='4.729862452035014',gamma='0.0020153549174183696'
3.175748, 0.069000, 4.621937, 4, 1.446190, C='3.49442356130428',gamma='0.0021471796787384478'
