{
  "mean_cost": 0.6416756048554435,
  "finished_ta_runs": 1,
  "inc_changed": 1,
  "n_configs": 1,
  "submitted_ta_runs": 1,
  "ta_time_used": 0.10770606994628906,
  "wallclock_time_used": 0.10951709747314453,
  "dataset_id": 146817,
  "perf_time": 0.11506237499997951
}