{
  "mean_cost": 0.1537850392985325,
  "finished_ta_runs": 1,
  "inc_changed": 1,
  "n_configs": 1,
  "submitted_ta_runs": 1,
  "ta_time_used": 0.06546616554260254,
  "wallclock_time_used": 0.06919121742248535,
  "dataset_id": 29,
  "perf_time": 0.0743136669998421
}