{
  "data": [
    [
      [
        1,
        null,
        379248293,
        0.0
      ],
      [
        0.4973544973544973,
        0.14567875862121582,
        {
          "__enum__": "StatusType.SUCCESS"
        },
        1674410491.027297,
        1674410491.172981,
        {}
      ]
    ]
  ],
  "config_origins": {
    "1": "Sobol"
  },
  "configs": {
    "1": {
      "max_depth": 2,
      "max_features": 0.4491682695224881,
      "min_samples_leaf": 1,
      "min_samples_split": 4
    }
  }
}