{"cpu_time": 0.0, "wallclock_time": 5.078315734863281e-05, "evaluations": 0, "cost": 2147483648.0, "incumbent": ["colsample_bytree='1.0'", "eta='0.3'", "max_depth='10'", "reg_lambda='1.0'"], "origin": "Default"}
{"cpu_time": 0.23993492126464844, "wallclock_time": 0.24272775650024414, "evaluations": 1, "cost": 0.2132, "incumbent": ["colsample_bytree='1.0'", "eta='0.3'", "max_depth='10'", "reg_lambda='1.0'"], "origin": "Default"}
{"cpu_time": 5.48594331741333, "wallclock_time": 5.564826011657715, "evaluations": 47, "cost": 0.2106, "incumbent": ["colsample_bytree='0.9259183675013876'", "eta='0.8824826840759027'", "max_depth='10'", "reg_lambda='12.061953377357213'"], "origin": "Random Search"}
