"CPU Time Used","Estimated Training Performance","Wallclock Time","Incumbent ID","Automatic Configurator (CPU) Time","Configuration..."
0.000000, 2147483648.000000, 0.000586, 1, 0.000586, alpha='0.0004126639093412234',eta0='0.0017613324954003418'
0.175076, 0.769500, 0.176458, 1, 0.001382, alpha='0.0004126639093412234',eta0='0.0017613324954003418'
2.059338, 0.777100, 2.071120, 2, 0.011782, alpha='1.3751027885583958e-05',eta0='0.0001426968473177047'
4.289591, 0.772300, 4.318293, 3, 0.028702, alpha='0.0014439030581155858',eta0='2.6843996424460273e-05'
12.561135, 0.772000, 17.173025, 4, 4.611890, alpha='0.00030576357275978905',eta0='0.0006881789431092168'
