{"cpu_time": 0.0, "wallclock_time": 0.0005612373352050781, "evaluations": 0, "cost": 2147483648.0, "incumbent": {"C": 0.08611366210550205, "gamma": 0.4942679928374453}, "budget": 0, "origin": "Sobol"}
{"cpu_time": 0.03598380088806152, "wallclock_time": 0.03727006912231445, "evaluations": 1, "cost": 0.75, "incumbent": {"C": 0.08611366210550205, "gamma": 0.4942679928374453}, "budget": 0, "origin": "Sobol"}
{"cpu_time": 0.2469470500946045, "wallclock_time": 0.253507137298584, "evaluations": 8, "cost": 0.0833, "incumbent": {"C": 69.38389384208695, "gamma": 0.0015531477828170245}, "budget": 0, "origin": "Sobol"}
{"cpu_time": 2.2177817821502686, "wallclock_time": 5.722716331481934, "evaluations": 70, "cost": 0.008, "incumbent": {"C": 6.766733178813291, "gamma": 0.0012456450826746946}, "budget": 0, "origin": "Random Search (sorted)"}
