"CPU Time Used","Estimated Training Performance","Wallclock Time","Incumbent ID","Automatic Configurator (CPU) Time","Configuration..."
0.000000, 2147483648.000000, 0.000561, 1, 0.000561, C='0.08611366210550205',gamma='0.4942679928374453'
0.035984, 0.750000, 0.037270, 1, 0.001286, C='0.08611366210550205',gamma='0.4942679928374453'
0.246947, 0.083300, 0.253507, 2, 0.006560, C='69.38389384208695',gamma='0.0015531477828170245'
2.217782, 0.008000, 5.722716, 3, 3.504935, C='6.766733178813291',gamma='0.0012456450826746946'
