"CPU Time Used","Estimated Training Performance","Wallclock Time","Incumbent ID","Automatic Configurator (CPU) Time","Configuration..."
0.000000, 2147483648.000000, 0.001482, 1, 0.001482, colsample_bytree='0.2890479595400393',eta='0.02972240058848022',max_depth='1',reg_lambda='0.23594281684827217'
0.114566, 0.504100, 0.117055, 1, 0.002489, colsample_bytree='0.2890479595400393',eta='0.02972240058848022',max_depth='1',reg_lambda='0.23594281684827217'
2.801147, 0.477700, 2.806232, 2, 0.005085, colsample_bytree='0.839533680677414',eta='0.03178815964339868',max_depth='7',reg_lambda='260.08137409645684'
5.423160, 0.161400, 5.430010, 3, 0.006850, colsample_bytree='1.0',eta='0.3',max_depth='10',reg_lambda='1.0'
37.160154, 0.156800, 39.667607, 4, 2.507453, colsample_bytree='0.688492435875946',eta='0.18267944868954883',max_depth='5',reg_lambda='3.303703116694638'
105.346613, 0.153900, 126.284249, 5, 20.937636, colsample_bytree='0.7465782490271645',eta='0.1433586741827699',max_depth='5',reg_lambda='0.002614890410124596'
151.416878, 0.152100, 188.325136, 6, 36.908258, colsample_bytree='0.7465782490271645',eta='0.11105578333214836',max_depth='6',reg_lambda='0.002591640957238761'
180.311017, 0.149700, 227.079076, 7, 46.768059, colsample_bytree='0.7471669731629116',eta='0.12788380265263',max_depth='6',reg_lambda='0.0023907413951199112'
