"CPU Time Used","Estimated Training Performance","Wallclock Time","Incumbent ID","Automatic Configurator (CPU) Time","Configuration..."
0.000000, 2147483648.000000, 0.000044, 1, 0.000044, alpha='0.001',eta0='0.01'
0.216276, 0.320400, 0.216946, 1, 0.000670, alpha='0.001',eta0='0.01'
0.834954, 0.311700, 0.838221, 2, 0.003267, alpha='0.21197489574168019',eta0='0.4034540937214564'
3.735864, 0.336200, 3.753435, 3, 0.017571, alpha='0.007044721831944322',eta0='0.003888387662681052'
4.377159, 0.331200, 4.397772, 4, 0.020613, alpha='0.001',eta0='0.01'
5.555965, 0.317700, 5.585540, 5, 0.029575, alpha='3.802084885425103e-05',eta0='0.9268259705128266'
6.748322, 0.314300, 6.785660, 6, 0.037338, alpha='5.516507394942856e-05',eta0='0.468527197586272'
103.431561, 0.312700, 106.339199, 7, 2.907638, alpha='0.0002353819587053865',eta0='0.6535870270054229'
