{"cpu_time": 0.0, "wallclock_time": 0.0016150474548339844, "evaluations": 0, "cost": 2147483648.0, "incumbent": {"max_depth": 2, "max_features": 0.4491682695224881, "min_samples_leaf": 1, "min_samples_split": 4}, "budget": 0, "origin": "Sobol"}
{"cpu_time": 0.07957291603088379, "wallclock_time": 0.0821390151977539, "evaluations": 1, "cost": 0.75, "incumbent": {"max_depth": 2, "max_features": 0.4491682695224881, "min_samples_leaf": 1, "min_samples_split": 4}, "budget": 0, "origin": "Sobol"}
{"cpu_time": 0.2985837459564209, "wallclock_time": 0.30367398262023926, "evaluations": 4, "cost": 0.141, "incumbent": {"max_depth": 17, "max_features": 0.6137791713699698, "min_samples_leaf": 16, "min_samples_split": 18}, "budget": 0, "origin": "Sobol"}
{"cpu_time": 1.3065249919891357, "wallclock_time": 1.327026128768921, "evaluations": 17, "cost": 0.1053, "incumbent": {"max_depth": 7, "max_features": 0.8544756416231394, "min_samples_leaf": 3, "min_samples_split": 9}, "budget": 0, "origin": "Sobol"}
{"cpu_time": 3.295865058898926, "wallclock_time": 3.359337091445923, "evaluations": 44, "cost": 0.0917, "incumbent": {"max_depth": 46, "max_features": 0.7485423665493727, "min_samples_leaf": 1, "min_samples_split": 7}, "budget": 0, "origin": "Sobol"}
{"cpu_time": 5.399165868759155, "wallclock_time": 9.662273168563843, "evaluations": 71, "cost": 0.0908, "incumbent": {"max_depth": 33, "max_features": 0.4796785323449444, "min_samples_leaf": 1, "min_samples_split": 6}, "budget": 0, "origin": "Local Search"}
{"cpu_time": 9.147327661514282, "wallclock_time": 22.557204008102417, "evaluations": 117, "cost": 0.0907, "incumbent": {"max_depth": 12, "max_features": 0.4777994913283624, "min_samples_leaf": 1, "min_samples_split": 6}, "budget": 0, "origin": "Local Search"}
{"cpu_time": 15.72015118598938, "wallclock_time": 55.22377300262451, "evaluations": 197, "cost": 0.0903, "incumbent": {"max_depth": 16, "max_features": 0.7445678373491644, "min_samples_leaf": 2, "min_samples_split": 2}, "budget": 0, "origin": "Local Search"}
{"cpu_time": 19.104992628097534, "wallclock_time": 82.89071011543274, "evaluations": 236, "cost": 0.0843, "incumbent": {"max_depth": 15, "max_features": 0.9201218539708061, "min_samples_leaf": 2, "min_samples_split": 2}, "budget": 0, "origin": "Local Search"}
