{
  "mean_cost": 0.560575562672395,
  "finished_ta_runs": 300,
  "inc_changed": 10,
  "n_configs": 159,
  "submitted_ta_runs": 300,
  "ta_time_used": 925.8617038726807,
  "wallclock_time_used": 972.7407901287079,
  "dataset_id": 9985,
  "perf_time": 972.7327167909998
}