"CPU Time Used","Estimated Training Performance","Wallclock Time","Incumbent ID","Automatic Configurator (CPU) Time","Configuration..."
0.000000, 2147483648.000000, 0.001447, 1, 0.001447, colsample_bytree='0.2890479595400393',eta='0.02972240058848022',max_depth='1',reg_lambda='0.23594281684827217'
0.014878, 0.035300, 0.017240, 1, 0.002362, colsample_bytree='0.2890479595400393',eta='0.02972240058848022',max_depth='1',reg_lambda='0.23594281684827217'
0.131676, 0.034700, 0.141300, 2, 0.009624, colsample_bytree='0.5235572370700539',eta='0.1863242307845216',max_depth='3',reg_lambda='4.4461461740589225'
0.304980, 0.030900, 0.324166, 3, 0.019186, colsample_bytree='0.3746854409575463',eta='0.0018378135636410902',max_depth='7',reg_lambda='21.551109258906045'
0.434050, 0.027500, 0.463643, 4, 0.029593, colsample_bytree='0.20247186589986088',eta='0.002723251592783366',max_depth='4',reg_lambda='0.011323464555277515'
0.504884, 0.026600, 0.540689, 5, 0.035805, colsample_bytree='0.9814464318566024',eta='0.37123837434896595',max_depth='2',reg_lambda='12.502183486957058'
0.638314, 0.024900, 0.689710, 6, 0.051396, colsample_bytree='0.22865218725055458',eta='0.0010328504740964013',max_depth='2',reg_lambda='67.89774896966948'
0.787684, 0.018200, 0.854521, 7, 0.066837, colsample_bytree='0.43574026888236406',eta='0.017904209072120935',max_depth='3',reg_lambda='0.002324475867542247'
1.831202, 0.017200, 11.631231, 8, 9.800029, colsample_bytree='0.35475917804207424',eta='0.023059593612119428',max_depth='4',reg_lambda='0.0023376214318203284'
