{
  "data": [
    [
      [
        1,
        null,
        379248293,
        0.0
      ],
      [
        0.3096281033781034,
        0.18649816513061523,
        {
          "__enum__": "StatusType.SUCCESS"
        },
        1674410386.450909,
        1674410386.637413,
        {}
      ]
    ]
  ],
  "config_origins": {
    "1": "Sobol"
  },
  "configs": {
    "1": {
      "max_depth": 2,
      "max_features": 0.4491682695224881,
      "min_samples_leaf": 1,
      "min_samples_split": 4
    }
  }
}