"CPU Time Used","Estimated Training Performance","Wallclock Time","Incumbent ID","Automatic Configurator (CPU) Time","Configuration..."
0.000000, 2147483648.000000, 0.000525, 1, 0.000525, C='0.08611366210550205',gamma='0.4942679928374453'
0.405335, 0.900000, 0.406719, 1, 0.001384, C='0.08611366210550205',gamma='0.4942679928374453'
2.704850, 0.067200, 2.714733, 2, 0.009883, C='69.38389384208695',gamma='0.0015531477828170245'
7.120589, 0.060500, 7.149019, 3, 0.028430, C='4.532544074901469',gamma='0.03382327396632573'
12.298385, 0.059800, 12.356119, 4, 0.057734, C='8.634022457298675',gamma='0.007852177423455793'
19.285041, 0.057600, 20.758071, 5, 1.473030, C='4.529691586994173',gamma='0.006893880513981882'
