"CPU Time Used","Estimated Training Performance","Wallclock Time","Incumbent ID","Automatic Configurator (CPU) Time","Configuration..."
0.000000, 2147483648.000000, 0.000560, 1, 0.000560, alpha='0.00011227070295712931',eta0='0.0029096933833365197'
0.162167, 0.271500, 0.163524, 1, 0.001357, alpha='0.00011227070295712931',eta0='0.0029096933833365197'
4.067782, 0.306200, 4.443057, 2, 0.375275, alpha='0.0036063184653879975',eta0='2.1532002648475216e-05'
5.402306, 0.301000, 6.325808, 3, 0.923502, alpha='0.000713691207160375',eta0='1.33540964846034e-05'
9.826513, 0.300000, 14.132543, 4, 4.306030, alpha='0.002182977920223399',eta0='1.1965860899357897e-05'
17.227186, 0.299500, 26.866818, 5, 9.639632, alpha='0.0025888613186510544',eta0='1.2468030924403473e-05'
