{"cpu_time": 0.0, "wallclock_time": 4.315376281738281e-05, "evaluations": 0, "cost": 2147483648.0, "incumbent": {"C": 1.0, "gamma": 0.1}, "budget": 0, "origin": "Default"}
{"cpu_time": 0.02208399772644043, "wallclock_time": 0.02274012565612793, "evaluations": 1, "cost": 0.4484, "incumbent": {"C": 1.0, "gamma": 0.1}, "budget": 0, "origin": "Default"}
