{"cpu_time": 0.0, "wallclock_time": 0.0014269351959228516, "evaluations": 0, "cost": 2147483648.0, "incumbent": ["colsample_bytree='0.3908073678612709'", "eta='0.02197006114591668'", "max_depth='1'", "reg_lambda='0.025956378731779545'"], "origin": "Sobol"}
{"cpu_time": 0.5348868370056152, "wallclock_time": 0.537254810333252, "evaluations": 1, "cost": 0.21, "incumbent": ["colsample_bytree='0.3908073678612709'", "eta='0.02197006114591668'", "max_depth='1'", "reg_lambda='0.025956378731779545'"], "origin": "Sobol"}
{"cpu_time": 10.516457080841064, "wallclock_time": 10.521558046340942, "evaluations": 4, "cost": 0.0642, "incumbent": ["colsample_bytree='0.7864414579235017'", "eta='0.06876373473778273'", "max_depth='5'", "reg_lambda='2.180661802430785'"], "origin": "Sobol"}
{"cpu_time": 15.63930606842041, "wallclock_time": 15.646241903305054, "evaluations": 6, "cost": 0.0549, "incumbent": ["colsample_bytree='1.0'", "eta='0.3'", "max_depth='10'", "reg_lambda='1.0'"], "origin": null}
{"cpu_time": 66.49571466445923, "wallclock_time": 66.53702402114868, "evaluations": 33, "cost": 0.0492, "incumbent": ["colsample_bytree='0.2476114026270807'", "eta='0.09799148147389534'", "max_depth='9'", "reg_lambda='0.22959291519229882'"], "origin": "Sobol"}
{"cpu_time": 142.25378513336182, "wallclock_time": 147.36691880226135, "evaluations": 73, "cost": 0.0473, "incumbent": ["colsample_bytree='0.20004353700926247'", "eta='0.04513525357449798'", "max_depth='7'", "reg_lambda='0.030921049945834885'"], "origin": "Local Search"}
{"cpu_time": 202.10054636001587, "wallclock_time": 213.14585971832275, "evaluations": 100, "cost": 0.0472, "incumbent": ["colsample_bytree='0.23917772971438225'", "eta='0.056108374365439896'", "max_depth='9'", "reg_lambda='0.18451969071691648'"], "origin": "Local Search"}
{"cpu_time": 270.36249709129333, "wallclock_time": 290.9444098472595, "evaluations": 133, "cost": 0.0466, "incumbent": ["colsample_bytree='0.1976317368991902'", "eta='0.05455662129444533'", "max_depth='9'", "reg_lambda='0.014996389510716641'"], "origin": "Local Search"}
{"cpu_time": 310.20262145996094, "wallclock_time": 336.88670086860657, "evaluations": 157, "cost": 0.0457, "incumbent": ["colsample_bytree='0.2076165461185507'", "eta='0.04968893396996779'", "max_depth='9'", "reg_lambda='0.003472145989424494'"], "origin": "Local Search"}
{"cpu_time": 377.4534521102905, "wallclock_time": 410.23472785949707, "evaluations": 183, "cost": 0.0442, "incumbent": ["colsample_bytree='0.21646928079596173'", "eta='0.055042556803197216'", "max_depth='9'", "reg_lambda='0.0032519911493616655'"], "origin": "Local Search"}
{"cpu_time": 463.69408559799194, "wallclock_time": 508.59537386894226, "evaluations": 224, "cost": 0.0434, "incumbent": ["colsample_bytree='0.24490995462911436'", "eta='0.05497071186953839'", "max_depth='6'", "reg_lambda='0.0011223018040135229'"], "origin": "Local Search"}
