{
  "mean_cost": 0.5000029868578256,
  "finished_ta_runs": 600,
  "inc_changed": 1,
  "n_configs": 122,
  "submitted_ta_runs": 600,
  "ta_time_used": 20.744690656661987,
  "wallclock_time_used": 24.283004999160767,
  "dataset_id": 3902,
  "perf_time": 24.297252582997316
}