"CPU Time Used","Estimated Training Performance","Wallclock Time","Incumbent ID","Automatic Configurator (CPU) Time","Configuration..."
0.000000, 2147483648.000000, 0.014504, 1, 0.014504, C='0.08611366210550205',gamma='0.4942679928374453'
1.415711, 0.500000, 1.433783, 1, 0.018072, C='0.08611366210550205',gamma='0.4942679928374453'
