"CPU Time Used","Estimated Training Performance","Wallclock Time","Incumbent ID","Automatic Configurator (CPU) Time","Configuration..."
0.000000, 2147483648.000000, 0.000865, 1, 0.000865, alpha='0.00011227070295712931',eta0='0.0029096933833365197'
5.619393, 0.040000, 5.621214, 1, 0.001821, alpha='0.00011227070295712931',eta0='0.0029096933833365197'
39.189523, 0.036200, 39.197700, 2, 0.008178, alpha='0.026542866188361353',eta0='8.075114966892127e-05'
165.696543, 0.033200, 165.753986, 3, 0.057443, alpha='8.493190945563282e-05',eta0='3.713240341799095e-05'
1075.579724, 0.033200, 1107.252459, 4, 31.672735, alpha='3.2562646903340064e-05',eta0='1.0260495974848697e-05'
1103.819712, 0.032800, 1135.516309, 5, 31.696597, alpha='3.276122968074397e-05',eta0='1.1728485811673201e-05'
1148.483028, 0.032700, 1181.744837, 6, 33.261809, alpha='3.556393665292161e-05',eta0='1.1662795516204427e-05'
1379.437546, 0.032700, 1419.893926, 7, 40.456380, alpha='0.00016606062397270453',eta0='1.15604367600944e-05'
1481.222752, 0.032600, 1525.442738, 8, 44.219986, alpha='4.105391277626152e-05',eta0='1.1454204613632379e-05'
