{
  "mean_cost": 0.4737752041329822,
  "finished_ta_runs": 1723,
  "inc_changed": 5,
  "n_configs": 1630,
  "submitted_ta_runs": 1723,
  "ta_time_used": 74.45023775100708,
  "wallclock_time_used": 120.03860092163086,
  "dataset_id": 9971
}