{"cpu_time": 0.0, "wallclock_time": 0.0014882087707519531, "evaluations": 0, "cost": 2147483648.0, "incumbent": ["colsample_bytree='0.3908073678612709'", "eta='0.02197006114591668'", "max_depth='1'", "reg_lambda='0.025956378731779545'"], "origin": "Sobol"}
{"cpu_time": 0.09975385665893555, "wallclock_time": 0.1022498607635498, "evaluations": 1, "cost": 0.129, "incumbent": ["colsample_bytree='0.3908073678612709'", "eta='0.02197006114591668'", "max_depth='1'", "reg_lambda='0.025956378731779545'"], "origin": "Sobol"}
{"cpu_time": 1.258293867111206, "wallclock_time": 1.2634670734405518, "evaluations": 4, "cost": 0.0473, "incumbent": ["colsample_bytree='0.7864414579235017'", "eta='0.06876373473778273'", "max_depth='5'", "reg_lambda='2.180661802430785'"], "origin": "Sobol"}
{"cpu_time": 4.029465198516846, "wallclock_time": 4.036434888839722, "evaluations": 6, "cost": 0.0297, "incumbent": ["colsample_bytree='1.0'", "eta='0.3'", "max_depth='10'", "reg_lambda='1.0'"], "origin": null}
{"cpu_time": 32.42603850364685, "wallclock_time": 35.32544803619385, "evaluations": 60, "cost": 0.0288, "incumbent": ["colsample_bytree='1.0'", "eta='0.32996114915570746'", "max_depth='7'", "reg_lambda='12.679374560750706'"], "origin": "Local Search"}
{"cpu_time": 114.82445478439331, "wallclock_time": 155.6805980205536, "evaluations": 147, "cost": 0.0286, "incumbent": ["colsample_bytree='1.0'", "eta='0.3273447675520937'", "max_depth='9'", "reg_lambda='0.30290611801735834'"], "origin": "Local Search"}
