{"cpu_time": 0.0, "wallclock_time": 4.291534423828125e-05, "evaluations": 0, "cost": 2147483648.0, "incumbent": ["alpha='0.001'", "eta0='0.01'"], "origin": "Default"}
{"cpu_time": 3.254365921020508, "wallclock_time": 3.255119800567627, "evaluations": 1, "cost": 0.6979, "incumbent": ["alpha='0.001'", "eta0='0.01'"], "origin": "Default"}
