{
  "mean_cost": 0.4862127255460589,
  "finished_ta_runs": 600,
  "inc_changed": 4,
  "n_configs": 584,
  "submitted_ta_runs": 600,
  "ta_time_used": 6.912656784057617,
  "wallclock_time_used": 11.945634126663208,
  "dataset_id": 125920,
  "perf_time": 11.96214858400026
}