"CPU Time Used","Estimated Training Performance","Wallclock Time","Incumbent ID","Automatic Configurator (CPU) Time","Configuration..."
0.000000, 2147483648.000000, 0.000037, 1, 0.000037, C='1.0',gamma='0.1'
0.017276, 0.261300, 0.017904, 1, 0.000628, C='1.0',gamma='0.1'
0.121201, 0.018600, 0.128817, 2, 0.007616, C='7.615166584313989',gamma='0.10560628945782698'
1.058745, 0.011900, 1.147779, 3, 0.089034, C='38.785464222799575',gamma='0.10755953980580181'
4.164993, 0.006000, 5.337674, 4, 1.172681, C='858.3824387881707',gamma='0.12635909962192898'
