{
  "mean_cost": 0.04953870743521682,
  "finished_ta_runs": 483,
  "inc_changed": 3,
  "n_configs": 469,
  "submitted_ta_runs": 483,
  "ta_time_used": 116.440438747406,
  "wallclock_time_used": 120.2638509273529,
  "dataset_id": 14952
}