{"cpu_time": 0.0, "wallclock_time": 0.0014579296112060547, "evaluations": 0, "cost": 2147483648.0, "incumbent": {"colsample_bytree": 0.3908073678612709, "eta": 0.02197006114591668, "max_depth": 1, "reg_lambda": 0.025956378731779545}, "budget": 0, "origin": "Sobol"}
{"cpu_time": 0.6673729419708252, "wallclock_time": 0.6701550483703613, "evaluations": 1, "cost": 0.1569, "incumbent": {"colsample_bytree": 0.3908073678612709, "eta": 0.02197006114591668, "max_depth": 1, "reg_lambda": 0.025956378731779545}, "budget": 0, "origin": "Sobol"}
{"cpu_time": 1.1747066974639893, "wallclock_time": 1.1804611682891846, "evaluations": 4, "cost": 0.1618, "incumbent": {"colsample_bytree": 0.7864414579235017, "eta": 0.06876373473778273, "max_depth": 5, "reg_lambda": 2.180661802430785}, "budget": 0, "origin": "Sobol"}
{"cpu_time": 1.2699089050292969, "wallclock_time": 1.2773890495300293, "evaluations": 6, "cost": 0.1477, "incumbent": {"colsample_bytree": 1.0, "eta": 0.3, "max_depth": 10, "reg_lambda": 1.0}, "budget": 0, "origin": null}
{"cpu_time": 2.4578514099121094, "wallclock_time": 2.480832099914551, "evaluations": 21, "cost": 0.1389, "incumbent": {"colsample_bytree": 0.9010553395375609, "eta": 0.432060045902756, "max_depth": 2, "reg_lambda": 47.50433230227836}, "budget": 0, "origin": "Sobol"}
{"cpu_time": 4.102965354919434, "wallclock_time": 6.031588792800903, "evaluations": 58, "cost": 0.1377, "incumbent": {"colsample_bytree": 0.9923817600787006, "eta": 0.42232293068113036, "max_depth": 2, "reg_lambda": 54.77880209378461}, "budget": 0, "origin": "Local Search"}
