"CPU Time Used","Estimated Training Performance","Wallclock Time","Incumbent ID","Automatic Configurator (CPU) Time","Configuration..."
0.000000, 2147483648.000000, 0.001458, 1, 0.001458, colsample_bytree='0.3908073678612709',eta='0.02197006114591668',max_depth='1',reg_lambda='0.025956378731779545'
0.667373, 0.156900, 0.670155, 1, 0.002782, colsample_bytree='0.3908073678612709',eta='0.02197006114591668',max_depth='1',reg_lambda='0.025956378731779545'
1.174707, 0.161800, 1.180461, 2, 0.005754, colsample_bytree='0.7864414579235017',eta='0.06876373473778273',max_depth='5',reg_lambda='2.180661802430785'
1.269909, 0.147700, 1.277389, 3, 0.007480, colsample_bytree='1.0',eta='0.3',max_depth='10',reg_lambda='1.0'
2.457851, 0.138900, 2.480832, 4, 0.022981, colsample_bytree='0.9010553395375609',eta='0.432060045902756',max_depth='2',reg_lambda='47.50433230227836'
4.102965, 0.137700, 6.031589, 5, 1.928623, colsample_bytree='0.9923817600787006',eta='0.42232293068113036',max_depth='2',reg_lambda='54.77880209378461'
