"CPU Time Used","Estimated Training Performance","Wallclock Time","Incumbent ID","Automatic Configurator (CPU) Time","Configuration..."
0.000000, 2147483648.000000, 0.000658, 1, 0.000658, alpha='0.00011227070295712931',eta0='0.0029096933833365197'
0.040638, 0.483700, 0.042183, 1, 0.001545, alpha='0.00011227070295712931',eta0='0.0029096933833365197'
0.906531, 0.482800, 0.930179, 2, 0.023648, alpha='1.715136253541309e-05',eta0='0.0001288871339815063'
1.092807, 0.481600, 1.123150, 3, 0.030343, alpha='0.001',eta0='0.01'
3.789142, 0.475900, 8.131203, 4, 4.342061, alpha='0.005021951955510308',eta0='1.1578376979221499e-05'
10.185526, 0.474700, 39.186969, 5, 29.001443, alpha='0.006946431559616244',eta0='1.14941692146371e-05'
12.738690, 0.471600, 53.712379, 6, 40.973689, alpha='0.0005404186729947256',eta0='1.1440587357618386e-05'
