{
  "mean_cost": 0.43021344209132684,
  "finished_ta_runs": 1605,
  "inc_changed": 4,
  "n_configs": 1575,
  "submitted_ta_runs": 1605,
  "ta_time_used": 78.19872117042542,
  "wallclock_time_used": 120.0129120349884,
  "dataset_id": 49
}