{
  "mean_cost": 0.35190724912947147,
  "finished_ta_runs": 1,
  "inc_changed": 1,
  "n_configs": 1,
  "submitted_ta_runs": 1,
  "ta_time_used": 0.0789182186126709,
  "wallclock_time_used": 0.0803229808807373,
  "dataset_id": 11,
  "perf_time": 0.10320045799971922
}