{"cpu_time": 0.0, "wallclock_time": 0.0015411376953125, "evaluations": 0, "cost": 2147483648.0, "incumbent": ["max_depth='1'", "max_features='0.49276944529265165'", "min_samples_leaf='4'", "min_samples_split='9'"], "origin": "Sobol"}
{"cpu_time": 0.06623697280883789, "wallclock_time": 0.0686330795288086, "evaluations": 1, "cost": 0.4595, "incumbent": ["max_depth='1'", "max_features='0.49276944529265165'", "min_samples_leaf='4'", "min_samples_split='9'"], "origin": "Sobol"}
{"cpu_time": 0.2585010528564453, "wallclock_time": 0.2646300792694092, "evaluations": 4, "cost": 0.3419, "incumbent": ["max_depth='22'", "max_features='0.502463330514729'", "min_samples_leaf='18'", "min_samples_split='83'"], "origin": "Sobol"}
{"cpu_time": 0.40438199043273926, "wallclock_time": 0.4121360778808594, "evaluations": 6, "cost": 0.2237, "incumbent": ["max_depth='10'", "max_features='0.5'", "min_samples_leaf='1'", "min_samples_split='32'"], "origin": null}
{"cpu_time": 3.0666797161102295, "wallclock_time": 3.1198341846466064, "evaluations": 41, "cost": 0.1921, "incumbent": ["max_depth='35'", "max_features='0.653578007593751'", "min_samples_leaf='3'", "min_samples_split='2'"], "origin": "Sobol"}
{"cpu_time": 6.6956048011779785, "wallclock_time": 13.188100099563599, "evaluations": 86, "cost": 0.1877, "incumbent": ["max_depth='12'", "max_features='0.42993978508460673'", "min_samples_leaf='1'", "min_samples_split='2'"], "origin": "Local Search"}
{"cpu_time": 7.593220472335815, "wallclock_time": 16.625951290130615, "evaluations": 97, "cost": 0.176, "incumbent": ["max_depth='11'", "max_features='0.4320950356497858'", "min_samples_leaf='1'", "min_samples_split='2'"], "origin": "Local Search"}
{"cpu_time": 11.424712419509888, "wallclock_time": 31.655808925628662, "evaluations": 144, "cost": 0.1731, "incumbent": ["max_depth='22'", "max_features='0.43947683559955714'", "min_samples_leaf='1'", "min_samples_split='2'"], "origin": "Local Search"}
