"CPU Time Used","Estimated Training Performance","Wallclock Time","Incumbent ID","Automatic Configurator (CPU) Time","Configuration..."
0.000000, 2147483648.000000, 0.000040, 1, 0.000040, C='1.0',gamma='0.1'
0.131263, 0.896200, 0.131934, 1, 0.000671, C='1.0',gamma='0.1'
2.333652, 0.894800, 2.353094, 2, 0.019442, C='1.9695969079413513',gamma='0.0066983131773587995'
3.369580, 0.876800, 3.401216, 3, 0.031636, C='3.0897471731383286',gamma='0.049857117783155845'
4.029546, 0.871200, 4.067905, 4, 0.038359, C='39.21398105049738',gamma='0.022039987863300175'
12.908468, 0.860100, 13.124084, 5, 0.215616, C='310.54195175803994',gamma='0.037423865677612134'
15.146779, 0.854500, 15.425740, 6, 0.278961, C='30.79992450247577',gamma='0.036139403556027405'
34.033761, 0.846200, 35.186197, 7, 1.152436, C='204.83344792326108',gamma='0.030112035806289853'
37.646735, 0.843400, 39.018353, 8, 1.371618, C='6.560870631956931',gamma='0.02504129766027426'
