"CPU Time Used","Estimated Training Performance","Wallclock Time","Incumbent ID","Automatic Configurator (CPU) Time","Configuration..."
0.000000, 2147483648.000000, 0.000289, 1, 0.000289, C='0.08611366210550205',gamma='0.4942679928374453'
0.942101, 0.666700, 0.943247, 1, 0.001146, C='0.08611366210550205',gamma='0.4942679928374453'
