{
  "mean_cost": 0.4897035878577559,
  "finished_ta_runs": 300,
  "inc_changed": 7,
  "n_configs": 140,
  "submitted_ta_runs": 300,
  "ta_time_used": 28.019656658172607,
  "wallclock_time_used": 129.06453490257263,
  "dataset_id": 23,
  "perf_time": 129.07667512500484
}