"CPU Time Used","Estimated Training Performance","Wallclock Time","Incumbent ID","Automatic Configurator (CPU) Time","Configuration..."
0.000000, 2147483648.000000, 0.000541, 1, 0.000541, C='1.3600811985592882',gamma='0.09352602871548096'
0.311534, 0.506000, 0.312841, 1, 0.001307, C='1.3600811985592882',gamma='0.09352602871548096'
2.742193, 0.085900, 2.754589, 2, 0.012397, C='102.59827344587585',gamma='0.0039228031036218506'
5.460816, 0.083600, 5.487002, 3, 0.026186, C='15.199688790550503',gamma='0.014931473822877205'
10.256438, 0.082000, 10.918546, 4, 0.662108, C='51.84305645979306',gamma='0.019477611196899773'
11.534383, 0.081600, 12.779357, 5, 1.244975, C='50.822820495252536',gamma='0.01824634070293189'
13.634666, 0.080100, 15.604009, 6, 1.969342, C='51.27155146904635',gamma='0.018631992611164896'
