"CPU Time Used","Estimated Training Performance","Wallclock Time","Incumbent ID","Automatic Configurator (CPU) Time","Configuration..."
0.000000, 2147483648.000000, 0.001497, 1, 0.001497, colsample_bytree='0.569966175314039',eta='0.009556882986489993',max_depth='3',reg_lambda='0.0020776820882921045'
0.024776, 0.044600, 0.027253, 1, 0.002477, colsample_bytree='0.569966175314039',eta='0.009556882986489993',max_depth='3',reg_lambda='0.0020776820882921045'
0.138161, 0.030900, 0.145461, 2, 0.007300, colsample_bytree='0.3878000834956765',eta='0.004721681612948408',max_depth='10',reg_lambda='0.09654112415362535'
0.395948, 0.026300, 0.417897, 3, 0.021949, colsample_bytree='0.6897349533624947',eta='0.11093751049628797',max_depth='5',reg_lambda='0.005625821167002132'
0.699675, 0.022600, 0.750379, 4, 0.050704, colsample_bytree='0.8434434210881591',eta='0.134743335042713',max_depth='2',reg_lambda='0.4602553510758009'
3.677534, 0.019900, 53.215898, 5, 49.538364, colsample_bytree='0.8413654175937088',eta='0.10200550004148737',max_depth='3',reg_lambda='0.0026898334077372793'
3.800997, 0.018400, 54.468357, 6, 50.667360, colsample_bytree='0.8413654175937088',eta='0.10299948156614866',max_depth='3',reg_lambda='0.0026898334077372793'
5.403867, 0.018200, 85.976045, 7, 80.572178, colsample_bytree='0.9653189775248607',eta='0.10282212578541076',max_depth='3',reg_lambda='0.0023221358169226935'
