{
  "mean_cost": 0.011553029364139942,
  "finished_ta_runs": 824,
  "inc_changed": 4,
  "n_configs": 675,
  "submitted_ta_runs": 824,
  "ta_time_used": 110.61824107170105,
  "wallclock_time_used": 120.03505873680115,
  "dataset_id": 10093
}