{
  "mean_cost": 0.05539549676246465,
  "finished_ta_runs": 18,
  "inc_changed": 3,
  "n_configs": 8,
  "submitted_ta_runs": 18,
  "ta_time_used": 130.8021285533905,
  "wallclock_time_used": 130.82848501205444,
  "dataset_id": 167140
}