{
  "mean_cost": 0.41854904354904365,
  "finished_ta_runs": 1,
  "inc_changed": 1,
  "n_configs": 1,
  "submitted_ta_runs": 1,
  "ta_time_used": 0.1380610466003418,
  "wallclock_time_used": 0.13988471031188965
}