"CPU Time Used","Estimated Training Performance","Wallclock Time","Incumbent ID","Automatic Configurator (CPU) Time","Configuration..."
0.000000, 2147483648.000000, 0.000040, 1, 0.000040, C='1.0',gamma='0.1'
0.030608, 0.118800, 0.031271, 1, 0.000663, C='1.0',gamma='0.1'
0.607090, 0.030000, 0.623312, 2, 0.016222, C='16.640050128980878',gamma='0.02787815770602151'
0.859366, 0.003000, 0.885583, 3, 0.026217, C='7.175638647559039',gamma='0.09259999660241393'
2.493152, 0.000000, 2.599648, 4, 0.106496, C='14.808221051646633',gamma='0.15966041698268'
