{
  "mean_cost": 0.5124987402760701,
  "finished_ta_runs": 1,
  "inc_changed": 1,
  "n_configs": 1,
  "submitted_ta_runs": 1,
  "ta_time_used": 0.14511585235595703,
  "wallclock_time_used": 0.1470799446105957,
  "dataset_id": 146817,
  "perf_time": 0.1526864160000514
}