{"cpu_time": 0.0, "wallclock_time": 0.0005578994750976562, "evaluations": 0, "cost": 2147483648.0, "incumbent": {"C": 0.08611366210550205, "gamma": 0.4942679928374453}, "budget": 0, "origin": "Sobol"}
{"cpu_time": 0.020779848098754883, "wallclock_time": 0.02205204963684082, "evaluations": 1, "cost": 0.0217, "incumbent": {"C": 0.08611366210550205, "gamma": 0.4942679928374453}, "budget": 0, "origin": "Sobol"}
{"cpu_time": 0.10650253295898438, "wallclock_time": 0.11220216751098633, "evaluations": 7, "cost": 0.0, "incumbent": {"C": 69.38389384208695, "gamma": 0.0015531477828170245}, "budget": 0, "origin": "Sobol"}
