"CPU Time Used","Estimated Training Performance","Wallclock Time","Incumbent ID","Automatic Configurator (CPU) Time","Configuration..."
0.000000, 2147483648.000000, 0.000558, 1, 0.000558, C='0.08611366210550205',gamma='0.4942679928374453'
0.020780, 0.021700, 0.022052, 1, 0.001272, C='0.08611366210550205',gamma='0.4942679928374453'
0.106503, 0.000000, 0.112202, 2, 0.005700, C='69.38389384208695',gamma='0.0015531477828170245'
