"CPU Time Used","Estimated Training Performance","Wallclock Time","Incumbent ID","Automatic Configurator (CPU) Time","Configuration..."
0.000000, 2147483648.000000, 0.001493, 1, 0.001493, colsample_bytree='0.2890479595400393',eta='0.02972240058848022',max_depth='1',reg_lambda='0.23594281684827217'
0.176088, 0.155100, 0.178616, 1, 0.002528, colsample_bytree='0.2890479595400393',eta='0.02972240058848022',max_depth='1',reg_lambda='0.23594281684827217'
4.672065, 0.037800, 4.678459, 2, 0.006394, colsample_bytree='0.839533680677414',eta='0.03178815964339868',max_depth='7',reg_lambda='260.08137409645684'
7.077144, 0.006700, 7.085310, 3, 0.008166, colsample_bytree='1.0',eta='0.3',max_depth='10',reg_lambda='1.0'
44.052898, 0.005300, 45.005407, 4, 0.952509, colsample_bytree='0.9943223435451181',eta='0.6106256993325985',max_depth='10',reg_lambda='0.919760631457168'
48.358848, 0.002800, 49.322147, 5, 0.963299, colsample_bytree='1.0',eta='0.6164327356782114',max_depth='10',reg_lambda='0.9560000059402706'
60.222150, 0.002700, 65.426492, 6, 5.204343, colsample_bytree='1.0',eta='0.6231159909212978',max_depth='10',reg_lambda='0.07843041059534081'
79.174832, 0.002200, 90.427499, 7, 11.252667, colsample_bytree='1.0',eta='0.6093573540833255',max_depth='9',reg_lambda='0.07870869024488236'
120.055837, 0.001500, 144.764484, 8, 24.708647, colsample_bytree='1.0',eta='0.9223846955189543',max_depth='9',reg_lambda='0.07870869024488236'
