{"cpu_time": 0.0, "wallclock_time": 5.1975250244140625e-05, "evaluations": 0, "cost": 2147483648.0, "incumbent": ["C='1.0'", "gamma='0.1'"], "origin": "Default"}
{"cpu_time": 0.00876617431640625, "wallclock_time": 0.009468793869018555, "evaluations": 1, "cost": 0.0, "incumbent": ["C='1.0'", "gamma='0.1'"], "origin": "Default"}
