"CPU Time Used","Estimated Training Performance","Wallclock Time","Incumbent ID","Automatic Configurator (CPU) Time","Configuration..."
0.000000, 2147483648.000000, 0.000039, 1, 0.000039, C='1.0',gamma='0.1'
0.183122, 0.500000, 0.183813, 1, 0.000691, C='1.0',gamma='0.1'
30.523965, 0.490700, 31.125223, 2, 0.601258, C='679.0325401248423',gamma='0.0030357544050474464'
35.550689, 0.474200, 36.350005, 3, 0.799316, C='1.3577833231108003',gamma='0.0023769411823143316'
44.720593, 0.427200, 45.969571, 4, 1.248978, C='10.18072871622912',gamma='0.002335135700216906'
61.522325, 0.415200, 63.961262, 5, 2.438937, C='133.8164376100696',gamma='0.001570388453203586'
