{
  "mean_cost": 0.5,
  "finished_ta_runs": 1,
  "inc_changed": 1,
  "n_configs": 1,
  "submitted_ta_runs": 1,
  "ta_time_used": 0.03458213806152344,
  "wallclock_time_used": 0.036180973052978516,
  "dataset_id": 3902,
  "perf_time": 0.041893250000043736
}