{
  "mean_cost": 0.042665588526535014,
  "finished_ta_runs": 1,
  "inc_changed": 1,
  "n_configs": 1,
  "submitted_ta_runs": 1,
  "ta_time_used": 2.4789791107177734,
  "wallclock_time_used": 2.480652093887329,
  "dataset_id": 167140,
  "perf_time": 2.4952391670003635
}