{
  "mean_cost": 0.20212044147870517,
  "finished_ta_runs": 127,
  "inc_changed": 6,
  "n_configs": 78,
  "submitted_ta_runs": 127,
  "ta_time_used": 46.190633058547974,
  "wallclock_time_used": 60.216371059417725,
  "dataset_id": 146817
}