{
  "mean_cost": 0.08172734510852611,
  "finished_ta_runs": 600,
  "inc_changed": 1,
  "n_configs": 584,
  "submitted_ta_runs": 600,
  "ta_time_used": 183.5871081352234,
  "wallclock_time_used": 189.31327724456787,
  "dataset_id": 14952,
  "perf_time": 189.33025550000093
}