"CPU Time Used","Estimated Training Performance","Wallclock Time","Incumbent ID","Automatic Configurator (CPU) Time","Configuration..."
0.000000, 2147483648.000000, 0.000057, 1, 0.000057, C='1.0',gamma='0.1'
0.085483, 0.179600, 0.086301, 1, 0.000818, C='1.0',gamma='0.1'
0.261801, 0.125400, 0.265294, 2, 0.003493, C='167.43465269107315',gamma='0.010473312293162985'
1.384341, 0.121300, 1.405789, 3, 0.021448, C='41.45456008096363',gamma='1.356609008584969'
10.564094, 0.111100, 10.761463, 4, 0.197369, C='159.00182230954',gamma='0.017193334608774966'
11.980887, 0.106900, 12.226592, 5, 0.245705, C='8.307456030796704',gamma='0.3192316207190183'
