"CPU Time Used","Estimated Training Performance","Wallclock Time","Incumbent ID","Automatic Configurator (CPU) Time","Configuration..."
0.000000, 2147483648.000000, 0.000685, 1, 0.000685, alpha='0.0040824718253228975',eta0='0.00044195488125554607'
0.252683, 0.475000, 0.254332, 1, 0.001649, alpha='0.0040824718253228975',eta0='0.00044195488125554607'
1.347901, 0.433100, 1.354258, 2, 0.006357, alpha='2.1186147948258377e-05',eta0='8.558614272324676e-05'
7.799863, 0.429000, 10.348569, 3, 2.548706, alpha='1.1221648647752118e-05',eta0='0.002138829257755548'
41.912227, 0.423300, 109.753051, 4, 67.840824, alpha='1.9772716080737475e-05',eta0='3.9028129133059985e-05'
