{"cpu_time": 0.0, "wallclock_time": 3.814697265625e-05, "evaluations": 0, "cost": 2147483648.0, "incumbent": {"colsample_bytree": 1.0, "eta": 0.3, "max_depth": 10, "reg_lambda": 1.0}, "budget": 0, "origin": "Default"}
{"cpu_time": 1.2774090766906738, "wallclock_time": 1.2786650657653809, "evaluations": 1, "cost": 0.3105, "incumbent": {"colsample_bytree": 1.0, "eta": 0.3, "max_depth": 10, "reg_lambda": 1.0}, "budget": 0, "origin": "Default"}
{"cpu_time": 6.086724042892456, "wallclock_time": 6.095182180404663, "evaluations": 8, "cost": 0.272, "incumbent": {"colsample_bytree": 0.6817994018422264, "eta": 0.010155350414863052, "max_depth": 8, "reg_lambda": 3.9659151741281455}, "budget": 0, "origin": "Random Search"}
{"cpu_time": 10.780283451080322, "wallclock_time": 10.815471172332764, "evaluations": 26, "cost": 0.266, "incumbent": {"colsample_bytree": 0.6670658501384039, "eta": 0.06431249957428405, "max_depth": 1, "reg_lambda": 0.0046872412644952096}, "budget": 0, "origin": "Random Search"}
{"cpu_time": 42.162906885147095, "wallclock_time": 42.790367126464844, "evaluations": 183, "cost": 0.2629, "incumbent": {"colsample_bytree": 0.8122196184134337, "eta": 0.074192808499944, "max_depth": 1, "reg_lambda": 0.2802830561260802}, "budget": 0, "origin": "Random Search"}
