{
  "mean_cost": 0.10886715528296866,
  "finished_ta_runs": 600,
  "inc_changed": 1,
  "n_configs": 275,
  "submitted_ta_runs": 600,
  "ta_time_used": 7.644622564315796,
  "wallclock_time_used": 11.435369968414307,
  "dataset_id": 10093,
  "perf_time": 11.452032875007717
}