"CPU Time Used","Estimated Training Performance","Wallclock Time","Incumbent ID","Automatic Configurator (CPU) Time","Configuration..."
0.000000, 2147483648.000000, 0.001450, 1, 0.001450, colsample_bytree='0.569966175314039',eta='0.009556882986489993',max_depth='3',reg_lambda='0.0020776820882921045'
0.029412, 0.153100, 0.031828, 1, 0.002416, colsample_bytree='0.569966175314039',eta='0.009556882986489993',max_depth='3',reg_lambda='0.0020776820882921045'
0.213182, 0.155400, 0.220521, 2, 0.007339, colsample_bytree='0.3878000834956765',eta='0.004721681612948408',max_depth='10',reg_lambda='0.09654112415362535'
0.355288, 0.147700, 0.365260, 3, 0.009972, colsample_bytree='1.0',eta='0.3',max_depth='10',reg_lambda='1.0'
0.854667, 0.146000, 0.893218, 4, 0.038551, colsample_bytree='0.8434434210881591',eta='0.134743335042713',max_depth='2',reg_lambda='0.4602553510758009'
2.473554, 0.141300, 18.317830, 5, 15.844276, colsample_bytree='0.9464146747310358',eta='0.21360983651708204',max_depth='2',reg_lambda='0.44782604521342556'
