{
  "mean_cost": 0.5,
  "finished_ta_runs": 600,
  "inc_changed": 1,
  "n_configs": 122,
  "submitted_ta_runs": 600,
  "ta_time_used": 166.3623743057251,
  "wallclock_time_used": 169.84618592262268,
  "dataset_id": 167141,
  "perf_time": 169.860598750005
}