{
  "mean_cost": 0.4229969956943641,
  "finished_ta_runs": 300,
  "inc_changed": 10,
  "n_configs": 196,
  "submitted_ta_runs": 300,
  "ta_time_used": 13.934072256088257,
  "wallclock_time_used": 94.96053791046143,
  "dataset_id": 3918,
  "perf_time": 94.97006441700069
}