"CPU Time Used","Estimated Training Performance","Wallclock Time","Incumbent ID","Automatic Configurator (CPU) Time","Configuration..."
0.000000, 2147483648.000000, 0.000554, 1, 0.000554, C='0.08611366210550205',gamma='0.4942679928374453'
0.054832, 0.500000, 0.056324, 1, 0.001492, C='0.08611366210550205',gamma='0.4942679928374453'
0.171937, 0.480500, 0.175745, 2, 0.003808, C='19.433598606658386',gamma='9.232350409327609'
0.254588, 0.474600, 0.260020, 3, 0.005432, C='1.0',gamma='0.1'
1.058825, 0.467000, 1.083875, 4, 0.025049, C='490.89071375229827',gamma='0.4114559193983836'
