{"cpu_time": 0.0, "wallclock_time": 0.0005540847778320312, "evaluations": 0, "cost": 2147483648.0, "incumbent": ["C='0.08611366210550205'", "gamma='0.4942679928374453'"], "origin": "Sobol"}
{"cpu_time": 0.05483222007751465, "wallclock_time": 0.056324005126953125, "evaluations": 1, "cost": 0.5, "incumbent": ["C='0.08611366210550205'", "gamma='0.4942679928374453'"], "origin": "Sobol"}
{"cpu_time": 0.1719365119934082, "wallclock_time": 0.17574477195739746, "evaluations": 4, "cost": 0.4805, "incumbent": ["C='19.433598606658386'", "gamma='9.232350409327609'"], "origin": "Sobol"}
{"cpu_time": 0.25458836555480957, "wallclock_time": 0.26002001762390137, "evaluations": 6, "cost": 0.4746, "incumbent": ["C='1.0'", "gamma='0.1'"], "origin": null}
{"cpu_time": 1.0588254928588867, "wallclock_time": 1.0838749408721924, "evaluations": 26, "cost": 0.467, "incumbent": ["C='490.89071375229827'", "gamma='0.4114559193983836'"], "origin": "Sobol"}
