{"cpu_time": 0.0, "wallclock_time": 0.001566171646118164, "evaluations": 0, "cost": 2147483648.0, "incumbent": {"max_depth": 2, "max_features": 0.4491682695224881, "min_samples_leaf": 1, "min_samples_split": 4}, "budget": 0, "origin": "Sobol"}
{"cpu_time": 0.1262211799621582, "wallclock_time": 0.12875008583068848, "evaluations": 1, "cost": 0.1561, "incumbent": {"max_depth": 2, "max_features": 0.4491682695224881, "min_samples_leaf": 1, "min_samples_split": 4}, "budget": 0, "origin": "Sobol"}
{"cpu_time": 0.9187121391296387, "wallclock_time": 0.9239141941070557, "evaluations": 4, "cost": 0.0673, "incumbent": {"max_depth": 17, "max_features": 0.6137791713699698, "min_samples_leaf": 16, "min_samples_split": 18}, "budget": 0, "origin": "Sobol"}
{"cpu_time": 7.333478927612305, "wallclock_time": 7.3629560470581055, "evaluations": 25, "cost": 0.0644, "incumbent": {"max_depth": 13, "max_features": 0.6508769644424319, "min_samples_leaf": 11, "min_samples_split": 3}, "budget": 0, "origin": "Sobol"}
{"cpu_time": 14.583429336547852, "wallclock_time": 14.641551971435547, "evaluations": 44, "cost": 0.0526, "incumbent": {"max_depth": 46, "max_features": 0.7485423665493727, "min_samples_leaf": 1, "min_samples_split": 7}, "budget": 0, "origin": "Sobol"}
{"cpu_time": 20.951358556747437, "wallclock_time": 22.6340069770813, "evaluations": 65, "cost": 0.0454, "incumbent": {"max_depth": 46, "max_features": 0.38831502227596415, "min_samples_leaf": 1, "min_samples_split": 5}, "budget": 0, "origin": "Local Search"}
{"cpu_time": 23.840229272842407, "wallclock_time": 27.576438903808594, "evaluations": 76, "cost": 0.0433, "incumbent": {"max_depth": 47, "max_features": 0.30891866056007133, "min_samples_leaf": 1, "min_samples_split": 3}, "budget": 0, "origin": "Local Search"}
{"cpu_time": 26.019803524017334, "wallclock_time": 31.22862720489502, "evaluations": 87, "cost": 0.0428, "incumbent": {"max_depth": 46, "max_features": 0.3087108331795489, "min_samples_leaf": 1, "min_samples_split": 3}, "budget": 0, "origin": "Local Search"}
{"cpu_time": 34.5079243183136, "wallclock_time": 59.46335411071777, "evaluations": 130, "cost": 0.0426, "incumbent": {"max_depth": 46, "max_features": 0.3077382604618491, "min_samples_leaf": 1, "min_samples_split": 4}, "budget": 0, "origin": "Local Search"}
