{
  "mean_cost": 0.18619823637977664,
  "finished_ta_runs": 300,
  "inc_changed": 7,
  "n_configs": 141,
  "submitted_ta_runs": 300,
  "ta_time_used": 104.40951895713806,
  "wallclock_time_used": 215.81714463233948,
  "dataset_id": 14,
  "perf_time": 215.82887470900005
}