"CPU Time Used","Estimated Training Performance","Wallclock Time","Incumbent ID","Automatic Configurator (CPU) Time","Configuration..."
0.000000, 2147483648.000000, 0.000613, 1, 0.000613, alpha='0.0040824718253228975',eta0='0.00044195488125554607'
0.716322, 0.108600, 0.717859, 1, 0.001537, alpha='0.0040824718253228975',eta0='0.00044195488125554607'
5.021262, 0.104700, 5.028329, 2, 0.007067, alpha='2.1186147948258377e-05',eta0='8.558614272324676e-05'
14.454631, 0.102500, 14.475536, 3, 0.020905, alpha='0.000182884801566337',eta0='0.0008272593854647256'
21.616666, 0.101500, 21.653393, 4, 0.036727, alpha='5.872228902171585e-05',eta0='0.00027724604623741747'
