"CPU Time Used","Estimated Training Performance","Wallclock Time","Incumbent ID","Automatic Configurator (CPU) Time","Configuration..."
0.000000, 2147483648.000000, 0.000542, 1, 0.000542, alpha='0.0040824718253228975',eta0='0.00044195488125554607'
0.254527, 0.051100, 0.255808, 1, 0.001281, alpha='0.0040824718253228975',eta0='0.00044195488125554607'
0.962232, 0.040500, 0.965954, 2, 0.003722, alpha='0.0007534803600179209',eta0='0.01638324291048883'
5.340919, 0.040100, 5.363766, 3, 0.022847, alpha='0.0005224100258299653',eta0='0.06418830899407'
7.815534, 0.036300, 7.852799, 4, 0.037265, alpha='1.4230872500070733e-05',eta0='0.006316939148274451'
11.437070, 0.036300, 12.224885, 5, 0.787815, alpha='1.584789669443655e-05',eta0='0.0040745436704129'
16.909077, 0.035500, 20.549425, 6, 3.640348, alpha='1.406945292202963e-05',eta0='0.002431483865504665'
49.843771, 0.035200, 79.907775, 7, 30.064004, alpha='1.7318711794642378e-05',eta0='0.0026018141666037907'
