{
  "mean_cost": 0.10454831933823171,
  "finished_ta_runs": 300,
  "inc_changed": 3,
  "n_configs": 89,
  "submitted_ta_runs": 300,
  "ta_time_used": 9.484451055526733,
  "wallclock_time_used": 32.61270523071289,
  "dataset_id": 3549,
  "perf_time": 32.62494916700007
}