"CPU Time Used","Estimated Training Performance","Wallclock Time","Incumbent ID","Automatic Configurator (CPU) Time","Configuration..."
0.000000, 2147483648.000000, 0.000537, 1, 0.000537, alpha='0.00011227070295712931',eta0='0.0029096933833365197'
0.687491, 0.248300, 0.688751, 1, 0.001260, alpha='0.00011227070295712931',eta0='0.0029096933833365197'
4.747060, 0.172000, 4.753941, 2, 0.006881, alpha='0.026542866188361353',eta0='8.075114966892127e-05'
18.663284, 0.163000, 18.698616, 3, 0.035332, alpha='8.493190945563282e-05',eta0='3.713240341799095e-05'
48.110469, 0.161900, 54.235437, 4, 6.124969, alpha='4.2689290637362034e-05',eta0='3.167362291690392e-05'
