"CPU Time Used","Estimated Training Performance","Wallclock Time","Incumbent ID","Automatic Configurator (CPU) Time","Configuration..."
0.000000, 2147483648.000000, 0.000237, 1, 0.000237, alpha='0.0004126639093412234',eta0='0.0017613324954003418'
11.218658, 0.071000, 11.219552, 1, 0.000894, alpha='0.0004126639093412234',eta0='0.0017613324954003418'
