"CPU Time Used","Estimated Training Performance","Wallclock Time","Incumbent ID","Automatic Configurator (CPU) Time","Configuration..."
0.000000, 2147483648.000000, 0.001449, 1, 0.001449, colsample_bytree='0.569966175314039',eta='0.009556882986489993',max_depth='3',reg_lambda='0.0020776820882921045'
2.227224, 0.052700, 2.229846, 1, 0.002622, colsample_bytree='0.569966175314039',eta='0.009556882986489993',max_depth='3',reg_lambda='0.0020776820882921045'
22.659837, 0.015900, 22.671000, 2, 0.011163, colsample_bytree='0.3878000834956765',eta='0.004721681612948408',max_depth='10',reg_lambda='0.09654112415362535'
147.256760, 0.015200, 148.645116, 3, 1.388356, colsample_bytree='0.5127514289234746',eta='0.19324232516087855',max_depth='8',reg_lambda='0.35328815393462043'
199.843024, 0.014500, 203.938237, 4, 4.095213, colsample_bytree='0.4976252017990296',eta='0.10838821244069761',max_depth='8',reg_lambda='2.7772626218662038'
760.459468, 0.014400, 823.894878, 5, 63.435410, colsample_bytree='0.4380296288953691',eta='0.14067304623164886',max_depth='8',reg_lambda='0.34770022894390584'
