{"cpu_time": 0.0, "wallclock_time": 0.0014488697052001953, "evaluations": 0, "cost": 2147483648.0, "incumbent": {"colsample_bytree": 0.569966175314039, "eta": 0.009556882986489993, "max_depth": 3, "reg_lambda": 0.0020776820882921045}, "budget": 0, "origin": "Sobol"}
{"cpu_time": 2.227224111557007, "wallclock_time": 2.2298460006713867, "evaluations": 1, "cost": 0.0527, "incumbent": {"colsample_bytree": 0.569966175314039, "eta": 0.009556882986489993, "max_depth": 3, "reg_lambda": 0.0020776820882921045}, "budget": 0, "origin": "Sobol"}
{"cpu_time": 22.659836530685425, "wallclock_time": 22.671000003814697, "evaluations": 7, "cost": 0.0159, "incumbent": {"colsample_bytree": 0.3878000834956765, "eta": 0.004721681612948408, "max_depth": 10, "reg_lambda": 0.09654112415362535}, "budget": 0, "origin": "Sobol"}
{"cpu_time": 147.25676012039185, "wallclock_time": 148.64511609077454, "evaluations": 59, "cost": 0.0152, "incumbent": {"colsample_bytree": 0.5127514289234746, "eta": 0.19324232516087855, "max_depth": 8, "reg_lambda": 0.35328815393462043}, "budget": 0, "origin": "Local Search"}
{"cpu_time": 199.8430244922638, "wallclock_time": 203.93823719024658, "evaluations": 74, "cost": 0.0145, "incumbent": {"colsample_bytree": 0.4976252017990296, "eta": 0.10838821244069761, "max_depth": 8, "reg_lambda": 2.7772626218662038}, "budget": 0, "origin": "Local Search"}
{"cpu_time": 760.4594683647156, "wallclock_time": 823.8948781490326, "evaluations": 240, "cost": 0.0144, "incumbent": {"colsample_bytree": 0.4380296288953691, "eta": 0.14067304623164886, "max_depth": 8, "reg_lambda": 0.34770022894390584}, "budget": 0, "origin": "Local Search"}
