{
  "mean_cost": 0.8532186948853615,
  "finished_ta_runs": 1,
  "inc_changed": 1,
  "n_configs": 1,
  "submitted_ta_runs": 1,
  "ta_time_used": 0.5477678775787354,
  "wallclock_time_used": 0.549591064453125,
  "dataset_id": 9981,
  "perf_time": 0.5562045000006037
}