{
  "mean_cost": 0.1429178538775961,
  "finished_ta_runs": 300,
  "inc_changed": 7,
  "n_configs": 98,
  "submitted_ta_runs": 300,
  "ta_time_used": 11.12246298789978,
  "wallclock_time_used": 35.37995100021362,
  "dataset_id": 146822,
  "perf_time": 35.389339207991725
}