{
  "mean_cost": 0.20741634488080207,
  "finished_ta_runs": 1,
  "inc_changed": 1,
  "n_configs": 1,
  "submitted_ta_runs": 1,
  "ta_time_used": 0.04018092155456543,
  "wallclock_time_used": 0.04158520698547363,
  "dataset_id": 9957,
  "perf_time": 0.07421170800000709
}