{
  "mean_cost": 0.11712503387717063,
  "finished_ta_runs": 65,
  "inc_changed": 4,
  "n_configs": 48,
  "submitted_ta_runs": 65,
  "ta_time_used": 122.90037679672241,
  "wallclock_time_used": 123.05671000480652,
  "dataset_id": 9981
}