{
  "data": [
    [
      [
        1,
        null,
        379248293,
        0.0
      ],
      [
        0.6666666666666667,
        0.2036452293395996,
        {
          "__enum__": "StatusType.SUCCESS"
        },
        1674410488.049073,
        1674410488.252724,
        {}
      ]
    ]
  ],
  "config_origins": {
    "1": "Sobol"
  },
  "configs": {
    "1": {
      "max_depth": 2,
      "max_features": 0.4491682695224881,
      "min_samples_leaf": 1,
      "min_samples_split": 4
    }
  }
}