"CPU Time Used","Estimated Training Performance","Wallclock Time","Incumbent ID","Automatic Configurator (CPU) Time","Configuration..."
0.000000, 2147483648.000000, 0.000529, 1, 0.000529, C='0.017961675793542162',gamma='0.9046232030638993'
0.051403, 0.500000, 0.052615, 1, 0.001212, C='0.017961675793542162',gamma='0.9046232030638993'
0.174424, 0.488900, 0.178468, 2, 0.004044, C='61.71933670840937',gamma='1.0864412265106145'
0.425129, 0.461100, 0.433961, 3, 0.008832, C='12.958180650233897',gamma='0.01207858159167579'
