"CPU Time Used","Estimated Training Performance","Wallclock Time","Incumbent ID","Automatic Configurator (CPU) Time","Configuration..."
0.000000, 2147483648.000000, 0.001458, 1, 0.001458, colsample_bytree='0.569966175314039',eta='0.009556882986489993',max_depth='3',reg_lambda='0.0020776820882921045'
0.075134, 0.690100, 0.077517, 1, 0.002383, colsample_bytree='0.569966175314039',eta='0.009556882986489993',max_depth='3',reg_lambda='0.0020776820882921045'
0.525898, 0.149800, 0.536128, 2, 0.010231, colsample_bytree='0.7997161545790732',eta='0.8167090504942917',max_depth='1',reg_lambda='7.369638786139326'
1.109692, 0.074700, 1.123757, 3, 0.014065, colsample_bytree='1.0',eta='0.3',max_depth='10',reg_lambda='1.0'
2.035603, 0.043300, 2.059988, 4, 0.024385, colsample_bytree='0.6897349533624947',eta='0.11093751049628797',max_depth='5',reg_lambda='0.005625821167002132'
9.211339, 0.040100, 21.894249, 5, 12.682910, colsample_bytree='0.8319366567440585',eta='0.25344541629721595',max_depth='2',reg_lambda='0.01570303902002026'
