{
  "mean_cost": 0.029670424077096743,
  "finished_ta_runs": 57,
  "inc_changed": 4,
  "n_configs": 30,
  "submitted_ta_runs": 57,
  "ta_time_used": 59.927974462509155,
  "wallclock_time_used": 60.046777963638306,
  "dataset_id": 146824
}