{
  "mean_cost": 0.15310843631214688,
  "finished_ta_runs": 1,
  "inc_changed": 1,
  "n_configs": 1,
  "submitted_ta_runs": 1,
  "ta_time_used": 0.0295870304107666,
  "wallclock_time_used": 0.031084060668945312,
  "dataset_id": 29,
  "perf_time": 0.03651804200035258
}