"CPU Time Used","Estimated Training Performance","Wallclock Time","Incumbent ID","Automatic Configurator (CPU) Time","Configuration..."
0.000000, 2147483648.000000, 0.000546, 1, 0.000546, alpha='0.0040824718253228975',eta0='0.00044195488125554607'
0.214808, 0.507400, 0.216105, 1, 0.001297, alpha='0.0040824718253228975',eta0='0.00044195488125554607'
1.352755, 0.537900, 1.359325, 2, 0.006570, alpha='2.1186147948258377e-05',eta0='8.558614272324676e-05'
18.863194, 0.536300, 33.443887, 3, 14.580693, alpha='4.204825432458896e-05',eta0='1.3312844474458335e-05'
29.820466, 0.534200, 61.974462, 4, 32.153996, alpha='1.4770788555628815e-05',eta0='2.4695339243952875e-05'
49.972218, 0.533900, 141.258165, 5, 91.285947, alpha='1.6503304121302636e-05',eta0='2.1424784498715684e-05'
