"CPU Time Used","Estimated Training Performance","Wallclock Time","Incumbent ID","Automatic Configurator (CPU) Time","Configuration..."
0.000000, 2147483648.000000, 0.000099, 1, 0.000099, alpha='0.001',eta0='0.01'
0.093663, 0.574600, 0.094761, 1, 0.001098, alpha='0.001',eta0='0.01'
0.325924, 0.505500, 0.329532, 2, 0.003608, alpha='3.649484911512686e-05',eta0='1.2652165208090965e-05'
0.637369, 0.495700, 0.644568, 3, 0.007199, alpha='0.005024635265504522',eta0='2.0035124286213127e-05'
1.282199, 0.492700, 1.297604, 4, 0.015405, alpha='0.00022661234155643443',eta0='7.824882505894288e-05'
1.748070, 0.489500, 1.770310, 5, 0.022239, alpha='0.7129081176210889',eta0='0.18992355419461474'
4.547046, 0.480700, 4.653621, 6, 0.106575, alpha='2.3857802069496928e-05',eta0='0.0002532184522807743'
11.268532, 0.480600, 11.689077, 7, 0.420545, alpha='0.0005635830830504733',eta0='2.274559925992295e-05'
30.235616, 0.480400, 32.648761, 8, 2.413145, alpha='0.00013506706170798142',eta0='0.00029364581666815805'
