{
  "mean_cost": 0.013243531340977109,
  "finished_ta_runs": 300,
  "inc_changed": 3,
  "n_configs": 94,
  "submitted_ta_runs": 300,
  "ta_time_used": 15.624716520309448,
  "wallclock_time_used": 52.676718950271606,
  "dataset_id": 10093,
  "perf_time": 52.688991458999226
}