{
  "mean_cost": 0.5,
  "finished_ta_runs": 1,
  "inc_changed": 1,
  "n_configs": 1,
  "submitted_ta_runs": 1,
  "ta_time_used": 0.01030421257019043,
  "wallclock_time_used": 0.011840105056762695,
  "dataset_id": 9971,
  "perf_time": 0.0395232090004356
}