{"cpu_time": 0.0, "wallclock_time": 0.0006959438323974609, "evaluations": 0, "cost": 2147483648.0, "incumbent": ["alpha='0.0004126639093412234'", "eta0='0.0017613324954003418'"], "origin": "Sobol"}
{"cpu_time": 5.564313888549805, "wallclock_time": 5.566028118133545, "evaluations": 1, "cost": 0.1018, "incumbent": ["alpha='0.0004126639093412234'", "eta0='0.0017613324954003418'"], "origin": "Sobol"}
{"cpu_time": 72.62152194976807, "wallclock_time": 72.63674998283386, "evaluations": 13, "cost": 0.097, "incumbent": ["alpha='1.3751027885583958e-05'", "eta0='0.0001426968473177047'"], "origin": "Sobol"}
{"cpu_time": 100.2772696018219, "wallclock_time": 100.3010528087616, "evaluations": 18, "cost": 0.0943, "incumbent": ["alpha='0.001'", "eta0='0.01'"], "origin": null}
{"cpu_time": 161.2349820137024, "wallclock_time": 161.27587413787842, "evaluations": 29, "cost": 0.0926, "incumbent": ["alpha='0.003103826373830339'", "eta0='0.010415000482871395'"], "origin": "Sobol"}
{"cpu_time": 256.00641679763794, "wallclock_time": 256.4344038963318, "evaluations": 46, "cost": 0.0906, "incumbent": ["alpha='0.006850873689746492'", "eta0='0.011904160969671467'"], "origin": "Random Search (sorted)"}
{"cpu_time": 333.591242313385, "wallclock_time": 335.0141258239746, "evaluations": 60, "cost": 0.0878, "incumbent": ["alpha='0.007071781748741751'", "eta0='0.008676526350019309'"], "origin": "Local Search"}
{"cpu_time": 372.8536231517792, "wallclock_time": 374.80825090408325, "evaluations": 67, "cost": 0.0863, "incumbent": ["alpha='0.00749170525584017'", "eta0='0.003731033320799018'"], "origin": "Random Search (sorted)"}
{"cpu_time": 412.0395157337189, "wallclock_time": 414.4465310573578, "evaluations": 74, "cost": 0.086, "incumbent": ["alpha='0.0076285723073493475'", "eta0='0.0026988252312864854'"], "origin": "Local Search"}
{"cpu_time": 445.434956073761, "wallclock_time": 448.38445496559143, "evaluations": 80, "cost": 0.0848, "incumbent": ["alpha='0.0097325346339356'", "eta0='0.00325033690928832'"], "origin": "Random Search (sorted)"}
{"cpu_time": 673.1598603725433, "wallclock_time": 686.4916679859161, "evaluations": 121, "cost": 0.0843, "incumbent": ["alpha='0.016562725411478935'", "eta0='0.0021114864123982827'"], "origin": "Random Search (sorted)"}
{"cpu_time": 1180.8046293258667, "wallclock_time": 1210.6835279464722, "evaluations": 213, "cost": 0.0841, "incumbent": ["alpha='0.017527441740447118'", "eta0='0.0017070733241443036'"], "origin": "Local Search"}
