"CPU Time Used","Estimated Training Performance","Wallclock Time","Incumbent ID","Automatic Configurator (CPU) Time","Configuration..."
0.000000, 2147483648.000000, 0.000691, 1, 0.000691, alpha='0.0040824718253228975',eta0='0.00044195488125554607'
1.151955, 0.467400, 1.153606, 1, 0.001651, alpha='0.0040824718253228975',eta0='0.00044195488125554607'
8.044859, 0.440900, 8.052164, 2, 0.007305, alpha='2.1186147948258377e-05',eta0='8.558614272324676e-05'
22.816266, 0.418300, 22.838707, 3, 0.022441, alpha='0.000182884801566337',eta0='0.0008272593854647256'
37.510453, 0.406100, 37.550340, 4, 0.039887, alpha='1.4230872500070733e-05',eta0='0.006316939148274451'
62.199362, 0.405200, 64.895530, 5, 2.696168, alpha='1.0434133480277279e-05',eta0='0.005901478078610678'
71.190697, 0.405100, 74.285185, 6, 3.094488, alpha='1.1285641771321073e-05',eta0='0.005844806533708902'
159.927107, 0.405000, 175.009901, 7, 15.082794, alpha='1.0673495843881078e-05',eta0='0.005774174988017244'
