"CPU Time Used","Estimated Training Performance","Wallclock Time","Incumbent ID","Automatic Configurator (CPU) Time","Configuration..."
0.000000, 2147483648.000000, 0.000050, 1, 0.000050, alpha='0.001',eta0='0.01'
0.299689, 0.351000, 0.300495, 1, 0.000806, alpha='0.001',eta0='0.01'
0.507632, 0.346400, 0.511308, 2, 0.003676, alpha='0.2222611632956835',eta0='7.173240601211391e-05'
0.789498, 0.342400, 0.796773, 3, 0.007275, alpha='0.181986542229818',eta0='0.0022107949138319687'
4.102781, 0.318700, 4.185774, 4, 0.082993, alpha='0.00010614292991645016',eta0='0.8887521171740199'
4.941723, 0.302900, 5.054307, 5, 0.112584, alpha='3.819213168380916e-05',eta0='0.8554640699901798'
