{"cpu_time": 0.0, "wallclock_time": 0.000576019287109375, "evaluations": 0, "cost": 2147483648.0, "incumbent": ["alpha='0.0040824718253228975'", "eta0='0.00044195488125554607'"], "origin": "Sobol"}
{"cpu_time": 0.029886960983276367, "wallclock_time": 0.03125500679016113, "evaluations": 1, "cost": 0.375, "incumbent": ["alpha='0.0040824718253228975'", "eta0='0.00044195488125554607'"], "origin": "Sobol"}
{"cpu_time": 0.41774654388427734, "wallclock_time": 0.43430399894714355, "evaluations": 20, "cost": 0.36, "incumbent": ["alpha='8.740778541533059e-05'", "eta0='0.35545691961437276'"], "origin": "Sobol"}
{"cpu_time": 1.530113697052002, "wallclock_time": 4.239382982254028, "evaluations": 70, "cost": 0.3523, "incumbent": ["alpha='0.004701759241231422'", "eta0='5.783301246948365e-05'"], "origin": "Local Search"}
{"cpu_time": 2.3616104125976562, "wallclock_time": 10.869005680084229, "evaluations": 102, "cost": 0.3515, "incumbent": ["alpha='0.003778889896475187'", "eta0='1.2570589430946441e-05'"], "origin": "Local Search"}
{"cpu_time": 3.670037031173706, "wallclock_time": 22.230681896209717, "evaluations": 151, "cost": 0.3415, "incumbent": ["alpha='0.010586740192486467'", "eta0='0.0035892670258154107'"], "origin": "Random Search"}
