"CPU Time Used","Estimated Training Performance","Wallclock Time","Incumbent ID","Automatic Configurator (CPU) Time","Configuration..."
0.000000, 2147483648.000000, 0.000576, 1, 0.000576, alpha='0.0040824718253228975',eta0='0.00044195488125554607'
0.029887, 0.375000, 0.031255, 1, 0.001368, alpha='0.0040824718253228975',eta0='0.00044195488125554607'
0.417747, 0.360000, 0.434304, 2, 0.016557, alpha='8.740778541533059e-05',eta0='0.35545691961437276'
1.530114, 0.352300, 4.239383, 3, 2.709269, alpha='0.004701759241231422',eta0='5.783301246948365e-05'
2.361610, 0.351500, 10.869006, 4, 8.507395, alpha='0.003778889896475187',eta0='1.2570589430946441e-05'
3.670037, 0.341500, 22.230682, 5, 18.560645, alpha='0.010586740192486467',eta0='0.0035892670258154107'
