{
  "mean_cost": 0.12897317862551183,
  "finished_ta_runs": 1,
  "inc_changed": 1,
  "n_configs": 1,
  "submitted_ta_runs": 1,
  "ta_time_used": 0.09987092018127441,
  "wallclock_time_used": 0.1013650894165039,
  "dataset_id": 14952,
  "perf_time": 0.10664345899999716
}