{
  "mean_cost": 0.3729511480926638,
  "finished_ta_runs": 1676,
  "inc_changed": 4,
  "n_configs": 1534,
  "submitted_ta_runs": 1676,
  "ta_time_used": 76.34952592849731,
  "wallclock_time_used": 120.00543403625488,
  "dataset_id": 37
}