{
  "mean_cost": 0.12732992762344766,
  "finished_ta_runs": 300,
  "inc_changed": 8,
  "n_configs": 195,
  "submitted_ta_runs": 300,
  "ta_time_used": 20.653454065322876,
  "wallclock_time_used": 96.90199613571167,
  "dataset_id": 9957,
  "perf_time": 96.91145620899988
}