{
  "mean_cost": 0.264452319753659,
  "finished_ta_runs": 2,
  "inc_changed": 1,
  "n_configs": 1,
  "submitted_ta_runs": 2,
  "ta_time_used": 18.5134539604187,
  "wallclock_time_used": 18.515644788742065,
  "dataset_id": 9910,
  "perf_time": 18.523105000000214
}