{
  "mean_cost": 0.3403907609047838,
  "finished_ta_runs": 153,
  "inc_changed": 6,
  "n_configs": 104,
  "submitted_ta_runs": 153,
  "ta_time_used": 30.503433227539062,
  "wallclock_time_used": 60.30240178108215,
  "dataset_id": 18
}