{"cpu_time": 0.0, "wallclock_time": 0.0015342235565185547, "evaluations": 0, "cost": 2147483648.0, "incumbent": ["colsample_bytree='0.3908073678612709'", "eta='0.02197006114591668'", "max_depth='1'", "reg_lambda='0.025956378731779545'"], "origin": "Sobol"}
{"cpu_time": 0.03295493125915527, "wallclock_time": 0.035520076751708984, "evaluations": 1, "cost": 0.5, "incumbent": ["colsample_bytree='0.3908073678612709'", "eta='0.02197006114591668'", "max_depth='1'", "reg_lambda='0.025956378731779545'"], "origin": "Sobol"}
{"cpu_time": 0.363126277923584, "wallclock_time": 0.36832213401794434, "evaluations": 4, "cost": 0.4523, "incumbent": ["colsample_bytree='0.7864414579235017'", "eta='0.06876373473778273'", "max_depth='5'", "reg_lambda='2.180661802430785'"], "origin": "Sobol"}
{"cpu_time": 0.864119291305542, "wallclock_time": 0.8711771965026855, "evaluations": 6, "cost": 0.3717, "incumbent": ["colsample_bytree='1.0'", "eta='0.3'", "max_depth='10'", "reg_lambda='1.0'"], "origin": null}
{"cpu_time": 23.961188554763794, "wallclock_time": 74.64572429656982, "evaluations": 157, "cost": 0.3683, "incumbent": ["colsample_bytree='0.8401766547028323'", "eta='0.29082462312594076'", "max_depth='8'", "reg_lambda='0.968951582115805'"], "origin": "Local Search"}
{"cpu_time": 34.37621450424194, "wallclock_time": 131.0434443950653, "evaluations": 214, "cost": 0.3634, "incumbent": ["colsample_bytree='0.9985254733140194'", "eta='0.29230690534425036'", "max_depth='8'", "reg_lambda='0.9927088715797966'"], "origin": "Local Search"}
{"cpu_time": 38.22948408126831, "wallclock_time": 150.8305902481079, "evaluations": 235, "cost": 0.3583, "incumbent": ["colsample_bytree='0.8028283609185082'", "eta='0.47421482255128894'", "max_depth='8'", "reg_lambda='0.0016936258812544687'"], "origin": "Local Search"}
