"CPU Time Used","Estimated Training Performance","Wallclock Time","Incumbent ID","Automatic Configurator (CPU) Time","Configuration..."
0.000000, 2147483648.000000, 0.001534, 1, 0.001534, colsample_bytree='0.3908073678612709',eta='0.02197006114591668',max_depth='1',reg_lambda='0.025956378731779545'
0.032955, 0.500000, 0.035520, 1, 0.002565, colsample_bytree='0.3908073678612709',eta='0.02197006114591668',max_depth='1',reg_lambda='0.025956378731779545'
0.363126, 0.452300, 0.368322, 2, 0.005196, colsample_bytree='0.7864414579235017',eta='0.06876373473778273',max_depth='5',reg_lambda='2.180661802430785'
0.864119, 0.371700, 0.871177, 3, 0.007058, colsample_bytree='1.0',eta='0.3',max_depth='10',reg_lambda='1.0'
23.961189, 0.368300, 74.645724, 4, 50.684536, colsample_bytree='0.8401766547028323',eta='0.29082462312594076',max_depth='8',reg_lambda='0.968951582115805'
34.376215, 0.363400, 131.043444, 5, 96.667230, colsample_bytree='0.9985254733140194',eta='0.29230690534425036',max_depth='8',reg_lambda='0.9927088715797966'
38.229484, 0.358300, 150.830590, 6, 112.601106, colsample_bytree='0.8028283609185082',eta='0.47421482255128894',max_depth='8',reg_lambda='0.0016936258812544687'
