"CPU Time Used","Estimated Training Performance","Wallclock Time","Incumbent ID","Automatic Configurator (CPU) Time","Configuration..."
0.000000, 2147483648.000000, 0.000607, 1, 0.000607, C='0.08611366210550205',gamma='0.4942679928374453'
0.416931, 0.900000, 0.418439, 1, 0.001508, C='0.08611366210550205',gamma='0.4942679928374453'
2.767115, 0.067200, 2.777530, 2, 0.010415, C='69.38389384208695',gamma='0.0015531477828170245'
7.249736, 0.060500, 7.279689, 3, 0.029953, C='4.532544074901469',gamma='0.03382327396632573'
12.486837, 0.059800, 12.543582, 4, 0.056745, C='8.634022457298675',gamma='0.007852177423455793'
21.704289, 0.057600, 23.889164, 5, 2.184875, C='4.600645384968089',gamma='0.007578497503552266'
