{"cpu_time": 0.0, "wallclock_time": 0.0006070137023925781, "evaluations": 0, "cost": 2147483648.0, "incumbent": ["C='0.08611366210550205'", "gamma='0.4942679928374453'"], "origin": "Sobol"}
{"cpu_time": 0.41693115234375, "wallclock_time": 0.4184389114379883, "evaluations": 1, "cost": 0.9, "incumbent": ["C='0.08611366210550205'", "gamma='0.4942679928374453'"], "origin": "Sobol"}
{"cpu_time": 2.7671148777008057, "wallclock_time": 2.7775301933288574, "evaluations": 8, "cost": 0.0672, "incumbent": ["C='69.38389384208695'", "gamma='0.0015531477828170245'"], "origin": "Sobol"}
{"cpu_time": 7.249736309051514, "wallclock_time": 7.279689073562622, "evaluations": 20, "cost": 0.0605, "incumbent": ["C='4.532544074901469'", "gamma='0.03382327396632573'"], "origin": "Sobol"}
{"cpu_time": 12.486837148666382, "wallclock_time": 12.54358196258545, "evaluations": 35, "cost": 0.0598, "incumbent": ["C='8.634022457298675'", "gamma='0.007852177423455793'"], "origin": "Sobol"}
{"cpu_time": 21.704288959503174, "wallclock_time": 23.889164209365845, "evaluations": 66, "cost": 0.0576, "incumbent": ["C='4.600645384968089'", "gamma='0.007578497503552266'"], "origin": "Random Search (sorted)"}
