"CPU Time Used","Estimated Training Performance","Wallclock Time","Incumbent ID","Automatic Configurator (CPU) Time","Configuration..."
0.000000, 2147483648.000000, 0.000593, 1, 0.000593, alpha='0.0040824718253228975',eta0='0.00044195488125554607'
0.114716, 0.440800, 0.116127, 1, 0.001411, alpha='0.0040824718253228975',eta0='0.00044195488125554607'
0.298453, 0.464800, 0.302191, 2, 0.003738, alpha='0.0007534803600179209',eta0='0.01638324291048883'
0.666472, 0.468400, 0.675002, 3, 0.008530, alpha='2.1186147948258377e-05',eta0='8.558614272324676e-05'
4.182401, 0.472100, 5.601628, 4, 1.419226, alpha='5.7747691398961935e-05',eta0='1.1923313042180401e-05'
13.352271, 0.470000, 44.364129, 5, 31.011858, alpha='7.579710478243543e-05',eta0='0.0007982111277097266'
