"CPU Time Used","Estimated Training Performance","Wallclock Time","Incumbent ID","Automatic Configurator (CPU) Time","Configuration..."
0.000000, 2147483648.000000, 0.000537, 1, 0.000537, alpha='0.0004126639093412234',eta0='0.0017613324954003418'
0.143348, 0.334900, 0.144639, 1, 0.001291, alpha='0.0004126639093412234',eta0='0.0017613324954003418'
1.069417, 0.328400, 1.077899, 2, 0.008482, alpha='6.675963694532246e-05',eta0='0.13455959491033861'
17.087746, 0.337500, 26.378818, 3, 9.291071, alpha='0.012279038135158918',eta0='0.00014179271363023462'
19.518248, 0.317100, 31.852993, 4, 12.334745, alpha='0.00028607273918610865',eta0='0.0002844153110445936'
