"CPU Time Used","Estimated Training Performance","Wallclock Time","Incumbent ID","Automatic Configurator (CPU) Time","Configuration..."
0.000000, 2147483648.000000, 0.000569, 1, 0.000569, C='0.017961675793542162',gamma='0.9046232030638993'
1.529427, 0.500000, 1.530829, 1, 0.001402, C='0.017961675793542162',gamma='0.9046232030638993'
5.528163, 0.039400, 5.533181, 2, 0.005018, C='61.71933670840937',gamma='1.0864412265106145'
21.709446, 0.037000, 21.735870, 3, 0.026424, C='2.574588067340684',gamma='0.2803288729873386'
46.041049, 0.036600, 51.079431, 4, 5.038382, C='2.574588067340684',gamma='0.28889819671007555'
141.464504, 0.036100, 163.910068, 5, 22.445564, C='322.22397538576246',gamma='0.3127781803041873'
175.437378, 0.036000, 205.765422, 6, 30.328044, C='404.77552960305906',gamma='0.3727389395895141'
