{"cpu_time": 0.0, "wallclock_time": 3.0040740966796875e-05, "evaluations": 0, "cost": 2147483648.0, "incumbent": ["alpha='0.001'", "eta0='0.01'"], "origin": "Default"}
{"cpu_time": 1.601181983947754, "wallclock_time": 1.601823091506958, "evaluations": 1, "cost": 0.4092, "incumbent": ["alpha='0.001'", "eta0='0.01'"], "origin": "Default"}
