"CPU Time Used","Estimated Training Performance","Wallclock Time","Incumbent ID","Automatic Configurator (CPU) Time","Configuration..."
0.000000, 2147483648.000000, 0.000242, 1, 0.000242, C='0.08611366210550205',gamma='0.4942679928374453'
0.400931, 0.900000, 0.401830, 1, 0.000899, C='0.08611366210550205',gamma='0.4942679928374453'
