"CPU Time Used","Estimated Training Performance","Wallclock Time","Incumbent ID","Automatic Configurator (CPU) Time","Configuration..."
0.000000, 2147483648.000000, 0.000535, 1, 0.000535, alpha='0.0040824718253228975',eta0='0.00044195488125554607'
0.241262, 0.632400, 0.242540, 1, 0.001278, alpha='0.0040824718253228975',eta0='0.00044195488125554607'
0.936872, 0.393300, 0.940749, 2, 0.003877, alpha='0.0007534803600179209',eta0='0.01638324291048883'
15.890560, 0.378500, 22.840435, 3, 6.949875, alpha='0.0004062969565990439',eta0='0.026519692432141185'
22.187040, 0.366700, 34.775224, 4, 12.588184, alpha='1.6964057730660844e-05',eta0='0.026791628346625924'
