{
  "mean_cost": 0.2077907375215187,
  "finished_ta_runs": 357,
  "inc_changed": 2,
  "n_configs": 343,
  "submitted_ta_runs": 357,
  "ta_time_used": 117.74283742904663,
  "wallclock_time_used": 120.29881000518799,
  "dataset_id": 9981
}