"CPU Time Used","Estimated Training Performance","Wallclock Time","Incumbent ID","Automatic Configurator (CPU) Time","Configuration..."
0.000000, 2147483648.000000, 0.001454, 1, 0.001454, colsample_bytree='0.3908073678612709',eta='0.02197006114591668',max_depth='1',reg_lambda='0.025956378731779545'
0.030297, 0.500000, 0.032746, 1, 0.002449, colsample_bytree='0.3908073678612709',eta='0.02197006114591668',max_depth='1',reg_lambda='0.025956378731779545'
0.279404, 0.391600, 0.284346, 2, 0.004942, colsample_bytree='0.7864414579235017',eta='0.06876373473778273',max_depth='5',reg_lambda='2.180661802430785'
0.770130, 0.330700, 0.776825, 3, 0.006695, colsample_bytree='1.0',eta='0.3',max_depth='10',reg_lambda='1.0'
2.952020, 0.322500, 2.984524, 4, 0.032504, colsample_bytree='0.34836309412494304',eta='0.26655395384050556',max_depth='6',reg_lambda='0.1036182343546856'
7.601314, 0.321100, 18.472967, 5, 10.871653, colsample_bytree='0.35190179554787415',eta='0.3958416980241374',max_depth='7',reg_lambda='0.004693689230461844'
17.153459, 0.315400, 44.644800, 6, 27.491341, colsample_bytree='0.9999521368827615',eta='0.39556786239267955',max_depth='7',reg_lambda='0.0010193927030825107'
18.000873, 0.313700, 45.510471, 7, 27.509598, colsample_bytree='0.9994287802031157',eta='0.39556786239267955',max_depth='7',reg_lambda='0.0010209192234621567'
28.242101, 0.311500, 83.839664, 8, 55.597563, colsample_bytree='0.9971821760778428',eta='0.3974900079244848',max_depth='4',reg_lambda='0.001012636894733458'
