{
  "mean_cost": 0.31056433998100663,
  "finished_ta_runs": 300,
  "inc_changed": 8,
  "n_configs": 168,
  "submitted_ta_runs": 300,
  "ta_time_used": 10.148430347442627,
  "wallclock_time_used": 152.46383786201477,
  "dataset_id": 11,
  "perf_time": 152.47439049999957
}