{
  "mean_cost": 0.09369445369445373,
  "finished_ta_runs": 1,
  "inc_changed": 1,
  "n_configs": 1,
  "submitted_ta_runs": 1,
  "ta_time_used": 0.2788989543914795,
  "wallclock_time_used": 0.2805449962615967
}