"CPU Time Used","Estimated Training Performance","Wallclock Time","Incumbent ID","Automatic Configurator (CPU) Time","Configuration..."
0.000000, 2147483648.000000, 0.000041, 1, 0.000041, C='1.0',gamma='0.1'
0.022339, 0.506000, 0.023037, 1, 0.000698, C='1.0',gamma='0.1'
0.061201, 0.500000, 0.064783, 2, 0.003582, C='0.004641884334659318',gamma='0.0012963395937877391'
0.103805, 0.327600, 0.110721, 3, 0.006916, C='1.746441318982685',gamma='0.0022547265063997683'
0.813677, 0.327100, 0.965308, 4, 0.151631, C='100.57643058377906',gamma='0.0030099006283244942'
0.991022, 0.306300, 1.189290, 5, 0.198268, C='23.975776717526003',gamma='0.00252242241319379'
2.108931, 0.305700, 2.814381, 6, 0.705450, C='5.347089054952993',gamma='0.004294527101635599'
