"CPU Time Used","Estimated Training Performance","Wallclock Time","Incumbent ID","Automatic Configurator (CPU) Time","Configuration..."
0.000000, 2147483648.000000, 0.000599, 1, 0.000599, alpha='0.00011227070295712931',eta0='0.0029096933833365197'
2.343757, 0.181600, 2.345185, 1, 0.001428, alpha='0.00011227070295712931',eta0='0.0029096933833365197'
35.136832, 0.159600, 35.152515, 2, 0.015682, alpha='2.9848599322377e-05',eta0='0.022418115180003955'
83.269771, 0.158800, 83.975114, 3, 0.705343, alpha='2.5396692205149403e-05',eta0='0.018183690579654795'
102.927833, 0.158400, 104.173442, 4, 1.245609, alpha='1.578197557131111e-05',eta0='0.015868157709939008'
201.448992, 0.158200, 210.212985, 5, 8.763993, alpha='2.7443743294875602e-05',eta0='0.01683866017542154'
232.078943, 0.157800, 242.001055, 6, 9.922112, alpha='2.7477536961450067e-05',eta0='0.01648941044315911'
