"CPU Time Used","Estimated Training Performance","Wallclock Time","Incumbent ID","Automatic Configurator (CPU) Time","Configuration..."
0.000000, 2147483648.000000, 0.000565, 1, 0.000565, C='1.3600811985592882',gamma='0.09352602871548096'
0.101338, 0.167100, 0.102663, 1, 0.001325, C='1.3600811985592882',gamma='0.09352602871548096'
1.162540, 0.139800, 1.173976, 2, 0.011436, C='102.59827344587585',gamma='0.0039228031036218506'
2.178795, 0.119100, 2.201189, 3, 0.022394, C='7.48101646809008',gamma='2.7251940323754646'
16.336455, 0.118100, 30.955673, 4, 14.619218, C='6.261352678648327',gamma='2.7404828132580246'
16.868491, 0.116300, 31.916764, 5, 15.048273, C='5.326041914466896',gamma='2.734881143362337'
