"CPU Time Used","Estimated Training Performance","Wallclock Time","Incumbent ID","Automatic Configurator (CPU) Time","Configuration..."
0.000000, 2147483648.000000, 0.000579, 1, 0.000579, alpha='0.0004126639093412234',eta0='0.0017613324954003418'
4.383871, 0.135600, 4.385303, 1, 0.001432, alpha='0.0004126639093412234',eta0='0.0017613324954003418'
29.038480, 0.085700, 29.045220, 2, 0.006740, alpha='0.10693804138470717',eta0='1.4701197301483249e-05'
145.517967, 0.085300, 146.374572, 3, 0.856606, alpha='0.05656626063954034',eta0='1.6349911432755995e-05'
177.397263, 0.084000, 178.549073, 4, 1.151810, alpha='0.012371776659035065',eta0='1.6002789425793856e-05'
215.816772, 0.083900, 217.998965, 5, 2.182193, alpha='0.008351343776375008',eta0='1.579684330113854e-05'
238.539292, 0.083800, 240.731572, 6, 2.192280, alpha='0.0075193885327260535',eta0='1.5949322643374578e-05'
