{"cpu_time": 0.0, "wallclock_time": 0.0005791187286376953, "evaluations": 0, "cost": 2147483648.0, "incumbent": {"alpha": 0.0004126639093412234, "eta0": 0.0017613324954003418}, "budget": 0, "origin": "Sobol"}
{"cpu_time": 4.383870840072632, "wallclock_time": 4.385303020477295, "evaluations": 1, "cost": 0.1356, "incumbent": {"alpha": 0.0004126639093412234, "eta0": 0.0017613324954003418}, "budget": 0, "origin": "Sobol"}
{"cpu_time": 29.038480281829834, "wallclock_time": 29.045220136642456, "evaluations": 7, "cost": 0.0857, "incumbent": {"alpha": 0.10693804138470717, "eta0": 1.4701197301483249e-05}, "budget": 0, "origin": "Sobol"}
{"cpu_time": 145.51796650886536, "wallclock_time": 146.3745720386505, "evaluations": 37, "cost": 0.0853, "incumbent": {"alpha": 0.05656626063954034, "eta0": 1.6349911432755995e-05}, "budget": 0, "origin": "Local Search"}
{"cpu_time": 177.39726281166077, "wallclock_time": 178.54907321929932, "evaluations": 45, "cost": 0.084, "incumbent": {"alpha": 0.012371776659035065, "eta0": 1.6002789425793856e-05}, "budget": 0, "origin": "Local Search"}
{"cpu_time": 215.81677222251892, "wallclock_time": 217.99896502494812, "evaluations": 54, "cost": 0.0839, "incumbent": {"alpha": 0.008351343776375008, "eta0": 1.579684330113854e-05}, "budget": 0, "origin": "Random Search (sorted)"}
{"cpu_time": 238.53929209709167, "wallclock_time": 240.7315719127655, "evaluations": 59, "cost": 0.0838, "incumbent": {"alpha": 0.0075193885327260535, "eta0": 1.5949322643374578e-05}, "budget": 0, "origin": "Random Search (sorted)"}
