"CPU Time Used","Estimated Training Performance","Wallclock Time","Incumbent ID","Automatic Configurator (CPU) Time","Configuration..."
0.000000, 2147483648.000000, 0.000037, 1, 0.000037, C='1.0',gamma='0.1'
0.023552, 0.735800, 0.024171, 1, 0.000619, C='1.0',gamma='0.1'
0.133423, 0.597000, 0.138766, 2, 0.005343, C='52.455931369707116',gamma='0.0011373846877749554'
0.955303, 0.578400, 1.053540, 3, 0.098238, C='821.2083876682452',gamma='0.0011317947333548213'
2.564223, 0.567300, 3.052343, 4, 0.488120, C='2.8009492907098563',gamma='0.001081407053553846'
