"CPU Time Used","Estimated Training Performance","Wallclock Time","Incumbent ID","Automatic Configurator (CPU) Time","Configuration..."
0.000000, 2147483648.000000, 0.001475, 1, 0.001475, colsample_bytree='0.569966175314039',eta='0.009556882986489993',max_depth='3',reg_lambda='0.0020776820882921045'
0.082150, 0.134200, 0.084558, 1, 0.002408, colsample_bytree='0.569966175314039',eta='0.009556882986489993',max_depth='3',reg_lambda='0.0020776820882921045'
0.605710, 0.101500, 0.613731, 2, 0.008021, colsample_bytree='0.3878000834956765',eta='0.004721681612948408',max_depth='10',reg_lambda='0.09654112415362535'
12.087012, 0.101000, 32.704998, 3, 20.617986, colsample_bytree='0.3730794979558685',eta='0.004890403591312256',max_depth='10',reg_lambda='0.12502010053163612'
14.183876, 0.100000, 36.912638, 4, 22.728762, colsample_bytree='0.382039634983943',eta='0.004865192391923702',max_depth='10',reg_lambda='0.11396910479519647'
24.897589, 0.098400, 85.334096, 5, 60.436507, colsample_bytree='0.382039634983943',eta='0.0049924672193533415',max_depth='7',reg_lambda='0.13189036323013378'
