{
  "mean_cost": 0.7533380652269541,
  "finished_ta_runs": 300,
  "inc_changed": 6,
  "n_configs": 197,
  "submitted_ta_runs": 300,
  "ta_time_used": 14.096099376678467,
  "wallclock_time_used": 87.41196584701538,
  "dataset_id": 3560,
  "perf_time": 87.42415695800082
}