"CPU Time Used","Estimated Training Performance","Wallclock Time","Incumbent ID","Automatic Configurator (CPU) Time","Configuration..."
0.000000, 2147483648.000000, 0.000527, 1, 0.000527, alpha='0.0004126639093412234',eta0='0.0017613324954003418'
0.090342, 0.172600, 0.091571, 1, 0.001229, alpha='0.0004126639093412234',eta0='0.0017613324954003418'
0.590997, 0.166800, 0.596918, 2, 0.005921, alpha='0.10693804138470717',eta0='1.4701197301483249e-05'
1.568812, 0.168700, 1.585938, 3, 0.017126, alpha='0.011093798215005723',eta0='0.0001899065880253528'
3.306798, 0.154900, 3.349768, 4, 0.042969, alpha='0.018945593349589073',eta0='5.647121368167538e-05'
12.326035, 0.153700, 25.267161, 5, 12.941126, alpha='4.746856312768919e-05',eta0='4.5199692867648345e-05'
