{
  "mean_cost": 0.09969730586452123,
  "finished_ta_runs": 292,
  "inc_changed": 5,
  "n_configs": 269,
  "submitted_ta_runs": 292,
  "ta_time_used": 119.09084010124207,
  "wallclock_time_used": 120.64653611183167,
  "dataset_id": 3
}