"CPU Time Used","Estimated Training Performance","Wallclock Time","Incumbent ID","Automatic Configurator (CPU) Time","Configuration..."
0.000000, 2147483648.000000, 0.000527, 1, 0.000527, C='1.3600811985592882',gamma='0.09352602871548096'
0.320756, 0.506000, 0.321975, 1, 0.001219, C='1.3600811985592882',gamma='0.09352602871548096'
2.735576, 0.085900, 2.746865, 2, 0.011289, C='102.59827344587585',gamma='0.0039228031036218506'
5.444982, 0.083600, 5.468803, 3, 0.023820, C='15.199688790550503',gamma='0.014931473822877205'
10.259164, 0.082000, 10.983802, 4, 0.724638, C='408.5203954666112',gamma='0.01968380429948964'
20.790019, 0.080100, 26.288922, 5, 5.498903, C='409.90028568671835',gamma='0.01897287397151104'
