"CPU Time Used","Estimated Training Performance","Wallclock Time","Incumbent ID","Automatic Configurator (CPU) Time","Configuration..."
0.000000, 2147483648.000000, 0.000544, 1, 0.000544, alpha='0.0004126639093412234',eta0='0.0017613324954003418'
0.257852, 0.046600, 0.259126, 1, 0.001274, alpha='0.0004126639093412234',eta0='0.0017613324954003418'
5.179427, 0.039000, 5.201496, 2, 0.022069, alpha='2.6979332069179497e-05',eta0='0.03342560639959951'
8.812168, 0.036400, 8.855214, 3, 0.043046, alpha='0.00010552133485562857',eta0='0.004699384441638126'
12.151538, 0.035100, 13.508994, 4, 1.357456, alpha='6.493168763492293e-05',eta0='0.0025707559749597107'
