"CPU Time Used","Estimated Training Performance","Wallclock Time","Incumbent ID","Automatic Configurator (CPU) Time","Configuration..."
0.000000, 2147483648.000000, 0.000038, 1, 0.000038, alpha='0.001',eta0='0.01'
0.742112, 0.196800, 0.742779, 1, 0.000667, alpha='0.001',eta0='0.01'
7.690353, 0.200200, 7.696222, 2, 0.005869, alpha='0.08477318530405828',eta0='1.1349690026383863e-05'
34.585190, 0.192900, 34.626521, 3, 0.041331, alpha='0.00010338971252634734',eta0='0.00012997194084303965'
54.253346, 0.192100, 54.326976, 4, 0.073630, alpha='1.8505549186545808e-05',eta0='3.679075436917134e-05'
131.796029, 0.184900, 132.087484, 5, 0.291456, alpha='0.004487746418227437',eta0='0.00017042267100206128'
367.837534, 0.184600, 369.607551, 6, 1.770017, alpha='5.9857979675247995e-05',eta0='9.770203112759157e-05'
