{"cpu_time": 0.0, "wallclock_time": 0.0016238689422607422, "evaluations": 0, "cost": 2147483648.0, "incumbent": {"max_depth": 2, "max_features": 0.4491682695224881, "min_samples_leaf": 1, "min_samples_split": 4}, "budget": 0, "origin": "Sobol"}
{"cpu_time": 0.08655190467834473, "wallclock_time": 0.08915972709655762, "evaluations": 1, "cost": 0.0723, "incumbent": {"max_depth": 2, "max_features": 0.4491682695224881, "min_samples_leaf": 1, "min_samples_split": 4}, "budget": 0, "origin": "Sobol"}
{"cpu_time": 0.35175395011901855, "wallclock_time": 0.35922980308532715, "evaluations": 4, "cost": 0.0178, "incumbent": {"max_depth": 17, "max_features": 0.6137791713699698, "min_samples_leaf": 16, "min_samples_split": 18}, "budget": 0, "origin": "Sobol"}
{"cpu_time": 0.5402252674102783, "wallclock_time": 0.549426794052124, "evaluations": 6, "cost": 0.0099, "incumbent": {"max_depth": 10, "max_features": 0.5, "min_samples_leaf": 1, "min_samples_split": 32}, "budget": 0, "origin": null}
{"cpu_time": 0.8802289962768555, "wallclock_time": 0.8931498527526855, "evaluations": 10, "cost": 0.0096, "incumbent": {"max_depth": 9, "max_features": 0.10657401569187641, "min_samples_leaf": 8, "min_samples_split": 6}, "budget": 0, "origin": "Sobol"}
{"cpu_time": 1.7368450164794922, "wallclock_time": 1.7602968215942383, "evaluations": 19, "cost": 0.0051, "incumbent": {"max_depth": 7, "max_features": 0.8544756416231394, "min_samples_leaf": 3, "min_samples_split": 9}, "budget": 0, "origin": "Sobol"}
{"cpu_time": 8.986420154571533, "wallclock_time": 15.00160002708435, "evaluations": 91, "cost": 0.0038, "incumbent": {"max_depth": 7, "max_features": 0.8489104397587357, "min_samples_leaf": 4, "min_samples_split": 4}, "budget": 0, "origin": "Local Search"}
