{
  "mean_cost": 0.15049563309829905,
  "finished_ta_runs": 617,
  "inc_changed": 6,
  "n_configs": 575,
  "submitted_ta_runs": 617,
  "ta_time_used": 114.05730509757996,
  "wallclock_time_used": 120.21896719932556,
  "dataset_id": 146820
}