"CPU Time Used","Estimated Training Performance","Wallclock Time","Incumbent ID","Automatic Configurator (CPU) Time","Configuration..."
0.000000, 2147483648.000000, 0.000625, 1, 0.000625, C='0.08611366210550205',gamma='0.4942679928374453'
1.985519, 0.900000, 1.987010, 1, 0.001491, C='0.08611366210550205',gamma='0.4942679928374453'
8.183390, 0.899200, 8.187636, 2, 0.004246, C='19.433598606658386',gamma='9.232350409327609'
13.385795, 0.897300, 13.391868, 3, 0.006073, C='1.0',gamma='0.1'
20.498500, 0.040600, 20.508372, 4, 0.009872, C='69.38389384208695',gamma='0.0015531477828170245'
91.637947, 0.023000, 94.495420, 5, 2.857473, C='323.2859388519358',gamma='0.0011944932678495267'
102.131214, 0.016200, 105.281685, 6, 3.150471, C='426.68135160423134',gamma='0.0010464846645224129'
131.778268, 0.015800, 138.042010, 7, 6.263742, C='1.6076660290546505',gamma='0.0010484435813313266'
