"CPU Time Used","Estimated Training Performance","Wallclock Time","Incumbent ID","Automatic Configurator (CPU) Time","Configuration..."
0.000000, 2147483648.000000, 0.000560, 1, 0.000560, C='0.017961675793542162',gamma='0.9046232030638993'
0.024371, 0.500000, 0.025621, 1, 0.001250, C='0.017961675793542162',gamma='0.9046232030638993'
0.101731, 0.465400, 0.105185, 2, 0.003454, C='61.71933670840937',gamma='1.0864412265106145'
0.146624, 0.185500, 0.151587, 3, 0.004963, C='1.0',gamma='0.1'
0.209913, 0.131700, 0.218320, 4, 0.008407, C='12.958180650233897',gamma='0.01207858159167579'
0.747153, 0.128000, 1.378061, 5, 0.630908, C='17.818735726612754',gamma='0.013575101128627157'
0.923491, 0.119400, 2.219695, 6, 1.296204, C='17.035530848020716',gamma='0.013345677765573024'
1.815515, 0.117200, 9.622507, 7, 7.806992, C='7.598312233755059',gamma='0.008123965211496586'
1.899832, 0.113100, 10.508090, 8, 8.608257, C='4.916681995295236',gamma='0.007256067360770076'
