{
  "mean_cost": 0.33323980468800196,
  "finished_ta_runs": 1,
  "inc_changed": 1,
  "n_configs": 1,
  "submitted_ta_runs": 1,
  "ta_time_used": 0.21302199363708496,
  "wallclock_time_used": 0.2143690586090088,
  "dataset_id": 9952,
  "perf_time": 0.22194891600020128
}