"CPU Time Used","Estimated Training Performance","Wallclock Time","Incumbent ID","Automatic Configurator (CPU) Time","Configuration..."
0.000000, 2147483648.000000, 0.000524, 1, 0.000524, C='0.08611366210550205',gamma='0.4942679928374453'
0.052185, 0.382900, 0.053411, 1, 0.001226, C='0.08611366210550205',gamma='0.4942679928374453'
0.215715, 0.142800, 0.219240, 2, 0.003525, C='19.433598606658386',gamma='9.232350409327609'
0.271627, 0.118800, 0.276890, 3, 0.005263, C='1.0',gamma='0.1'
0.681179, 0.086000, 0.697025, 4, 0.015846, C='4.532544074901469',gamma='0.03382327396632573'
0.971923, 0.072700, 0.993342, 5, 0.021419, C='0.9777853374117317',gamma='4.200721606776305'
1.235591, 0.020700, 1.265376, 6, 0.029785, C='490.89071375229827',gamma='0.4114559193983836'
1.680227, 0.000000, 1.726341, 7, 0.046114, C='76.5060885254147',gamma='0.08851540004701101'
