{
  "mean_cost": 0.11678777040608239,
  "finished_ta_runs": 300,
  "inc_changed": 8,
  "n_configs": 108,
  "submitted_ta_runs": 300,
  "ta_time_used": 147.23324918746948,
  "wallclock_time_used": 174.8442358970642,
  "dataset_id": 167140,
  "perf_time": 174.86063691601157
}