{
  "mean_cost": 0.026848096839273115,
  "finished_ta_runs": 300,
  "inc_changed": 2,
  "n_configs": 83,
  "submitted_ta_runs": 300,
  "ta_time_used": 4.3834874629974365,
  "wallclock_time_used": 30.178854942321777,
  "dataset_id": 10093,
  "perf_time": 30.19222795800306
}