{"cpu_time": 0.0, "wallclock_time": 0.0014450550079345703, "evaluations": 0, "cost": 2147483648.0, "incumbent": ["colsample_bytree='0.569966175314039'", "eta='0.009556882986489993'", "max_depth='3'", "reg_lambda='0.0020776820882921045'"], "origin": "Sobol"}
{"cpu_time": 0.06304001808166504, "wallclock_time": 0.06543111801147461, "evaluations": 1, "cost": 0.0552, "incumbent": ["colsample_bytree='0.569966175314039'", "eta='0.009556882986489993'", "max_depth='3'", "reg_lambda='0.0020776820882921045'"], "origin": "Sobol"}
{"cpu_time": 0.31598734855651855, "wallclock_time": 0.32318115234375, "evaluations": 7, "cost": 0.0361, "incumbent": ["colsample_bytree='0.3878000834956765'", "eta='0.004721681612948408'", "max_depth='10'", "reg_lambda='0.09654112415362535'"], "origin": "Sobol"}
{"cpu_time": 0.5682930946350098, "wallclock_time": 0.582679033279419, "evaluations": 15, "cost": 0.0341, "incumbent": ["colsample_bytree='0.7997161545790732'", "eta='0.8167090504942917'", "max_depth='1'", "reg_lambda='7.369638786139326'"], "origin": "Sobol"}
{"cpu_time": 0.8273844718933105, "wallclock_time": 0.8501081466674805, "evaluations": 23, "cost": 0.0301, "incumbent": ["colsample_bytree='0.5071276918053628'", "eta='0.18054041228993647'", "max_depth='4'", "reg_lambda='0.7014077911957106'"], "origin": "Sobol"}
{"cpu_time": 3.149770736694336, "wallclock_time": 14.610242128372192, "evaluations": 91, "cost": 0.029, "incumbent": ["colsample_bytree='0.2588206767644693'", "eta='0.5809170137058886'", "max_depth='4'", "reg_lambda='0.9847130383892766'"], "origin": "Local Search"}
{"cpu_time": 3.3470566272735596, "wallclock_time": 15.696776866912842, "evaluations": 98, "cost": 0.0274, "incumbent": ["colsample_bytree='0.25622484490801334'", "eta='0.14070457622962265'", "max_depth='3'", "reg_lambda='0.02273068016416952'"], "origin": "Random Search"}
{"cpu_time": 3.750624656677246, "wallclock_time": 22.494451999664307, "evaluations": 114, "cost": 0.0266, "incumbent": ["colsample_bytree='0.13955504119050532'", "eta='0.926346102163895'", "max_depth='2'", "reg_lambda='0.9847130383892766'"], "origin": "Local Search"}
{"cpu_time": 4.171828985214233, "wallclock_time": 27.829589128494263, "evaluations": 131, "cost": 0.0255, "incumbent": ["colsample_bytree='0.23318948804055512'", "eta='0.25969700417715674'", "max_depth='4'", "reg_lambda='21.883171806123'"], "origin": "Random Search"}
{"cpu_time": 5.0708489418029785, "wallclock_time": 49.88259720802307, "evaluations": 164, "cost": 0.0245, "incumbent": ["colsample_bytree='0.13857259147756015'", "eta='0.8999747216379641'", "max_depth='1'", "reg_lambda='22.876119380358723'"], "origin": "Local Search"}
{"cpu_time": 6.062296390533447, "wallclock_time": 71.24111104011536, "evaluations": 211, "cost": 0.0201, "incumbent": ["colsample_bytree='0.36361011769688745'", "eta='0.25869741967002463'", "max_depth='1'", "reg_lambda='0.16181492482805665'"], "origin": "Random Search"}
