"CPU Time Used","Estimated Training Performance","Wallclock Time","Incumbent ID","Automatic Configurator (CPU) Time","Configuration..."
0.000000, 2147483648.000000, 0.000577, 1, 0.000577, alpha='0.0040824718253228975',eta0='0.00044195488125554607'
0.070736, 0.346400, 0.072097, 1, 0.001361, alpha='0.0040824718253228975',eta0='0.00044195488125554607'
1.683751, 0.345500, 1.707533, 2, 0.023782, alpha='0.016819325548081333',eta0='0.007270926226728398'
3.085413, 0.342100, 3.138871, 3, 0.053458, alpha='0.0021527079620027524',eta0='1.2132210994601314e-05'
13.097653, 0.313600, 25.876092, 4, 12.778439, alpha='2.396358890619693e-05',eta0='0.2026807344934413'
