{"cpu_time": 0.0, "wallclock_time": 0.001474142074584961, "evaluations": 0, "cost": 2147483648.0, "incumbent": {"colsample_bytree": 0.2890479595400393, "eta": 0.02972240058848022, "max_depth": 1, "reg_lambda": 0.23594281684827217}, "budget": 0, "origin": "Sobol"}
{"cpu_time": 0.10558009147644043, "wallclock_time": 0.10804033279418945, "evaluations": 1, "cost": 0.0956, "incumbent": {"colsample_bytree": 0.2890479595400393, "eta": 0.02972240058848022, "max_depth": 1, "reg_lambda": 0.23594281684827217}, "budget": 0, "origin": "Sobol"}
{"cpu_time": 2.27167010307312, "wallclock_time": 2.2766642570495605, "evaluations": 4, "cost": 0.054, "incumbent": {"colsample_bytree": 0.839533680677414, "eta": 0.03178815964339868, "max_depth": 7, "reg_lambda": 260.08137409645684}, "budget": 0, "origin": "Sobol"}
{"cpu_time": 4.665387392044067, "wallclock_time": 4.672179222106934, "evaluations": 6, "cost": 0.0413, "incumbent": {"colsample_bytree": 1.0, "eta": 0.3, "max_depth": 10, "reg_lambda": 1.0}, "budget": 0, "origin": null}
{"cpu_time": 8.583998203277588, "wallclock_time": 8.597313165664673, "evaluations": 13, "cost": 0.0394, "incumbent": {"colsample_bytree": 0.5235572370700539, "eta": 0.1863242307845216, "max_depth": 3, "reg_lambda": 4.4461461740589225}, "budget": 0, "origin": "Sobol"}
{"cpu_time": 14.077664852142334, "wallclock_time": 14.112346172332764, "evaluations": 28, "cost": 0.0382, "incumbent": {"colsample_bytree": 0.5548210443928838, "eta": 0.12135062476345819, "max_depth": 3, "reg_lambda": 0.5016638570534014}, "budget": 0, "origin": "Sobol"}
{"cpu_time": 19.96565318107605, "wallclock_time": 20.019342184066772, "evaluations": 39, "cost": 0.0349, "incumbent": {"colsample_bytree": 0.4696397740393877, "eta": 0.16644532888250615, "max_depth": 6, "reg_lambda": 0.015660421770666632}, "budget": 0, "origin": "Sobol"}
{"cpu_time": 26.980640172958374, "wallclock_time": 27.066177129745483, "evaluations": 55, "cost": 0.0344, "incumbent": {"colsample_bytree": 0.30435112621635196, "eta": 0.04752972527855818, "max_depth": 5, "reg_lambda": 8.177556475738188}, "budget": 0, "origin": "Sobol"}
{"cpu_time": 37.58021855354309, "wallclock_time": 41.53907918930054, "evaluations": 82, "cost": 0.0315, "incumbent": {"colsample_bytree": 0.3216906238049533, "eta": 0.09327278861449144, "max_depth": 5, "reg_lambda": 0.06272453487449711}, "budget": 0, "origin": "Local Search"}
{"cpu_time": 44.80661344528198, "wallclock_time": 53.89137315750122, "evaluations": 99, "cost": 0.0312, "incumbent": {"colsample_bytree": 0.317916739906514, "eta": 0.09327278861449144, "max_depth": 5, "reg_lambda": 0.0033973592327373237}, "budget": 0, "origin": "Local Search"}
{"cpu_time": 65.20278000831604, "wallclock_time": 89.34094214439392, "evaluations": 149, "cost": 0.0308, "incumbent": {"colsample_bytree": 0.32336851044487325, "eta": 0.09450432476234062, "max_depth": 5, "reg_lambda": 0.003697152424268079}, "budget": 0, "origin": "Local Search"}
{"cpu_time": 105.67957782745361, "wallclock_time": 161.2577042579651, "evaluations": 243, "cost": 0.0307, "incumbent": {"colsample_bytree": 0.32336851044487325, "eta": 0.11879806839454818, "max_depth": 5, "reg_lambda": 0.007572988605238188}, "budget": 0, "origin": "Local Search"}
