"CPU Time Used","Estimated Training Performance","Wallclock Time","Incumbent ID","Automatic Configurator (CPU) Time","Configuration..."
0.000000, 2147483648.000000, 0.000604, 1, 0.000604, alpha='0.0004126639093412234',eta0='0.0017613324954003418'
0.048627, 0.453100, 0.052541, 1, 0.003914, alpha='0.0004126639093412234',eta0='0.0017613324954003418'
0.275842, 0.455000, 0.287771, 2, 0.011929, alpha='0.10693804138470717',eta0='1.4701197301483249e-05'
0.538106, 0.436300, 0.558785, 3, 0.020679, alpha='1.3751027885583958e-05',eta0='0.0001426968473177047'
1.762148, 0.435000, 5.110182, 4, 3.348034, alpha='8.727439734264032e-05',eta0='0.00013004410099531072'
2.389367, 0.432300, 9.051121, 5, 6.661754, alpha='8.854235787113887e-05',eta0='0.00012666816863311667'
2.525285, 0.429900, 9.197397, 6, 6.672112, alpha='9.466503405809028e-05',eta0='0.00012645097791298538'
2.662452, 0.426800, 9.347697, 7, 6.685245, alpha='9.48338015661298e-05',eta0='0.00011801254679195626'
