{"cpu_time": 0.0, "wallclock_time": 0.0006039142608642578, "evaluations": 0, "cost": 2147483648.0, "incumbent": {"alpha": 0.0004126639093412234, "eta0": 0.0017613324954003418}, "budget": 0, "origin": "Sobol"}
{"cpu_time": 0.04862713813781738, "wallclock_time": 0.05254101753234863, "evaluations": 1, "cost": 0.4531, "incumbent": {"alpha": 0.0004126639093412234, "eta0": 0.0017613324954003418}, "budget": 0, "origin": "Sobol"}
{"cpu_time": 0.27584171295166016, "wallclock_time": 0.28777098655700684, "evaluations": 7, "cost": 0.455, "incumbent": {"alpha": 0.10693804138470717, "eta0": 1.4701197301483249e-05}, "budget": 0, "origin": "Sobol"}
{"cpu_time": 0.5381057262420654, "wallclock_time": 0.5587852001190186, "evaluations": 17, "cost": 0.4363, "incumbent": {"alpha": 1.3751027885583958e-05, "eta0": 0.0001426968473177047}, "budget": 0, "origin": "Sobol"}
{"cpu_time": 1.762148141860962, "wallclock_time": 5.110182046890259, "evaluations": 59, "cost": 0.435, "incumbent": {"alpha": 8.727439734264032e-05, "eta0": 0.00013004410099531072}, "budget": 0, "origin": "Random Search (sorted)"}
{"cpu_time": 2.389366865158081, "wallclock_time": 9.05112099647522, "evaluations": 79, "cost": 0.4323, "incumbent": {"alpha": 8.854235787113887e-05, "eta0": 0.00012666816863311667}, "budget": 0, "origin": "Random Search (sorted)"}
{"cpu_time": 2.525284767150879, "wallclock_time": 9.197396993637085, "evaluations": 84, "cost": 0.4299, "incumbent": {"alpha": 9.466503405809028e-05, "eta0": 0.00012645097791298538}, "budget": 0, "origin": "Local Search"}
{"cpu_time": 2.662451982498169, "wallclock_time": 9.347697019577026, "evaluations": 89, "cost": 0.4268, "incumbent": {"alpha": 9.48338015661298e-05, "eta0": 0.00011801254679195626}, "budget": 0, "origin": "Local Search"}
