{
  "mean_cost": 0.0798907447440614,
  "finished_ta_runs": 300,
  "inc_changed": 4,
  "n_configs": 124,
  "submitted_ta_runs": 300,
  "ta_time_used": 7.819247722625732,
  "wallclock_time_used": 72.70963215827942,
  "dataset_id": 49,
  "perf_time": 72.72410574999958
}