{
  "mean_cost": 0.1887969589749776,
  "finished_ta_runs": 1,
  "inc_changed": 1,
  "n_configs": 1,
  "submitted_ta_runs": 1,
  "ta_time_used": 0.17146706581115723,
  "wallclock_time_used": 0.17301607131958008
}