{
  "mean_cost": 0.5150597460743934,
  "finished_ta_runs": 600,
  "inc_changed": 7,
  "n_configs": 442,
  "submitted_ta_runs": 600,
  "ta_time_used": 2973.4872105121613,
  "wallclock_time_used": 2978.3777861595154,
  "dataset_id": 167119,
  "perf_time": 2978.416899707998
}