{"cpu_time": 0.0, "wallclock_time": 4.696846008300781e-05, "evaluations": 0, "cost": 2147483648.0, "incumbent": {"colsample_bytree": 1.0, "eta": 0.3, "max_depth": 10, "reg_lambda": 1.0}, "budget": 0, "origin": "Default"}
{"cpu_time": 2.5723187923431396, "wallclock_time": 2.5730459690093994, "evaluations": 1, "cost": 0.0549, "incumbent": {"colsample_bytree": 1.0, "eta": 0.3, "max_depth": 10, "reg_lambda": 1.0}, "budget": 0, "origin": "Default"}
{"cpu_time": 32.181856870651245, "wallclock_time": 32.1990430355072, "evaluations": 16, "cost": 0.0524, "incumbent": {"colsample_bytree": 0.1678519540894589, "eta": 0.17357689985074767, "max_depth": 8, "reg_lambda": 0.01954142554261534}, "budget": 0, "origin": "Random Search"}
{"cpu_time": 62.30411243438721, "wallclock_time": 62.344200134277344, "evaluations": 31, "cost": 0.0493, "incumbent": {"colsample_bytree": 0.16449721057219574, "eta": 0.04533633244107264, "max_depth": 4, "reg_lambda": 0.021269078015159353}, "budget": 0, "origin": "Random Search"}
{"cpu_time": 347.85079765319824, "wallclock_time": 348.36877512931824, "evaluations": 164, "cost": 0.0486, "incumbent": {"colsample_bytree": 0.20717525328610278, "eta": 0.0029790866062038884, "max_depth": 5, "reg_lambda": 0.268211092857435}, "budget": 0, "origin": "Random Search"}
{"cpu_time": 446.96578574180603, "wallclock_time": 447.81956911087036, "evaluations": 220, "cost": 0.0475, "incumbent": {"colsample_bytree": 0.25150570114808085, "eta": 0.010428619507161585, "max_depth": 5, "reg_lambda": 0.0031922981114834623}, "budget": 0, "origin": "Random Search"}
{"cpu_time": 626.1701791286469, "wallclock_time": 627.8051879405975, "evaluations": 317, "cost": 0.0451, "incumbent": {"colsample_bytree": 0.2763015064498122, "eta": 0.0019532679297779693, "max_depth": 8, "reg_lambda": 0.02781022341343173}, "budget": 0, "origin": "Random Search"}
{"cpu_time": 738.4405338764191, "wallclock_time": 740.4845230579376, "evaluations": 361, "cost": 0.0442, "incumbent": {"colsample_bytree": 0.26392144497441766, "eta": 0.006107513074080915, "max_depth": 10, "reg_lambda": 0.0013266792649492816}, "budget": 0, "origin": "Random Search"}
