"CPU Time Used","Estimated Training Performance","Wallclock Time","Incumbent ID","Automatic Configurator (CPU) Time","Configuration..."
0.000000, 2147483648.000000, 0.000047, 1, 0.000047, colsample_bytree='1.0',eta='0.3',max_depth='10',reg_lambda='1.0'
2.572319, 0.054900, 2.573046, 1, 0.000727, colsample_bytree='1.0',eta='0.3',max_depth='10',reg_lambda='1.0'
32.181857, 0.052400, 32.199043, 2, 0.017186, colsample_bytree='0.1678519540894589',eta='0.17357689985074767',max_depth='8',reg_lambda='0.01954142554261534'
62.304112, 0.049300, 62.344200, 3, 0.040088, colsample_bytree='0.16449721057219574',eta='0.04533633244107264',max_depth='4',reg_lambda='0.021269078015159353'
347.850798, 0.048600, 348.368775, 4, 0.517977, colsample_bytree='0.20717525328610278',eta='0.0029790866062038884',max_depth='5',reg_lambda='0.268211092857435'
446.965786, 0.047500, 447.819569, 5, 0.853783, colsample_bytree='0.25150570114808085',eta='0.010428619507161585',max_depth='5',reg_lambda='0.0031922981114834623'
626.170179, 0.045100, 627.805188, 6, 1.635009, colsample_bytree='0.2763015064498122',eta='0.0019532679297779693',max_depth='8',reg_lambda='0.02781022341343173'
738.440534, 0.044200, 740.484523, 7, 2.043989, colsample_bytree='0.26392144497441766',eta='0.006107513074080915',max_depth='10',reg_lambda='0.0013266792649492816'
