{
  "mean_cost": 0.7768183128599796,
  "finished_ta_runs": 300,
  "inc_changed": 4,
  "n_configs": 99,
  "submitted_ta_runs": 300,
  "ta_time_used": 47.300585985183716,
  "wallclock_time_used": 90.6047637462616,
  "dataset_id": 3560,
  "perf_time": 90.61708699999872
}