"CPU Time Used","Estimated Training Performance","Wallclock Time","Incumbent ID","Automatic Configurator (CPU) Time","Configuration..."
0.000000, 2147483648.000000, 0.000042, 1, 0.000042, C='1.0',gamma='0.1'
1.351584, 0.485300, 1.352262, 1, 0.000678, C='1.0',gamma='0.1'
9.588430, 0.467700, 9.592033, 2, 0.003603, C='167.43465269107315',gamma='0.010473312293162985'
42.386671, 0.463800, 42.412464, 3, 0.025793, C='39.21398105049738',gamma='0.022039987863300175'
340.520163, 0.463300, 341.462688, 4, 0.942525, C='67.65090713971644',gamma='0.019346576903147044'
582.643110, 0.463000, 585.069346, 5, 2.426236, C='72.04449493178504',gamma='0.01949006684810748'
