"CPU Time Used","Estimated Training Performance","Wallclock Time","Incumbent ID","Automatic Configurator (CPU) Time","Configuration..."
0.000000, 2147483648.000000, 0.000533, 1, 0.000533, C='0.08611366210550205',gamma='0.4942679928374453'
0.159793, 0.900000, 0.161061, 1, 0.001268, C='0.08611366210550205',gamma='0.4942679928374453'
0.657808, 0.899000, 0.661484, 2, 0.003676, C='19.433598606658386',gamma='9.232350409327609'
0.900811, 0.896200, 0.906116, 3, 0.005305, C='1.0',gamma='0.1'
1.468092, 0.887500, 1.476975, 4, 0.008883, C='69.38389384208695',gamma='0.0015531477828170245'
2.773246, 0.846200, 2.795385, 5, 0.022139, C='4.532544074901469',gamma='0.03382327396632573'
