"CPU Time Used","Estimated Training Performance","Wallclock Time","Incumbent ID","Automatic Configurator (CPU) Time","Configuration..."
0.000000, 2147483648.000000, 0.002689, 1, 0.002689, alpha='0.0004126639093412234',eta0='0.0017613324954003418'
0.697636, 0.105300, 0.701113, 1, 0.003477, alpha='0.0004126639093412234',eta0='0.0017613324954003418'
14.730891, 0.103000, 14.754388, 2, 0.023497, alpha='0.00014331222076014103',eta0='0.0006285756509200554'
36.552067, 0.102700, 39.289166, 3, 2.737099, alpha='0.0005267386279545554',eta0='0.0003136735971464555'
109.319948, 0.102600, 129.012704, 4, 19.692756, alpha='0.0009820720152980242',eta0='0.00031526825316604824'
113.504395, 0.102500, 133.553203, 5, 20.048807, alpha='0.0010154232011846329',eta0='0.000315491626866439'
184.757417, 0.102300, 221.578376, 6, 36.820959, alpha='0.00016623389253776741',eta0='0.0003145430641871081'
