{
  "mean_cost": 0.07468951588593475,
  "finished_ta_runs": 2,
  "inc_changed": 1,
  "n_configs": 1,
  "submitted_ta_runs": 2,
  "ta_time_used": 0.2992208003997803,
  "wallclock_time_used": 0.3012547492980957,
  "dataset_id": 146821,
  "perf_time": 0.3070312910001576
}