{"cpu_time": 0.0, "wallclock_time": 4.506111145019531e-05, "evaluations": 0, "cost": 2147483648.0, "incumbent": {"C": 1.0, "gamma": 0.1}, "budget": 0, "origin": "Default"}
{"cpu_time": 0.006317615509033203, "wallclock_time": 0.006947994232177734, "evaluations": 1, "cost": 0.3333, "incumbent": {"C": 1.0, "gamma": 0.1}, "budget": 0, "origin": "Default"}
