"CPU Time Used","Estimated Training Performance","Wallclock Time","Incumbent ID","Automatic Configurator (CPU) Time","Configuration..."
0.000000, 2147483648.000000, 0.000546, 1, 0.000546, C='0.08611366210550205',gamma='0.4942679928374453'
0.030767, 0.675300, 0.032035, 1, 0.001268, C='0.08611366210550205',gamma='0.4942679928374453'
0.197423, 0.234200, 0.203171, 2, 0.005748, C='69.38389384208695',gamma='0.0015531477828170245'
0.241773, 0.160600, 0.249974, 3, 0.008201, C='1.0',gamma='0.1'
0.753621, 0.033900, 0.782344, 4, 0.028723, C='490.89071375229827',gamma='0.4114559193983836'
1.139143, 0.029500, 1.429273, 5, 0.290130, C='447.01897156741063',gamma='0.2385161156956067'
