{"cpu_time": 0.0, "wallclock_time": 0.0005459785461425781, "evaluations": 0, "cost": 2147483648.0, "incumbent": {"C": 0.08611366210550205, "gamma": 0.4942679928374453}, "budget": 0, "origin": "Sobol"}
{"cpu_time": 0.030766963958740234, "wallclock_time": 0.032035112380981445, "evaluations": 1, "cost": 0.6753, "incumbent": {"C": 0.08611366210550205, "gamma": 0.4942679928374453}, "budget": 0, "origin": "Sobol"}
{"cpu_time": 0.19742345809936523, "wallclock_time": 0.2031710147857666, "evaluations": 7, "cost": 0.2342, "incumbent": {"C": 69.38389384208695, "gamma": 0.0015531477828170245}, "budget": 0, "origin": "Sobol"}
{"cpu_time": 0.24177336692810059, "wallclock_time": 0.24997401237487793, "evaluations": 10, "cost": 0.1606, "incumbent": {"C": 1.0, "gamma": 0.1}, "budget": 0, "origin": null}
{"cpu_time": 0.7536213397979736, "wallclock_time": 0.782343864440918, "evaluations": 28, "cost": 0.0339, "incumbent": {"C": 490.89071375229827, "gamma": 0.4114559193983836}, "budget": 0, "origin": "Sobol"}
{"cpu_time": 1.139143466949463, "wallclock_time": 1.4292731285095215, "evaluations": 42, "cost": 0.0295, "incumbent": {"C": 447.01897156741063, "gamma": 0.2385161156956067}, "budget": 0, "origin": "Random Search (sorted)"}
