{
  "mean_cost": 0.5092917267917267,
  "finished_ta_runs": 1,
  "inc_changed": 1,
  "n_configs": 1,
  "submitted_ta_runs": 1,
  "ta_time_used": 0.038123130798339844,
  "wallclock_time_used": 0.03951311111450195,
  "dataset_id": 2079,
  "perf_time": 0.04541583399998217
}