"CPU Time Used","Estimated Training Performance","Wallclock Time","Incumbent ID","Automatic Configurator (CPU) Time","Configuration..."
0.000000, 2147483648.000000, 0.000236, 1, 0.000236, C='0.08611366210550205',gamma='0.4942679928374453'
0.121496, 0.900000, 0.122340, 1, 0.000844, C='0.08611366210550205',gamma='0.4942679928374453'
