"CPU Time Used","Estimated Training Performance","Wallclock Time","Incumbent ID","Automatic Configurator (CPU) Time","Configuration..."
0.000000, 2147483648.000000, 0.000244, 1, 0.000244, alpha='0.001',eta0='0.01'
1.007912, 0.133600, 1.010396, 1, 0.002484, alpha='0.001',eta0='0.01'
9.697410, 0.105600, 9.708502, 2, 0.011092, alpha='1.0455662723206625e-05',eta0='0.001729647929337629'
32.247666, 0.033600, 32.296435, 3, 0.048769, alpha='6.710472301897032e-05',eta0='0.015704169615611125'
83.513029, 0.027200, 83.691595, 4, 0.178566, alpha='1.4328358378439176e-05',eta0='0.012738835499218384'
537.446956, 0.026600, 541.940722, 5, 4.493766, alpha='1.0798802497722106e-05',eta0='0.014417541504714762'
