"CPU Time Used","Estimated Training Performance","Wallclock Time","Incumbent ID","Automatic Configurator (CPU) Time","Configuration..."
0.000000, 2147483648.000000, 0.000558, 1, 0.000558, alpha='0.0004126639093412234',eta0='0.0017613324954003418'
0.124244, 0.693100, 0.125569, 1, 0.001325, alpha='0.0004126639093412234',eta0='0.0017613324954003418'
1.921963, 0.696400, 1.935062, 2, 0.013098, alpha='1.3751027885583958e-05',eta0='0.0001426968473177047'
11.390556, 0.680900, 18.087656, 3, 6.697100, alpha='2.0442531388788012e-05',eta0='0.0009886192749983314'
21.582198, 0.672400, 52.642476, 4, 31.060278, alpha='0.004437265543233717',eta0='9.334499416304254e-05'
