"CPU Time Used","Estimated Training Performance","Wallclock Time","Incumbent ID","Automatic Configurator (CPU) Time","Configuration..."
0.000000, 2147483648.000000, 0.000535, 1, 0.000535, C='0.08611366210550205',gamma='0.4942679928374453'
0.016506, 0.500000, 0.017740, 1, 0.001234, C='0.08611366210550205',gamma='0.4942679928374453'
0.108148, 0.351200, 0.114468, 2, 0.006320, C='69.38389384208695',gamma='0.0015531477828170245'
0.416469, 0.318000, 0.728072, 3, 0.311603, C='47.017776280812235',gamma='0.0010562109944184266'
0.514147, 0.294200, 1.146532, 4, 0.632385, C='10.782077855791648',gamma='0.001154576316985271'
0.572974, 0.275100, 1.503777, 5, 0.930803, C='1.3454508727445398',gamma='0.0012817183249322387'
0.779581, 0.260900, 3.312245, 6, 2.532664, C='1.4311005658074756',gamma='0.0012710875044645885'
