{
  "mean_cost": 980684198.9205884,
  "finished_ta_runs": 600,
  "inc_changed": 4,
  "n_configs": 568,
  "submitted_ta_runs": 600,
  "ta_time_used": 2876.291715145111,
  "wallclock_time_used": 2882.154424905777,
  "dataset_id": 14
}