{
  "mean_cost": 0.26553640776269993,
  "finished_ta_runs": 911,
  "inc_changed": 2,
  "n_configs": 871,
  "submitted_ta_runs": 911,
  "ta_time_used": 107.43574523925781,
  "wallclock_time_used": 120.03061985969543,
  "dataset_id": 14954
}