{"cpu_time": 0.0, "wallclock_time": 0.0015380382537841797, "evaluations": 0, "cost": 2147483648.0, "incumbent": {"colsample_bytree": 0.2890479595400393, "eta": 0.02972240058848022, "max_depth": 1, "reg_lambda": 0.23594281684827217}, "budget": 0, "origin": "Sobol"}
{"cpu_time": 0.08504199981689453, "wallclock_time": 0.08759498596191406, "evaluations": 1, "cost": 0.3812, "incumbent": {"colsample_bytree": 0.2890479595400393, "eta": 0.02972240058848022, "max_depth": 1, "reg_lambda": 0.23594281684827217}, "budget": 0, "origin": "Sobol"}
{"cpu_time": 1.3907556533813477, "wallclock_time": 1.3959102630615234, "evaluations": 4, "cost": 0.3189, "incumbent": {"colsample_bytree": 0.839533680677414, "eta": 0.03178815964339868, "max_depth": 7, "reg_lambda": 260.08137409645684}, "budget": 0, "origin": "Sobol"}
{"cpu_time": 2.113372564315796, "wallclock_time": 2.120326280593872, "evaluations": 6, "cost": 0.0894, "incumbent": {"colsample_bytree": 1.0, "eta": 0.3, "max_depth": 10, "reg_lambda": 1.0}, "budget": 0, "origin": null}
{"cpu_time": 8.634185791015625, "wallclock_time": 8.678032159805298, "evaluations": 34, "cost": 0.0552, "incumbent": {"colsample_bytree": 0.4696397740393877, "eta": 0.16644532888250615, "max_depth": 6, "reg_lambda": 0.015660421770666632}, "budget": 0, "origin": "Sobol"}
{"cpu_time": 16.6624755859375, "wallclock_time": 21.68683624267578, "evaluations": 68, "cost": 0.0531, "incumbent": {"colsample_bytree": 0.44270892996513, "eta": 0.16775676269926174, "max_depth": 5, "reg_lambda": 0.015834412839089318}, "budget": 0, "origin": "Local Search"}
{"cpu_time": 19.272515535354614, "wallclock_time": 27.33031916618347, "evaluations": 78, "cost": 0.0529, "incumbent": {"colsample_bytree": 0.45351847482352414, "eta": 0.1031561312678978, "max_depth": 8, "reg_lambda": 0.01576083087190502}, "budget": 0, "origin": "Local Search"}
{"cpu_time": 24.442270517349243, "wallclock_time": 37.11347413063049, "evaluations": 94, "cost": 0.0483, "incumbent": {"colsample_bytree": 0.4590355752271069, "eta": 0.10273006138245798, "max_depth": 8, "reg_lambda": 0.01597386413120462}, "budget": 0, "origin": "Local Search"}
{"cpu_time": 57.14437413215637, "wallclock_time": 119.07798624038696, "evaluations": 186, "cost": 0.0482, "incumbent": {"colsample_bytree": 0.4584544163093607, "eta": 0.09697948078723781, "max_depth": 9, "reg_lambda": 0.011350608717373504}, "budget": 0, "origin": "Local Search"}
{"cpu_time": 58.487090826034546, "wallclock_time": 122.63111233711243, "evaluations": 190, "cost": 0.0477, "incumbent": {"colsample_bytree": 0.4590355752271069, "eta": 0.10216764077255301, "max_depth": 8, "reg_lambda": 0.01597386413120462}, "budget": 0, "origin": "Local Search"}
{"cpu_time": 63.76304864883423, "wallclock_time": 134.6399371623993, "evaluations": 204, "cost": 0.046, "incumbent": {"colsample_bytree": 0.43706046830573875, "eta": 0.10258596392293848, "max_depth": 8, "reg_lambda": 0.015056039607367152}, "budget": 0, "origin": "Local Search"}
