{
  "mean_cost": 0.4422751765143069,
  "finished_ta_runs": 1,
  "inc_changed": 1,
  "n_configs": 1,
  "submitted_ta_runs": 1,
  "ta_time_used": 0.1676321029663086,
  "wallclock_time_used": 0.1693270206451416
}