{"cpu_time": 0.0, "wallclock_time": 0.0002760887145996094, "evaluations": 0, "cost": 2147483648.0, "incumbent": {"colsample_bytree": 0.3908073678612709, "eta": 0.02197006114591668, "max_depth": 1, "reg_lambda": 0.025956378731779545}, "budget": 0, "origin": "Sobol"}
{"cpu_time": 0.03715014457702637, "wallclock_time": 0.03802990913391113, "evaluations": 1, "cost": 0.5, "incumbent": {"colsample_bytree": 0.3908073678612709, "eta": 0.02197006114591668, "max_depth": 1, "reg_lambda": 0.025956378731779545}, "budget": 0, "origin": "Sobol"}
