"CPU Time Used","Estimated Training Performance","Wallclock Time","Incumbent ID","Automatic Configurator (CPU) Time","Configuration..."
0.000000, 2147483648.000000, 0.000573, 1, 0.000573, C='0.08611366210550205',gamma='0.4942679928374453'
0.305567, 0.666700, 0.306893, 1, 0.001326, C='0.08611366210550205',gamma='0.4942679928374453'
1.175121, 0.548400, 1.179002, 2, 0.003881, C='19.433598606658386',gamma='9.232350409327609'
1.777933, 0.510500, 1.783460, 3, 0.005527, C='1.0',gamma='0.1'
2.346202, 0.090900, 2.355144, 4, 0.008942, C='69.38389384208695',gamma='0.0015531477828170245'
4.567334, 0.090900, 4.588739, 5, 0.021405, C='0.3890836183952969',gamma='0.0032068857884111714'
7.120377, 0.090200, 7.156986, 6, 0.036610, C='8.634022457298675',gamma='0.007852177423455793'
10.426006, 0.087500, 12.094076, 7, 1.668070, C='4.673633437015673',gamma='0.00786610166822136'
