"CPU Time Used","Estimated Training Performance","Wallclock Time","Incumbent ID","Automatic Configurator (CPU) Time","Configuration..."
0.000000, 2147483648.000000, 0.000042, 1, 0.000042, C='1.0',gamma='0.1'
0.017156, 0.149600, 0.017806, 1, 0.000650, C='1.0',gamma='0.1'
0.284655, 0.047000, 0.300209, 2, 0.015554, C='16.640050128980878',gamma='0.02787815770602151'
0.413362, 0.014100, 0.440586, 3, 0.027224, C='7.175638647559039',gamma='0.09259999660241393'
1.074481, 0.011900, 1.158251, 4, 0.083770, C='14.808221051646633',gamma='0.15966041698268'
