{
  "mean_cost": 0.3553131185911761,
  "finished_ta_runs": 186,
  "inc_changed": 4,
  "n_configs": 96,
  "submitted_ta_runs": 186,
  "ta_time_used": 30.85108518600464,
  "wallclock_time_used": 60.38335585594177,
  "dataset_id": 3917
}