{"cpu_time": 0.0, "wallclock_time": 0.0015690326690673828, "evaluations": 0, "cost": 2147483648.0, "incumbent": {"max_depth": 6, "max_features": 0.3290755869820714, "min_samples_leaf": 11, "min_samples_split": 2}, "budget": 0, "origin": "Sobol"}
{"cpu_time": 0.09386205673217773, "wallclock_time": 0.09638619422912598, "evaluations": 1, "cost": 0.4998, "incumbent": {"max_depth": 6, "max_features": 0.3290755869820714, "min_samples_leaf": 11, "min_samples_split": 2}, "budget": 0, "origin": "Sobol"}
{"cpu_time": 0.8516836166381836, "wallclock_time": 0.8620772361755371, "evaluations": 10, "cost": 0.4775, "incumbent": {"max_depth": 18, "max_features": 0.9707894120365381, "min_samples_leaf": 5, "min_samples_split": 26}, "budget": 0, "origin": "Sobol"}
{"cpu_time": 4.734336614608765, "wallclock_time": 5.357903242111206, "evaluations": 60, "cost": 0.4771, "incumbent": {"max_depth": 8, "max_features": 0.9688251302930846, "min_samples_leaf": 4, "min_samples_split": 21}, "budget": 0, "origin": "Local Search"}
{"cpu_time": 5.9252989292144775, "wallclock_time": 9.385524034500122, "evaluations": 72, "cost": 0.474, "incumbent": {"max_depth": 8, "max_features": 0.9683676907002132, "min_samples_leaf": 2, "min_samples_split": 18}, "budget": 0, "origin": "Local Search"}
{"cpu_time": 6.78827691078186, "wallclock_time": 10.93111515045166, "evaluations": 80, "cost": 0.4726, "incumbent": {"max_depth": 26, "max_features": 0.968687793053211, "min_samples_leaf": 2, "min_samples_split": 19}, "budget": 0, "origin": "Local Search"}
{"cpu_time": 7.346586227416992, "wallclock_time": 11.503619194030762, "evaluations": 85, "cost": 0.4704, "incumbent": {"max_depth": 14, "max_features": 0.9683676907002132, "min_samples_leaf": 1, "min_samples_split": 18}, "budget": 0, "origin": "Local Search"}
{"cpu_time": 7.868139266967773, "wallclock_time": 12.03724217414856, "evaluations": 90, "cost": 0.4701, "incumbent": {"max_depth": 8, "max_features": 0.968230388158404, "min_samples_leaf": 1, "min_samples_split": 19}, "budget": 0, "origin": "Local Search"}
{"cpu_time": 14.75580358505249, "wallclock_time": 48.94628715515137, "evaluations": 151, "cost": 0.4687, "incumbent": {"max_depth": 12, "max_features": 0.9682389715933057, "min_samples_leaf": 1, "min_samples_split": 19}, "budget": 0, "origin": "Local Search"}
{"cpu_time": 19.06317663192749, "wallclock_time": 76.755291223526, "evaluations": 191, "cost": 0.4672, "incumbent": {"max_depth": 9, "max_features": 0.968230388158404, "min_samples_leaf": 1, "min_samples_split": 7}, "budget": 0, "origin": "Local Search"}
