{"cpu_time": 0.0, "wallclock_time": 4.076957702636719e-05, "evaluations": 0, "cost": 2147483648.0, "incumbent": ["C='1.0'", "gamma='0.1'"], "origin": "Default"}
{"cpu_time": 0.08392119407653809, "wallclock_time": 0.08459687232971191, "evaluations": 1, "cost": 0.1796, "incumbent": ["C='1.0'", "gamma='0.1'"], "origin": "Default"}
