{"cpu_time": 0.0, "wallclock_time": 0.001516103744506836, "evaluations": 0, "cost": 2147483648.0, "incumbent": ["max_depth='2'", "max_features='0.4491682695224881'", "min_samples_leaf='1'", "min_samples_split='4'"], "origin": "Sobol"}
{"cpu_time": 0.08948922157287598, "wallclock_time": 0.09190511703491211, "evaluations": 1, "cost": 0.0621, "incumbent": ["max_depth='2'", "max_features='0.4491682695224881'", "min_samples_leaf='1'", "min_samples_split='4'"], "origin": "Sobol"}
{"cpu_time": 0.3407294750213623, "wallclock_time": 0.3455820083618164, "evaluations": 4, "cost": 0.0528, "incumbent": ["max_depth='17'", "max_features='0.6137791713699698'", "min_samples_leaf='16'", "min_samples_split='18'"], "origin": "Sobol"}
{"cpu_time": 0.7960283756256104, "wallclock_time": 0.80588698387146, "evaluations": 10, "cost": 0.0437, "incumbent": ["max_depth='9'", "max_features='0.10657401569187641'", "min_samples_leaf='8'", "min_samples_split='6'"], "origin": "Sobol"}
{"cpu_time": 9.141824960708618, "wallclock_time": 22.341195106506348, "evaluations": 113, "cost": 0.0319, "incumbent": ["max_depth='20'", "max_features='0.13661728150026045'", "min_samples_leaf='1'", "min_samples_split='4'"], "origin": "Local Search"}
{"cpu_time": 14.446295261383057, "wallclock_time": 43.1689829826355, "evaluations": 182, "cost": 0.03, "incumbent": ["max_depth='11'", "max_features='0.13650355658026977'", "min_samples_leaf='1'", "min_samples_split='3'"], "origin": "Local Search"}
