{
  "mean_cost": 0.04433805611656638,
  "finished_ta_runs": 61,
  "inc_changed": 3,
  "n_configs": 43,
  "submitted_ta_runs": 61,
  "ta_time_used": 61.076396226882935,
  "wallclock_time_used": 61.17341375350952,
  "dataset_id": 125922
}