{
  "mean_cost": 0.47034261736356786,
  "finished_ta_runs": 300,
  "inc_changed": 4,
  "n_configs": 102,
  "submitted_ta_runs": 300,
  "ta_time_used": 13.104137659072876,
  "wallclock_time_used": 45.37233567237854,
  "dataset_id": 3917,
  "perf_time": 45.38636683400546
}