"CPU Time Used","Estimated Training Performance","Wallclock Time","Incumbent ID","Automatic Configurator (CPU) Time","Configuration..."
0.000000, 2147483648.000000, 0.000646, 1, 0.000646, C='0.08611366210550205',gamma='0.4942679928374453'
1.056728, 0.126100, 1.058148, 1, 0.001420, C='0.08611366210550205',gamma='0.4942679928374453'
5.595808, 0.088700, 5.602452, 2, 0.006644, C='69.38389384208695',gamma='0.0015531477828170245'
6.656542, 0.053200, 6.666012, 3, 0.009470, C='1.0',gamma='0.1'
18.288092, 0.036200, 18.313550, 4, 0.025458, C='490.89071375229827',gamma='0.4114559193983836'
53.599319, 0.035700, 60.325299, 5, 6.725980, C='490.89071375229827',gamma='0.40131308767075674'
