"CPU Time Used","Estimated Training Performance","Wallclock Time","Incumbent ID","Automatic Configurator (CPU) Time","Configuration..."
0.000000, 2147483648.000000, 0.000040, 1, 0.000040, C='1.0',gamma='0.1'
0.135824, 0.896200, 0.136477, 1, 0.000653, C='1.0',gamma='0.1'
0.984775, 0.893200, 0.990760, 2, 0.005985, C='1.746441318982685',gamma='0.0022547265063997683'
2.579676, 0.846200, 2.598562, 3, 0.018886, C='16.640050128980878',gamma='0.02787815770602151'
73.291835, 0.840700, 77.839482, 4, 4.547647, C='62.295756323336505',gamma='0.024551403764530213'
