{
  "mean_cost": 0.08653469477452809,
  "finished_ta_runs": 158,
  "inc_changed": 5,
  "n_configs": 136,
  "submitted_ta_runs": 158,
  "ta_time_used": 120.59151315689087,
  "wallclock_time_used": 121.14540004730225,
  "dataset_id": 3
}