"CPU Time Used","Estimated Training Performance","Wallclock Time","Incumbent ID","Automatic Configurator (CPU) Time","Configuration..."
0.000000, 2147483648.000000, 0.000070, 1, 0.000070, alpha='0.001',eta0='0.01'
0.079016, 0.308600, 0.081788, 1, 0.002772, alpha='0.001',eta0='0.01'
0.227426, 0.260300, 0.238301, 2, 0.010875, alpha='3.649484911512686e-05',eta0='1.2652165208090965e-05'
2.527345, 0.240400, 2.699842, 3, 0.172497, alpha='3.909871840753299e-05',eta0='1.160038463779634e-05'
9.368202, 0.235200, 10.986586, 4, 1.618384, alpha='2.571947530163239e-05',eta0='1.0650759024346725e-05'
14.033017, 0.234400, 17.256047, 5, 3.223030, alpha='0.006427604385368982',eta0='1.0324219395547544e-05'
