"CPU Time Used","Estimated Training Performance","Wallclock Time","Incumbent ID","Automatic Configurator (CPU) Time","Configuration..."
0.000000, 2147483648.000000, 0.000655, 1, 0.000655, alpha='0.0004126639093412234',eta0='0.0017613324954003418'
0.983070, 0.085100, 0.984687, 1, 0.001617, alpha='0.0004126639093412234',eta0='0.0017613324954003418'
52.897529, 0.083800, 58.933521, 2, 6.035992, alpha='0.00010232964266383963',eta0='0.0019562935095283934'
106.585831, 0.083300, 119.637052, 3, 13.051221, alpha='1.6878787383843368e-05',eta0='0.0018526420815575446'
121.142907, 0.083000, 135.085585, 4, 13.942678, alpha='1.1874172233117864e-05',eta0='0.001992716758645098'
133.868540, 0.082900, 148.940631, 5, 15.072092, alpha='1.0345752078492092e-05',eta0='0.00183212146279267'
