"CPU Time Used","Estimated Training Performance","Wallclock Time","Incumbent ID","Automatic Configurator (CPU) Time","Configuration..."
0.000000, 2147483648.000000, 0.000528, 1, 0.000528, alpha='0.00011227070295712931',eta0='0.0029096933833365197'
0.109263, 0.754200, 0.110554, 1, 0.001291, alpha='0.00011227070295712931',eta0='0.0029096933833365197'
2.099875, 0.677700, 2.118410, 2, 0.018535, alpha='2.9848599322377e-05',eta0='0.022418115180003955'
15.397507, 0.674400, 30.369753, 3, 14.972246, alpha='3.069890414295112e-05',eta0='0.022418115180003955'
23.011541, 0.669800, 49.016169, 4, 26.004628, alpha='1.0312986681688587e-05',eta0='0.000200491715705629'
