"CPU Time Used","Estimated Training Performance","Wallclock Time","Incumbent ID","Automatic Configurator (CPU) Time","Configuration..."
0.000000, 2147483648.000000, 0.000582, 1, 0.000582, alpha='0.0004126639093412234',eta0='0.0017613324954003418'
0.034664, 0.461400, 0.035977, 1, 0.001313, alpha='0.0004126639093412234',eta0='0.0017613324954003418'
0.238978, 0.378400, 0.244970, 2, 0.005992, alpha='0.10693804138470717',eta0='1.4701197301483249e-05'
1.661028, 0.382600, 3.212585, 3, 1.551557, alpha='0.046620960003810295',eta0='1.8156745482892638e-05'
4.017014, 0.382200, 12.602288, 4, 8.585275, alpha='0.04171251732047444',eta0='1.0069042544507581e-05'
4.208147, 0.379300, 12.806824, 5, 8.598677, alpha='0.041551010159877104',eta0='1.03611576091261e-05'
