{"cpu_time": 0.0, "wallclock_time": 0.0005822181701660156, "evaluations": 0, "cost": 2147483648.0, "incumbent": ["alpha='0.0004126639093412234'", "eta0='0.0017613324954003418'"], "origin": "Sobol"}
{"cpu_time": 0.034664154052734375, "wallclock_time": 0.03597688674926758, "evaluations": 1, "cost": 0.4614, "incumbent": ["alpha='0.0004126639093412234'", "eta0='0.0017613324954003418'"], "origin": "Sobol"}
{"cpu_time": 0.23897790908813477, "wallclock_time": 0.24497008323669434, "evaluations": 7, "cost": 0.3784, "incumbent": ["alpha='0.10693804138470717'", "eta0='1.4701197301483249e-05'"], "origin": "Sobol"}
{"cpu_time": 1.6610276699066162, "wallclock_time": 3.212584972381592, "evaluations": 49, "cost": 0.3826, "incumbent": ["alpha='0.046620960003810295'", "eta0='1.8156745482892638e-05'"], "origin": "Random Search (sorted)"}
{"cpu_time": 4.0170135498046875, "wallclock_time": 12.602288246154785, "evaluations": 109, "cost": 0.3822, "incumbent": ["alpha='0.04171251732047444'", "eta0='1.0069042544507581e-05'"], "origin": "Random Search (sorted)"}
{"cpu_time": 4.208147287368774, "wallclock_time": 12.806823968887329, "evaluations": 114, "cost": 0.3793, "incumbent": ["alpha='0.041551010159877104'", "eta0='1.03611576091261e-05'"], "origin": "Local Search"}
