"CPU Time Used","Estimated Training Performance","Wallclock Time","Incumbent ID","Automatic Configurator (CPU) Time","Configuration..."
0.000000, 2147483648.000000, 0.000627, 1, 0.000627, alpha='0.0004126639093412234',eta0='0.0017613324954003418'
3.245990, 0.690200, 3.247520, 1, 0.001530, alpha='0.0004126639093412234',eta0='0.0017613324954003418'
31.927947, 0.691600, 31.939641, 2, 0.011694, alpha='6.675963694532246e-05',eta0='0.13455959491033861'
88.960111, 0.689900, 88.992685, 3, 0.032574, alpha='0.00014331222076014103',eta0='0.0006285756509200554'
130.149896, 0.689600, 130.449894, 4, 0.299998, alpha='0.00012653196003455466',eta0='0.0006127734807953469'
145.941139, 0.689600, 146.249370, 5, 0.308231, alpha='0.00012364318521450698',eta0='0.0006113459944628123'
342.199730, 0.689500, 356.801648, 6, 14.601918, alpha='0.00011466293617569567',eta0='0.0005963288770309176'
