{
  "mean_cost": 0.470751224252788,
  "finished_ta_runs": 791,
  "inc_changed": 4,
  "n_configs": 755,
  "submitted_ta_runs": 791,
  "ta_time_used": 110.67726182937622,
  "wallclock_time_used": 120.17097687721252,
  "dataset_id": 3918
}