"CPU Time Used","Estimated Training Performance","Wallclock Time","Incumbent ID","Automatic Configurator (CPU) Time","Configuration..."
0.000000, 2147483648.000000, 0.000554, 1, 0.000554, alpha='0.0040824718253228975',eta0='0.00044195488125554607'
0.416315, 0.751800, 0.417639, 1, 0.001324, alpha='0.0040824718253228975',eta0='0.00044195488125554607'
1.654930, 0.781700, 1.658731, 2, 0.003801, alpha='0.0007534803600179209',eta0='0.01638324291048883'
4.121548, 0.752100, 4.130812, 3, 0.009264, alpha='2.1186147948258377e-05',eta0='8.558614272324676e-05'
81.251618, 0.755900, 115.077938, 4, 33.826320, alpha='1.0174612550706875e-05',eta0='0.044012493558059924'
