{
  "mean_cost": 0.4120545424047236,
  "finished_ta_runs": 300,
  "inc_changed": 4,
  "n_configs": 111,
  "submitted_ta_runs": 300,
  "ta_time_used": 3.608081579208374,
  "wallclock_time_used": 33.761444091796875,
  "dataset_id": 14954,
  "perf_time": 33.77199149999069
}