"CPU Time Used","Estimated Training Performance","Wallclock Time","Incumbent ID","Automatic Configurator (CPU) Time","Configuration..."
0.000000, 2147483648.000000, 0.001453, 1, 0.001453, colsample_bytree='0.2890479595400393',eta='0.02972240058848022',max_depth='1',reg_lambda='0.23594281684827217'
0.026482, 0.500000, 0.028869, 1, 0.002387, colsample_bytree='0.2890479595400393',eta='0.02972240058848022',max_depth='1',reg_lambda='0.23594281684827217'
0.370367, 0.446000, 0.387158, 2, 0.016791, colsample_bytree='0.5235572370700539',eta='0.1863242307845216',max_depth='3',reg_lambda='4.4461461740589225'
0.765714, 0.428900, 0.786541, 3, 0.020826, colsample_bytree='1.0',eta='0.3',max_depth='10',reg_lambda='1.0'
1.433756, 0.391700, 1.479183, 4, 0.045427, colsample_bytree='0.2529058099724353',eta='0.7089042475303222',max_depth='10',reg_lambda='0.0021408774596134435'
2.323927, 0.364800, 2.391621, 5, 0.067694, colsample_bytree='0.9626267466694116',eta='0.003064948183665385',max_depth='9',reg_lambda='0.36227426258698386'
10.750604, 0.364300, 25.280968, 6, 14.530364, colsample_bytree='0.9632807156869116',eta='0.0030047881882310176',max_depth='9',reg_lambda='0.3877615556403167'
18.195117, 0.363500, 45.618068, 7, 27.422951, colsample_bytree='0.9624783370485732',eta='0.0029585006238555295',max_depth='8',reg_lambda='0.4345341875392989'
