{
  "mean_cost": 0.6820256468724439,
  "finished_ta_runs": 125,
  "inc_changed": 4,
  "n_configs": 107,
  "submitted_ta_runs": 125,
  "ta_time_used": 121.80275368690491,
  "wallclock_time_used": 122.15976285934448,
  "dataset_id": 9985
}