"CPU Time Used","Estimated Training Performance","Wallclock Time","Incumbent ID","Automatic Configurator (CPU) Time","Configuration..."
0.000000, 2147483648.000000, 0.000223, 1, 0.000223, C='0.08611366210550205',gamma='0.4942679928374453'
1.385977, 0.900000, 1.386931, 1, 0.000954, C='0.08611366210550205',gamma='0.4942679928374453'
