{"cpu_time": 0.0, "wallclock_time": 0.0015821456909179688, "evaluations": 0, "cost": 2147483648.0, "incumbent": ["max_depth='2'", "max_features='0.4491682695224881'", "min_samples_leaf='1'", "min_samples_split='4'"], "origin": "Sobol"}
{"cpu_time": 0.10189199447631836, "wallclock_time": 0.10449409484863281, "evaluations": 1, "cost": 0.5, "incumbent": ["max_depth='2'", "max_features='0.4491682695224881'", "min_samples_leaf='1'", "min_samples_split='4'"], "origin": "Sobol"}
{"cpu_time": 0.4988095760345459, "wallclock_time": 0.5049231052398682, "evaluations": 4, "cost": 0.4931, "incumbent": ["max_depth='17'", "max_features='0.6137791713699698'", "min_samples_leaf='16'", "min_samples_split='18'"], "origin": "Sobol"}
{"cpu_time": 0.7834267616271973, "wallclock_time": 0.791417121887207, "evaluations": 6, "cost": 0.4861, "incumbent": ["max_depth='10'", "max_features='0.5'", "min_samples_leaf='1'", "min_samples_split='32'"], "origin": null}
{"cpu_time": 3.0621912479400635, "wallclock_time": 3.0847232341766357, "evaluations": 17, "cost": 0.4711, "incumbent": ["max_depth='7'", "max_features='0.8544756416231394'", "min_samples_leaf='3'", "min_samples_split='9'"], "origin": "Sobol"}
{"cpu_time": 6.847226858139038, "wallclock_time": 6.903806924819946, "evaluations": 41, "cost": 0.4506, "incumbent": ["max_depth='46'", "max_features='0.7485423665493727'", "min_samples_leaf='1'", "min_samples_split='7'"], "origin": "Sobol"}
{"cpu_time": 13.269118070602417, "wallclock_time": 17.22292709350586, "evaluations": 72, "cost": 0.44, "incumbent": ["max_depth='49'", "max_features='0.7472723147826812'", "min_samples_leaf='1'", "min_samples_split='4'"], "origin": "Local Search"}
{"cpu_time": 18.571177005767822, "wallclock_time": 30.958161115646362, "evaluations": 99, "cost": 0.4242, "incumbent": ["max_depth='50'", "max_features='0.783745417536413'", "min_samples_leaf='1'", "min_samples_split='2'"], "origin": "Local Search"}
{"cpu_time": 20.494659900665283, "wallclock_time": 32.89536094665527, "evaluations": 104, "cost": 0.4206, "incumbent": ["max_depth='50'", "max_features='0.8530667152471777'", "min_samples_leaf='1'", "min_samples_split='3'"], "origin": "Local Search"}
