"CPU Time Used","Estimated Training Performance","Wallclock Time","Incumbent ID","Automatic Configurator (CPU) Time","Configuration..."
0.000000, 2147483648.000000, 0.000664, 1, 0.000664, C='0.08611366210550205',gamma='0.4942679928374453'
1.386412, 0.900000, 1.387981, 1, 0.001569, C='0.08611366210550205',gamma='0.4942679928374453'
7.877252, 0.005600, 7.885675, 2, 0.008423, C='69.38389384208695',gamma='0.0015531477828170245'
