{
  "mean_cost": 0.1866094595119363,
  "finished_ta_runs": 1,
  "inc_changed": 1,
  "n_configs": 1,
  "submitted_ta_runs": 1,
  "ta_time_used": 0.920875072479248,
  "wallclock_time_used": 0.9224832057952881
}