"CPU Time Used","Estimated Training Performance","Wallclock Time","Incumbent ID","Automatic Configurator (CPU) Time","Configuration..."
0.000000, 2147483648.000000, 0.000224, 1, 0.000224, C='0.08611366210550205',gamma='0.4942679928374453'
0.227610, 0.040600, 0.228469, 1, 0.000859, C='0.08611366210550205',gamma='0.4942679928374453'
