{"cpu_time": 0.0, "wallclock_time": 7.176399230957031e-05, "evaluations": 0, "cost": 2147483648.0, "incumbent": ["colsample_bytree='1.0'", "eta='0.3'", "max_depth='10'", "reg_lambda='1.0'"], "origin": "Default"}
{"cpu_time": 0.05640983581542969, "wallclock_time": 0.05726003646850586, "evaluations": 1, "cost": 0.3415, "incumbent": ["colsample_bytree='1.0'", "eta='0.3'", "max_depth='10'", "reg_lambda='1.0'"], "origin": "Default"}
{"cpu_time": 0.4573042392730713, "wallclock_time": 0.46722888946533203, "evaluations": 10, "cost": 0.3332, "incumbent": ["colsample_bytree='0.9735460407805239'", "eta='0.3678418820983057'", "max_depth='10'", "reg_lambda='21.683858388188526'"], "origin": "Random Search"}
{"cpu_time": 0.7600820064544678, "wallclock_time": 0.7865610122680664, "evaluations": 22, "cost": 0.2975, "incumbent": ["colsample_bytree='0.5177209401315279'", "eta='0.4516158976292579'", "max_depth='2'", "reg_lambda='0.03693883633139159'"], "origin": "Random Search"}
{"cpu_time": 1.979651927947998, "wallclock_time": 2.127774953842163, "evaluations": 73, "cost": 0.2902, "incumbent": ["colsample_bytree='0.9834044209547126'", "eta='0.44808684850398656'", "max_depth='2'", "reg_lambda='0.09911885838032648'"], "origin": "Random Search"}
{"cpu_time": 2.619201421737671, "wallclock_time": 2.875107765197754, "evaluations": 105, "cost": 0.2279, "incumbent": ["colsample_bytree='0.8286049811064405'", "eta='0.975290720546957'", "max_depth='2'", "reg_lambda='0.7566335092761378'"], "origin": "Random Search"}
