{"cpu_time": 0.0, "wallclock_time": 0.0014982223510742188, "evaluations": 0, "cost": 2147483648.0, "incumbent": {"colsample_bytree": 0.569966175314039, "eta": 0.009556882986489993, "max_depth": 3, "reg_lambda": 0.0020776820882921045}, "budget": 0, "origin": "Sobol"}
{"cpu_time": 0.06761598587036133, "wallclock_time": 0.07013702392578125, "evaluations": 1, "cost": 0.2652, "incumbent": {"colsample_bytree": 0.569966175314039, "eta": 0.009556882986489993, "max_depth": 3, "reg_lambda": 0.0020776820882921045}, "budget": 0, "origin": "Sobol"}
{"cpu_time": 0.5613272190093994, "wallclock_time": 0.5737950801849365, "evaluations": 10, "cost": 0.2252, "incumbent": {"colsample_bytree": 0.7997161545790732, "eta": 0.8167090504942917, "max_depth": 1, "reg_lambda": 7.369638786139326}, "budget": 0, "origin": "Sobol"}
{"cpu_time": 2.030346632003784, "wallclock_time": 2.0466411113739014, "evaluations": 14, "cost": 0.1159, "incumbent": {"colsample_bytree": 1.0, "eta": 0.3, "max_depth": 10, "reg_lambda": 1.0}, "budget": 0, "origin": null}
{"cpu_time": 11.916445016860962, "wallclock_time": 22.796180248260498, "evaluations": 75, "cost": 0.1131, "incumbent": {"colsample_bytree": 1.0, "eta": 0.29950218609436746, "max_depth": 10, "reg_lambda": 1.0}, "budget": 0, "origin": "Local Search"}
{"cpu_time": 18.095788955688477, "wallclock_time": 40.98762607574463, "evaluations": 99, "cost": 0.1091, "incumbent": {"colsample_bytree": 1.0, "eta": 0.29950218609436746, "max_depth": 10, "reg_lambda": 1.0347050165067777}, "budget": 0, "origin": "Local Search"}
{"cpu_time": 32.764477252960205, "wallclock_time": 92.03184628486633, "evaluations": 146, "cost": 0.1072, "incumbent": {"colsample_bytree": 1.0, "eta": 0.29950218609436746, "max_depth": 10, "reg_lambda": 1.034382688768691}, "budget": 0, "origin": "Local Search"}
{"cpu_time": 42.35985088348389, "wallclock_time": 130.9954240322113, "evaluations": 179, "cost": 0.1054, "incumbent": {"colsample_bytree": 1.0, "eta": 0.29950218609436746, "max_depth": 10, "reg_lambda": 1.033844684865476}, "budget": 0, "origin": "Local Search"}
