{
  "mean_cost": 0.10053747533330865,
  "finished_ta_runs": 300,
  "inc_changed": 14,
  "n_configs": 179,
  "submitted_ta_runs": 300,
  "ta_time_used": 637.0656309127808,
  "wallclock_time_used": 703.1732151508331,
  "dataset_id": 9964,
  "perf_time": 703.1824420409994
}