{
  "mean_cost": 0.31848608404714535,
  "finished_ta_runs": 300,
  "inc_changed": 9,
  "n_configs": 98,
  "submitted_ta_runs": 300,
  "ta_time_used": 3.24904203414917,
  "wallclock_time_used": 24.438026905059814,
  "dataset_id": 37,
  "perf_time": 24.450111458994797
}