{
  "mean_cost": 0.5477400271301854,
  "finished_ta_runs": 300,
  "inc_changed": 6,
  "n_configs": 170,
  "submitted_ta_runs": 300,
  "ta_time_used": 2043.3383481502533,
  "wallclock_time_used": 2108.598347902298,
  "dataset_id": 9985,
  "perf_time": 2108.5897547080003
}