{
  "mean_cost": 0.11456579708483218,
  "finished_ta_runs": 300,
  "inc_changed": 10,
  "n_configs": 189,
  "submitted_ta_runs": 300,
  "ta_time_used": 93.12061071395874,
  "wallclock_time_used": 168.18133091926575,
  "dataset_id": 146820,
  "perf_time": 168.19371458300157
}