{
  "mean_cost": 0.01261904761904764,
  "finished_ta_runs": 2,
  "inc_changed": 1,
  "n_configs": 1,
  "submitted_ta_runs": 2,
  "ta_time_used": 0.07530474662780762,
  "wallclock_time_used": 0.07734394073486328,
  "dataset_id": 49,
  "perf_time": 0.08484954100003961
}