{
  "mean_cost": 0.1324351516021604,
  "finished_ta_runs": 168,
  "inc_changed": 4,
  "n_configs": 104,
  "submitted_ta_runs": 168,
  "ta_time_used": 25.99230122566223,
  "wallclock_time_used": 60.61180090904236,
  "dataset_id": 146821
}