{"cpu_time": 0.0, "wallclock_time": 0.0015208721160888672, "evaluations": 0, "cost": 2147483648.0, "incumbent": {"max_depth": 1, "max_features": 0.49276944529265165, "min_samples_leaf": 4, "min_samples_split": 9}, "budget": 0, "origin": "Sobol"}
{"cpu_time": 0.07429075241088867, "wallclock_time": 0.07668685913085938, "evaluations": 1, "cost": 0.1816, "incumbent": {"max_depth": 1, "max_features": 0.49276944529265165, "min_samples_leaf": 4, "min_samples_split": 9}, "budget": 0, "origin": "Sobol"}
{"cpu_time": 0.26740002632141113, "wallclock_time": 0.27226805686950684, "evaluations": 4, "cost": 0.1699, "incumbent": {"max_depth": 22, "max_features": 0.502463330514729, "min_samples_leaf": 18, "min_samples_split": 83}, "budget": 0, "origin": "Sobol"}
{"cpu_time": 0.41382431983947754, "wallclock_time": 0.42043089866638184, "evaluations": 6, "cost": 0.1688, "incumbent": {"max_depth": 10, "max_features": 0.5, "min_samples_leaf": 1, "min_samples_split": 32}, "budget": 0, "origin": null}
{"cpu_time": 0.6887271404266357, "wallclock_time": 0.6989741325378418, "evaluations": 10, "cost": 0.1432, "incumbent": {"max_depth": 9, "max_features": 0.24789578560739756, "min_samples_leaf": 6, "min_samples_split": 2}, "budget": 0, "origin": "Sobol"}
{"cpu_time": 4.5733582973480225, "wallclock_time": 7.773950099945068, "evaluations": 65, "cost": 0.1425, "incumbent": {"max_depth": 45, "max_features": 0.25534344651867513, "min_samples_leaf": 5, "min_samples_split": 2}, "budget": 0, "origin": "Local Search"}
{"cpu_time": 5.581110954284668, "wallclock_time": 11.790361881256104, "evaluations": 79, "cost": 0.1414, "incumbent": {"max_depth": 9, "max_features": 0.24677904128828332, "min_samples_leaf": 1, "min_samples_split": 11}, "budget": 0, "origin": "Local Search"}
{"cpu_time": 10.231774806976318, "wallclock_time": 34.20370316505432, "evaluations": 143, "cost": 0.1408, "incumbent": {"max_depth": 13, "max_features": 0.241173707925644, "min_samples_leaf": 3, "min_samples_split": 11}, "budget": 0, "origin": "Local Search"}
{"cpu_time": 12.929044723510742, "wallclock_time": 47.45412802696228, "evaluations": 179, "cost": 0.1401, "incumbent": {"max_depth": 49, "max_features": 0.20606379178741457, "min_samples_leaf": 2, "min_samples_split": 19}, "budget": 0, "origin": "Local Search"}
{"cpu_time": 13.77619457244873, "wallclock_time": 49.50042104721069, "evaluations": 191, "cost": 0.1371, "incumbent": {"max_depth": 9, "max_features": 0.2499207596812701, "min_samples_leaf": 2, "min_samples_split": 13}, "budget": 0, "origin": "Local Search"}
{"cpu_time": 20.202250003814697, "wallclock_time": 80.73673105239868, "evaluations": 277, "cost": 0.1238, "incumbent": {"max_depth": 48, "max_features": 0.13943522935640026, "min_samples_leaf": 1, "min_samples_split": 2}, "budget": 0, "origin": "Local Search"}
