"CPU Time Used","Estimated Training Performance","Wallclock Time","Incumbent ID","Automatic Configurator (CPU) Time","Configuration..."
0.000000, 2147483648.000000, 0.000526, 1, 0.000526, C='0.08611366210550205',gamma='0.4942679928374453'
0.243703, 0.040600, 0.244936, 1, 0.001233, C='0.08611366210550205',gamma='0.4942679928374453'
1.154790, 0.015500, 1.158376, 2, 0.003586, C='19.433598606658386',gamma='9.232350409327609'
6.052081, 0.008000, 6.073738, 3, 0.021657, C='0.9777853374117317',gamma='4.200721606776305'
8.208132, 0.002800, 8.241505, 4, 0.033373, C='490.89071375229827',gamma='0.4114559193983836'
13.300402, 0.002000, 13.855254, 5, 0.554852, C='460.82128815348494',gamma='0.15824757231922457'
