"CPU Time Used","Estimated Training Performance","Wallclock Time","Incumbent ID","Automatic Configurator (CPU) Time","Configuration..."
0.000000, 2147483648.000000, 0.000553, 1, 0.000553, C='1.3600811985592882',gamma='0.09352602871548096'
0.183159, 0.111500, 0.184462, 1, 0.001303, C='1.3600811985592882',gamma='0.09352602871548096'
18.460716, 0.109500, 19.111863, 2, 0.651147, C='1.3222962232065805',gamma='0.10282217482546206'
28.561213, 0.099800, 33.149621, 3, 4.588408, C='255.45719627297373',gamma='0.10790862331148163'
36.188335, 0.095100, 42.908160, 4, 6.719825, C='10.011726986209197',gamma='0.14432951982428288'
37.844188, 0.094400, 45.217287, 5, 7.373099, C='31.854086176915537',gamma='0.20999709086185298'
39.508392, 0.092500, 47.272198, 6, 7.763806, C='82.45233259167195',gamma='0.20298450292018216'
44.505156, 0.092100, 53.818715, 7, 9.313559, C='244.08622600710765',gamma='0.2231709319883729'
51.670220, 0.091200, 63.411375, 8, 11.741155, C='337.60756229322845',gamma='0.22598226956877723'
