"CPU Time Used","Estimated Training Performance","Wallclock Time","Incumbent ID","Automatic Configurator (CPU) Time","Configuration..."
0.000000, 2147483648.000000, 0.001451, 1, 0.001451, colsample_bytree='0.2890479595400393',eta='0.02972240058848022',max_depth='1',reg_lambda='0.23594281684827217'
0.017865, 0.281200, 0.020236, 1, 0.002371, colsample_bytree='0.2890479595400393',eta='0.02972240058848022',max_depth='1',reg_lambda='0.23594281684827217'
0.191960, 0.225300, 0.201610, 2, 0.009650, colsample_bytree='0.5235572370700539',eta='0.1863242307845216',max_depth='3',reg_lambda='4.4461461740589225'
1.739936, 0.224400, 4.663346, 3, 2.923410, colsample_bytree='0.6121836261253403',eta='0.15822236300715042',max_depth='7',reg_lambda='0.09645380790763441'
2.177811, 0.217800, 7.108869, 4, 4.931058, colsample_bytree='0.5480020223307535',eta='0.18915323266601283',max_depth='7',reg_lambda='0.015660421770666632'
5.579826, 0.209200, 24.900040, 5, 19.320214, colsample_bytree='0.9569353945363109',eta='0.15921035680897502',max_depth='10',reg_lambda='0.23315757044498228'
8.812521, 0.205900, 48.534171, 6, 39.721650, colsample_bytree='0.8956169260890658',eta='0.158689653412655',max_depth='9',reg_lambda='0.21030736924000712'
12.071723, 0.205800, 69.810935, 7, 57.739212, colsample_bytree='0.9561315882665',eta='0.16054553591897475',max_depth='8',reg_lambda='0.761870830897339'
