"CPU Time Used","Estimated Training Performance","Wallclock Time","Incumbent ID","Automatic Configurator (CPU) Time","Configuration..."
0.000000, 2147483648.000000, 0.000269, 1, 0.000269, C='0.08611366210550205',gamma='0.4942679928374453'
0.305443, 0.666700, 0.306400, 1, 0.000957, C='0.08611366210550205',gamma='0.4942679928374453'
