{"cpu_time": 0.0, "wallclock_time": 0.0015811920166015625, "evaluations": 0, "cost": 2147483648.0, "incumbent": {"max_depth": 2, "max_features": 0.4491682695224881, "min_samples_leaf": 1, "min_samples_split": 4}, "budget": 0, "origin": "Sobol"}
{"cpu_time": 0.1528468132019043, "wallclock_time": 0.1553642749786377, "evaluations": 1, "cost": 0.1237, "incumbent": {"max_depth": 2, "max_features": 0.4491682695224881, "min_samples_leaf": 1, "min_samples_split": 4}, "budget": 0, "origin": "Sobol"}
{"cpu_time": 1.29833984375, "wallclock_time": 1.303617000579834, "evaluations": 4, "cost": 0.0782, "incumbent": {"max_depth": 17, "max_features": 0.6137791713699698, "min_samples_leaf": 16, "min_samples_split": 18}, "budget": 0, "origin": "Sobol"}
{"cpu_time": 2.0707778930664062, "wallclock_time": 2.077904224395752, "evaluations": 6, "cost": 0.0527, "incumbent": {"max_depth": 10, "max_features": 0.5, "min_samples_leaf": 1, "min_samples_split": 32}, "budget": 0, "origin": null}
{"cpu_time": 29.27626395225525, "wallclock_time": 32.297768115997314, "evaluations": 58, "cost": 0.0471, "incumbent": {"max_depth": 10, "max_features": 0.6499506083988079, "min_samples_leaf": 1, "min_samples_split": 3}, "budget": 0, "origin": "Random Search (sorted)"}
{"cpu_time": 51.16730761528015, "wallclock_time": 64.66330409049988, "evaluations": 88, "cost": 0.0436, "incumbent": {"max_depth": 10, "max_features": 0.6480211194376249, "min_samples_leaf": 1, "min_samples_split": 2}, "budget": 0, "origin": "Local Search"}
{"cpu_time": 63.863879442214966, "wallclock_time": 86.88453912734985, "evaluations": 117, "cost": 0.0431, "incumbent": {"max_depth": 21, "max_features": 0.3955471184223889, "min_samples_leaf": 1, "min_samples_split": 2}, "budget": 0, "origin": "Local Search"}
