"CPU Time Used","Estimated Training Performance","Wallclock Time","Incumbent ID","Automatic Configurator (CPU) Time","Configuration..."
0.000000, 2147483648.000000, 0.001557, 1, 0.001557, colsample_bytree='0.3908073678612709',eta='0.02197006114591668',max_depth='1',reg_lambda='0.025956378731779545'
0.098752, 0.129000, 0.101348, 1, 0.002596, colsample_bytree='0.3908073678612709',eta='0.02197006114591668',max_depth='1',reg_lambda='0.025956378731779545'
1.250453, 0.047300, 1.257013, 2, 0.006559, colsample_bytree='0.7864414579235017',eta='0.06876373473778273',max_depth='5',reg_lambda='2.180661802430785'
4.011201, 0.029700, 4.019617, 3, 0.008416, colsample_bytree='1.0',eta='0.3',max_depth='10',reg_lambda='1.0'
25.928305, 0.029600, 27.540369, 4, 1.612064, colsample_bytree='0.9999981578430339',eta='0.4216969234564366',max_depth='10',reg_lambda='2.8799851018973213'
61.543358, 0.029100, 72.693886, 5, 11.150528, colsample_bytree='0.972811664346303',eta='0.33415550190347626',max_depth='10',reg_lambda='0.8609525040314665'
72.916908, 0.028900, 88.222424, 6, 15.305516, colsample_bytree='0.922051440211262',eta='0.3344441959226085',max_depth='10',reg_lambda='0.8478156879385712'
157.088284, 0.028800, 210.735919, 7, 53.647635, colsample_bytree='0.8876661129429623',eta='0.3366101509338505',max_depth='8',reg_lambda='0.8515143105844278'
