"CPU Time Used","Estimated Training Performance","Wallclock Time","Incumbent ID","Automatic Configurator (CPU) Time","Configuration..."
0.000000, 2147483648.000000, 0.000040, 1, 0.000040, C='1.0',gamma='0.1'
0.369703, 0.053200, 0.370377, 1, 0.000674, C='1.0',gamma='0.1'
1.571160, 0.051700, 1.574529, 2, 0.003369, C='167.43465269107315',gamma='0.010473312293162985'
5.344182, 0.037400, 5.351857, 3, 0.007676, C='131.61290023311957',gamma='0.649856834080378'
90.815359, 0.036800, 91.030311, 4, 0.214952, C='8.307456030796704',gamma='0.3192316207190183'
112.124199, 0.036200, 112.440333, 5, 0.316134, C='464.19456644665644',gamma='0.4587005794376118'
221.680456, 0.035700, 222.595638, 6, 0.915182, C='27.938187371331292',gamma='0.3708051340527177'
289.474373, 0.035700, 290.897823, 7, 1.423450, C='37.133199464418674',gamma='0.3937627233108889'
389.183352, 0.035700, 391.647544, 8, 2.464192, C='7.612518881688141',gamma='0.5088789229830163'
