"CPU Time Used","Estimated Training Performance","Wallclock Time","Incumbent ID","Automatic Configurator (CPU) Time","Configuration..."
0.000000, 2147483648.000000, 0.000046, 1, 0.000046, C='1.0',gamma='0.1'
0.569984, 0.892600, 0.570789, 1, 0.000805, C='1.0',gamma='0.1'
3.731948, 0.018400, 3.740409, 2, 0.008461, C='1.746441318982685',gamma='0.0022547265063997683'
43.992705, 0.015600, 44.239813, 3, 0.247108, C='613.8366144551533',gamma='0.0010152179917278495'
