"CPU Time Used","Estimated Training Performance","Wallclock Time","Incumbent ID","Automatic Configurator (CPU) Time","Configuration..."
0.000000, 2147483648.000000, 0.000051, 1, 0.000051, C='1.0',gamma='0.1'
0.008378, 0.437500, 0.009121, 1, 0.000743, C='1.0',gamma='0.1'
0.062087, 0.384800, 0.068254, 2, 0.006167, C='1.746441318982685',gamma='0.0022547265063997683'
1.485851, 0.365200, 2.124230, 3, 0.638379, C='9.487691972636018',gamma='0.0011871610916139818'
