{"cpu_time": 0.0, "wallclock_time": 0.0015130043029785156, "evaluations": 0, "cost": 2147483648.0, "incumbent": ["max_depth='1'", "max_features='0.49276944529265165'", "min_samples_leaf='4'", "min_samples_split='9'"], "origin": "Sobol"}
{"cpu_time": 0.07972288131713867, "wallclock_time": 0.08208584785461426, "evaluations": 1, "cost": 0.4595, "incumbent": ["max_depth='1'", "max_features='0.49276944529265165'", "min_samples_leaf='4'", "min_samples_split='9'"], "origin": "Sobol"}
{"cpu_time": 0.27164769172668457, "wallclock_time": 0.2764418125152588, "evaluations": 4, "cost": 0.3419, "incumbent": ["max_depth='22'", "max_features='0.502463330514729'", "min_samples_leaf='18'", "min_samples_split='83'"], "origin": "Sobol"}
{"cpu_time": 0.4195218086242676, "wallclock_time": 0.42600083351135254, "evaluations": 6, "cost": 0.2237, "incumbent": ["max_depth='10'", "max_features='0.5'", "min_samples_leaf='1'", "min_samples_split='32'"], "origin": null}
{"cpu_time": 3.0628626346588135, "wallclock_time": 3.1147069931030273, "evaluations": 41, "cost": 0.1921, "incumbent": ["max_depth='35'", "max_features='0.653578007593751'", "min_samples_leaf='3'", "min_samples_split='2'"], "origin": "Sobol"}
{"cpu_time": 5.7755982875823975, "wallclock_time": 9.148656845092773, "evaluations": 71, "cost": 0.1828, "incumbent": ["max_depth='37'", "max_features='0.9213220891845891'", "min_samples_leaf='1'", "min_samples_split='5'"], "origin": "Local Search"}
{"cpu_time": 7.467640399932861, "wallclock_time": 15.99869179725647, "evaluations": 85, "cost": 0.18, "incumbent": ["max_depth='37'", "max_features='0.8328064979004451'", "min_samples_leaf='1'", "min_samples_split='5'"], "origin": "Local Search"}
{"cpu_time": 28.534734964370728, "wallclock_time": 99.96306896209717, "evaluations": 271, "cost": 0.1788, "incumbent": ["max_depth='18'", "max_features='0.6264613165118627'", "min_samples_leaf='1'", "min_samples_split='4'"], "origin": "Local Search"}
