{"cpu_time": 0.0, "wallclock_time": 0.0015559196472167969, "evaluations": 0, "cost": 2147483648.0, "incumbent": ["colsample_bytree='0.2890479595400393'", "eta='0.02972240058848022'", "max_depth='1'", "reg_lambda='0.23594281684827217'"], "origin": "Sobol"}
{"cpu_time": 0.829596996307373, "wallclock_time": 0.832252025604248, "evaluations": 1, "cost": 0.0802, "incumbent": ["colsample_bytree='0.2890479595400393'", "eta='0.02972240058848022'", "max_depth='1'", "reg_lambda='0.23594281684827217'"], "origin": "Sobol"}
{"cpu_time": 25.868616104125977, "wallclock_time": 25.87414026260376, "evaluations": 4, "cost": 0.0657, "incumbent": ["colsample_bytree='0.839533680677414'", "eta='0.03178815964339868'", "max_depth='7'", "reg_lambda='260.08137409645684'"], "origin": "Sobol"}
{"cpu_time": 36.40770506858826, "wallclock_time": 36.41518592834473, "evaluations": 6, "cost": 0.03, "incumbent": ["colsample_bytree='1.0'", "eta='0.3'", "max_depth='10'", "reg_lambda='1.0'"], "origin": null}
{"cpu_time": 63.7399799823761, "wallclock_time": 63.757563829422, "evaluations": 13, "cost": 0.0201, "incumbent": ["colsample_bytree='0.5235572370700539'", "eta='0.1863242307845216'", "max_depth='3'", "reg_lambda='4.4461461740589225'"], "origin": "Sobol"}
{"cpu_time": 263.098961353302, "wallclock_time": 269.01054310798645, "evaluations": 76, "cost": 0.0204, "incumbent": ["colsample_bytree='0.34972361761101245'", "eta='0.4917831357884269'", "max_depth='1'", "reg_lambda='0.726735942317756'"], "origin": "Local Search"}
{"cpu_time": 515.5251431465149, "wallclock_time": 598.8442602157593, "evaluations": 191, "cost": 0.0189, "incumbent": ["colsample_bytree='0.3360491003445833'", "eta='0.5026455096093662'", "max_depth='2'", "reg_lambda='1.9418994638563694'"], "origin": "Local Search"}
{"cpu_time": 525.5895264148712, "wallclock_time": 611.7075510025024, "evaluations": 198, "cost": 0.018, "incumbent": ["colsample_bytree='0.33504752291167794'", "eta='0.501252518966296'", "max_depth='2'", "reg_lambda='1.9474874385037289'"], "origin": "Local Search"}
