"CPU Time Used","Estimated Training Performance","Wallclock Time","Incumbent ID","Automatic Configurator (CPU) Time","Configuration..."
0.000000, 2147483648.000000, 0.001556, 1, 0.001556, colsample_bytree='0.2890479595400393',eta='0.02972240058848022',max_depth='1',reg_lambda='0.23594281684827217'
0.829597, 0.080200, 0.832252, 1, 0.002655, colsample_bytree='0.2890479595400393',eta='0.02972240058848022',max_depth='1',reg_lambda='0.23594281684827217'
25.868616, 0.065700, 25.874140, 2, 0.005524, colsample_bytree='0.839533680677414',eta='0.03178815964339868',max_depth='7',reg_lambda='260.08137409645684'
36.407705, 0.030000, 36.415186, 3, 0.007481, colsample_bytree='1.0',eta='0.3',max_depth='10',reg_lambda='1.0'
63.739980, 0.020100, 63.757564, 4, 0.017584, colsample_bytree='0.5235572370700539',eta='0.1863242307845216',max_depth='3',reg_lambda='4.4461461740589225'
263.098961, 0.020400, 269.010543, 5, 5.911582, colsample_bytree='0.34972361761101245',eta='0.4917831357884269',max_depth='1',reg_lambda='0.726735942317756'
515.525143, 0.018900, 598.844260, 6, 83.319117, colsample_bytree='0.3360491003445833',eta='0.5026455096093662',max_depth='2',reg_lambda='1.9418994638563694'
525.589526, 0.018000, 611.707551, 7, 86.118025, colsample_bytree='0.33504752291167794',eta='0.501252518966296',max_depth='2',reg_lambda='1.9474874385037289'
