{
  "mean_cost": 0.30988907938412824,
  "finished_ta_runs": 61,
  "inc_changed": 3,
  "n_configs": 53,
  "submitted_ta_runs": 61,
  "ta_time_used": 121.54283547401428,
  "wallclock_time_used": 121.7135820388794,
  "dataset_id": 9976
}