"CPU Time Used","Estimated Training Performance","Wallclock Time","Incumbent ID","Automatic Configurator (CPU) Time","Configuration..."
0.000000, 2147483648.000000, 0.001688, 1, 0.001688, alpha='0.00011227070295712931',eta0='0.0029096933833365197'
0.149214, 0.528600, 0.153300, 1, 0.004086, alpha='0.00011227070295712931',eta0='0.0029096933833365197'
8.014015, 0.493600, 18.311257, 2, 10.297242, alpha='0.00011148302416192763',eta0='0.0038461479470357648'
