{
  "mean_cost": 0.46418845315904145,
  "finished_ta_runs": 1,
  "inc_changed": 1,
  "n_configs": 1,
  "submitted_ta_runs": 1,
  "ta_time_used": 0.020548105239868164,
  "wallclock_time_used": 0.021999120712280273,
  "dataset_id": 10101,
  "perf_time": 0.02743841599976804
}