"CPU Time Used","Estimated Training Performance","Wallclock Time","Incumbent ID","Automatic Configurator (CPU) Time","Configuration..."
0.000000, 2147483648.000000, 0.000696, 1, 0.000696, alpha='0.0040824718253228975',eta0='0.00044195488125554607'
0.069411, 0.487000, 0.071797, 1, 0.002386, alpha='0.0040824718253228975',eta0='0.00044195488125554607'
0.336831, 0.432400, 0.350460, 2, 0.013628, alpha='2.1186147948258377e-05',eta0='8.558614272324676e-05'
0.422910, 0.430600, 0.438998, 3, 0.016088, alpha='0.001',eta0='0.01'
0.685996, 0.391200, 0.709732, 4, 0.023736, alpha='0.14798430619583566',eta0='3.173402502821644e-05'
1.453063, 0.381100, 1.506904, 5, 0.053841, alpha='0.0114934274131498',eta0='1.8252081997216187e-05'
1.884147, 0.376800, 2.887747, 6, 1.003599, alpha='0.10575994987452836',eta0='1.561463180073717e-05'
2.938967, 0.376600, 6.434252, 7, 3.495286, alpha='0.20931698982391744',eta0='1.3213838203386959e-05'
6.412994, 0.375200, 20.272981, 8, 13.859987, alpha='0.14907030591612452',eta0='1.3279106006763522e-05'
