{"cpu_time": 0.0, "wallclock_time": 0.0016121864318847656, "evaluations": 0, "cost": 2147483648.0, "incumbent": ["max_depth='6'", "max_features='0.3290755869820714'", "min_samples_leaf='11'", "min_samples_split='2'"], "origin": "Sobol"}
{"cpu_time": 0.07812809944152832, "wallclock_time": 0.0807199478149414, "evaluations": 1, "cost": 0.4419, "incumbent": ["max_depth='6'", "max_features='0.3290755869820714'", "min_samples_leaf='11'", "min_samples_split='2'"], "origin": "Sobol"}
{"cpu_time": 0.9328231811523438, "wallclock_time": 0.9455161094665527, "evaluations": 10, "cost": 0.3373, "incumbent": ["max_depth='18'", "max_features='0.9707894120365381'", "min_samples_leaf='5'", "min_samples_split='26'"], "origin": "Sobol"}
{"cpu_time": 6.090453147888184, "wallclock_time": 8.613883972167969, "evaluations": 67, "cost": 0.3287, "incumbent": ["max_depth='28'", "max_features='0.9900794560578385'", "min_samples_leaf='1'", "min_samples_split='3'"], "origin": "Random Search (sorted)"}
{"cpu_time": 7.693778991699219, "wallclock_time": 14.40573501586914, "evaluations": 81, "cost": 0.3097, "incumbent": ["max_depth='46'", "max_features='0.6739361784865225'", "min_samples_leaf='1'", "min_samples_split='2'"], "origin": "Random Search (sorted)"}
{"cpu_time": 9.987603187561035, "wallclock_time": 23.398615837097168, "evaluations": 102, "cost": 0.3075, "incumbent": ["max_depth='12'", "max_features='0.679162698101198'", "min_samples_leaf='1'", "min_samples_split='2'"], "origin": "Local Search"}
{"cpu_time": 11.105139017105103, "wallclock_time": 26.14310884475708, "evaluations": 112, "cost": 0.3052, "incumbent": ["max_depth='16'", "max_features='0.6792889058171023'", "min_samples_leaf='1'", "min_samples_split='2'"], "origin": "Local Search"}
