{
  "mean_cost": 0.08957473082473077,
  "finished_ta_runs": 2,
  "inc_changed": 1,
  "n_configs": 1,
  "submitted_ta_runs": 2,
  "ta_time_used": 10.038294553756714,
  "wallclock_time_used": 10.040812730789185,
  "dataset_id": 9964,
  "perf_time": 10.047681834000059
}