"CPU Time Used","Estimated Training Performance","Wallclock Time","Incumbent ID","Automatic Configurator (CPU) Time","Configuration..."
0.000000, 2147483648.000000, 0.000036, 1, 0.000036, alpha='0.001',eta0='0.01'
0.649417, 0.221800, 0.650058, 1, 0.000641, alpha='0.001',eta0='0.01'
4.452782, 0.181600, 4.458893, 2, 0.006111, alpha='0.08477318530405828',eta0='1.1349690026383863e-05'
17.505407, 0.169400, 17.543524, 3, 0.038116, alpha='0.01373581320388105',eta0='3.6699345852038843e-05'
22.735276, 0.168400, 22.785358, 4, 0.050081, alpha='0.00010338971252634734',eta0='0.00012997194084303965'
28.043942, 0.162700, 28.107536, 5, 0.063594, alpha='0.00027413255540362463',eta0='2.5353007616912505e-05'
33.988075, 0.160700, 34.068669, 6, 0.080594, alpha='1.8505549186545808e-05',eta0='3.679075436917134e-05'
96.755666, 0.159400, 97.178652, 7, 0.422986, alpha='3.104552354864535e-05',eta0='6.842092684125633e-05'
232.733570, 0.159400, 234.736734, 8, 2.003164, alpha='0.00038110849143343004',eta0='5.181092300655533e-05'
