{"cpu_time": 0.0, "wallclock_time": 0.0015430450439453125, "evaluations": 0, "cost": 2147483648.0, "incumbent": {"max_depth": 6, "max_features": 0.3290755869820714, "min_samples_leaf": 11, "min_samples_split": 2}, "budget": 0, "origin": "Sobol"}
{"cpu_time": 0.08691596984863281, "wallclock_time": 0.0893862247467041, "evaluations": 1, "cost": 0.244, "incumbent": {"max_depth": 6, "max_features": 0.3290755869820714, "min_samples_leaf": 11, "min_samples_split": 2}, "budget": 0, "origin": "Sobol"}
{"cpu_time": 0.8712210655212402, "wallclock_time": 0.8814051151275635, "evaluations": 10, "cost": 0.2093, "incumbent": {"max_depth": 18, "max_features": 0.9707894120365381, "min_samples_leaf": 5, "min_samples_split": 26}, "budget": 0, "origin": "Sobol"}
{"cpu_time": 10.35384488105774, "wallclock_time": 29.315036058425903, "evaluations": 111, "cost": 0.2048, "incumbent": {"max_depth": 23, "max_features": 0.9993733941240105, "min_samples_leaf": 3, "min_samples_split": 24}, "budget": 0, "origin": "Local Search"}
{"cpu_time": 11.461637735366821, "wallclock_time": 32.00661325454712, "evaluations": 121, "cost": 0.2028, "incumbent": {"max_depth": 21, "max_features": 0.9986762100974191, "min_samples_leaf": 3, "min_samples_split": 38}, "budget": 0, "origin": "Local Search"}
{"cpu_time": 13.003125190734863, "wallclock_time": 38.896416902542114, "evaluations": 136, "cost": 0.2013, "incumbent": {"max_depth": 40, "max_features": 0.8644529521551133, "min_samples_leaf": 3, "min_samples_split": 24}, "budget": 0, "origin": "Local Search"}
{"cpu_time": 16.88505244255066, "wallclock_time": 54.72607398033142, "evaluations": 173, "cost": 0.198, "incumbent": {"max_depth": 20, "max_features": 0.9986950825370533, "min_samples_leaf": 3, "min_samples_split": 29}, "budget": 0, "origin": "Local Search"}
