{
  "mean_cost": 0.5000477897252091,
  "finished_ta_runs": 300,
  "inc_changed": 1,
  "n_configs": 67,
  "submitted_ta_runs": 300,
  "ta_time_used": 9.98026728630066,
  "wallclock_time_used": 38.80761432647705,
  "dataset_id": 3902,
  "perf_time": 38.81720887499978
}