{"cpu_time": 0.0, "wallclock_time": 0.0007908344268798828, "evaluations": 0, "cost": 2147483648.0, "incumbent": ["alpha='0.0004126639093412234'", "eta0='0.0017613324954003418'"], "origin": "Sobol"}
{"cpu_time": 0.3446788787841797, "wallclock_time": 0.3464229106903076, "evaluations": 1, "cost": 0.0, "incumbent": ["alpha='0.0004126639093412234'", "eta0='0.0017613324954003418'"], "origin": "Sobol"}
