"CPU Time Used","Estimated Training Performance","Wallclock Time","Incumbent ID","Automatic Configurator (CPU) Time","Configuration..."
0.000000, 2147483648.000000, 0.000641, 1, 0.000641, C='1.3600811985592882',gamma='0.09352602871548096'
0.126637, 0.190700, 0.128154, 1, 0.001517, C='1.3600811985592882',gamma='0.09352602871548096'
2.446569, 0.129200, 2.462755, 2, 0.016186, C='7.48101646809008',gamma='2.7251940323754646'
8.602422, 0.127600, 12.067813, 3, 3.465391, C='7.48101646809008',gamma='2.774226666994094'
