"CPU Time Used","Estimated Training Performance","Wallclock Time","Incumbent ID","Automatic Configurator (CPU) Time","Configuration..."
0.000000, 2147483648.000000, 0.000547, 1, 0.000547, alpha='0.00011227070295712931',eta0='0.0029096933833365197'
0.033321, 0.430700, 0.034597, 1, 0.001276, alpha='0.00011227070295712931',eta0='0.0029096933833365197'
