{"cpu_time": 0.0, "wallclock_time": 0.0005471706390380859, "evaluations": 0, "cost": 2147483648.0, "incumbent": {"alpha": 0.00011227070295712931, "eta0": 0.0029096933833365197}, "budget": 0, "origin": "Sobol"}
{"cpu_time": 0.03332114219665527, "wallclock_time": 0.034597158432006836, "evaluations": 1, "cost": 0.4307, "incumbent": {"alpha": 0.00011227070295712931, "eta0": 0.0029096933833365197}, "budget": 0, "origin": "Sobol"}
