"CPU Time Used","Estimated Training Performance","Wallclock Time","Incumbent ID","Automatic Configurator (CPU) Time","Configuration..."
0.000000, 2147483648.000000, 0.000532, 1, 0.000532, C='0.08611366210550205',gamma='0.4942679928374453'
0.022894, 0.500000, 0.024114, 1, 0.001220, C='0.08611366210550205',gamma='0.4942679928374453'
0.149149, 0.478000, 0.155289, 2, 0.006140, C='69.38389384208695',gamma='0.0015531477828170245'
0.679958, 0.472000, 1.532369, 3, 0.852411, C='46.79892810910613',gamma='0.001185054206506338'
0.836015, 0.468800, 1.968013, 4, 1.131999, C='32.875048733779145',gamma='0.0011621511570224503'
1.478774, 0.465700, 4.450914, 5, 2.972140, C='33.366376817938225',gamma='0.0010187593576844783'
1.953228, 0.465500, 5.896912, 6, 3.943685, C='33.429089092585805',gamma='0.0009864454408981419'
2.088371, 0.462500, 6.365754, 7, 4.277384, C='33.471344242227595',gamma='0.0009944431212095025'
