"CPU Time Used","Estimated Training Performance","Wallclock Time","Incumbent ID","Automatic Configurator (CPU) Time","Configuration..."
0.000000, 2147483648.000000, 0.001494, 1, 0.001494, colsample_bytree='0.3908073678612709',eta='0.02197006114591668',max_depth='1',reg_lambda='0.025956378731779545'
0.013271, 0.500000, 0.015747, 1, 0.002476, colsample_bytree='0.3908073678612709',eta='0.02197006114591668',max_depth='1',reg_lambda='0.025956378731779545'
0.065702, 0.344400, 0.070728, 2, 0.005026, colsample_bytree='0.7864414579235017',eta='0.06876373473778273',max_depth='5',reg_lambda='2.180661802430785'
0.279560, 0.308300, 0.297087, 3, 0.017527, colsample_bytree='0.6266065758652986',eta='0.3646935062279739',max_depth='1',reg_lambda='0.2818207552142512'
1.178628, 0.305900, 7.002849, 4, 5.824221, colsample_bytree='0.7830021944798236',eta='0.3646935062279739',max_depth='1',reg_lambda='0.1624763191509672'
1.315686, 0.303200, 10.339725, 5, 9.024039, colsample_bytree='0.8192503088004681',eta='0.3646935062279739',max_depth='1',reg_lambda='0.1640979372493734'
1.369461, 0.302400, 10.405143, 6, 9.035682, colsample_bytree='0.8199339331160418',eta='0.3646935062279739',max_depth='1',reg_lambda='0.16743757176943208'
