"CPU Time Used","Estimated Training Performance","Wallclock Time","Incumbent ID","Automatic Configurator (CPU) Time","Configuration..."
0.000000, 2147483648.000000, 0.001587, 1, 0.001587, colsample_bytree='0.3908073678612709',eta='0.02197006114591668',max_depth='1',reg_lambda='0.025956378731779545'
0.396682, 0.338000, 0.401433, 1, 0.004751, colsample_bytree='0.3908073678612709',eta='0.02197006114591668',max_depth='1',reg_lambda='0.025956378731779545'
8.116045, 0.207900, 8.123619, 2, 0.007574, colsample_bytree='0.7864414579235017',eta='0.06876373473778273',max_depth='5',reg_lambda='2.180661802430785'
13.839170, 0.187600, 13.848704, 3, 0.009534, colsample_bytree='1.0',eta='0.3',max_depth='10',reg_lambda='1.0'
56.665108, 0.180100, 56.692919, 4, 0.027811, colsample_bytree='0.5564905133098365',eta='0.01605885730841195',max_depth='10',reg_lambda='0.0010986517054572343'
74.013676, 0.176800, 74.063824, 5, 0.050148, colsample_bytree='0.2476114026270807',eta='0.09799148147389534',max_depth='9',reg_lambda='0.22959291519229882'
234.261631, 0.174500, 274.293438, 6, 40.031807, colsample_bytree='0.3020991926338762',eta='0.09356796760153949',max_depth='10',reg_lambda='0.0013240578541882438'
