{"cpu_time": 0.0, "wallclock_time": 0.0015869140625, "evaluations": 0, "cost": 2147483648.0, "incumbent": ["colsample_bytree='0.3908073678612709'", "eta='0.02197006114591668'", "max_depth='1'", "reg_lambda='0.025956378731779545'"], "origin": "Sobol"}
{"cpu_time": 0.3966820240020752, "wallclock_time": 0.40143299102783203, "evaluations": 1, "cost": 0.338, "incumbent": ["colsample_bytree='0.3908073678612709'", "eta='0.02197006114591668'", "max_depth='1'", "reg_lambda='0.025956378731779545'"], "origin": "Sobol"}
{"cpu_time": 8.116044759750366, "wallclock_time": 8.123619079589844, "evaluations": 4, "cost": 0.2079, "incumbent": ["colsample_bytree='0.7864414579235017'", "eta='0.06876373473778273'", "max_depth='5'", "reg_lambda='2.180661802430785'"], "origin": "Sobol"}
{"cpu_time": 13.83916974067688, "wallclock_time": 13.848703861236572, "evaluations": 6, "cost": 0.1876, "incumbent": ["colsample_bytree='1.0'", "eta='0.3'", "max_depth='10'", "reg_lambda='1.0'"], "origin": null}
{"cpu_time": 56.66510844230652, "wallclock_time": 56.6929190158844, "evaluations": 22, "cost": 0.1801, "incumbent": ["colsample_bytree='0.5564905133098365'", "eta='0.01605885730841195'", "max_depth='10'", "reg_lambda='0.0010986517054572343'"], "origin": "Sobol"}
{"cpu_time": 74.01367568969727, "wallclock_time": 74.06382369995117, "evaluations": 37, "cost": 0.1768, "incumbent": ["colsample_bytree='0.2476114026270807'", "eta='0.09799148147389534'", "max_depth='9'", "reg_lambda='0.22959291519229882'"], "origin": "Sobol"}
{"cpu_time": 234.2616310119629, "wallclock_time": 274.2934379577637, "evaluations": 123, "cost": 0.1745, "incumbent": ["colsample_bytree='0.3020991926338762'", "eta='0.09356796760153949'", "max_depth='10'", "reg_lambda='0.0013240578541882438'"], "origin": "Local Search"}
