"CPU Time Used","Estimated Training Performance","Wallclock Time","Incumbent ID","Automatic Configurator (CPU) Time","Configuration..."
0.000000, 2147483648.000000, 0.000552, 1, 0.000552, alpha='0.00011227070295712931',eta0='0.0029096933833365197'
0.218673, 0.330200, 0.219977, 1, 0.001304, alpha='0.00011227070295712931',eta0='0.0029096933833365197'
5.166051, 0.331100, 5.191273, 2, 0.025222, alpha='0.00022294150416561802',eta0='0.00019929399219757566'
7.396783, 0.330200, 7.437170, 3, 0.040387, alpha='5.6251118794716625e-05',eta0='0.434984328303294'
16.526042, 0.328700, 21.186595, 4, 4.660553, alpha='0.001016126349963742',eta0='0.35972974760537657'
36.687160, 0.327500, 57.883910, 5, 21.196750, alpha='3.653824728430546e-05',eta0='0.1719223657015261'
39.514436, 0.326200, 63.108613, 6, 23.594176, alpha='1.2441581615909395e-05',eta0='0.31118260998913966'
56.077237, 0.324300, 94.285276, 7, 38.208039, alpha='0.0002369466415105335',eta0='0.23473373624583418'
