{
  "mean_cost": 0.19423895769692986,
  "finished_ta_runs": 300,
  "inc_changed": 6,
  "n_configs": 184,
  "submitted_ta_runs": 300,
  "ta_time_used": 186.43517899513245,
  "wallclock_time_used": 251.1934449672699,
  "dataset_id": 14,
  "perf_time": 251.21326375
}