"CPU Time Used","Estimated Training Performance","Wallclock Time","Incumbent ID","Automatic Configurator (CPU) Time","Configuration..."
0.000000, 2147483648.000000, 0.000564, 1, 0.000564, alpha='0.0040824718253228975',eta0='0.00044195488125554607'
0.046938, 0.009400, 0.048282, 1, 0.001344, alpha='0.0040824718253228975',eta0='0.00044195488125554607'
5.270464, 0.008400, 16.808838, 2, 11.538374, alpha='0.00012197837174044758',eta0='0.0031479178909454416'
13.556380, 0.006300, 48.279917, 3, 34.723537, alpha='0.00011799839171307614',eta0='0.0014569808145534389'
