{
  "mean_cost": 0.2238670255763255,
  "finished_ta_runs": 600,
  "inc_changed": 2,
  "n_configs": 591,
  "submitted_ta_runs": 600,
  "ta_time_used": 438.1026198863983,
  "wallclock_time_used": 445.18339014053345,
  "dataset_id": 219,
  "perf_time": 445.208319749996
}