{
  "mean_cost": 0.17702984860546528,
  "finished_ta_runs": 122,
  "inc_changed": 4,
  "n_configs": 92,
  "submitted_ta_runs": 122,
  "ta_time_used": 121.46945595741272,
  "wallclock_time_used": 121.80117201805115,
  "dataset_id": 14
}