"CPU Time Used","Estimated Training Performance","Wallclock Time","Incumbent ID","Automatic Configurator (CPU) Time","Configuration..."
0.000000, 2147483648.000000, 0.000043, 1, 0.000043, alpha='0.001',eta0='0.01'
0.411552, 0.765600, 0.412252, 1, 0.000700, alpha='0.001',eta0='0.01'
2.935163, 0.772100, 2.941315, 2, 0.006152, alpha='0.181986542229818',eta0='0.0022107949138319687'
4.990739, 0.765900, 5.002458, 3, 0.011719, alpha='1.8419909509685855e-05',eta0='0.05046106065359831'
7.907934, 0.758200, 7.927439, 4, 0.019505, alpha='0.002374055867675844',eta0='5.8767874739523716e-05'
24.603299, 0.757700, 24.692881, 5, 0.089582, alpha='0.0001078522055815542',eta0='4.9275829905502194e-05'
115.594091, 0.757200, 116.732344, 6, 1.138253, alpha='0.0003556903802694892',eta0='0.00033771060588662886'
160.211675, 0.757100, 162.325048, 7, 2.113373, alpha='1.7282947351819782e-05',eta0='2.0525549719164e-05'
207.003301, 0.748800, 210.338746, 8, 3.335445, alpha='3.387266184151213e-05',eta0='3.5869029978040834e-05'
