{"cpu_time": 0.0, "wallclock_time": 0.00144195556640625, "evaluations": 0, "cost": 2147483648.0, "incumbent": ["colsample_bytree='0.2890479595400393'", "eta='0.02972240058848022'", "max_depth='1'", "reg_lambda='0.23594281684827217'"], "origin": "Sobol"}
{"cpu_time": 0.029059886932373047, "wallclock_time": 0.03146505355834961, "evaluations": 1, "cost": 0.4902, "incumbent": ["colsample_bytree='0.2890479595400393'", "eta='0.02972240058848022'", "max_depth='1'", "reg_lambda='0.23594281684827217'"], "origin": "Sobol"}
{"cpu_time": 0.3130807876586914, "wallclock_time": 0.317918062210083, "evaluations": 4, "cost": 0.4115, "incumbent": ["colsample_bytree='0.839533680677414'", "eta='0.03178815964339868'", "max_depth='7'", "reg_lambda='260.08137409645684'"], "origin": "Sobol"}
{"cpu_time": 0.8002109527587891, "wallclock_time": 0.8067290782928467, "evaluations": 6, "cost": 0.3307, "incumbent": ["colsample_bytree='1.0'", "eta='0.3'", "max_depth='10'", "reg_lambda='1.0'"], "origin": null}
{"cpu_time": 2.568397283554077, "wallclock_time": 2.5985159873962402, "evaluations": 27, "cost": 0.3289, "incumbent": ["colsample_bytree='0.2529058099724353'", "eta='0.7089042475303222'", "max_depth='10'", "reg_lambda='0.0021408774596134435'"], "origin": "Sobol"}
{"cpu_time": 16.272688388824463, "wallclock_time": 69.59801697731018, "evaluations": 182, "cost": 0.3282, "incumbent": ["colsample_bytree='0.7909534179224761'", "eta='0.3790606050636791'", "max_depth='6'", "reg_lambda='0.0011564019598723136'"], "origin": "Local Search"}
{"cpu_time": 16.761223316192627, "wallclock_time": 71.29271006584167, "evaluations": 188, "cost": 0.3251, "incumbent": ["colsample_bytree='0.6018678327431437'", "eta='0.3759752949050554'", "max_depth='4'", "reg_lambda='0.001169908893103804'"], "origin": "Local Search"}
{"cpu_time": 19.494601726531982, "wallclock_time": 87.27931904792786, "evaluations": 214, "cost": 0.3228, "incumbent": ["colsample_bytree='0.7892203676232921'", "eta='0.3790606050636791'", "max_depth='5'", "reg_lambda='0.0011564019598723136'"], "origin": "Local Search"}
{"cpu_time": 20.127660036087036, "wallclock_time": 89.23140406608582, "evaluations": 220, "cost": 0.3193, "incumbent": ["colsample_bytree='0.5908263933623893'", "eta='0.3759752949050554'", "max_depth='5'", "reg_lambda='0.001169908893103804'"], "origin": "Local Search"}
{"cpu_time": 25.124181032180786, "wallclock_time": 128.3817961215973, "evaluations": 268, "cost": 0.3085, "incumbent": ["colsample_bytree='0.5893911886223311'", "eta='0.37601655245142546'", "max_depth='9'", "reg_lambda='0.0011758246368715327'"], "origin": "Local Search"}
