"CPU Time Used","Estimated Training Performance","Wallclock Time","Incumbent ID","Automatic Configurator (CPU) Time","Configuration..."
0.000000, 2147483648.000000, 0.001487, 1, 0.001487, colsample_bytree='0.3908073678612709',eta='0.02197006114591668',max_depth='1',reg_lambda='0.025956378731779545'
0.291206, 0.317700, 0.293776, 1, 0.002570, colsample_bytree='0.3908073678612709',eta='0.02197006114591668',max_depth='1',reg_lambda='0.025956378731779545'
5.167415, 0.124000, 5.172654, 2, 0.005239, colsample_bytree='0.7864414579235017',eta='0.06876373473778273',max_depth='5',reg_lambda='2.180661802430785'
12.057287, 0.097800, 12.064380, 3, 0.007093, colsample_bytree='1.0',eta='0.3',max_depth='10',reg_lambda='1.0'
149.329957, 0.097800, 165.733648, 4, 16.403691, colsample_bytree='1.0',eta='0.30000000000000004',max_depth='10',reg_lambda='0.8668102308083208'
267.006459, 0.097400, 310.212675, 5, 43.206216, colsample_bytree='1.0',eta='0.30000000000000004',max_depth='10',reg_lambda='0.8667758715760825'
371.295364, 0.097300, 444.383821, 6, 73.088457, colsample_bytree='1.0',eta='0.30000000000000004',max_depth='10',reg_lambda='0.8666443089510093'
629.482708, 0.096700, 820.595575, 7, 191.112867, colsample_bytree='1.0',eta='0.300016308755847',max_depth='10',reg_lambda='0.8666443089510093'
677.305938, 0.095000, 886.955458, 8, 209.649520, colsample_bytree='1.0',eta='0.3000100349454592',max_depth='10',reg_lambda='0.8671742869611838'
