{"cpu_time": 0.0, "wallclock_time": 0.0014872550964355469, "evaluations": 0, "cost": 2147483648.0, "incumbent": {"colsample_bytree": 0.3908073678612709, "eta": 0.02197006114591668, "max_depth": 1, "reg_lambda": 0.025956378731779545}, "budget": 0, "origin": "Sobol"}
{"cpu_time": 0.29120612144470215, "wallclock_time": 0.293776273727417, "evaluations": 1, "cost": 0.3177, "incumbent": {"colsample_bytree": 0.3908073678612709, "eta": 0.02197006114591668, "max_depth": 1, "reg_lambda": 0.025956378731779545}, "budget": 0, "origin": "Sobol"}
{"cpu_time": 5.167414903640747, "wallclock_time": 5.172654151916504, "evaluations": 4, "cost": 0.124, "incumbent": {"colsample_bytree": 0.7864414579235017, "eta": 0.06876373473778273, "max_depth": 5, "reg_lambda": 2.180661802430785}, "budget": 0, "origin": "Sobol"}
{"cpu_time": 12.057287216186523, "wallclock_time": 12.064380168914795, "evaluations": 6, "cost": 0.0978, "incumbent": {"colsample_bytree": 1.0, "eta": 0.3, "max_depth": 10, "reg_lambda": 1.0}, "budget": 0, "origin": null}
{"cpu_time": 149.32995700836182, "wallclock_time": 165.7336483001709, "evaluations": 82, "cost": 0.0978, "incumbent": {"colsample_bytree": 1.0, "eta": 0.30000000000000004, "max_depth": 10, "reg_lambda": 0.8668102308083208}, "budget": 0, "origin": "Local Search"}
{"cpu_time": 267.00645899772644, "wallclock_time": 310.2126750946045, "evaluations": 122, "cost": 0.0974, "incumbent": {"colsample_bytree": 1.0, "eta": 0.30000000000000004, "max_depth": 10, "reg_lambda": 0.8667758715760825}, "budget": 0, "origin": "Local Search"}
{"cpu_time": 371.2953636646271, "wallclock_time": 444.3838210105896, "evaluations": 158, "cost": 0.0973, "incumbent": {"colsample_bytree": 1.0, "eta": 0.30000000000000004, "max_depth": 10, "reg_lambda": 0.8666443089510093}, "budget": 0, "origin": "Local Search"}
{"cpu_time": 629.4827077388763, "wallclock_time": 820.595575094223, "evaluations": 255, "cost": 0.0967, "incumbent": {"colsample_bytree": 1.0, "eta": 0.300016308755847, "max_depth": 10, "reg_lambda": 0.8666443089510093}, "budget": 0, "origin": "Local Search"}
{"cpu_time": 677.3059384822845, "wallclock_time": 886.9554581642151, "evaluations": 272, "cost": 0.095, "incumbent": {"colsample_bytree": 1.0, "eta": 0.3000100349454592, "max_depth": 10, "reg_lambda": 0.8671742869611838}, "budget": 0, "origin": "Local Search"}
