{
  "mean_cost": 0.45106785259846266,
  "finished_ta_runs": 300,
  "inc_changed": 4,
  "n_configs": 184,
  "submitted_ta_runs": 300,
  "ta_time_used": 54.42699384689331,
  "wallclock_time_used": 165.65663266181946,
  "dataset_id": 167141,
  "perf_time": 165.68635445799737
}