"CPU Time Used","Estimated Training Performance","Wallclock Time","Incumbent ID","Automatic Configurator (CPU) Time","Configuration..."
0.000000, 2147483648.000000, 0.001396, 1, 0.001396, alpha='0.0004126639093412234',eta0='0.0017613324954003418'
3.154887, 0.707200, 3.157280, 1, 0.002393, alpha='0.0004126639093412234',eta0='0.0017613324954003418'
72.162028, 0.702800, 72.187586, 2, 0.025558, alpha='0.00014331222076014103',eta0='0.0006285756509200554'
119.236806, 0.701700, 119.283847, 3, 0.047041, alpha='0.00010552133485562857',eta0='0.004699384441638126'
166.300253, 0.701500, 168.165370, 4, 1.865117, alpha='0.00010174951798535068',eta0='0.0047494678681385466'
388.651762, 0.701400, 402.843978, 5, 14.192216, alpha='8.512167589971733e-05',eta0='0.00477759457779776'
548.424492, 0.701300, 571.038458, 6, 22.613966, alpha='1.0846386039602527e-05',eta0='0.005175688555344155'
595.390818, 0.699400, 620.081916, 7, 24.691098, alpha='1.0740345141623542e-05',eta0='0.0022355175732692973'
620.382054, 0.699200, 645.480005, 8, 25.097951, alpha='1.0740345141623542e-05',eta0='0.003184884238865979'
