"CPU Time Used","Estimated Training Performance","Wallclock Time","Incumbent ID","Automatic Configurator (CPU) Time","Configuration..."
0.000000, 2147483648.000000, 0.000037, 1, 0.000037, alpha='0.001',eta0='0.01'
5.566785, 0.093200, 5.567564, 1, 0.000779, alpha='0.001',eta0='0.01'
55.770299, 0.084800, 55.783331, 2, 0.013032, alpha='0.01706942529044376',eta0='0.0004888683437126603'
1597.271480, 0.084300, 1599.256191, 3, 1.984711, alpha='0.010629273180887164',eta0='0.0010056891624470696'
