{"cpu_time": 0.0, "wallclock_time": 0.0015959739685058594, "evaluations": 0, "cost": 2147483648.0, "incumbent": {"max_depth": 6, "max_features": 0.3290755869820714, "min_samples_leaf": 11, "min_samples_split": 2}, "budget": 0, "origin": "Sobol"}
{"cpu_time": 0.14028525352478027, "wallclock_time": 0.14287781715393066, "evaluations": 1, "cost": 0.0596, "incumbent": {"max_depth": 6, "max_features": 0.3290755869820714, "min_samples_leaf": 11, "min_samples_split": 2}, "budget": 0, "origin": "Sobol"}
{"cpu_time": 4.858083724975586, "wallclock_time": 4.8686089515686035, "evaluations": 10, "cost": 0.0736, "incumbent": {"max_depth": 18, "max_features": 0.9707894120365381, "min_samples_leaf": 5, "min_samples_split": 26}, "budget": 0, "origin": "Sobol"}
{"cpu_time": 5.672097682952881, "wallclock_time": 5.687546968460083, "evaluations": 14, "cost": 0.0564, "incumbent": {"max_depth": 10, "max_features": 0.5, "min_samples_leaf": 1, "min_samples_split": 32}, "budget": 0, "origin": null}
{"cpu_time": 7.207711458206177, "wallclock_time": 7.234487056732178, "evaluations": 24, "cost": 0.0317, "incumbent": {"max_depth": 14, "max_features": 0.1785462163388729, "min_samples_leaf": 2, "min_samples_split": 10}, "budget": 0, "origin": "Sobol"}
{"cpu_time": 15.480900287628174, "wallclock_time": 16.150001764297485, "evaluations": 62, "cost": 0.0222, "incumbent": {"max_depth": 50, "max_features": 0.5813858349663391, "min_samples_leaf": 3, "min_samples_split": 15}, "budget": 0, "origin": "Random Search (sorted)"}
{"cpu_time": 27.675610303878784, "wallclock_time": 43.7262909412384, "evaluations": 103, "cost": 0.0169, "incumbent": {"max_depth": 47, "max_features": 0.7402813108312253, "min_samples_leaf": 3, "min_samples_split": 10}, "budget": 0, "origin": "Local Search"}
{"cpu_time": 30.475799322128296, "wallclock_time": 47.83378195762634, "evaluations": 110, "cost": 0.0115, "incumbent": {"max_depth": 48, "max_features": 0.737779509887472, "min_samples_leaf": 2, "min_samples_split": 7}, "budget": 0, "origin": "Local Search"}
{"cpu_time": 33.0177264213562, "wallclock_time": 50.39049792289734, "evaluations": 115, "cost": 0.01, "incumbent": {"max_depth": 47, "max_features": 0.7369266089598361, "min_samples_leaf": 1, "min_samples_split": 9}, "budget": 0, "origin": "Local Search"}
{"cpu_time": 68.53283715248108, "wallclock_time": 111.29650807380676, "evaluations": 187, "cost": 0.0095, "incumbent": {"max_depth": 46, "max_features": 0.7374217238385402, "min_samples_leaf": 1, "min_samples_split": 8}, "budget": 0, "origin": "Local Search"}
