{
  "mean_cost": 0.4331916633658371,
  "finished_ta_runs": 300,
  "inc_changed": 9,
  "n_configs": 186,
  "submitted_ta_runs": 300,
  "ta_time_used": 67.07730984687805,
  "wallclock_time_used": 142.88828086853027,
  "dataset_id": 9978,
  "perf_time": 142.89896562499962
}