{"cpu_time": 0.0, "wallclock_time": 3.790855407714844e-05, "evaluations": 0, "cost": 2147483648.0, "incumbent": {"C": 1.0, "gamma": 0.1}, "budget": 0, "origin": "Default"}
{"cpu_time": 4.188133955001831, "wallclock_time": 4.189320802688599, "evaluations": 1, "cost": 0.1484, "incumbent": {"C": 1.0, "gamma": 0.1}, "budget": 0, "origin": "Default"}
