"CPU Time Used","Estimated Training Performance","Wallclock Time","Incumbent ID","Automatic Configurator (CPU) Time","Configuration..."
0.000000, 2147483648.000000, 0.001721, 1, 0.001721, colsample_bytree='0.2890479595400393',eta='0.02972240058848022',max_depth='1',reg_lambda='0.23594281684827217'
0.545952, 0.278700, 0.548868, 1, 0.002916, colsample_bytree='0.2890479595400393',eta='0.02972240058848022',max_depth='1',reg_lambda='0.23594281684827217'
13.772011, 0.178700, 13.778123, 2, 0.006112, colsample_bytree='0.839533680677414',eta='0.03178815964339868',max_depth='7',reg_lambda='260.08137409645684'
23.794387, 0.089600, 23.803641, 3, 0.009254, colsample_bytree='1.0',eta='0.3',max_depth='10',reg_lambda='1.0'
43.287093, 0.083100, 43.308130, 4, 0.021037, colsample_bytree='0.5235572370700539',eta='0.1863242307845216',max_depth='3',reg_lambda='4.4461461740589225'
106.723278, 0.074800, 106.803281, 5, 0.080003, colsample_bytree='0.14388876901939512',eta='0.011121334227289502',max_depth='8',reg_lambda='1.3793522611585929'
154.106168, 0.066500, 155.531238, 6, 1.425071, colsample_bytree='0.10582832207588519',eta='0.012994498693739793',max_depth='10',reg_lambda='0.43221090363075026'
171.045024, 0.064500, 174.182876, 7, 3.137852, colsample_bytree='0.1098130953065012',eta='0.03910087050186224',max_depth='10',reg_lambda='0.247740867259685'
238.076189, 0.060300, 260.630217, 8, 22.554029, colsample_bytree='0.10709268663964883',eta='0.04012949957327697',max_depth='8',reg_lambda='0.5567238707438297'
