{"cpu_time": 0.0, "wallclock_time": 0.0017211437225341797, "evaluations": 0, "cost": 2147483648.0, "incumbent": ["colsample_bytree='0.2890479595400393'", "eta='0.02972240058848022'", "max_depth='1'", "reg_lambda='0.23594281684827217'"], "origin": "Sobol"}
{"cpu_time": 0.5459518432617188, "wallclock_time": 0.5488681793212891, "evaluations": 1, "cost": 0.2787, "incumbent": ["colsample_bytree='0.2890479595400393'", "eta='0.02972240058848022'", "max_depth='1'", "reg_lambda='0.23594281684827217'"], "origin": "Sobol"}
{"cpu_time": 13.772010803222656, "wallclock_time": 13.778123140335083, "evaluations": 4, "cost": 0.1787, "incumbent": ["colsample_bytree='0.839533680677414'", "eta='0.03178815964339868'", "max_depth='7'", "reg_lambda='260.08137409645684'"], "origin": "Sobol"}
{"cpu_time": 23.794386625289917, "wallclock_time": 23.803641080856323, "evaluations": 6, "cost": 0.0896, "incumbent": ["colsample_bytree='1.0'", "eta='0.3'", "max_depth='10'", "reg_lambda='1.0'"], "origin": null}
{"cpu_time": 43.28709292411804, "wallclock_time": 43.30813026428223, "evaluations": 13, "cost": 0.0831, "incumbent": ["colsample_bytree='0.5235572370700539'", "eta='0.1863242307845216'", "max_depth='3'", "reg_lambda='4.4461461740589225'"], "origin": "Sobol"}
{"cpu_time": 106.72327780723572, "wallclock_time": 106.80328130722046, "evaluations": 43, "cost": 0.0748, "incumbent": ["colsample_bytree='0.14388876901939512'", "eta='0.011121334227289502'", "max_depth='8'", "reg_lambda='1.3793522611585929'"], "origin": "Sobol"}
{"cpu_time": 154.10616755485535, "wallclock_time": 155.53123831748962, "evaluations": 65, "cost": 0.0665, "incumbent": ["colsample_bytree='0.10582832207588519'", "eta='0.012994498693739793'", "max_depth='10'", "reg_lambda='0.43221090363075026'"], "origin": "Local Search"}
{"cpu_time": 171.045024394989, "wallclock_time": 174.18287634849548, "evaluations": 75, "cost": 0.0645, "incumbent": ["colsample_bytree='0.1098130953065012'", "eta='0.03910087050186224'", "max_depth='10'", "reg_lambda='0.247740867259685'"], "origin": "Local Search"}
{"cpu_time": 238.07618880271912, "wallclock_time": 260.6302173137665, "evaluations": 111, "cost": 0.0603, "incumbent": ["colsample_bytree='0.10709268663964883'", "eta='0.04012949957327697'", "max_depth='8'", "reg_lambda='0.5567238707438297'"], "origin": "Local Search"}
