"CPU Time Used","Estimated Training Performance","Wallclock Time","Incumbent ID","Automatic Configurator (CPU) Time","Configuration..."
0.000000, 2147483648.000000, 0.001476, 1, 0.001476, colsample_bytree='0.569966175314039',eta='0.009556882986489993',max_depth='3',reg_lambda='0.0020776820882921045'
0.033705, 0.309100, 0.036136, 1, 0.002431, colsample_bytree='0.569966175314039',eta='0.009556882986489993',max_depth='3',reg_lambda='0.0020776820882921045'
0.286850, 0.195400, 0.293996, 2, 0.007146, colsample_bytree='0.3878000834956765',eta='0.004721681612948408',max_depth='10',reg_lambda='0.09654112415362535'
1.007091, 0.173200, 1.036257, 3, 0.029166, colsample_bytree='0.6345239883288741',eta='0.33181775125056084',max_depth='2',reg_lambda='0.043291333432912055'
2.749565, 0.167000, 5.542936, 4, 2.793371, colsample_bytree='0.8290893656289912',eta='0.04669079890038942',max_depth='7',reg_lambda='0.1129203012214823'
8.647864, 0.162800, 109.289875, 5, 100.642012, colsample_bytree='0.4797420191246323',eta='0.5356771392794027',max_depth='2',reg_lambda='0.0011278044355899628'
10.594110, 0.162700, 148.271626, 6, 137.677516, colsample_bytree='0.46808504015505403',eta='0.5360049984652847',max_depth='2',reg_lambda='0.0010266721815712708'
