"CPU Time Used","Estimated Training Performance","Wallclock Time","Incumbent ID","Automatic Configurator (CPU) Time","Configuration..."
0.000000, 2147483648.000000, 0.000583, 1, 0.000583, alpha='0.0004126639093412234',eta0='0.0017613324954003418'
1.566208, 0.407800, 1.567772, 1, 0.001564, alpha='0.0004126639093412234',eta0='0.0017613324954003418'
29.374280, 0.413900, 29.394166, 2, 0.019886, alpha='1.3751027885583958e-05',eta0='0.0001426968473177047'
37.125674, 0.408400, 37.153505, 3, 0.027831, alpha='0.001',eta0='0.01'
304.424404, 0.405400, 347.701851, 4, 43.277447, alpha='1.3799490561924083e-05',eta0='4.1841317756485933e-05'
358.228027, 0.404700, 409.529049, 5, 51.301022, alpha='2.9717060912819392e-05',eta0='1.491324041817596e-05'
428.209752, 0.399000, 491.585751, 6, 63.375999, alpha='1.378505944111679e-05',eta0='4.244495815489313e-05'
441.622431, 0.391600, 505.807840, 7, 64.185409, alpha='1.162217428097565e-05',eta0='4.237457706878489e-05'
