{"cpu_time": 0.0, "wallclock_time": 0.0015192031860351562, "evaluations": 0, "cost": 2147483648.0, "incumbent": {"colsample_bytree": 0.2890479595400393, "eta": 0.02972240058848022, "max_depth": 1, "reg_lambda": 0.23594281684827217}, "budget": 0, "origin": "Sobol"}
{"cpu_time": 0.034034013748168945, "wallclock_time": 0.036539316177368164, "evaluations": 1, "cost": 0.4924, "incumbent": {"colsample_bytree": 0.2890479595400393, "eta": 0.02972240058848022, "max_depth": 1, "reg_lambda": 0.23594281684827217}, "budget": 0, "origin": "Sobol"}
{"cpu_time": 0.33495163917541504, "wallclock_time": 0.3399941921234131, "evaluations": 4, "cost": 0.0967, "incumbent": {"colsample_bytree": 0.839533680677414, "eta": 0.03178815964339868, "max_depth": 7, "reg_lambda": 260.08137409645684}, "budget": 0, "origin": "Sobol"}
{"cpu_time": 0.7199749946594238, "wallclock_time": 0.7267501354217529, "evaluations": 6, "cost": 0.0786, "incumbent": {"colsample_bytree": 1.0, "eta": 0.3, "max_depth": 10, "reg_lambda": 1.0}, "budget": 0, "origin": null}
{"cpu_time": 1.479442834854126, "wallclock_time": 1.4927361011505127, "evaluations": 13, "cost": 0.0745, "incumbent": {"colsample_bytree": 0.5235572370700539, "eta": 0.1863242307845216, "max_depth": 3, "reg_lambda": 4.4461461740589225}, "budget": 0, "origin": "Sobol"}
{"cpu_time": 2.784421920776367, "wallclock_time": 2.813052177429199, "evaluations": 25, "cost": 0.0716, "incumbent": {"colsample_bytree": 0.743421717081219, "eta": 0.01491763576543679, "max_depth": 5, "reg_lambda": 0.0763116896200529}, "budget": 0, "origin": "Sobol"}
{"cpu_time": 5.3641674518585205, "wallclock_time": 5.427000045776367, "evaluations": 46, "cost": 0.0618, "incumbent": {"colsample_bytree": 0.9626267466694116, "eta": 0.003064948183665385, "max_depth": 9, "reg_lambda": 0.36227426258698386}, "budget": 0, "origin": "Sobol"}
