"CPU Time Used","Estimated Training Performance","Wallclock Time","Incumbent ID","Automatic Configurator (CPU) Time","Configuration..."
0.000000, 2147483648.000000, 0.001519, 1, 0.001519, colsample_bytree='0.2890479595400393',eta='0.02972240058848022',max_depth='1',reg_lambda='0.23594281684827217'
0.034034, 0.492400, 0.036539, 1, 0.002505, colsample_bytree='0.2890479595400393',eta='0.02972240058848022',max_depth='1',reg_lambda='0.23594281684827217'
0.334952, 0.096700, 0.339994, 2, 0.005043, colsample_bytree='0.839533680677414',eta='0.03178815964339868',max_depth='7',reg_lambda='260.08137409645684'
0.719975, 0.078600, 0.726750, 3, 0.006775, colsample_bytree='1.0',eta='0.3',max_depth='10',reg_lambda='1.0'
1.479443, 0.074500, 1.492736, 4, 0.013293, colsample_bytree='0.5235572370700539',eta='0.1863242307845216',max_depth='3',reg_lambda='4.4461461740589225'
2.784422, 0.071600, 2.813052, 5, 0.028630, colsample_bytree='0.743421717081219',eta='0.01491763576543679',max_depth='5',reg_lambda='0.0763116896200529'
5.364167, 0.061800, 5.427000, 6, 0.062833, colsample_bytree='0.9626267466694116',eta='0.003064948183665385',max_depth='9',reg_lambda='0.36227426258698386'
