"CPU Time Used","Estimated Training Performance","Wallclock Time","Incumbent ID","Automatic Configurator (CPU) Time","Configuration..."
0.000000, 2147483648.000000, 0.000048, 1, 0.000048, colsample_bytree='1.0',eta='0.3',max_depth='10',reg_lambda='1.0'
0.639740, 0.148700, 0.640441, 1, 0.000701, colsample_bytree='1.0',eta='0.3',max_depth='10',reg_lambda='1.0'
10.474318, 0.148000, 10.570285, 2, 0.095967, colsample_bytree='0.571589522519538',eta='0.08262385826491966',max_depth='5',reg_lambda='0.036139403556027405'
14.316255, 0.147500, 14.445110, 3, 0.128855, colsample_bytree='0.7245390258860079',eta='0.11440896379899365',max_depth='9',reg_lambda='0.4587005794376118'
16.536110, 0.144600, 16.712022, 4, 0.175912, colsample_bytree='0.8860506831503626',eta='0.11799651200598578',max_depth='3',reg_lambda='0.007368398965618734'
19.182503, 0.143500, 19.407384, 5, 0.224881, colsample_bytree='0.9499953440954768',eta='0.17845640363371176',max_depth='6',reg_lambda='0.0634706678544993'
22.842552, 0.143100, 23.156603, 6, 0.314052, colsample_bytree='0.9191040034798703',eta='0.10823997610457474',max_depth='4',reg_lambda='22.586715098504314'
25.053619, 0.140700, 25.393657, 7, 0.340038, colsample_bytree='0.6547741510626616',eta='0.3427325603085656',max_depth='9',reg_lambda='0.0030339388056100356'
95.744187, 0.138600, 100.833573, 8, 5.089386, colsample_bytree='0.9930389578482807',eta='0.06973130009516479',max_depth='5',reg_lambda='0.2983628011970694'
