{
  "mean_cost": 0.07733133577713669,
  "finished_ta_runs": 1,
  "inc_changed": 1,
  "n_configs": 1,
  "submitted_ta_runs": 1,
  "ta_time_used": 0.11422491073608398,
  "wallclock_time_used": 0.11575865745544434,
  "dataset_id": 3,
  "perf_time": 0.12294650000012552
}