{
  "data": [
    [
      [
        1,
        null,
        379248293,
        0.0
      ],
      [
        0.06205687830687834,
        0.07742691040039062,
        {
          "__enum__": "StatusType.SUCCESS"
        },
        1674410377.722035,
        1674410377.799466,
        {}
      ]
    ]
  ],
  "config_origins": {
    "1": "Sobol"
  },
  "configs": {
    "1": {
      "max_depth": 2,
      "max_features": 0.4491682695224881,
      "min_samples_leaf": 1,
      "min_samples_split": 4
    }
  }
}