{"cpu_time": 0.0, "wallclock_time": 3.981590270996094e-05, "evaluations": 0, "cost": 2147483648.0, "incumbent": ["C='1.0'", "gamma='0.1'"], "origin": "Default"}
{"cpu_time": 0.14223933219909668, "wallclock_time": 0.14290690422058105, "evaluations": 1, "cost": 0.019, "incumbent": ["C='1.0'", "gamma='0.1'"], "origin": "Default"}
