"CPU Time Used","Estimated Training Performance","Wallclock Time","Incumbent ID","Automatic Configurator (CPU) Time","Configuration..."
0.000000, 2147483648.000000, 0.000535, 1, 0.000535, C='0.017961675793542162',gamma='0.9046232030638993'
0.036073, 0.500000, 0.037285, 1, 0.001212, C='0.017961675793542162',gamma='0.9046232030638993'
