{
  "mean_cost": 0.4160146483371473,
  "finished_ta_runs": 151,
  "inc_changed": 6,
  "n_configs": 89,
  "submitted_ta_runs": 151,
  "ta_time_used": 39.22502422332764,
  "wallclock_time_used": 60.32941198348999,
  "dataset_id": 3903
}