"CPU Time Used","Estimated Training Performance","Wallclock Time","Incumbent ID","Automatic Configurator (CPU) Time","Configuration..."
0.000000, 2147483648.000000, 0.000601, 1, 0.000601, alpha='0.0040824718253228975',eta0='0.00044195488125554607'
0.392639, 0.422900, 0.394123, 1, 0.001484, alpha='0.0040824718253228975',eta0='0.00044195488125554607'
17.405934, 0.454900, 20.888761, 2, 3.482827, alpha='0.03936504242303858',eta0='3.8098014805951116e-05'
65.312007, 0.451000, 102.495172, 3, 37.183166, alpha='0.00011413780285889317',eta0='0.012230912383115317'
75.481908, 0.449000, 120.983441, 4, 45.501534, alpha='0.00012765148791932422',eta0='0.012247597136294478'
