"CPU Time Used","Estimated Training Performance","Wallclock Time","Incumbent ID","Automatic Configurator (CPU) Time","Configuration..."
0.000000, 2147483648.000000, 0.001548, 1, 0.001548, colsample_bytree='0.3908073678612709',eta='0.02197006114591668',max_depth='1',reg_lambda='0.025956378731779545'
0.433904, 0.199100, 0.436473, 1, 0.002569, colsample_bytree='0.3908073678612709',eta='0.02197006114591668',max_depth='1',reg_lambda='0.025956378731779545'
7.702698, 0.011500, 7.707902, 2, 0.005204, colsample_bytree='0.7864414579235017',eta='0.06876373473778273',max_depth='5',reg_lambda='2.180661802430785'
52.399472, 0.010600, 52.434699, 3, 0.035227, colsample_bytree='0.34836309412494304',eta='0.26655395384050556',max_depth='6',reg_lambda='0.1036182343546856'
116.898139, 0.009900, 118.691055, 4, 1.792916, colsample_bytree='0.3537433008995423',eta='0.5803874008367196',max_depth='4',reg_lambda='0.01011521300524798'
122.437234, 0.009800, 124.242127, 5, 1.804893, colsample_bytree='0.3509764290045766',eta='0.5287400440727954',max_depth='4',reg_lambda='0.006833913776581765'
128.510116, 0.009100, 130.326218, 6, 1.816102, colsample_bytree='0.35057247152404314',eta='0.4299821282759861',max_depth='4',reg_lambda='0.006780272916087281'
157.310526, 0.008200, 169.921694, 7, 12.611168, colsample_bytree='0.35065845102962734',eta='0.3878033409767116',max_depth='4',reg_lambda='0.006760726710844453'
288.563669, 0.008100, 367.479158, 8, 78.915489, colsample_bytree='0.3560645261659112',eta='0.38622964359740486',max_depth='4',reg_lambda='0.005894586490910724'
