{"cpu_time": 0.0, "wallclock_time": 0.0015478134155273438, "evaluations": 0, "cost": 2147483648.0, "incumbent": {"colsample_bytree": 0.3908073678612709, "eta": 0.02197006114591668, "max_depth": 1, "reg_lambda": 0.025956378731779545}, "budget": 0, "origin": "Sobol"}
{"cpu_time": 0.43390393257141113, "wallclock_time": 0.43647289276123047, "evaluations": 1, "cost": 0.1991, "incumbent": {"colsample_bytree": 0.3908073678612709, "eta": 0.02197006114591668, "max_depth": 1, "reg_lambda": 0.025956378731779545}, "budget": 0, "origin": "Sobol"}
{"cpu_time": 7.702697992324829, "wallclock_time": 7.707901954650879, "evaluations": 4, "cost": 0.0115, "incumbent": {"colsample_bytree": 0.7864414579235017, "eta": 0.06876373473778273, "max_depth": 5, "reg_lambda": 2.180661802430785}, "budget": 0, "origin": "Sobol"}
{"cpu_time": 52.39947175979614, "wallclock_time": 52.434699058532715, "evaluations": 27, "cost": 0.0106, "incumbent": {"colsample_bytree": 0.34836309412494304, "eta": 0.26655395384050556, "max_depth": 6, "reg_lambda": 0.1036182343546856}, "budget": 0, "origin": "Sobol"}
{"cpu_time": 116.89813876152039, "wallclock_time": 118.6910548210144, "evaluations": 63, "cost": 0.0099, "incumbent": {"colsample_bytree": 0.3537433008995423, "eta": 0.5803874008367196, "max_depth": 4, "reg_lambda": 0.01011521300524798}, "budget": 0, "origin": "Local Search"}
{"cpu_time": 122.4372341632843, "wallclock_time": 124.24212694168091, "evaluations": 68, "cost": 0.0098, "incumbent": {"colsample_bytree": 0.3509764290045766, "eta": 0.5287400440727954, "max_depth": 4, "reg_lambda": 0.006833913776581765}, "budget": 0, "origin": "Local Search"}
{"cpu_time": 128.51011633872986, "wallclock_time": 130.32621812820435, "evaluations": 73, "cost": 0.0091, "incumbent": {"colsample_bytree": 0.35057247152404314, "eta": 0.4299821282759861, "max_depth": 4, "reg_lambda": 0.006780272916087281}, "budget": 0, "origin": "Local Search"}
{"cpu_time": 157.3105263710022, "wallclock_time": 169.92169404029846, "evaluations": 97, "cost": 0.0082, "incumbent": {"colsample_bytree": 0.35065845102962734, "eta": 0.3878033409767116, "max_depth": 4, "reg_lambda": 0.006760726710844453}, "budget": 0, "origin": "Local Search"}
{"cpu_time": 288.56366896629333, "wallclock_time": 367.4791581630707, "evaluations": 196, "cost": 0.0081, "incumbent": {"colsample_bytree": 0.3560645261659112, "eta": 0.38622964359740486, "max_depth": 4, "reg_lambda": 0.005894586490910724}, "budget": 0, "origin": "Local Search"}
