"CPU Time Used","Estimated Training Performance","Wallclock Time","Incumbent ID","Automatic Configurator (CPU) Time","Configuration..."
0.000000, 2147483648.000000, 0.000537, 1, 0.000537, C='0.08611366210550205',gamma='0.4942679928374453'
0.013015, 0.800000, 0.014262, 1, 0.001247, C='0.08611366210550205',gamma='0.4942679928374453'
0.132277, 0.591900, 0.138523, 2, 0.006246, C='69.38389384208695',gamma='0.0015531477828170245'
0.601601, 0.586800, 1.146827, 3, 0.545226, C='11.402408910344679',gamma='0.001618810870565649'
