"CPU Time Used","Estimated Training Performance","Wallclock Time","Incumbent ID","Automatic Configurator (CPU) Time","Configuration..."
0.000000, 2147483648.000000, 0.000565, 1, 0.000565, alpha='0.0004126639093412234',eta0='0.0017613324954003418'
0.215760, 0.333200, 0.217102, 1, 0.001342, alpha='0.0004126639093412234',eta0='0.0017613324954003418'
2.678266, 0.331100, 2.689875, 2, 0.011609, alpha='1.3751027885583958e-05',eta0='0.0001426968473177047'
