"CPU Time Used","Estimated Training Performance","Wallclock Time","Incumbent ID","Automatic Configurator (CPU) Time","Configuration..."
0.000000, 2147483648.000000, 0.001422, 1, 0.001422, colsample_bytree='0.569966175314039',eta='0.009556882986489993',max_depth='3',reg_lambda='0.0020776820882921045'
1.513004, 0.070500, 1.515391, 1, 0.002387, colsample_bytree='0.569966175314039',eta='0.009556882986489993',max_depth='3',reg_lambda='0.0020776820882921045'
18.506556, 0.012900, 18.514212, 2, 0.007656, colsample_bytree='0.3878000834956765',eta='0.004721681612948408',max_depth='10',reg_lambda='0.09654112415362535'
46.405002, 0.009700, 46.424772, 3, 0.019770, colsample_bytree='0.5071276918053628',eta='0.18054041228993647',max_depth='4',reg_lambda='0.7014077911957106'
154.109509, 0.009300, 165.153695, 4, 11.044186, colsample_bytree='0.5088315168208086',eta='0.18456950245660544',max_depth='6',reg_lambda='0.7018121245837636'
230.418551, 0.009100, 254.701472, 5, 24.282921, colsample_bytree='0.5088315168208086',eta='0.18456950245660544',max_depth='7',reg_lambda='0.7018121245837636'
422.300689, 0.009100, 496.575891, 6, 74.275203, colsample_bytree='0.5151997646100731',eta='0.18546127468237225',max_depth='7',reg_lambda='0.921776442722628'
507.995953, 0.009000, 605.247772, 7, 97.251819, colsample_bytree='0.5151745405053528',eta='0.18456950245660544',max_depth='7',reg_lambda='0.9642378773926611'
