"CPU Time Used","Estimated Training Performance","Wallclock Time","Incumbent ID","Automatic Configurator (CPU) Time","Configuration..."
0.000000, 2147483648.000000, 0.000738, 1, 0.000738, alpha='0.00011227070295712931',eta0='0.0029096933833365197'
2.730740, 0.247700, 2.732460, 1, 0.001720, alpha='0.00011227070295712931',eta0='0.0029096933833365197'
203.863224, 0.245500, 215.043441, 2, 11.180217, alpha='0.00010963991728367726',eta0='0.0026877266761694127'
238.341245, 0.245000, 250.796286, 3, 12.455041, alpha='0.00010822979569217018',eta0='0.0007361817484472109'
369.572960, 0.243400, 398.026949, 4, 28.453989, alpha='0.00010809880237423564',eta0='0.00037981731329639193'
533.810716, 0.243300, 583.318549, 5, 49.507833, alpha='0.00011641745253144948',eta0='0.000369953525615438'
609.452302, 0.242600, 668.105891, 6, 58.653589, alpha='0.0002260702545583054',eta0='0.0003796391093658073'
783.645404, 0.242400, 863.475909, 7, 79.830505, alpha='0.00022143971671896164',eta0='0.0003894395517150829'
