{
  "mean_cost": 0.4774830839811297,
  "finished_ta_runs": 300,
  "inc_changed": 7,
  "n_configs": 173,
  "submitted_ta_runs": 300,
  "ta_time_used": 43.96154165267944,
  "wallclock_time_used": 89.60526895523071,
  "dataset_id": 9978,
  "perf_time": 89.61478804099897
}