{"cpu_time": 0.0, "wallclock_time": 0.0015342235565185547, "evaluations": 0, "cost": 2147483648.0, "incumbent": {"max_depth": 2, "max_features": 0.4491682695224881, "min_samples_leaf": 1, "min_samples_split": 4}, "budget": 0, "origin": "Sobol"}
{"cpu_time": 0.08139967918395996, "wallclock_time": 0.08386611938476562, "evaluations": 1, "cost": 0.6291, "incumbent": {"max_depth": 2, "max_features": 0.4491682695224881, "min_samples_leaf": 1, "min_samples_split": 4}, "budget": 0, "origin": "Sobol"}
{"cpu_time": 0.3111295700073242, "wallclock_time": 0.3161952495574951, "evaluations": 4, "cost": 0.3914, "incumbent": {"max_depth": 17, "max_features": 0.6137791713699698, "min_samples_leaf": 16, "min_samples_split": 18}, "budget": 0, "origin": "Sobol"}
{"cpu_time": 1.4781382083892822, "wallclock_time": 1.4968042373657227, "evaluations": 17, "cost": 0.3586, "incumbent": {"max_depth": 7, "max_features": 0.8544756416231394, "min_samples_leaf": 3, "min_samples_split": 9}, "budget": 0, "origin": "Sobol"}
{"cpu_time": 7.331601619720459, "wallclock_time": 13.505847215652466, "evaluations": 82, "cost": 0.3439, "incumbent": {"max_depth": 8, "max_features": 0.7563594542595717, "min_samples_leaf": 3, "min_samples_split": 9}, "budget": 0, "origin": "Local Search"}
