{
  "mean_cost": 0.4642792932943951,
  "finished_ta_runs": 277,
  "inc_changed": 6,
  "n_configs": 230,
  "submitted_ta_runs": 277,
  "ta_time_used": 118.65906858444214,
  "wallclock_time_used": 120.08633017539978,
  "dataset_id": 9978
}