"CPU Time Used","Estimated Training Performance","Wallclock Time","Incumbent ID","Automatic Configurator (CPU) Time","Configuration..."
0.000000, 2147483648.000000, 0.000577, 1, 0.000577, C='0.017961675793542162',gamma='0.9046232030638993'
1.304398, 0.900000, 1.305926, 1, 0.001528, C='0.017961675793542162',gamma='0.9046232030638993'
10.464282, 0.213000, 10.474036, 2, 0.009754, C='12.958180650233897',gamma='0.01207858159167579'
18.804299, 0.006400, 18.829446, 3, 0.025147, C='0.7731863785266639',gamma='0.0012442315522724887'
42.894872, 0.005600, 43.225483, 4, 0.330611, C='50.16305032002843',gamma='0.0012511107174579528'
