{
  "mean_cost": 0.23300134331800593,
  "finished_ta_runs": 1,
  "inc_changed": 1,
  "n_configs": 1,
  "submitted_ta_runs": 1,
  "ta_time_used": 0.6930780410766602,
  "wallclock_time_used": 0.6945111751556396,
  "dataset_id": 146822,
  "perf_time": 0.7022033749999537
}