"CPU Time Used","Estimated Training Performance","Wallclock Time","Incumbent ID","Automatic Configurator (CPU) Time","Configuration..."
0.000000, 2147483648.000000, 0.001494, 1, 0.001494, colsample_bytree='0.569966175314039',eta='0.009556882986489993',max_depth='3',reg_lambda='0.0020776820882921045'
0.019290, 0.244000, 0.021752, 1, 0.002462, colsample_bytree='0.569966175314039',eta='0.009556882986489993',max_depth='3',reg_lambda='0.0020776820882921045'
0.452368, 0.237500, 0.475324, 2, 0.022955, colsample_bytree='0.9743220077827572',eta='0.03215823859983448',max_depth='3',reg_lambda='37.018102682862704'
1.060725, 0.214700, 1.117115, 3, 0.056389, colsample_bytree='0.46471868744120004',eta='0.04531833485224128',max_depth='8',reg_lambda='10.969131718430708'
1.766839, 0.210500, 3.087096, 4, 1.320257, colsample_bytree='0.4021934702490031',eta='0.16301223566442158',max_depth='10',reg_lambda='57.05398226384933'
2.217820, 0.207100, 7.110934, 5, 4.893114, colsample_bytree='0.4573515832810693',eta='0.09584093697139191',max_depth='8',reg_lambda='41.603423361824376'
2.526779, 0.198900, 9.083314, 6, 6.556535, colsample_bytree='0.4552238670646014',eta='0.09443905959744527',max_depth='10',reg_lambda='40.27702656750905'
8.547970, 0.195200, 74.392557, 7, 65.844587, colsample_bytree='0.6551987324504849',eta='0.12994697353346446',max_depth='9',reg_lambda='56.93718853641315'
