{
  "mean_cost": 0.30455458193703366,
  "finished_ta_runs": 59,
  "inc_changed": 4,
  "n_configs": 41,
  "submitted_ta_runs": 59,
  "ta_time_used": 120.63715624809265,
  "wallclock_time_used": 120.7827558517456,
  "dataset_id": 14965
}