"CPU Time Used","Estimated Training Performance","Wallclock Time","Incumbent ID","Automatic Configurator (CPU) Time","Configuration..."
0.000000, 2147483648.000000, 0.000534, 1, 0.000534, C='0.017961675793542162',gamma='0.9046232030638993'
0.011643, 0.500000, 0.012850, 1, 0.001207, C='0.017961675793542162',gamma='0.9046232030638993'
0.036447, 0.117200, 0.039921, 2, 0.003474, C='61.71933670840937',gamma='1.0864412265106145'
0.049442, 0.050900, 0.054358, 3, 0.004916, C='1.0',gamma='0.1'
0.103831, 0.022600, 0.116699, 4, 0.012868, C='0.7731863785266639',gamma='0.0012442315522724887'
0.486111, 0.015100, 5.514688, 5, 5.028577, C='32.20480349660503',gamma='0.001242590324716064'
