{
  "mean_cost": 0.40278034186315925,
  "finished_ta_runs": 1,
  "inc_changed": 1,
  "n_configs": 1,
  "submitted_ta_runs": 1,
  "ta_time_used": 0.15567898750305176,
  "wallclock_time_used": 0.1573801040649414,
  "dataset_id": 22,
  "perf_time": 0.1639202500000465
}