"CPU Time Used","Estimated Training Performance","Wallclock Time","Incumbent ID","Automatic Configurator (CPU) Time","Configuration..."
0.000000, 2147483648.000000, 0.000050, 1, 0.000050, C='1.0',gamma='0.1'
0.060158, 0.038500, 0.060921, 1, 0.000763, C='1.0',gamma='0.1'
1.464391, 0.014800, 1.482044, 2, 0.017653, C='16.640050128980878',gamma='0.02787815770602151'
2.059439, 0.010000, 2.088522, 3, 0.029083, C='7.175638647559039',gamma='0.09259999660241393'
3.486277, 0.010000, 3.539228, 4, 0.052951, C='47.94123640467969',gamma='0.03918996312483979'
6.210938, 0.008600, 6.312939, 5, 0.102001, C='14.808221051646633',gamma='0.15966041698268'
41.008184, 0.007100, 42.559765, 6, 1.551581, C='16.408952592895464',gamma='0.10139258655069786'
