"CPU Time Used","Estimated Training Performance","Wallclock Time","Incumbent ID","Automatic Configurator (CPU) Time","Configuration..."
0.000000, 2147483648.000000, 0.000538, 1, 0.000538, C='1.3600811985592882',gamma='0.09352602871548096'
0.009304, 0.050900, 0.010506, 1, 0.001202, C='1.3600811985592882',gamma='0.09352602871548096'
0.147646, 0.022600, 0.166864, 2, 0.019218, C='0.6293526165094239',gamma='0.0012324628012758837'
0.403899, 0.020400, 2.934700, 3, 2.530801, C='0.011553354007499926',gamma='0.03272662190282878'
0.449379, 0.015100, 3.288904, 4, 2.839525, C='0.010597127008551413',gamma='0.02396967110377416'
