"CPU Time Used","Estimated Training Performance","Wallclock Time","Incumbent ID","Automatic Configurator (CPU) Time","Configuration..."
0.000000, 2147483648.000000, 0.000589, 1, 0.000589, alpha='0.0040824718253228975',eta0='0.00044195488125554607'
0.332251, 0.775400, 0.333665, 1, 0.001414, alpha='0.0040824718253228975',eta0='0.00044195488125554607'
5.797991, 0.795200, 5.814415, 2, 0.016424, alpha='0.000182884801566337',eta0='0.0008272593854647256'
14.174016, 0.776600, 14.220945, 3, 0.046929, alpha='0.0021527079620027524',eta0='1.2132210994601314e-05'
30.173729, 0.772900, 37.394410, 4, 7.220681, alpha='1.5453987633703196e-05',eta0='0.0011000696158292831'
34.883505, 0.760400, 45.237366, 5, 10.353862, alpha='1.546505045176575e-05',eta0='0.0011079432334724687'
