{
  "mean_cost": 0.08742476014185377,
  "finished_ta_runs": 1593,
  "inc_changed": 10,
  "n_configs": 1347,
  "submitted_ta_runs": 1593,
  "ta_time_used": 83.4852397441864,
  "wallclock_time_used": 120.03755688667297,
  "dataset_id": 15
}