{
  "mean_cost": 0.29465896222309307,
  "finished_ta_runs": 154,
  "inc_changed": 4,
  "n_configs": 116,
  "submitted_ta_runs": 154,
  "ta_time_used": 13.734363794326782,
  "wallclock_time_used": 60.12424993515015,
  "dataset_id": 53
}