{
  "mean_cost": 0.13429496539979144,
  "finished_ta_runs": 738,
  "inc_changed": 7,
  "n_configs": 618,
  "submitted_ta_runs": 738,
  "ta_time_used": 112.10045051574707,
  "wallclock_time_used": 120.04101896286011,
  "dataset_id": 9957
}