"CPU Time Used","Estimated Training Performance","Wallclock Time","Incumbent ID","Automatic Configurator (CPU) Time","Configuration..."
0.000000, 2147483648.000000, 0.000553, 1, 0.000553, alpha='0.0040824718253228975',eta0='0.00044195488125554607'
1.123735, 0.467400, 1.125079, 1, 0.001344, alpha='0.0040824718253228975',eta0='0.00044195488125554607'
7.845248, 0.440900, 7.851674, 2, 0.006427, alpha='2.1186147948258377e-05',eta0='8.558614272324676e-05'
22.461706, 0.418300, 22.480958, 3, 0.019252, alpha='0.000182884801566337',eta0='0.0008272593854647256'
37.090253, 0.406100, 37.126014, 4, 0.035761, alpha='1.4230872500070733e-05',eta0='0.006316939148274451'
118.254538, 0.405200, 137.354410, 5, 19.099873, alpha='1.4500185495868393e-05',eta0='0.006012393306601861'
