{"cpu_time": 0.0, "wallclock_time": 0.000553131103515625, "evaluations": 0, "cost": 2147483648.0, "incumbent": ["alpha='0.0040824718253228975'", "eta0='0.00044195488125554607'"], "origin": "Sobol"}
{"cpu_time": 1.123734951019287, "wallclock_time": 1.1250791549682617, "evaluations": 1, "cost": 0.4674, "incumbent": ["alpha='0.0040824718253228975'", "eta0='0.00044195488125554607'"], "origin": "Sobol"}
{"cpu_time": 7.845247507095337, "wallclock_time": 7.851674318313599, "evaluations": 7, "cost": 0.4409, "incumbent": ["alpha='2.1186147948258377e-05'", "eta0='8.558614272324676e-05'"], "origin": "Sobol"}
{"cpu_time": 22.461705684661865, "wallclock_time": 22.480957984924316, "evaluations": 20, "cost": 0.4183, "incumbent": ["alpha='0.000182884801566337'", "eta0='0.0008272593854647256'"], "origin": "Sobol"}
{"cpu_time": 37.09025311470032, "wallclock_time": 37.12601399421692, "evaluations": 33, "cost": 0.4061, "incumbent": ["alpha='1.4230872500070733e-05'", "eta0='0.006316939148274451'"], "origin": "Sobol"}
{"cpu_time": 118.25453758239746, "wallclock_time": 137.3544101715088, "evaluations": 105, "cost": 0.4052, "incumbent": ["alpha='1.4500185495868393e-05'", "eta0='0.006012393306601861'"], "origin": "Local Search"}
