{
  "mean_cost": 0.1281648354062861,
  "finished_ta_runs": 300,
  "inc_changed": 13,
  "n_configs": 177,
  "submitted_ta_runs": 300,
  "ta_time_used": 35.111772298812866,
  "wallclock_time_used": 104.00165295600891,
  "dataset_id": 9957,
  "perf_time": 104.01188829197781
}