{
  "mean_cost": 0.03851893208878765,
  "finished_ta_runs": 2,
  "inc_changed": 1,
  "n_configs": 1,
  "submitted_ta_runs": 2,
  "ta_time_used": 0.10138678550720215,
  "wallclock_time_used": 0.1033470630645752,
  "dataset_id": 3,
  "perf_time": 0.11553804200048035
}