{
  "mean_cost": 0.3170673465590684,
  "finished_ta_runs": 1229,
  "inc_changed": 4,
  "n_configs": 1125,
  "submitted_ta_runs": 1229,
  "ta_time_used": 95.8906741142273,
  "wallclock_time_used": 120.04981899261475,
  "dataset_id": 14954
}