"CPU Time Used","Estimated Training Performance","Wallclock Time","Incumbent ID","Automatic Configurator (CPU) Time","Configuration..."
0.000000, 2147483648.000000, 0.000043, 1, 0.000043, C='1.0',gamma='0.1'
0.008150, 0.333300, 0.008737, 1, 0.000587, C='1.0',gamma='0.1'
0.084851, 0.082500, 0.094295, 2, 0.009444, C='7.615166584313989',gamma='0.10560628945782698'
0.167263, 0.070100, 0.189077, 3, 0.021814, C='66.34037087131655',gamma='0.15373657531118262'
0.238024, 0.037000, 0.272263, 4, 0.034238, C='348.6879246606398',gamma='0.01954142554261534'
0.843951, 0.020700, 1.074212, 5, 0.230261, C='99.97409565511889',gamma='0.027066923829184936'
1.479075, 0.000000, 2.022129, 6, 0.543054, C='488.86001134929114',gamma='0.030362113579915955'
