"CPU Time Used","Estimated Training Performance","Wallclock Time","Incumbent ID","Automatic Configurator (CPU) Time","Configuration..."
0.000000, 2147483648.000000, 0.000693, 1, 0.000693, alpha='0.0040824718253228975',eta0='0.00044195488125554607'
3.090552, 0.061700, 3.092326, 1, 0.001774, alpha='0.0040824718253228975',eta0='0.00044195488125554607'
21.316859, 0.028700, 21.325634, 2, 0.008775, alpha='2.1186147948258377e-05',eta0='8.558614272324676e-05'
222.777293, 0.026900, 229.313499, 3, 6.536206, alpha='0.002110869180068228',eta0='1.2015869824337617e-05'
