"CPU Time Used","Estimated Training Performance","Wallclock Time","Incumbent ID","Automatic Configurator (CPU) Time","Configuration..."
0.000000, 2147483648.000000, 0.000976, 1, 0.000976, alpha='0.00011227070295712931',eta0='0.0029096933833365197'
2.354233, 0.181600, 2.359612, 1, 0.005379, alpha='0.00011227070295712931',eta0='0.0029096933833365197'
35.327181, 0.159600, 35.349793, 2, 0.022612, alpha='2.9848599322377e-05',eta0='0.022418115180003955'
81.219586, 0.158700, 81.558242, 3, 0.338656, alpha='2.2976136897529037e-05',eta0='0.01877966893377043'
129.221423, 0.157300, 131.022743, 4, 1.801320, alpha='2.274696169683186e-05',eta0='0.015892775653418855'
