"CPU Time Used","Estimated Training Performance","Wallclock Time","Incumbent ID","Automatic Configurator (CPU) Time","Configuration..."
0.000000, 2147483648.000000, 0.001782, 1, 0.001782, alpha='0.00011227070295712931',eta0='0.0029096933833365197'
4.238674, 0.119700, 4.245643, 1, 0.006969, alpha='0.00011227070295712931',eta0='0.0029096933833365197'
30.314434, 0.106800, 30.326205, 2, 0.011771, alpha='0.026542866188361353',eta0='8.075114966892127e-05'
70.360331, 0.083000, 70.381811, 3, 0.021480, alpha='0.0025540066964094537',eta0='1.2228344859878906e-05'
176.085643, 0.081800, 178.613060, 4, 2.527417, alpha='0.03750301265883242',eta0='1.0031365290224583e-05'
198.264735, 0.081600, 200.802023, 5, 2.537288, alpha='0.030307100614337754',eta0='1.0917948687175046e-05'
