{
  "mean_cost": 0.0653039921942904,
  "finished_ta_runs": 1,
  "inc_changed": 1,
  "n_configs": 1,
  "submitted_ta_runs": 1,
  "ta_time_used": 0.19448208808898926,
  "wallclock_time_used": 0.19602203369140625
}