{
  "data": [
    [
      [
        1,
        null,
        379248293,
        0.0
      ],
      [
        0.32981333481333486,
        0.6581611633300781,
        {
          "__enum__": "StatusType.SUCCESS"
        },
        1674417759.6064918,
        1674417760.264658,
        {}
      ]
    ]
  ],
  "config_origins": {
    "1": "Sobol"
  },
  "configs": {
    "1": {
      "colsample_bytree": 0.3908073678612709,
      "eta": 0.02197006114591668,
      "max_depth": 1,
      "reg_lambda": 0.025956378731779545
    }
  }
}