{
  "mean_cost": 0.036061162169875025,
  "finished_ta_runs": 600,
  "inc_changed": 1,
  "n_configs": 311,
  "submitted_ta_runs": 600,
  "ta_time_used": 17.39136505126953,
  "wallclock_time_used": 21.636430025100708,
  "dataset_id": 15,
  "perf_time": 21.65810862500075
}