{"cpu_time": 0.0, "wallclock_time": 0.0002541542053222656, "evaluations": 0, "cost": 2147483648.0, "incumbent": ["alpha='0.0004126639093412234'", "eta0='0.0017613324954003418'"], "origin": "Sobol"}
{"cpu_time": 0.09110307693481445, "wallclock_time": 0.09200096130371094, "evaluations": 1, "cost": 0.1726, "incumbent": ["alpha='0.0004126639093412234'", "eta0='0.0017613324954003418'"], "origin": "Sobol"}
