{"cpu_time": 0.0, "wallclock_time": 0.001463174819946289, "evaluations": 0, "cost": 2147483648.0, "incumbent": ["colsample_bytree='0.2890479595400393'", "eta='0.02972240058848022'", "max_depth='1'", "reg_lambda='0.23594281684827217'"], "origin": "Sobol"}
{"cpu_time": 0.35575127601623535, "wallclock_time": 0.3583352565765381, "evaluations": 1, "cost": 0.1264, "incumbent": ["colsample_bytree='0.2890479595400393'", "eta='0.02972240058848022'", "max_depth='1'", "reg_lambda='0.23594281684827217'"], "origin": "Sobol"}
{"cpu_time": 7.212294101715088, "wallclock_time": 7.218666315078735, "evaluations": 4, "cost": 0.0697, "incumbent": ["colsample_bytree='0.839533680677414'", "eta='0.03178815964339868'", "max_depth='7'", "reg_lambda='260.08137409645684'"], "origin": "Sobol"}
{"cpu_time": 14.793262958526611, "wallclock_time": 14.803168058395386, "evaluations": 6, "cost": 0.0342, "incumbent": ["colsample_bytree='1.0'", "eta='0.3'", "max_depth='10'", "reg_lambda='1.0'"], "origin": null}
{"cpu_time": 26.961058139801025, "wallclock_time": 26.983091354370117, "evaluations": 13, "cost": 0.0305, "incumbent": ["colsample_bytree='0.5235572370700539'", "eta='0.1863242307845216'", "max_depth='3'", "reg_lambda='4.4461461740589225'"], "origin": "Sobol"}
{"cpu_time": 104.6927855014801, "wallclock_time": 113.46375131607056, "evaluations": 81, "cost": 0.0288, "incumbent": ["colsample_bytree='0.501968338134537'", "eta='0.18862452296705054'", "max_depth='5'", "reg_lambda='14.030321791016732'"], "origin": "Local Search"}
{"cpu_time": 127.27470588684082, "wallclock_time": 139.90210509300232, "evaluations": 92, "cost": 0.0277, "incumbent": ["colsample_bytree='0.4658499524658174'", "eta='0.18833194538879294'", "max_depth='8'", "reg_lambda='14.133869571083299'"], "origin": "Local Search"}
{"cpu_time": 142.3269944190979, "wallclock_time": 156.56981921195984, "evaluations": 99, "cost": 0.0277, "incumbent": ["colsample_bytree='0.46390894610495437'", "eta='0.2082946386198641'", "max_depth='8'", "reg_lambda='14.337097318583671'"], "origin": "Local Search"}
{"cpu_time": 154.32518029212952, "wallclock_time": 169.39566898345947, "evaluations": 105, "cost": 0.0272, "incumbent": ["colsample_bytree='0.4556182277055669'", "eta='0.3100792322019581'", "max_depth='9'", "reg_lambda='14.133869571083299'"], "origin": "Local Search"}
{"cpu_time": 211.999103307724, "wallclock_time": 238.69673418998718, "evaluations": 132, "cost": 0.0259, "incumbent": ["colsample_bytree='0.45726535351176023'", "eta='0.22676509833554256'", "max_depth='9'", "reg_lambda='14.366376389159893'"], "origin": "Local Search"}
{"cpu_time": 249.036536693573, "wallclock_time": 281.1106140613556, "evaluations": 147, "cost": 0.0258, "incumbent": ["colsample_bytree='0.46704494762540305'", "eta='0.22377129558315625'", "max_depth='10'", "reg_lambda='14.366376389159893'"], "origin": "Local Search"}
{"cpu_time": 297.64283895492554, "wallclock_time": 337.2024621963501, "evaluations": 167, "cost": 0.0255, "incumbent": ["colsample_bytree='0.46704494762540305'", "eta='0.22407271818060473'", "max_depth='10'", "reg_lambda='14.366376389159893'"], "origin": "Local Search"}
{"cpu_time": 325.40362763404846, "wallclock_time": 372.08768105506897, "evaluations": 181, "cost": 0.0253, "incumbent": ["colsample_bytree='0.45777246107803815'", "eta='0.2240020502491877'", "max_depth='10'", "reg_lambda='15.35734869531359'"], "origin": "Local Search"}
