"CPU Time Used","Estimated Training Performance","Wallclock Time","Incumbent ID","Automatic Configurator (CPU) Time","Configuration..."
0.000000, 2147483648.000000, 0.000526, 1, 0.000526, C='0.017961675793542162',gamma='0.9046232030638993'
0.112086, 0.857100, 0.113317, 1, 0.001231, C='0.017961675793542162',gamma='0.9046232030638993'
0.439958, 0.506300, 0.443696, 2, 0.003738, C='61.71933670840937',gamma='1.0864412265106145'
0.627690, 0.171700, 0.633005, 3, 0.005315, C='1.0',gamma='0.1'
0.842086, 0.090300, 0.850680, 4, 0.008594, C='12.958180650233897',gamma='0.01207858159167579'
1.994229, 0.085200, 2.022052, 5, 0.027823, C='176.75556488562856',gamma='0.002712060563487799'
2.733220, 0.071000, 3.064986, 6, 0.331766, C='16.099767601555943',gamma='0.002866557908515758'
2.998492, 0.068900, 3.649050, 7, 0.650558, C='15.474602270854684',gamma='0.003235214949836409'
