"CPU Time Used","Estimated Training Performance","Wallclock Time","Incumbent ID","Automatic Configurator (CPU) Time","Configuration..."
0.000000, 2147483648.000000, 0.000046, 1, 0.000046, C='1.0',gamma='0.1'
0.018609, 0.149600, 0.019289, 1, 0.000680, C='1.0',gamma='0.1'
0.152369, 0.014100, 0.159769, 2, 0.007400, C='7.615166584313989',gamma='0.10560628945782698'
0.362649, 0.011900, 0.381596, 3, 0.018947, C='66.34037087131655',gamma='0.15373657531118262'
