{"cpu_time": 0.0, "wallclock_time": 3.504753112792969e-05, "evaluations": 0, "cost": 2147483648.0, "incumbent": {"C": 1.0, "gamma": 0.1}, "budget": 0, "origin": "Default"}
{"cpu_time": 0.035212039947509766, "wallclock_time": 0.0358431339263916, "evaluations": 1, "cost": 0.1188, "incumbent": {"C": 1.0, "gamma": 0.1}, "budget": 0, "origin": "Default"}
{"cpu_time": 0.10176682472229004, "wallclock_time": 0.10489201545715332, "evaluations": 4, "cost": 0.0113, "incumbent": {"C": 167.43465269107315, "gamma": 0.010473312293162985}, "budget": 0, "origin": "Random Search"}
{"cpu_time": 1.6368000507354736, "wallclock_time": 1.68806791305542, "evaluations": 40, "cost": 0.0064, "incumbent": {"C": 871.5114118311369, "gamma": 0.019532202976770125}, "budget": 0, "origin": "Random Search"}
{"cpu_time": 2.5204555988311768, "wallclock_time": 2.6144509315490723, "evaluations": 62, "cost": 0.006, "incumbent": {"C": 679.0325401248423, "gamma": 0.0030357544050474464}, "budget": 0, "origin": "Random Search"}
{"cpu_time": 3.734635591506958, "wallclock_time": 3.902409076690674, "evaluations": 89, "cost": 0.003, "incumbent": {"C": 159.00182230954, "gamma": 0.017193334608774966}, "budget": 0, "origin": "Random Search"}
{"cpu_time": 10.331726789474487, "wallclock_time": 11.191220045089722, "evaluations": 236, "cost": 0.0, "incumbent": {"C": 84.92077836858748, "gamma": 0.1757655476197304}, "budget": 0, "origin": "Random Search"}
