"CPU Time Used","Estimated Training Performance","Wallclock Time","Incumbent ID","Automatic Configurator (CPU) Time","Configuration..."
0.000000, 2147483648.000000, 0.000035, 1, 0.000035, C='1.0',gamma='0.1'
0.035212, 0.118800, 0.035843, 1, 0.000631, C='1.0',gamma='0.1'
0.101767, 0.011300, 0.104892, 2, 0.003125, C='167.43465269107315',gamma='0.010473312293162985'
1.636800, 0.006400, 1.688068, 3, 0.051268, C='871.5114118311369',gamma='0.019532202976770125'
2.520456, 0.006000, 2.614451, 4, 0.093995, C='679.0325401248423',gamma='0.0030357544050474464'
3.734636, 0.003000, 3.902409, 5, 0.167773, C='159.00182230954',gamma='0.017193334608774966'
10.331727, 0.000000, 11.191220, 6, 0.859493, C='84.92077836858748',gamma='0.1757655476197304'
