{"cpu_time": 0.0, "wallclock_time": 0.0017900466918945312, "evaluations": 0, "cost": 2147483648.0, "incumbent": {"colsample_bytree": 0.3908073678612709, "eta": 0.02197006114591668, "max_depth": 1, "reg_lambda": 0.025956378731779545}, "budget": 0, "origin": "Sobol"}
{"cpu_time": 0.09556889533996582, "wallclock_time": 0.09853219985961914, "evaluations": 1, "cost": 0.4435, "incumbent": {"colsample_bytree": 0.3908073678612709, "eta": 0.02197006114591668, "max_depth": 1, "reg_lambda": 0.025956378731779545}, "budget": 0, "origin": "Sobol"}
{"cpu_time": 1.2636408805847168, "wallclock_time": 1.2697169780731201, "evaluations": 4, "cost": 0.1055, "incumbent": {"colsample_bytree": 0.7864414579235017, "eta": 0.06876373473778273, "max_depth": 5, "reg_lambda": 2.180661802430785}, "budget": 0, "origin": "Sobol"}
{"cpu_time": 1.9879136085510254, "wallclock_time": 1.995880126953125, "evaluations": 6, "cost": 0.0894, "incumbent": {"colsample_bytree": 1.0, "eta": 0.3, "max_depth": 10, "reg_lambda": 1.0}, "budget": 0, "origin": null}
{"cpu_time": 8.311291456222534, "wallclock_time": 8.3404061794281, "evaluations": 22, "cost": 0.0596, "incumbent": {"colsample_bytree": 0.5564905133098365, "eta": 0.01605885730841195, "max_depth": 10, "reg_lambda": 0.0010986517054572343}, "budget": 0, "origin": "Sobol"}
{"cpu_time": 18.53865623474121, "wallclock_time": 20.52873206138611, "evaluations": 58, "cost": 0.0592, "incumbent": {"colsample_bytree": 0.5777079812999034, "eta": 0.01458427397052601, "max_depth": 10, "reg_lambda": 0.0017274129066508347}, "budget": 0, "origin": "Local Search"}
{"cpu_time": 21.619746685028076, "wallclock_time": 23.62140202522278, "evaluations": 63, "cost": 0.0533, "incumbent": {"colsample_bytree": 0.578071215966719, "eta": 0.02306649941380513, "max_depth": 10, "reg_lambda": 0.0019701500298859773}, "budget": 0, "origin": "Local Search"}
{"cpu_time": 46.25635623931885, "wallclock_time": 66.95525908470154, "evaluations": 108, "cost": 0.0496, "incumbent": {"colsample_bytree": 0.38939734328880027, "eta": 0.02253025012901516, "max_depth": 10, "reg_lambda": 0.0019701500298859773}, "budget": 0, "origin": "Local Search"}
{"cpu_time": 83.01107430458069, "wallclock_time": 139.60808396339417, "evaluations": 181, "cost": 0.0476, "incumbent": {"colsample_bytree": 0.3940457614733096, "eta": 0.022132066186258573, "max_depth": 10, "reg_lambda": 0.0011225327328084076}, "budget": 0, "origin": "Local Search"}
{"cpu_time": 95.68929290771484, "wallclock_time": 171.7099950313568, "evaluations": 207, "cost": 0.0466, "incumbent": {"colsample_bytree": 0.3923208690221017, "eta": 0.02208907428196505, "max_depth": 10, "reg_lambda": 0.002045932019564762}, "budget": 0, "origin": "Local Search"}
{"cpu_time": 128.7598283290863, "wallclock_time": 250.87784910202026, "evaluations": 275, "cost": 0.0458, "incumbent": {"colsample_bytree": 0.3923208690221017, "eta": 0.025116905238010995, "max_depth": 10, "reg_lambda": 0.0021955140198419675}, "budget": 0, "origin": "Local Search"}
{"cpu_time": 137.62666010856628, "wallclock_time": 274.7419400215149, "evaluations": 295, "cost": 0.0456, "incumbent": {"colsample_bytree": 0.38460346655257627, "eta": 0.025160369403271588, "max_depth": 10, "reg_lambda": 0.008695363417375502}, "budget": 0, "origin": "Local Search"}
