{"cpu_time": 0.0, "wallclock_time": 0.00021696090698242188, "evaluations": 0, "cost": 2147483648.0, "incumbent": ["alpha='0.0004126639093412234'", "eta0='0.0017613324954003418'"], "origin": "Sobol"}
{"cpu_time": 0.21302199363708496, "wallclock_time": 0.2138352394104004, "evaluations": 1, "cost": 0.3332, "incumbent": ["alpha='0.0004126639093412234'", "eta0='0.0017613324954003418'"], "origin": "Sobol"}
