"CPU Time Used","Estimated Training Performance","Wallclock Time","Incumbent ID","Automatic Configurator (CPU) Time","Configuration..."
0.000000, 2147483648.000000, 0.000217, 1, 0.000217, alpha='0.0004126639093412234',eta0='0.0017613324954003418'
0.213022, 0.333200, 0.213835, 1, 0.000813, alpha='0.0004126639093412234',eta0='0.0017613324954003418'
