{
  "mean_cost": 0.5,
  "finished_ta_runs": 2,
  "inc_changed": 1,
  "n_configs": 1,
  "submitted_ta_runs": 2,
  "ta_time_used": 117.21480560302734,
  "wallclock_time_used": 117.22045993804932,
  "dataset_id": 14965,
  "perf_time": 117.22619033400042
}