{
  "mean_cost": 0.05210154507658376,
  "finished_ta_runs": 300,
  "inc_changed": 4,
  "n_configs": 152,
  "submitted_ta_runs": 300,
  "ta_time_used": 409.7071809768677,
  "wallclock_time_used": 534.593297958374,
  "dataset_id": 12,
  "perf_time": 534.6027943750001
}