{
  "mean_cost": 0.2612396646567487,
  "finished_ta_runs": 600,
  "inc_changed": 1,
  "n_configs": 592,
  "submitted_ta_runs": 600,
  "ta_time_used": 50.908485889434814,
  "wallclock_time_used": 56.536194801330566,
  "dataset_id": 9952,
  "perf_time": 56.545860957999594
}