"CPU Time Used","Estimated Training Performance","Wallclock Time","Incumbent ID","Automatic Configurator (CPU) Time","Configuration..."
0.000000, 2147483648.000000, 0.000042, 1, 0.000042, C='1.0',gamma='0.1'
0.115542, 0.192900, 0.116286, 1, 0.000744, C='1.0',gamma='0.1'
1.309592, 0.177300, 1.318859, 2, 0.009267, C='7.615166584313989',gamma='0.10560628945782698'
2.399364, 0.170100, 2.414953, 3, 0.015589, C='292.4994967580367',gamma='3.9659151741281455'
3.638664, 0.159500, 3.662972, 4, 0.024308, C='12.873163848421923',gamma='6.037064981686672'
4.437410, 0.141200, 4.470074, 5, 0.032664, C='2.6234320025999063',gamma='1.2826061465293854'
7.318161, 0.132000, 7.373936, 6, 0.055775, C='284.8830541292723',gamma='0.2225750471432824'
19.156348, 0.128500, 19.409564, 7, 0.253216, C='55.81629727459116',gamma='0.32280787361957786'
51.160350, 0.119800, 52.256586, 8, 1.096236, C='360.50589483524163',gamma='0.3556117970770027'
