"CPU Time Used","Estimated Training Performance","Wallclock Time","Incumbent ID","Automatic Configurator (CPU) Time","Configuration..."
0.000000, 2147483648.000000, 0.000046, 1, 0.000046, alpha='0.001',eta0='0.01'
0.076721, 0.009400, 0.077870, 1, 0.001149, alpha='0.001',eta0='0.01'
0.536684, 0.008100, 0.558274, 2, 0.021590, alpha='1.8419909509685855e-05',eta0='0.05046106065359831'
3.318017, 0.007000, 3.442950, 3, 0.124933, alpha='7.962736099794843e-05',eta0='0.020415068157011964'
21.956704, 0.006300, 24.590968, 4, 2.634264, alpha='2.1577906279821897e-05',eta0='0.0012303367889488388'
