{
  "mean_cost": 0.022288432585924445,
  "finished_ta_runs": 239,
  "inc_changed": 4,
  "n_configs": 99,
  "submitted_ta_runs": 239,
  "ta_time_used": 27.06497311592102,
  "wallclock_time_used": 60.54805111885071,
  "dataset_id": 15
}