{
  "mean_cost": 0.33508386476497926,
  "finished_ta_runs": 300,
  "inc_changed": 4,
  "n_configs": 149,
  "submitted_ta_runs": 300,
  "ta_time_used": 44.787304639816284,
  "wallclock_time_used": 93.62160587310791,
  "dataset_id": 53,
  "perf_time": 93.63275258299836
}