{"cpu_time": 0.0, "wallclock_time": 0.0014200210571289062, "evaluations": 0, "cost": 2147483648.0, "incumbent": ["colsample_bytree='0.3908073678612709'", "eta='0.02197006114591668'", "max_depth='1'", "reg_lambda='0.025956378731779545'"], "origin": "Sobol"}
{"cpu_time": 0.015845060348510742, "wallclock_time": 0.01830005645751953, "evaluations": 1, "cost": 0.474, "incumbent": ["colsample_bytree='0.3908073678612709'", "eta='0.02197006114591668'", "max_depth='1'", "reg_lambda='0.025956378731779545'"], "origin": "Sobol"}
{"cpu_time": 0.13141989707946777, "wallclock_time": 0.1370711326599121, "evaluations": 4, "cost": 0.3387, "incumbent": ["colsample_bytree='0.7864414579235017'", "eta='0.06876373473778273'", "max_depth='5'", "reg_lambda='2.180661802430785'"], "origin": "Sobol"}
{"cpu_time": 0.32260632514953613, "wallclock_time": 0.3300440311431885, "evaluations": 6, "cost": 0.3341, "incumbent": ["colsample_bytree='1.0'", "eta='0.3'", "max_depth='10'", "reg_lambda='1.0'"], "origin": null}
{"cpu_time": 0.9992032051086426, "wallclock_time": 1.0334241390228271, "evaluations": 25, "cost": 0.305, "incumbent": ["colsample_bytree='0.9010553395375609'", "eta='0.432060045902756'", "max_depth='2'", "reg_lambda='47.50433230227836'"], "origin": "Sobol"}
{"cpu_time": 2.0270214080810547, "wallclock_time": 2.121027946472168, "evaluations": 59, "cost": 0.2986, "incumbent": ["colsample_bytree='0.4922324874438345'", "eta='0.39601017651408665'", "max_depth='2'", "reg_lambda='8.543281263627263'"], "origin": "Sobol"}
{"cpu_time": 3.805363893508911, "wallclock_time": 36.82865309715271, "evaluations": 121, "cost": 0.2924, "incumbent": ["colsample_bytree='0.7471239746373494'", "eta='0.45406715100166'", "max_depth='2'", "reg_lambda='7.99921979987399'"], "origin": "Local Search"}
{"cpu_time": 4.224663496017456, "wallclock_time": 41.28238797187805, "evaluations": 138, "cost": 0.2899, "incumbent": ["colsample_bytree='0.7898134397400673'", "eta='0.5678147501848281'", "max_depth='2'", "reg_lambda='7.933053694121547'"], "origin": "Local Search"}
{"cpu_time": 4.345197439193726, "wallclock_time": 41.42297101020813, "evaluations": 143, "cost": 0.2858, "incumbent": ["colsample_bytree='0.7871276525274806'", "eta='0.5755904498602383'", "max_depth='2'", "reg_lambda='7.938513388113407'"], "origin": "Local Search"}
{"cpu_time": 5.617518186569214, "wallclock_time": 68.48028111457825, "evaluations": 188, "cost": 0.2852, "incumbent": ["colsample_bytree='0.7267695599468293'", "eta='0.6011085655135541'", "max_depth='2'", "reg_lambda='7.956088071426003'"], "origin": "Local Search"}
