"CPU Time Used","Estimated Training Performance","Wallclock Time","Incumbent ID","Automatic Configurator (CPU) Time","Configuration..."
0.000000, 2147483648.000000, 0.000049, 1, 0.000049, alpha='0.001',eta0='0.01'
0.152234, 0.451400, 0.153017, 1, 0.000783, alpha='0.001',eta0='0.01'
2.335378, 0.452200, 2.348914, 2, 0.013536, alpha='0.002374055867675844',eta0='5.8767874739523716e-05'
9.456664, 0.444300, 9.540181, 3, 0.083517, alpha='8.061084097403806e-05',eta0='0.0004142551711979577'
