"CPU Time Used","Estimated Training Performance","Wallclock Time","Incumbent ID","Automatic Configurator (CPU) Time","Configuration..."
0.000000, 2147483648.000000, 0.000628, 1, 0.000628, alpha='0.00011227070295712931',eta0='0.0029096933833365197'
0.053945, 0.009800, 0.055401, 1, 0.001456, alpha='0.00011227070295712931',eta0='0.0029096933833365197'
0.779841, 0.007000, 0.795773, 2, 0.015932, alpha='2.9848599322377e-05',eta0='0.022418115180003955'
