"CPU Time Used","Estimated Training Performance","Wallclock Time","Incumbent ID","Automatic Configurator (CPU) Time","Configuration..."
0.000000, 2147483648.000000, 0.000578, 1, 0.000578, C='1.3600811985592882',gamma='0.09352602871548096'
0.176151, 0.500000, 0.177540, 1, 0.001389, C='1.3600811985592882',gamma='0.09352602871548096'
10.690980, 0.427200, 10.801490, 2, 0.110510, C='4.729862452035014',gamma='0.0020153549174183696'
12.465246, 0.416200, 13.073066, 3, 0.607820, C='10.58283478953284',gamma='0.0014164507717843767'
13.312586, 0.415200, 14.397054, 4, 1.084468, C='987.7527315161617',gamma='0.0015609160379672102'
24.351991, 0.413400, 32.972868, 5, 8.620877, C='63.77339503692066',gamma='0.0019403437668150338'
