"CPU Time Used","Estimated Training Performance","Wallclock Time","Incumbent ID","Automatic Configurator (CPU) Time","Configuration..."
0.000000, 2147483648.000000, 0.001440, 1, 0.001440, colsample_bytree='0.3908073678612709',eta='0.02197006114591668',max_depth='1',reg_lambda='0.025956378731779545'
0.038963, 0.500000, 0.041337, 1, 0.002374, colsample_bytree='0.3908073678612709',eta='0.02197006114591668',max_depth='1',reg_lambda='0.025956378731779545'
0.296256, 0.128300, 0.301243, 2, 0.004987, colsample_bytree='0.7864414579235017',eta='0.06876373473778273',max_depth='5',reg_lambda='2.180661802430785'
0.576935, 0.058800, 0.583687, 3, 0.006752, colsample_bytree='1.0',eta='0.3',max_depth='10',reg_lambda='1.0'
2.341331, 0.049200, 2.374117, 4, 0.032786, colsample_bytree='0.8665420586243272',eta='0.19437543650629796',max_depth='4',reg_lambda='0.002771788600998199'
4.616503, 0.046800, 7.396697, 5, 2.780194, colsample_bytree='0.8903176124877685',eta='0.18089818143940867',max_depth='5',reg_lambda='0.027502033961397904'
13.141699, 0.044800, 35.521227, 6, 22.379528, colsample_bytree='0.8586445023483837',eta='0.1827465097198988',max_depth='5',reg_lambda='0.0016789004376664464'
17.207559, 0.042800, 46.946569, 7, 29.739010, colsample_bytree='0.9026917460960902',eta='0.19554884951099893',max_depth='5',reg_lambda='0.01994923659597344'
25.522755, 0.042700, 74.927857, 8, 49.405102, colsample_bytree='0.8663839166162672',eta='0.19554884951099893',max_depth='5',reg_lambda='0.02004802347689324'
