{"cpu_time": 0.0, "wallclock_time": 0.0014400482177734375, "evaluations": 0, "cost": 2147483648.0, "incumbent": {"colsample_bytree": 0.3908073678612709, "eta": 0.02197006114591668, "max_depth": 1, "reg_lambda": 0.025956378731779545}, "budget": 0, "origin": "Sobol"}
{"cpu_time": 0.03896307945251465, "wallclock_time": 0.041337013244628906, "evaluations": 1, "cost": 0.5, "incumbent": {"colsample_bytree": 0.3908073678612709, "eta": 0.02197006114591668, "max_depth": 1, "reg_lambda": 0.025956378731779545}, "budget": 0, "origin": "Sobol"}
{"cpu_time": 0.29625582695007324, "wallclock_time": 0.3012428283691406, "evaluations": 4, "cost": 0.1283, "incumbent": {"colsample_bytree": 0.7864414579235017, "eta": 0.06876373473778273, "max_depth": 5, "reg_lambda": 2.180661802430785}, "budget": 0, "origin": "Sobol"}
{"cpu_time": 0.576934814453125, "wallclock_time": 0.5836868286132812, "evaluations": 6, "cost": 0.0588, "incumbent": {"colsample_bytree": 1.0, "eta": 0.3, "max_depth": 10, "reg_lambda": 1.0}, "budget": 0, "origin": null}
{"cpu_time": 2.3413305282592773, "wallclock_time": 2.374116897583008, "evaluations": 29, "cost": 0.0492, "incumbent": {"colsample_bytree": 0.8665420586243272, "eta": 0.19437543650629796, "max_depth": 4, "reg_lambda": 0.002771788600998199}, "budget": 0, "origin": "Sobol"}
{"cpu_time": 4.61650276184082, "wallclock_time": 7.396697044372559, "evaluations": 60, "cost": 0.0468, "incumbent": {"colsample_bytree": 0.8903176124877685, "eta": 0.18089818143940867, "max_depth": 5, "reg_lambda": 0.027502033961397904}, "budget": 0, "origin": "Local Search"}
{"cpu_time": 13.141698837280273, "wallclock_time": 35.52122688293457, "evaluations": 128, "cost": 0.0448, "incumbent": {"colsample_bytree": 0.8586445023483837, "eta": 0.1827465097198988, "max_depth": 5, "reg_lambda": 0.0016789004376664464}, "budget": 0, "origin": "Local Search"}
{"cpu_time": 17.20755934715271, "wallclock_time": 46.946568965911865, "evaluations": 162, "cost": 0.0428, "incumbent": {"colsample_bytree": 0.9026917460960902, "eta": 0.19554884951099893, "max_depth": 5, "reg_lambda": 0.01994923659597344}, "budget": 0, "origin": "Local Search"}
{"cpu_time": 25.522754907608032, "wallclock_time": 74.92785692214966, "evaluations": 227, "cost": 0.0427, "incumbent": {"colsample_bytree": 0.8663839166162672, "eta": 0.19554884951099893, "max_depth": 5, "reg_lambda": 0.02004802347689324}, "budget": 0, "origin": "Local Search"}
