{"cpu_time": 0.0, "wallclock_time": 0.0013697147369384766, "evaluations": 0, "cost": 2147483648.0, "incumbent": ["colsample_bytree='0.3908073678612709'", "eta='0.02197006114591668'", "max_depth='1'", "reg_lambda='0.025956378731779545'"], "origin": "Sobol"}
{"cpu_time": 0.023590087890625, "wallclock_time": 0.02585768699645996, "evaluations": 1, "cost": 0.3819, "incumbent": ["colsample_bytree='0.3908073678612709'", "eta='0.02197006114591668'", "max_depth='1'", "reg_lambda='0.025956378731779545'"], "origin": "Sobol"}
{"cpu_time": 0.11835551261901855, "wallclock_time": 0.12300968170166016, "evaluations": 4, "cost": 0.3654, "incumbent": ["colsample_bytree='0.7864414579235017'", "eta='0.06876373473778273'", "max_depth='5'", "reg_lambda='2.180661802430785'"], "origin": "Sobol"}
{"cpu_time": 0.23035740852355957, "wallclock_time": 0.23673295974731445, "evaluations": 6, "cost": 0.3415, "incumbent": ["colsample_bytree='1.0'", "eta='0.3'", "max_depth='10'", "reg_lambda='1.0'"], "origin": null}
{"cpu_time": 0.5247335433959961, "wallclock_time": 0.5409159660339355, "evaluations": 17, "cost": 0.3346, "incumbent": ["colsample_bytree='0.6266065758652986'", "eta='0.3646935062279739'", "max_depth='1'", "reg_lambda='0.2818207552142512'"], "origin": "Sobol"}
{"cpu_time": 1.1309785842895508, "wallclock_time": 1.180311679840088, "evaluations": 43, "cost": 0.3317, "incumbent": ["colsample_bytree='0.5481296327896417'", "eta='0.608797375855971'", "max_depth='1'", "reg_lambda='1.1244959152470722'"], "origin": "Sobol"}
{"cpu_time": 1.4194211959838867, "wallclock_time": 1.4877667427062988, "evaluations": 55, "cost": 0.285, "incumbent": ["colsample_bytree='0.7050256938673556'", "eta='0.8105600352594424'", "max_depth='8'", "reg_lambda='26.591563225527754'"], "origin": "Sobol"}
{"cpu_time": 2.063025951385498, "wallclock_time": 4.9240148067474365, "evaluations": 77, "cost": 0.2845, "incumbent": ["colsample_bytree='0.7112203861568531'", "eta='0.809365399162275'", "max_depth='10'", "reg_lambda='3.5141513454591604'"], "origin": "Local Search"}
{"cpu_time": 2.5661978721618652, "wallclock_time": 8.261127948760986, "evaluations": 90, "cost": 0.279, "incumbent": ["colsample_bytree='0.7092904529455499'", "eta='0.820671968510451'", "max_depth='10'", "reg_lambda='3.1490041784149008'"], "origin": "Local Search"}
{"cpu_time": 3.131392240524292, "wallclock_time": 10.437038898468018, "evaluations": 105, "cost": 0.2779, "incumbent": ["colsample_bytree='0.709000456647192'", "eta='0.8694134559960465'", "max_depth='6'", "reg_lambda='3.143226362974938'"], "origin": "Local Search"}
{"cpu_time": 3.314608335494995, "wallclock_time": 10.63389801979065, "evaluations": 110, "cost": 0.2773, "incumbent": ["colsample_bytree='0.708713268669232'", "eta='0.9883361185124313'", "max_depth='6'", "reg_lambda='3.133363311853325'"], "origin": "Local Search"}
{"cpu_time": 3.8455922603607178, "wallclock_time": 15.388230800628662, "evaluations": 127, "cost": 0.2724, "incumbent": ["colsample_bytree='0.7083155251065243'", "eta='0.9857951314220643'", "max_depth='2'", "reg_lambda='3.16175203843463'"], "origin": "Local Search"}
{"cpu_time": 3.9765946865081787, "wallclock_time": 16.119653940200806, "evaluations": 133, "cost": 0.2682, "incumbent": ["colsample_bytree='0.528884421959227'", "eta='0.94684131860813'", "max_depth='2'", "reg_lambda='3.1597130144738976'"], "origin": "Local Search"}
{"cpu_time": 4.772114276885986, "wallclock_time": 26.445432662963867, "evaluations": 166, "cost": 0.2604, "incumbent": ["colsample_bytree='0.5549336165253588'", "eta='0.9950906703630518'", "max_depth='2'", "reg_lambda='3.1597130144738976'"], "origin": "Local Search"}
{"cpu_time": 6.040947914123535, "wallclock_time": 43.14442777633667, "evaluations": 213, "cost": 0.2572, "incumbent": ["colsample_bytree='0.5110273891794216'", "eta='0.9966135507921607'", "max_depth='3'", "reg_lambda='0.0012629230895798134'"], "origin": "Local Search"}
{"cpu_time": 6.487212657928467, "wallclock_time": 48.8510856628418, "evaluations": 230, "cost": 0.2017, "incumbent": ["colsample_bytree='0.9253409598581324'", "eta='0.9989934569353242'", "max_depth='2'", "reg_lambda='0.002943362147906629'"], "origin": "Local Search"}
{"cpu_time": 7.836820602416992, "wallclock_time": 60.83801078796387, "evaluations": 285, "cost": 0.1942, "incumbent": ["colsample_bytree='0.9797950930878734'", "eta='0.9989934569353242'", "max_depth='2'", "reg_lambda='0.004754639580023016'"], "origin": "Local Search"}
