{
  "mean_cost": 0.04595981429835595,
  "finished_ta_runs": 300,
  "inc_changed": 10,
  "n_configs": 186,
  "submitted_ta_runs": 300,
  "ta_time_used": 182.97485661506653,
  "wallclock_time_used": 349.07141518592834,
  "dataset_id": 146800,
  "perf_time": 349.0677460839979
}