{"cpu_time": 0.0, "wallclock_time": 0.00023031234741210938, "evaluations": 0, "cost": 2147483648.0, "incumbent": {"C": 0.08611366210550205, "gamma": 0.4942679928374453}, "budget": 0, "origin": "Sobol"}
{"cpu_time": 0.1262359619140625, "wallclock_time": 0.12707209587097168, "evaluations": 1, "cost": 0.0511, "incumbent": {"C": 0.08611366210550205, "gamma": 0.4942679928374453}, "budget": 0, "origin": "Sobol"}
