"CPU Time Used","Estimated Training Performance","Wallclock Time","Incumbent ID","Automatic Configurator (CPU) Time","Configuration..."
0.000000, 2147483648.000000, 0.000036, 1, 0.000036, alpha='0.001',eta0='0.01'
2.151277, 0.358000, 2.152022, 1, 0.000745, alpha='0.001',eta0='0.01'
20.358254, 0.272900, 20.371507, 2, 0.013253, alpha='1.8419909509685855e-05',eta0='0.05046106065359831'
65.046321, 0.284600, 65.105395, 3, 0.059074, alpha='2.2549688115947852e-05',eta0='0.04153687300299965'
114.087625, 0.274200, 114.216189, 4, 0.128565, alpha='3.430011414292949e-05',eta0='0.0013113059220184247'
274.963553, 0.269400, 275.498278, 5, 0.534725, alpha='1.4380458439471012e-05',eta0='0.0014746515022720163'
733.697992, 0.267600, 736.651700, 6, 2.953709, alpha='1.0911154560434664e-05',eta0='0.003520060756887983'
790.486406, 0.267400, 793.849191, 7, 3.362785, alpha='1.2164430362942756e-05',eta0='0.007402499317791027'
