"CPU Time Used","Estimated Training Performance","Wallclock Time","Incumbent ID","Automatic Configurator (CPU) Time","Configuration..."
0.000000, 2147483648.000000, 0.001491, 1, 0.001491, colsample_bytree='0.569966175314039',eta='0.009556882986489993',max_depth='3',reg_lambda='0.0020776820882921045'
0.064159, 0.500000, 0.066656, 1, 0.002497, colsample_bytree='0.569966175314039',eta='0.009556882986489993',max_depth='3',reg_lambda='0.0020776820882921045'
0.752450, 0.102800, 0.765056, 2, 0.012606, colsample_bytree='0.7997161545790732',eta='0.8167090504942917',max_depth='1',reg_lambda='7.369638786139326'
1.308685, 0.058800, 1.325213, 3, 0.016528, colsample_bytree='1.0',eta='0.3',max_depth='10',reg_lambda='1.0'
5.267505, 0.050600, 9.105683, 4, 3.838178, colsample_bytree='0.9997685853491085',eta='0.2828839012768926',max_depth='5',reg_lambda='0.001288239795016507'
14.300727, 0.047300, 57.173456, 5, 42.872729, colsample_bytree='0.9997271633348279',eta='0.19915011658357892',max_depth='4',reg_lambda='0.0010005598927280582'
17.344514, 0.045100, 75.780101, 6, 58.435587, colsample_bytree='0.9191120795280637',eta='0.2145067098813698',max_depth='8',reg_lambda='0.0013656411717308922'
