{
  "mean_cost": 0.44610773639940304,
  "finished_ta_runs": 600,
  "inc_changed": 2,
  "n_configs": 548,
  "submitted_ta_runs": 600,
  "ta_time_used": 13.854963779449463,
  "wallclock_time_used": 19.735644102096558,
  "dataset_id": 125920,
  "perf_time": 19.7583429160004
}