{
  "mean_cost": 0.512957089119275,
  "finished_ta_runs": 1,
  "inc_changed": 1,
  "n_configs": 1,
  "submitted_ta_runs": 1,
  "ta_time_used": 4.560492992401123,
  "wallclock_time_used": 4.562222242355347
}