{"cpu_time": 0.0, "wallclock_time": 0.0016338825225830078, "evaluations": 0, "cost": 2147483648.0, "incumbent": {"colsample_bytree": 0.3908073678612709, "eta": 0.02197006114591668, "max_depth": 1, "reg_lambda": 0.025956378731779545}, "budget": 0, "origin": "Sobol"}
{"cpu_time": 0.6555678844451904, "wallclock_time": 0.6582448482513428, "evaluations": 1, "cost": 0.3298, "incumbent": {"colsample_bytree": 0.3908073678612709, "eta": 0.02197006114591668, "max_depth": 1, "reg_lambda": 0.025956378731779545}, "budget": 0, "origin": "Sobol"}
{"cpu_time": 11.7080979347229, "wallclock_time": 11.715245723724365, "evaluations": 4, "cost": 0.0878, "incumbent": {"colsample_bytree": 0.7864414579235017, "eta": 0.06876373473778273, "max_depth": 5, "reg_lambda": 2.180661802430785}, "budget": 0, "origin": "Sobol"}
{"cpu_time": 74.20123815536499, "wallclock_time": 74.24587607383728, "evaluations": 27, "cost": 0.0807, "incumbent": {"colsample_bytree": 0.34836309412494304, "eta": 0.26655395384050556, "max_depth": 6, "reg_lambda": 0.1036182343546856}, "budget": 0, "origin": "Sobol"}
{"cpu_time": 122.7750997543335, "wallclock_time": 122.84978890419006, "evaluations": 42, "cost": 0.0725, "incumbent": {"colsample_bytree": 0.2476114026270807, "eta": 0.09799148147389534, "max_depth": 9, "reg_lambda": 0.22959291519229882}, "budget": 0, "origin": "Sobol"}
{"cpu_time": 177.11474585533142, "wallclock_time": 177.84872579574585, "evaluations": 67, "cost": 0.0618, "incumbent": {"colsample_bytree": 0.13008350218023107, "eta": 0.06238090811103725, "max_depth": 9, "reg_lambda": 0.0021270196201492323}, "budget": 0, "origin": "Local Search"}
{"cpu_time": 260.2845377922058, "wallclock_time": 278.5946729183197, "evaluations": 116, "cost": 0.061, "incumbent": {"colsample_bytree": 0.13050663676441504, "eta": 0.062365227252103854, "max_depth": 9, "reg_lambda": 0.001434179511660245}, "budget": 0, "origin": "Local Search"}
{"cpu_time": 269.01099276542664, "wallclock_time": 287.3413870334625, "evaluations": 121, "cost": 0.0599, "incumbent": {"colsample_bytree": 0.131243350452485, "eta": 0.062401998937389805, "max_depth": 9, "reg_lambda": 0.0014297115210490387}, "budget": 0, "origin": "Local Search"}
{"cpu_time": 483.9820976257324, "wallclock_time": 577.8591239452362, "evaluations": 232, "cost": 0.0598, "incumbent": {"colsample_bytree": 0.13213411485841425, "eta": 0.06143711888954707, "max_depth": 10, "reg_lambda": 0.005213413997096539}, "budget": 0, "origin": "Local Search"}
{"cpu_time": 528.9666681289673, "wallclock_time": 631.8977479934692, "evaluations": 255, "cost": 0.0595, "incumbent": {"colsample_bytree": 0.15923687865459463, "eta": 0.06041754764573981, "max_depth": 9, "reg_lambda": 0.0034645513089999005}, "budget": 0, "origin": "Local Search"}
