{
  "mean_cost": 0.45869816404244507,
  "finished_ta_runs": 300,
  "inc_changed": 3,
  "n_configs": 154,
  "submitted_ta_runs": 300,
  "ta_time_used": 62.0641770362854,
  "wallclock_time_used": 162.03501510620117,
  "dataset_id": 167141,
  "perf_time": 162.04786091700225
}