{
  "mean_cost": 0.351463601715583,
  "finished_ta_runs": 1,
  "inc_changed": 1,
  "n_configs": 1,
  "submitted_ta_runs": 1,
  "ta_time_used": 9.894352912902832,
  "wallclock_time_used": 9.89679503440857
}