"CPU Time Used","Estimated Training Performance","Wallclock Time","Incumbent ID","Automatic Configurator (CPU) Time","Configuration..."
0.000000, 2147483648.000000, 0.001422, 1, 0.001422, colsample_bytree='0.569966175314039',eta='0.009556882986489993',max_depth='3',reg_lambda='0.0020776820882921045'
0.040391, 0.309100, 0.042769, 1, 0.002378, colsample_bytree='0.569966175314039',eta='0.009556882986489993',max_depth='3',reg_lambda='0.0020776820882921045'
0.303671, 0.195400, 0.310993, 2, 0.007322, colsample_bytree='0.3878000834956765',eta='0.004721681612948408',max_depth='10',reg_lambda='0.09654112415362535'
1.044886, 0.173200, 1.077991, 3, 0.033105, colsample_bytree='0.6345239883288741',eta='0.33181775125056084',max_depth='2',reg_lambda='0.043291333432912055'
3.581980, 0.160000, 10.716986, 4, 7.135007, colsample_bytree='0.8095330138753182',eta='0.07806011779743731',max_depth='8',reg_lambda='0.028306666669408516'
11.174552, 0.154400, 60.837398, 5, 49.662846, colsample_bytree='0.29137147875124203',eta='0.28983306442213985',max_depth='5',reg_lambda='0.0033869270447364967'
