{
  "mean_cost": 0.17263583455530374,
  "finished_ta_runs": 1,
  "inc_changed": 1,
  "n_configs": 1,
  "submitted_ta_runs": 1,
  "ta_time_used": 0.09110307693481445,
  "wallclock_time_used": 0.09256219863891602,
  "dataset_id": 9957,
  "perf_time": 0.22889379199978066
}