{
  "mean_cost": 0.3569567799479484,
  "finished_ta_runs": 300,
  "inc_changed": 10,
  "n_configs": 206,
  "submitted_ta_runs": 300,
  "ta_time_used": 34.78596043586731,
  "wallclock_time_used": 117.89630508422852,
  "dataset_id": 3917,
  "perf_time": 117.91114516698872
}