"CPU Time Used","Estimated Training Performance","Wallclock Time","Incumbent ID","Automatic Configurator (CPU) Time","Configuration..."
0.000000, 2147483648.000000, 0.000220, 1, 0.000220, alpha='0.0004126639093412234',eta0='0.0017613324954003418'
0.190921, 0.545500, 0.191754, 1, 0.000833, alpha='0.0004126639093412234',eta0='0.0017613324954003418'
