"CPU Time Used","Estimated Training Performance","Wallclock Time","Incumbent ID","Automatic Configurator (CPU) Time","Configuration..."
0.000000, 2147483648.000000, 0.000040, 1, 0.000040, alpha='0.001',eta0='0.01'
0.031275, 0.500000, 0.031953, 1, 0.000678, alpha='0.001',eta0='0.01'
0.215213, 0.401300, 0.223487, 2, 0.008274, alpha='1.8419909509685855e-05',eta0='0.05046106065359831'
6.808909, 0.377200, 8.047091, 3, 1.238182, alpha='0.0008315614805127152',eta0='0.0012286491118968469'
