{
  "data": [
    [
      [
        1,
        null,
        379248293,
        0.0
      ],
      [
        0.07234122963606249,
        0.08113694190979004,
        {
          "__enum__": "StatusType.SUCCESS"
        },
        1674410418.756438,
        1674410418.837579,
        {}
      ]
    ]
  ],
  "config_origins": {
    "1": "Sobol"
  },
  "configs": {
    "1": {
      "max_depth": 2,
      "max_features": 0.4491682695224881,
      "min_samples_leaf": 1,
      "min_samples_split": 4
    }
  }
}