"CPU Time Used","Estimated Training Performance","Wallclock Time","Incumbent ID","Automatic Configurator (CPU) Time","Configuration..."
0.000000, 2147483648.000000, 0.000041, 1, 0.000041, C='1.0',gamma='0.1'
0.205932, 0.500000, 0.206628, 1, 0.000696, C='1.0',gamma='0.1'
0.543245, 0.372100, 0.546458, 2, 0.003213, C='167.43465269107315',gamma='0.010473312293162985'
6.843070, 0.251800, 6.933223, 3, 0.090153, C='679.0325401248423',gamma='0.0030357544050474464'
37.746068, 0.218100, 39.045199, 4, 1.299131, C='133.8164376100696',gamma='0.001570388453203586'
49.151491, 0.197700, 51.268195, 5, 2.116704, C='555.4846754067725',gamma='0.0018810144065367206'
53.900786, 0.178200, 56.410427, 6, 2.509641, C='602.4786779835428',gamma='0.0011033932408327032'
