{"cpu_time": 0.0, "wallclock_time": 0.0005488395690917969, "evaluations": 0, "cost": 2147483648.0, "incumbent": {"C": 1.3600811985592882, "gamma": 0.09352602871548096}, "budget": 0, "origin": "Sobol"}
{"cpu_time": 1.3344841003417969, "wallclock_time": 1.3358879089355469, "evaluations": 1, "cost": 0.8993, "incumbent": {"C": 1.3600811985592882, "gamma": 0.09352602871548096}, "budget": 0, "origin": "Sobol"}
{"cpu_time": 15.059573888778687, "wallclock_time": 15.075052976608276, "evaluations": 13, "cost": 0.0114, "incumbent": {"C": 102.59827344587585, "gamma": 0.0039228031036218506}, "budget": 0, "origin": "Sobol"}
{"cpu_time": 33.314018964767456, "wallclock_time": 33.36531472206116, "evaluations": 31, "cost": 0.0073, "incumbent": {"C": 0.6293526165094239, "gamma": 0.0012324628012758837}, "budget": 0, "origin": "Sobol"}
{"cpu_time": 38.274582624435425, "wallclock_time": 38.33872675895691, "evaluations": 38, "cost": 0.0064, "incumbent": {"C": 4.729862452035014, "gamma": 0.0020153549174183696}, "budget": 0, "origin": "Sobol"}
{"cpu_time": 44.567776918411255, "wallclock_time": 45.14904284477234, "evaluations": 47, "cost": 0.0056, "incumbent": {"C": 25.235881098065814, "gamma": 0.0016691603765772263}, "budget": 0, "origin": "Random Search (sorted)"}
