"CPU Time Used","Estimated Training Performance","Wallclock Time","Incumbent ID","Automatic Configurator (CPU) Time","Configuration..."
0.000000, 2147483648.000000, 0.000549, 1, 0.000549, C='1.3600811985592882',gamma='0.09352602871548096'
1.334484, 0.899300, 1.335888, 1, 0.001404, C='1.3600811985592882',gamma='0.09352602871548096'
15.059574, 0.011400, 15.075053, 2, 0.015479, C='102.59827344587585',gamma='0.0039228031036218506'
33.314019, 0.007300, 33.365315, 3, 0.051296, C='0.6293526165094239',gamma='0.0012324628012758837'
38.274583, 0.006400, 38.338727, 4, 0.064144, C='4.729862452035014',gamma='0.0020153549174183696'
44.567777, 0.005600, 45.149043, 5, 0.581266, C='25.235881098065814',gamma='0.0016691603765772263'
