"CPU Time Used","Estimated Training Performance","Wallclock Time","Incumbent ID","Automatic Configurator (CPU) Time","Configuration..."
0.000000, 2147483648.000000, 0.000045, 1, 0.000045, C='1.0',gamma='0.1'
0.026276, 0.149600, 0.027014, 1, 0.000738, C='1.0',gamma='0.1'
0.071524, 0.045700, 0.074624, 2, 0.003100, C='167.43465269107315',gamma='0.010473312293162985'
0.153680, 0.032500, 0.160220, 3, 0.006540, C='131.61290023311957',gamma='0.649856834080378'
2.035435, 0.027200, 2.227247, 4, 0.191812, C='310.54195175803994',gamma='0.037423865677612134'
3.913787, 0.020700, 4.482011, 5, 0.568224, C='54.234636495074795',gamma='0.0634706678544993'
5.119299, 0.011900, 6.025266, 6, 0.905967, C='84.92077836858748',gamma='0.1757655476197304'
6.336573, 0.010300, 7.654628, 7, 1.318055, C='3.4956359768547594',gamma='0.1708210893734465'
