{"cpu_time": 0.0, "wallclock_time": 0.0015947818756103516, "evaluations": 0, "cost": 2147483648.0, "incumbent": ["max_depth='1'", "max_features='0.49276944529265165'", "min_samples_leaf='4'", "min_samples_split='9'"], "origin": "Sobol"}
{"cpu_time": 0.0880126953125, "wallclock_time": 0.09258484840393066, "evaluations": 1, "cost": 0.5, "incumbent": ["max_depth='1'", "max_features='0.49276944529265165'", "min_samples_leaf='4'", "min_samples_split='9'"], "origin": "Sobol"}
{"cpu_time": 0.3837156295776367, "wallclock_time": 0.39089298248291016, "evaluations": 4, "cost": 0.424, "incumbent": ["max_depth='22'", "max_features='0.502463330514729'", "min_samples_leaf='18'", "min_samples_split='83'"], "origin": "Sobol"}
{"cpu_time": 0.6745426654815674, "wallclock_time": 0.683464765548706, "evaluations": 6, "cost": 0.3914, "incumbent": ["max_depth='10'", "max_features='0.5'", "min_samples_leaf='1'", "min_samples_split='32'"], "origin": null}
{"cpu_time": 2.9742748737335205, "wallclock_time": 2.9940378665924072, "evaluations": 17, "cost": 0.358, "incumbent": ["max_depth='11'", "max_features='0.9135355520993471'", "min_samples_leaf='2'", "min_samples_split='4'"], "origin": "Sobol"}
{"cpu_time": 7.3106689453125, "wallclock_time": 7.379169940948486, "evaluations": 49, "cost": 0.3415, "incumbent": ["max_depth='25'", "max_features='0.7711025746539235'", "min_samples_leaf='1'", "min_samples_split='10'"], "origin": "Sobol"}
{"cpu_time": 10.002617359161377, "wallclock_time": 11.183456897735596, "evaluations": 62, "cost": 0.3329, "incumbent": ["max_depth='21'", "max_features='0.8944507140998534'", "min_samples_leaf='1'", "min_samples_split='2'"], "origin": "Local Search"}
{"cpu_time": 16.065478563308716, "wallclock_time": 20.878768920898438, "evaluations": 81, "cost": 0.3278, "incumbent": ["max_depth='21'", "max_features='0.9779895957795626'", "min_samples_leaf='1'", "min_samples_split='3'"], "origin": "Local Search"}
{"cpu_time": 27.992156982421875, "wallclock_time": 38.737162828445435, "evaluations": 112, "cost": 0.3266, "incumbent": ["max_depth='20'", "max_features='0.9930852033322406'", "min_samples_leaf='1'", "min_samples_split='3'"], "origin": "Local Search"}
{"cpu_time": 33.95803380012512, "wallclock_time": 46.05979895591736, "evaluations": 126, "cost": 0.3262, "incumbent": ["max_depth='20'", "max_features='0.976395909868657'", "min_samples_leaf='1'", "min_samples_split='3'"], "origin": "Local Search"}
