{
  "mean_cost": 0.0702938218328133,
  "finished_ta_runs": 1,
  "inc_changed": 1,
  "n_configs": 1,
  "submitted_ta_runs": 1,
  "ta_time_used": 2.2638063430786133,
  "wallclock_time_used": 2.265911102294922
}