"CPU Time Used","Estimated Training Performance","Wallclock Time","Incumbent ID","Automatic Configurator (CPU) Time","Configuration..."
0.000000, 2147483648.000000, 0.000042, 1, 0.000042, alpha='0.001',eta0='0.01'
0.269438, 0.650500, 0.270123, 1, 0.000685, alpha='0.001',eta0='0.01'
3.053842, 0.545100, 3.068301, 2, 0.014459, alpha='0.002374055867675844',eta0='5.8767874739523716e-05'
4.733388, 0.540500, 4.758750, 3, 0.025362, alpha='0.005552327829437055',eta0='4.9488396977195885e-05'
7.838939, 0.525700, 7.892954, 4, 0.054015, alpha='0.00047563268189094034',eta0='2.3569613209121685e-05'
10.843714, 0.525300, 10.921899, 5, 0.078185, alpha='9.399424143105853e-05',eta0='2.1264709675175496e-05'
52.307226, 0.525300, 53.530294, 6, 1.223068, alpha='1.7282947351819782e-05',eta0='2.0525549719164e-05'
