"CPU Time Used","Estimated Training Performance","Wallclock Time","Incumbent ID","Automatic Configurator (CPU) Time","Configuration..."
0.000000, 2147483648.000000, 0.000036, 1, 0.000036, C='1.0',gamma='0.1'
0.092420, 0.758500, 0.093040, 1, 0.000620, C='1.0',gamma='0.1'
0.566176, 0.531200, 0.571379, 2, 0.005203, C='52.455931369707116',gamma='0.0011373846877749554'
4.197464, 0.521700, 4.297607, 3, 0.100143, C='821.2083876682452',gamma='0.0011317947333548213'
30.576096, 0.518500, 33.932542, 4, 3.356447, C='155.47057499201995',gamma='0.001154429995657857'
36.118018, 0.514300, 40.698038, 5, 4.580020, C='153.25632912788444',gamma='0.0011121997040891838'
