{"cpu_time": 0.0, "wallclock_time": 0.0014808177947998047, "evaluations": 0, "cost": 2147483648.0, "incumbent": ["colsample_bytree='0.569966175314039'", "eta='0.009556882986489993'", "max_depth='3'", "reg_lambda='0.0020776820882921045'"], "origin": "Sobol"}
{"cpu_time": 4.5026021003723145, "wallclock_time": 4.505249977111816, "evaluations": 1, "cost": 0.0509, "incumbent": ["colsample_bytree='0.569966175314039'", "eta='0.009556882986489993'", "max_depth='3'", "reg_lambda='0.0020776820882921045'"], "origin": "Sobol"}
{"cpu_time": 35.09622764587402, "wallclock_time": 35.107771158218384, "evaluations": 7, "cost": 0.0244, "incumbent": ["colsample_bytree='0.3878000834956765'", "eta='0.004721681612948408'", "max_depth='10'", "reg_lambda='0.09654112415362535'"], "origin": "Sobol"}
{"cpu_time": 59.79193043708801, "wallclock_time": 59.814353227615356, "evaluations": 14, "cost": 0.0235, "incumbent": ["colsample_bytree='0.7997161545790732'", "eta='0.8167090504942917'", "max_depth='1'", "reg_lambda='7.369638786139326'"], "origin": "Sobol"}
{"cpu_time": 136.16902041435242, "wallclock_time": 136.24218201637268, "evaluations": 37, "cost": 0.0238, "incumbent": ["colsample_bytree='0.12470506532117726'", "eta='0.3768585089263951'", "max_depth='1'", "reg_lambda='0.008781008183885218'"], "origin": "Sobol"}
{"cpu_time": 165.43762755393982, "wallclock_time": 165.53084206581116, "evaluations": 44, "cost": 0.0196, "incumbent": ["colsample_bytree='0.8434434210881591'", "eta='0.134743335042713'", "max_depth='2'", "reg_lambda='0.4602553510758009'"], "origin": "Sobol"}
{"cpu_time": 270.783082485199, "wallclock_time": 273.52665400505066, "evaluations": 72, "cost": 0.0187, "incumbent": ["colsample_bytree='0.8641906308491225'", "eta='0.134743335042713'", "max_depth='2'", "reg_lambda='0.7025250954057564'"], "origin": "Local Search"}
{"cpu_time": 378.1971278190613, "wallclock_time": 390.51068115234375, "evaluations": 98, "cost": 0.0183, "incumbent": ["colsample_bytree='0.8641906308491225'", "eta='0.1346413301463985'", "max_depth='2'", "reg_lambda='0.7025250954057564'"], "origin": "Local Search"}
{"cpu_time": 402.88860273361206, "wallclock_time": 415.95199704170227, "evaluations": 104, "cost": 0.0179, "incumbent": ["colsample_bytree='0.8641906308491225'", "eta='0.13464237168621998'", "max_depth='2'", "reg_lambda='0.7025250954057564'"], "origin": "Local Search"}
{"cpu_time": 508.1234130859375, "wallclock_time": 534.2142949104309, "evaluations": 131, "cost": 0.0174, "incumbent": ["colsample_bytree='0.8351946947655741'", "eta='0.13347649451340435'", "max_depth='2'", "reg_lambda='1.311233576843624'"], "origin": "Local Search"}
{"cpu_time": 642.2866365909576, "wallclock_time": 687.6284821033478, "evaluations": 163, "cost": 0.0173, "incumbent": ["colsample_bytree='0.8349882069491111'", "eta='0.13347649451340435'", "max_depth='2'", "reg_lambda='3.797811535020922'"], "origin": "Local Search"}
{"cpu_time": 853.8886332511902, "wallclock_time": 933.2248430252075, "evaluations": 215, "cost": 0.0165, "incumbent": ["colsample_bytree='0.8349882069491111'", "eta='0.13186723561224875'", "max_depth='2'", "reg_lambda='3.6021015128726432'"], "origin": "Local Search"}
{"cpu_time": 953.6184573173523, "wallclock_time": 1047.7373931407928, "evaluations": 237, "cost": 0.0157, "incumbent": ["colsample_bytree='0.8349882069491111'", "eta='0.13198484520221734'", "max_depth='2'", "reg_lambda='3.6021015128726432'"], "origin": "Local Search"}
