{
  "mean_cost": 0.4099392611133272,
  "finished_ta_runs": 161,
  "inc_changed": 5,
  "n_configs": 106,
  "submitted_ta_runs": 161,
  "ta_time_used": 30.897719144821167,
  "wallclock_time_used": 60.43931198120117,
  "dataset_id": 3917
}