"CPU Time Used","Estimated Training Performance","Wallclock Time","Incumbent ID","Automatic Configurator (CPU) Time","Configuration..."
0.000000, 2147483648.000000, 0.000243, 1, 0.000243, C='0.08611366210550205',gamma='0.4942679928374453'
0.702609, 0.666700, 0.703607, 1, 0.000998, C='0.08611366210550205',gamma='0.4942679928374453'
