{"cpu_time": 0.0, "wallclock_time": 0.0015380382537841797, "evaluations": 0, "cost": 2147483648.0, "incumbent": {"colsample_bytree": 0.2890479595400393, "eta": 0.02972240058848022, "max_depth": 1, "reg_lambda": 0.23594281684827217}, "budget": 0, "origin": "Sobol"}
{"cpu_time": 0.01796579360961914, "wallclock_time": 0.020473718643188477, "evaluations": 1, "cost": 0.2812, "incumbent": {"colsample_bytree": 0.2890479595400393, "eta": 0.02972240058848022, "max_depth": 1, "reg_lambda": 0.23594281684827217}, "budget": 0, "origin": "Sobol"}
{"cpu_time": 0.18656158447265625, "wallclock_time": 0.19623398780822754, "evaluations": 10, "cost": 0.2253, "incumbent": {"colsample_bytree": 0.5235572370700539, "eta": 0.1863242307845216, "max_depth": 3, "reg_lambda": 4.4461461740589225}, "budget": 0, "origin": "Sobol"}
{"cpu_time": 1.4394657611846924, "wallclock_time": 3.180572986602783, "evaluations": 60, "cost": 0.2212, "incumbent": {"colsample_bytree": 0.4583985705429634, "eta": 0.16665029015919644, "max_depth": 7, "reg_lambda": 5.353184976065711}, "budget": 0, "origin": "Local Search"}
{"cpu_time": 2.246452808380127, "wallclock_time": 9.162976026535034, "evaluations": 85, "cost": 0.2191, "incumbent": {"colsample_bytree": 0.45776385369376404, "eta": 0.13043184030830382, "max_depth": 9, "reg_lambda": 5.024012695051658}, "budget": 0, "origin": "Local Search"}
{"cpu_time": 2.9468305110931396, "wallclock_time": 14.286919832229614, "evaluations": 105, "cost": 0.217, "incumbent": {"colsample_bytree": 0.2749178749433657, "eta": 0.1143470423869906, "max_depth": 10, "reg_lambda": 4.933330522897565}, "budget": 0, "origin": "Local Search"}
{"cpu_time": 6.004904747009277, "wallclock_time": 65.19674277305603, "evaluations": 180, "cost": 0.2059, "incumbent": {"colsample_bytree": 0.928244832146021, "eta": 0.0017725941657924184, "max_depth": 9, "reg_lambda": 0.0022359514939631195}, "budget": 0, "origin": "Local Search"}
{"cpu_time": 6.6241984367370605, "wallclock_time": 68.73297476768494, "evaluations": 190, "cost": 0.2026, "incumbent": {"colsample_bytree": 0.9264478238604718, "eta": 0.0017607952610727991, "max_depth": 9, "reg_lambda": 0.0019960590470370523}, "budget": 0, "origin": "Local Search"}
{"cpu_time": 7.773778200149536, "wallclock_time": 75.56671380996704, "evaluations": 208, "cost": 0.2015, "incumbent": {"colsample_bytree": 0.9301546789361143, "eta": 0.0017353855528163254, "max_depth": 7, "reg_lambda": 0.0014261811326568212}, "budget": 0, "origin": "Local Search"}
