"CPU Time Used","Estimated Training Performance","Wallclock Time","Incumbent ID","Automatic Configurator (CPU) Time","Configuration..."
0.000000, 2147483648.000000, 0.001538, 1, 0.001538, colsample_bytree='0.2890479595400393',eta='0.02972240058848022',max_depth='1',reg_lambda='0.23594281684827217'
0.017966, 0.281200, 0.020474, 1, 0.002508, colsample_bytree='0.2890479595400393',eta='0.02972240058848022',max_depth='1',reg_lambda='0.23594281684827217'
0.186562, 0.225300, 0.196234, 2, 0.009672, colsample_bytree='0.5235572370700539',eta='0.1863242307845216',max_depth='3',reg_lambda='4.4461461740589225'
1.439466, 0.221200, 3.180573, 3, 1.741107, colsample_bytree='0.4583985705429634',eta='0.16665029015919644',max_depth='7',reg_lambda='5.353184976065711'
2.246453, 0.219100, 9.162976, 4, 6.916523, colsample_bytree='0.45776385369376404',eta='0.13043184030830382',max_depth='9',reg_lambda='5.024012695051658'
2.946831, 0.217000, 14.286920, 5, 11.340089, colsample_bytree='0.2749178749433657',eta='0.1143470423869906',max_depth='10',reg_lambda='4.933330522897565'
6.004905, 0.205900, 65.196743, 6, 59.191838, colsample_bytree='0.928244832146021',eta='0.0017725941657924184',max_depth='9',reg_lambda='0.0022359514939631195'
6.624198, 0.202600, 68.732975, 7, 62.108776, colsample_bytree='0.9264478238604718',eta='0.0017607952610727991',max_depth='9',reg_lambda='0.0019960590470370523'
7.773778, 0.201500, 75.566714, 8, 67.792936, colsample_bytree='0.9301546789361143',eta='0.0017353855528163254',max_depth='7',reg_lambda='0.0014261811326568212'
