{
  "mean_cost": 0.37045486111111114,
  "finished_ta_runs": 300,
  "inc_changed": 5,
  "n_configs": 162,
  "submitted_ta_runs": 300,
  "ta_time_used": 8.194759368896484,
  "wallclock_time_used": 104.38092803955078,
  "dataset_id": 3913,
  "perf_time": 104.3956225410002
}