"CPU Time Used","Estimated Training Performance","Wallclock Time","Incumbent ID","Automatic Configurator (CPU) Time","Configuration..."
0.000000, 2147483648.000000, 0.000617, 1, 0.000617, alpha='0.0040824718253228975',eta0='0.00044195488125554607'
2.667873, 0.250900, 2.669382, 1, 0.001509, alpha='0.0040824718253228975',eta0='0.00044195488125554607'
39.241689, 0.243400, 39.256560, 2, 0.014871, alpha='0.000182884801566337',eta0='0.0008272593854647256'
109.739771, 0.242200, 110.867481, 3, 1.127710, alpha='5.1555485884532116e-05',eta0='0.0019460843966586166'
177.483790, 0.241800, 182.682410, 4, 5.198619, alpha='3.284570771376964e-05',eta0='0.0029935891982762236'
193.105813, 0.241500, 198.656673, 5, 5.550860, alpha='1.7146585258425133e-05',eta0='0.00357054207870721'
339.062670, 0.241400, 351.141848, 6, 12.079178, alpha='1.7514198226072762e-05',eta0='0.003559132337131307'
