{
  "mean_cost": 0.3956134325679679,
  "finished_ta_runs": 600,
  "inc_changed": 5,
  "n_configs": 580,
  "submitted_ta_runs": 600,
  "ta_time_used": 13.949777841567993,
  "wallclock_time_used": 19.29808497428894,
  "dataset_id": 9957,
  "perf_time": 19.314823125023395
}