{
  "mean_cost": 0.5,
  "finished_ta_runs": 300,
  "inc_changed": 1,
  "n_configs": 62,
  "submitted_ta_runs": 300,
  "ta_time_used": 80.16270661354065,
  "wallclock_time_used": 120.29536509513855,
  "dataset_id": 167141,
  "perf_time": 120.30825304200698
}