"CPU Time Used","Estimated Training Performance","Wallclock Time","Incumbent ID","Automatic Configurator (CPU) Time","Configuration..."
0.000000, 2147483648.000000, 0.000581, 1, 0.000581, alpha='0.0004126639093412234',eta0='0.0017613324954003418'
0.032364, 0.044900, 0.033743, 1, 0.001379, alpha='0.0004126639093412234',eta0='0.0017613324954003418'
5.734857, 0.071100, 51.866053, 2, 46.131196, alpha='0.00027114014398614913',eta0='0.0017098609715756048'
