"CPU Time Used","Estimated Training Performance","Wallclock Time","Incumbent ID","Automatic Configurator (CPU) Time","Configuration..."
0.000000, 2147483648.000000, 0.000051, 1, 0.000051, colsample_bytree='1.0',eta='0.3',max_depth='10',reg_lambda='1.0'
0.078023, 0.341500, 0.078740, 1, 0.000717, colsample_bytree='1.0',eta='0.3',max_depth='10',reg_lambda='1.0'
0.461472, 0.317700, 0.470481, 2, 0.009009, colsample_bytree='0.944553396390592',eta='0.7771105186723747',max_depth='4',reg_lambda='6.037064981686672'
1.826866, 0.296500, 1.944480, 3, 0.117614, colsample_bytree='0.9545508300040052',eta='0.5653487635621801',max_depth='2',reg_lambda='5.489750820269845'
2.664178, 0.265400, 2.886110, 4, 0.221932, colsample_bytree='0.5199798693788459',eta='0.8229642336351024',max_depth='3',reg_lambda='0.1001491106932673'
