{"cpu_time": 0.0, "wallclock_time": 5.1021575927734375e-05, "evaluations": 0, "cost": 2147483648.0, "incumbent": ["colsample_bytree='1.0'", "eta='0.3'", "max_depth='10'", "reg_lambda='1.0'"], "origin": "Default"}
{"cpu_time": 0.07802271842956543, "wallclock_time": 0.07874011993408203, "evaluations": 1, "cost": 0.3415, "incumbent": ["colsample_bytree='1.0'", "eta='0.3'", "max_depth='10'", "reg_lambda='1.0'"], "origin": "Default"}
{"cpu_time": 0.4614717960357666, "wallclock_time": 0.47048091888427734, "evaluations": 10, "cost": 0.3177, "incumbent": ["colsample_bytree='0.944553396390592'", "eta='0.7771105186723747'", "max_depth='4'", "reg_lambda='6.037064981686672'"], "origin": "Random Search"}
{"cpu_time": 1.8268661499023438, "wallclock_time": 1.9444801807403564, "evaluations": 65, "cost": 0.2965, "incumbent": ["colsample_bytree='0.9545508300040052'", "eta='0.5653487635621801'", "max_depth='2'", "reg_lambda='5.489750820269845'"], "origin": "Random Search"}
{"cpu_time": 2.6641781330108643, "wallclock_time": 2.8861100673675537, "evaluations": 99, "cost": 0.2654, "incumbent": ["colsample_bytree='0.5199798693788459'", "eta='0.8229642336351024'", "max_depth='3'", "reg_lambda='0.1001491106932673'"], "origin": "Random Search"}
