{"cpu_time": 0.0, "wallclock_time": 3.600120544433594e-05, "evaluations": 0, "cost": 2147483648.0, "incumbent": ["C='1.0'", "gamma='0.1'"], "origin": "Default"}
{"cpu_time": 0.29181599617004395, "wallclock_time": 0.2924511432647705, "evaluations": 1, "cost": 0.1296, "incumbent": ["C='1.0'", "gamma='0.1'"], "origin": "Default"}
