{"cpu_time": 0.0, "wallclock_time": 0.0016293525695800781, "evaluations": 0, "cost": 2147483648.0, "incumbent": ["max_depth='2'", "max_features='0.4491682695224881'", "min_samples_leaf='1'", "min_samples_split='4'"], "origin": "Sobol"}
{"cpu_time": 0.42385220527648926, "wallclock_time": 0.4265022277832031, "evaluations": 1, "cost": 0.4858, "incumbent": ["max_depth='2'", "max_features='0.4491682695224881'", "min_samples_leaf='1'", "min_samples_split='4'"], "origin": "Sobol"}
{"cpu_time": 3.215756416320801, "wallclock_time": 3.2211251258850098, "evaluations": 4, "cost": 0.2629, "incumbent": ["max_depth='17'", "max_features='0.6137791713699698'", "min_samples_leaf='16'", "min_samples_split='18'"], "origin": "Sobol"}
{"cpu_time": 21.50486397743225, "wallclock_time": 21.5318603515625, "evaluations": 21, "cost": 0.2612, "incumbent": ["max_depth='30'", "max_features='0.8789303731173277'", "min_samples_leaf='9'", "min_samples_split='48'"], "origin": "Sobol"}
{"cpu_time": 31.526658296585083, "wallclock_time": 31.57437229156494, "evaluations": 32, "cost": 0.2546, "incumbent": ["max_depth='13'", "max_features='0.6508769644424319'", "min_samples_leaf='11'", "min_samples_split='3'"], "origin": "Sobol"}
{"cpu_time": 47.17976140975952, "wallclock_time": 47.25346922874451, "evaluations": 48, "cost": 0.2477, "incumbent": ["max_depth='46'", "max_features='0.7485423665493727'", "min_samples_leaf='1'", "min_samples_split='7'"], "origin": "Sobol"}
{"cpu_time": 62.64361047744751, "wallclock_time": 62.74550724029541, "evaluations": 60, "cost": 0.246, "incumbent": ["max_depth='19'", "max_features='0.9526863796636462'", "min_samples_leaf='5'", "min_samples_split='4'"], "origin": "Sobol"}
{"cpu_time": 81.16068911552429, "wallclock_time": 83.26459336280823, "evaluations": 73, "cost": 0.244, "incumbent": ["max_depth='15'", "max_features='0.9644033309841809'", "min_samples_leaf='3'", "min_samples_split='9'"], "origin": "Local Search"}
{"cpu_time": 106.8307831287384, "wallclock_time": 111.72175216674805, "evaluations": 86, "cost": 0.241, "incumbent": ["max_depth='13'", "max_features='0.9666614138685395'", "min_samples_leaf='3'", "min_samples_split='9'"], "origin": "Local Search"}
{"cpu_time": 134.82353043556213, "wallclock_time": 143.56898522377014, "evaluations": 100, "cost": 0.2401, "incumbent": ["max_depth='13'", "max_features='0.9667723725479641'", "min_samples_leaf='3'", "min_samples_split='2'"], "origin": "Local Search"}
{"cpu_time": 248.22553992271423, "wallclock_time": 283.2488901615143, "evaluations": 161, "cost": 0.2383, "incumbent": ["max_depth='12'", "max_features='0.9750491047844787'", "min_samples_leaf='3'", "min_samples_split='2'"], "origin": "Local Search"}
