{
  "mean_cost": 0.044197653971415604,
  "finished_ta_runs": 250,
  "inc_changed": 5,
  "n_configs": 208,
  "submitted_ta_runs": 250,
  "ta_time_used": 118.62327480316162,
  "wallclock_time_used": 120.00608801841736,
  "dataset_id": 146824
}