"CPU Time Used","Estimated Training Performance","Wallclock Time","Incumbent ID","Automatic Configurator (CPU) Time","Configuration..."
0.000000, 2147483648.000000, 0.000603, 1, 0.000603, C='0.08611366210550205',gamma='0.4942679928374453'
0.476858, 0.900000, 0.478460, 1, 0.001602, C='0.08611366210550205',gamma='0.4942679928374453'
1.939026, 0.894000, 1.944692, 2, 0.005666, C='19.433598606658386',gamma='9.232350409327609'
4.946809, 0.891200, 4.961425, 3, 0.014616, C='69.38389384208695',gamma='0.0015531477828170245'
14.241540, 0.866200, 14.293013, 4, 0.051473, C='8.634022457298675',gamma='0.007852177423455793'
20.096387, 0.857900, 20.447060, 5, 0.350673, C='8.35689887367655',gamma='0.006939825744444441'
22.548057, 0.852300, 22.911494, 6, 0.363437, C='6.702600310736876',gamma='0.006116377472135247'
25.415208, 0.846800, 26.203075, 7, 0.787867, C='1.1984609659450784',gamma='0.004475631975677311'
