{
  "mean_cost": 0.24075537936722152,
  "finished_ta_runs": 300,
  "inc_changed": 8,
  "n_configs": 128,
  "submitted_ta_runs": 300,
  "ta_time_used": 6.355475902557373,
  "wallclock_time_used": 69.97227811813354,
  "dataset_id": 146819,
  "perf_time": 69.98341854099999
}