{
  "mean_cost": 0.49394444444444446,
  "finished_ta_runs": 300,
  "inc_changed": 2,
  "n_configs": 72,
  "submitted_ta_runs": 300,
  "ta_time_used": 2.4403319358825684,
  "wallclock_time_used": 17.753496885299683,
  "dataset_id": 3913,
  "perf_time": 17.76780575000157
}