{
  "mean_cost": 0.19559145773251208,
  "finished_ta_runs": 1601,
  "inc_changed": 7,
  "n_configs": 1425,
  "submitted_ta_runs": 1601,
  "ta_time_used": 80.79163026809692,
  "wallclock_time_used": 120.02481198310852,
  "dataset_id": 29
}