{
  "mean_cost": 0.43451888613178935,
  "finished_ta_runs": 1,
  "inc_changed": 1,
  "n_configs": 1,
  "submitted_ta_runs": 1,
  "ta_time_used": 0.02811408042907715,
  "wallclock_time_used": 0.029653072357177734,
  "dataset_id": 9971,
  "perf_time": 0.03551770800004306
}