"CPU Time Used","Estimated Training Performance","Wallclock Time","Incumbent ID","Automatic Configurator (CPU) Time","Configuration..."
0.000000, 2147483648.000000, 0.000530, 1, 0.000530, C='1.3600811985592882',gamma='0.09352602871548096'
0.493740, 0.894000, 0.495072, 1, 0.001333, C='1.3600811985592882',gamma='0.09352602871548096'
7.815848, 0.866200, 7.840424, 2, 0.024576, C='102.59827344587585',gamma='0.0039228031036218506'
19.495686, 0.860700, 19.805861, 3, 0.310175, C='227.26625370343365',gamma='0.0033077120997126166'
