{
  "mean_cost": 0.8632717864923747,
  "finished_ta_runs": 300,
  "inc_changed": 9,
  "n_configs": 103,
  "submitted_ta_runs": 300,
  "ta_time_used": 142.2311451435089,
  "wallclock_time_used": 166.68097686767578,
  "dataset_id": 12,
  "perf_time": 166.66084129200317
}