"CPU Time Used","Estimated Training Performance","Wallclock Time","Incumbent ID","Automatic Configurator (CPU) Time","Configuration..."
0.000000, 2147483648.000000, 0.000577, 1, 0.000577, alpha='0.00011227070295712931',eta0='0.0029096933833365197'
0.031452, 0.022600, 0.032760, 1, 0.001308, alpha='0.00011227070295712931',eta0='0.0029096933833365197'
7.245234, 0.022200, 31.046581, 2, 23.801347, alpha='0.05476573603848891',eta0='0.008264798509657214'
