"CPU Time Used","Estimated Training Performance","Wallclock Time","Incumbent ID","Automatic Configurator (CPU) Time","Configuration..."
0.000000, 2147483648.000000, 0.001829, 1, 0.001829, colsample_bytree='0.3908073678612709',eta='0.02197006114591668',max_depth='1',reg_lambda='0.025956378731779545'
0.398884, 0.153900, 0.401981, 1, 0.003097, colsample_bytree='0.3908073678612709',eta='0.02197006114591668',max_depth='1',reg_lambda='0.025956378731779545'
5.645359, 0.038200, 5.651855, 2, 0.006495, colsample_bytree='0.7864414579235017',eta='0.06876373473778273',max_depth='5',reg_lambda='2.180661802430785'
13.250880, 0.034200, 13.259951, 3, 0.009071, colsample_bytree='1.0',eta='0.3',max_depth='10',reg_lambda='1.0'
39.147427, 0.031100, 39.180718, 4, 0.033291, colsample_bytree='0.9010553395375609',eta='0.432060045902756',max_depth='2',reg_lambda='47.50433230227836'
51.983716, 0.028900, 52.034086, 5, 0.050370, colsample_bytree='0.34836309412494304',eta='0.26655395384050556',max_depth='6',reg_lambda='0.1036182343546856'
165.543132, 0.028300, 190.781122, 6, 25.237990, colsample_bytree='0.41730734447232454',eta='0.21817571850975404',max_depth='7',reg_lambda='0.10388290830663068'
252.339692, 0.027900, 313.075672, 7, 60.735980, colsample_bytree='0.34694905657204234',eta='0.2415565816117089',max_depth='7',reg_lambda='0.1039104156118801'
334.098192, 0.027400, 436.454231, 8, 102.356039, colsample_bytree='0.4095388204279884',eta='0.09535654474182641',max_depth='8',reg_lambda='4.4071147821582795'
