"CPU Time Used","Estimated Training Performance","Wallclock Time","Incumbent ID","Automatic Configurator (CPU) Time","Configuration..."
0.000000, 2147483648.000000, 0.000647, 1, 0.000647, alpha='0.0004126639093412234',eta0='0.0017613324954003418'
0.418592, 0.805100, 0.420064, 1, 0.001472, alpha='0.0004126639093412234',eta0='0.0017613324954003418'
4.182096, 0.759200, 4.197148, 2, 0.015052, alpha='6.675963694532246e-05',eta0='0.13455959491033861'
10.068446, 0.753200, 10.100526, 3, 0.032080, alpha='0.0014439030581155858',eta0='2.6843996424460273e-05'
13.841745, 0.739800, 13.918994, 4, 0.077249, alpha='0.00014331222076014103',eta0='0.0006285756509200554'
32.588884, 0.736100, 41.370302, 5, 8.781419, alpha='2.4118110681342755e-05',eta0='8.979053261225594e-05'
66.905832, 0.735700, 109.040277, 6, 42.134445, alpha='1.2095094942932687e-05',eta0='0.03006825810914856'
80.791707, 0.734300, 139.559422, 7, 58.767715, alpha='2.871054856041738e-05',eta0='0.03006825810914856'
