{
  "mean_cost": 0.06644866633805135,
  "finished_ta_runs": 1,
  "inc_changed": 1,
  "n_configs": 1,
  "submitted_ta_runs": 1,
  "ta_time_used": 0.8345348834991455,
  "wallclock_time_used": 0.8369247913360596
}