"CPU Time Used","Estimated Training Performance","Wallclock Time","Incumbent ID","Automatic Configurator (CPU) Time","Configuration..."
0.000000, 2147483648.000000, 0.000070, 1, 0.000070, alpha='0.001',eta0='0.01'
0.058577, 0.451400, 0.059789, 1, 0.001212, alpha='0.001',eta0='0.01'
0.191378, 0.445600, 0.200963, 2, 0.009585, alpha='0.2222611632956835',eta0='7.173240601211391e-05'
0.463244, 0.444500, 0.481624, 3, 0.018379, alpha='0.002374055867675844',eta0='5.8767874739523716e-05'
1.542794, 0.438200, 1.628968, 4, 0.086174, alpha='0.00014024075266793823',eta0='9.626901076478997e-05'
13.741750, 0.437100, 17.039325, 5, 3.297574, alpha='0.0009210503590277996',eta0='0.00010848998925873007'
