{
  "mean_cost": 0.4163659756107511,
  "finished_ta_runs": 300,
  "inc_changed": 4,
  "n_configs": 136,
  "submitted_ta_runs": 300,
  "ta_time_used": 827.2572803497314,
  "wallclock_time_used": 923.8900699615479,
  "dataset_id": 3904,
  "perf_time": 923.8775997909997
}