{"cpu_time": 0.0, "wallclock_time": 0.0005888938903808594, "evaluations": 0, "cost": 2147483648.0, "incumbent": {"alpha": 0.00011227070295712931, "eta0": 0.0029096933833365197}, "budget": 0, "origin": "Sobol"}
{"cpu_time": 3.3143062591552734, "wallclock_time": 3.3157198429107666, "evaluations": 1, "cost": 0.6994, "incumbent": {"alpha": 0.00011227070295712931, "eta0": 0.0029096933833365197}, "budget": 0, "origin": "Sobol"}
{"cpu_time": 122.24440670013428, "wallclock_time": 123.81532073020935, "evaluations": 38, "cost": 0.6958, "incumbent": {"alpha": 1.5559550895541734e-05, "eta0": 0.022337631961204377}, "budget": 0, "origin": "Random Search (sorted)"}
{"cpu_time": 150.95486092567444, "wallclock_time": 153.24298906326294, "evaluations": 47, "cost": 0.6931, "incumbent": {"alpha": 1.1913204384177244e-05, "eta0": 0.02364476241669858}, "budget": 0, "origin": "Random Search (sorted)"}
{"cpu_time": 224.98566055297852, "wallclock_time": 234.14220190048218, "evaluations": 70, "cost": 0.693, "incumbent": {"alpha": 1.1854084487775719e-05, "eta0": 0.02476105929342659}, "budget": 0, "origin": "Random Search (sorted)"}
{"cpu_time": 344.28234481811523, "wallclock_time": 367.739896774292, "evaluations": 107, "cost": 0.6927, "incumbent": {"alpha": 1.0142044243431197e-05, "eta0": 0.023781866236784945}, "budget": 0, "origin": "Local Search"}
{"cpu_time": 360.3803505897522, "wallclock_time": 383.85376381874084, "evaluations": 112, "cost": 0.6927, "incumbent": {"alpha": 1.0005679794910796e-05, "eta0": 0.023998861538750766}, "budget": 0, "origin": "Local Search"}
{"cpu_time": 376.47281980514526, "wallclock_time": 399.96040987968445, "evaluations": 117, "cost": 0.6927, "incumbent": {"alpha": 1.006590081443634e-05, "eta0": 0.02384416702388268}, "budget": 0, "origin": "Local Search"}
{"cpu_time": 472.4515607357025, "wallclock_time": 507.89323806762695, "evaluations": 147, "cost": 0.6912, "incumbent": {"alpha": 1.0538647607105413e-05, "eta0": 0.00039316436968912647}, "budget": 0, "origin": "Random Search (sorted)"}
{"cpu_time": 488.19542813301086, "wallclock_time": 523.6554696559906, "evaluations": 152, "cost": 0.6906, "incumbent": {"alpha": 1.083575638492226e-05, "eta0": 0.00037245397752973236}, "budget": 0, "origin": "Local Search"}
{"cpu_time": 606.5841190814972, "wallclock_time": 651.9030547142029, "evaluations": 188, "cost": 0.6903, "incumbent": {"alpha": 1.3298859055842638e-05, "eta0": 0.0003558579426982395}, "budget": 0, "origin": "Local Search"}
{"cpu_time": 770.491781949997, "wallclock_time": 828.2381398677826, "evaluations": 237, "cost": 0.6897, "incumbent": {"alpha": 1.5531876442374216e-05, "eta0": 0.0004939253854802125}, "budget": 0, "origin": "Random Search (sorted)"}
{"cpu_time": 886.5209939479828, "wallclock_time": 952.3591086864471, "evaluations": 272, "cost": 0.6798, "incumbent": {"alpha": 1.9148379748999492e-05, "eta0": 0.48343773215391667}, "budget": 0, "origin": "Random Search"}
{"cpu_time": 930.9023451805115, "wallclock_time": 1002.0667657852173, "evaluations": 285, "cost": 0.6733, "incumbent": {"alpha": 1.164573985082885e-05, "eta0": 0.48854128448495254}, "budget": 0, "origin": "Local Search"}
{"cpu_time": 948.374489068985, "wallclock_time": 1019.5744917392731, "evaluations": 290, "cost": 0.673, "incumbent": {"alpha": 1.0934636745506572e-05, "eta0": 0.4943780037023934}, "budget": 0, "origin": "Local Search"}
{"cpu_time": 968.9760813713074, "wallclock_time": 1040.9340748786926, "evaluations": 296, "cost": 0.671, "incumbent": {"alpha": 1.0013260243118026e-05, "eta0": 0.532884764521635}, "budget": 0, "origin": "Local Search"}
