{"cpu_time": 0.0, "wallclock_time": 0.00029015541076660156, "evaluations": 0, "cost": 2147483648.0, "incumbent": {"max_depth": 2, "max_features": 0.4491682695224881, "min_samples_leaf": 1, "min_samples_split": 4}, "budget": 0, "origin": "Sobol"}
{"cpu_time": 0.08580303192138672, "wallclock_time": 0.08673906326293945, "evaluations": 1, "cost": 0.4864, "incumbent": {"max_depth": 2, "max_features": 0.4491682695224881, "min_samples_leaf": 1, "min_samples_split": 4}, "budget": 0, "origin": "Sobol"}
