{"cpu_time": 0.0, "wallclock_time": 0.0015728473663330078, "evaluations": 0, "cost": 2147483648.0, "incumbent": {"max_depth": 1, "max_features": 0.49276944529265165, "min_samples_leaf": 4, "min_samples_split": 9}, "budget": 0, "origin": "Sobol"}
{"cpu_time": 0.1385798454284668, "wallclock_time": 0.14104175567626953, "evaluations": 1, "cost": 0.1527, "incumbent": {"max_depth": 1, "max_features": 0.49276944529265165, "min_samples_leaf": 4, "min_samples_split": 9}, "budget": 0, "origin": "Sobol"}
{"cpu_time": 0.7076029777526855, "wallclock_time": 0.712634801864624, "evaluations": 4, "cost": 0.0645, "incumbent": {"max_depth": 22, "max_features": 0.502463330514729, "min_samples_leaf": 18, "min_samples_split": 83}, "budget": 0, "origin": "Sobol"}
{"cpu_time": 1.1591930389404297, "wallclock_time": 1.1660258769989014, "evaluations": 6, "cost": 0.062, "incumbent": {"max_depth": 10, "max_features": 0.5, "min_samples_leaf": 1, "min_samples_split": 32}, "budget": 0, "origin": null}
{"cpu_time": 5.1026222705841064, "wallclock_time": 5.120250701904297, "evaluations": 17, "cost": 0.0443, "incumbent": {"max_depth": 11, "max_features": 0.9135355520993471, "min_samples_leaf": 2, "min_samples_split": 4}, "budget": 0, "origin": "Sobol"}
{"cpu_time": 10.64377760887146, "wallclock_time": 10.695952892303467, "evaluations": 41, "cost": 0.0406, "incumbent": {"max_depth": 35, "max_features": 0.653578007593751, "min_samples_leaf": 3, "min_samples_split": 2}, "budget": 0, "origin": "Sobol"}
{"cpu_time": 14.013313055038452, "wallclock_time": 14.08626389503479, "evaluations": 53, "cost": 0.0347, "incumbent": {"max_depth": 25, "max_features": 0.7711025746539235, "min_samples_leaf": 1, "min_samples_split": 10}, "budget": 0, "origin": "Sobol"}
{"cpu_time": 17.403753995895386, "wallclock_time": 18.64369773864746, "evaluations": 65, "cost": 0.0323, "incumbent": {"max_depth": 26, "max_features": 0.7383604996671573, "min_samples_leaf": 1, "min_samples_split": 6}, "budget": 0, "origin": "Local Search"}
{"cpu_time": 19.811737060546875, "wallclock_time": 21.677154064178467, "evaluations": 71, "cost": 0.0315, "incumbent": {"max_depth": 35, "max_features": 0.743759594554668, "min_samples_leaf": 1, "min_samples_split": 4}, "budget": 0, "origin": "Local Search"}
{"cpu_time": 21.106676816940308, "wallclock_time": 23.603763818740845, "evaluations": 77, "cost": 0.0299, "incumbent": {"max_depth": 48, "max_features": 0.16464055352551926, "min_samples_leaf": 1, "min_samples_split": 5}, "budget": 0, "origin": "Local Search"}
