{
  "mean_cost": 0.30914855072463754,
  "finished_ta_runs": 1,
  "inc_changed": 1,
  "n_configs": 1,
  "submitted_ta_runs": 1,
  "ta_time_used": 0.046849966049194336,
  "wallclock_time_used": 0.048362016677856445,
  "dataset_id": 14954,
  "perf_time": 0.054169582999747945
}