{"cpu_time": 0.0, "wallclock_time": 0.0015599727630615234, "evaluations": 0, "cost": 2147483648.0, "incumbent": {"max_depth": 2, "max_features": 0.4491682695224881, "min_samples_leaf": 1, "min_samples_split": 4}, "budget": 0, "origin": "Sobol"}
{"cpu_time": 0.23114585876464844, "wallclock_time": 0.23363089561462402, "evaluations": 1, "cost": 0.2375, "incumbent": {"max_depth": 2, "max_features": 0.4491682695224881, "min_samples_leaf": 1, "min_samples_split": 4}, "budget": 0, "origin": "Sobol"}
{"cpu_time": 1.8906426429748535, "wallclock_time": 1.8956761360168457, "evaluations": 4, "cost": 0.0257, "incumbent": {"max_depth": 17, "max_features": 0.6137791713699698, "min_samples_leaf": 16, "min_samples_split": 18}, "budget": 0, "origin": "Sobol"}
{"cpu_time": 3.1711926460266113, "wallclock_time": 3.1781039237976074, "evaluations": 6, "cost": 0.0218, "incumbent": {"max_depth": 10, "max_features": 0.5, "min_samples_leaf": 1, "min_samples_split": 32}, "budget": 0, "origin": null}
{"cpu_time": 21.780035257339478, "wallclock_time": 21.825942993164062, "evaluations": 37, "cost": 0.0121, "incumbent": {"max_depth": 46, "max_features": 0.7485423665493727, "min_samples_leaf": 1, "min_samples_split": 7}, "budget": 0, "origin": "Sobol"}
{"cpu_time": 34.86185431480408, "wallclock_time": 35.820741176605225, "evaluations": 57, "cost": 0.0107, "incumbent": {"max_depth": 48, "max_features": 0.4812850408122593, "min_samples_leaf": 1, "min_samples_split": 5}, "budget": 0, "origin": "Local Search"}
{"cpu_time": 41.61773729324341, "wallclock_time": 43.61813187599182, "evaluations": 69, "cost": 0.0099, "incumbent": {"max_depth": 49, "max_features": 0.21586044227985532, "min_samples_leaf": 1, "min_samples_split": 2}, "budget": 0, "origin": "Local Search"}
{"cpu_time": 67.81679892539978, "wallclock_time": 79.18266010284424, "evaluations": 114, "cost": 0.0098, "incumbent": {"max_depth": 49, "max_features": 0.35474916226921827, "min_samples_leaf": 1, "min_samples_split": 2}, "budget": 0, "origin": "Local Search"}
