{
  "mean_cost": 0.4023208273208273,
  "finished_ta_runs": 2,
  "inc_changed": 1,
  "n_configs": 1,
  "submitted_ta_runs": 2,
  "ta_time_used": 0.4917111396789551,
  "wallclock_time_used": 0.4939000606536865,
  "dataset_id": 2079,
  "perf_time": 0.49989533299958566
}