{
  "mean_cost": 0.4811144389642486,
  "finished_ta_runs": 55,
  "inc_changed": 1,
  "n_configs": 51,
  "submitted_ta_runs": 55,
  "ta_time_used": 120.11160969734192,
  "wallclock_time_used": 120.24082684516907,
  "dataset_id": 146195
}