"CPU Time Used","Estimated Training Performance","Wallclock Time","Incumbent ID","Automatic Configurator (CPU) Time","Configuration..."
0.000000, 2147483648.000000, 0.000044, 1, 0.000044, C='1.0',gamma='0.1'
0.024804, 0.500000, 0.025464, 1, 0.000660, C='1.0',gamma='0.1'
0.145791, 0.479000, 0.151513, 2, 0.005722, C='52.455931369707116',gamma='0.0011373846877749554'
0.485310, 0.467300, 0.518071, 3, 0.032761, C='5.862099698295004',gamma='0.004673222012870196'
0.828260, 0.451600, 0.900299, 4, 0.072039, C='39.72630184941345',gamma='0.0057370345194513945'
2.035567, 0.449700, 2.339852, 5, 0.304285, C='19.176486512206704',gamma='0.005142253459649089'
3.590964, 0.443300, 4.415982, 6, 0.825018, C='204.00620624753114',gamma='0.0055196629921228785'
