{"cpu_time": 0.0, "wallclock_time": 4.410743713378906e-05, "evaluations": 0, "cost": 2147483648.0, "incumbent": {"C": 1.0, "gamma": 0.1}, "budget": 0, "origin": "Default"}
{"cpu_time": 0.024803876876831055, "wallclock_time": 0.02546405792236328, "evaluations": 1, "cost": 0.5, "incumbent": {"C": 1.0, "gamma": 0.1}, "budget": 0, "origin": "Default"}
{"cpu_time": 0.14579129219055176, "wallclock_time": 0.15151309967041016, "evaluations": 8, "cost": 0.479, "incumbent": {"C": 52.455931369707116, "gamma": 0.0011373846877749554}, "budget": 0, "origin": "Random Search"}
{"cpu_time": 0.48531007766723633, "wallclock_time": 0.5180709362030029, "evaluations": 29, "cost": 0.4673, "incumbent": {"C": 5.862099698295004, "gamma": 0.004673222012870196}, "budget": 0, "origin": "Random Search"}
{"cpu_time": 0.8282601833343506, "wallclock_time": 0.900299072265625, "evaluations": 52, "cost": 0.4516, "incumbent": {"C": 39.72630184941345, "gamma": 0.0057370345194513945}, "budget": 0, "origin": "Random Search"}
{"cpu_time": 2.035566806793213, "wallclock_time": 2.3398520946502686, "evaluations": 129, "cost": 0.4497, "incumbent": {"C": 19.176486512206704, "gamma": 0.005142253459649089}, "budget": 0, "origin": "Random Search"}
{"cpu_time": 3.5909640789031982, "wallclock_time": 4.415982007980347, "evaluations": 228, "cost": 0.4433, "incumbent": {"C": 204.00620624753114, "gamma": 0.0055196629921228785}, "budget": 0, "origin": "Random Search"}
