{
  "mean_cost": 0.777241357992058,
  "finished_ta_runs": 600,
  "inc_changed": 7,
  "n_configs": 460,
  "submitted_ta_runs": 600,
  "ta_time_used": 248.96682810783386,
  "wallclock_time_used": 253.73377084732056,
  "dataset_id": 146817,
  "perf_time": 253.75105133299803
}