{
  "mean_cost": 0.033111123469197534,
  "finished_ta_runs": 2,
  "inc_changed": 1,
  "n_configs": 1,
  "submitted_ta_runs": 2,
  "ta_time_used": 30.635761260986328,
  "wallclock_time_used": 30.638378858566284,
  "dataset_id": 9977,
  "perf_time": 30.644048457999816
}