{
  "mean_cost": 0.06371736299243888,
  "finished_ta_runs": 300,
  "inc_changed": 11,
  "n_configs": 171,
  "submitted_ta_runs": 300,
  "ta_time_used": 75.58219861984253,
  "wallclock_time_used": 133.0640149116516,
  "dataset_id": 43,
  "perf_time": 133.07648033299483
}