{
  "mean_cost": 0.06145524746972315,
  "finished_ta_runs": 500,
  "inc_changed": 6,
  "n_configs": 449,
  "submitted_ta_runs": 500,
  "ta_time_used": 116.1100640296936,
  "wallclock_time_used": 120.00332522392273,
  "dataset_id": 45
}