{
  "mean_cost": 0.1613841886189995,
  "finished_ta_runs": 573,
  "inc_changed": 6,
  "n_configs": 517,
  "submitted_ta_runs": 573,
  "ta_time_used": 114.74048352241516,
  "wallclock_time_used": 120.15738487243652,
  "dataset_id": 45
}