{
  "mean_cost": 0.08935500459722598,
  "finished_ta_runs": 300,
  "inc_changed": 5,
  "n_configs": 180,
  "submitted_ta_runs": 300,
  "ta_time_used": 973.4199032783508,
  "wallclock_time_used": 1034.1447350978851,
  "dataset_id": 12,
  "perf_time": 1034.1635853749976
}