"CPU Time Used","Estimated Training Performance","Wallclock Time","Incumbent ID","Automatic Configurator (CPU) Time","Configuration..."
0.000000, 2147483648.000000, 0.000035, 1, 0.000035, C='1.0',gamma='0.1'
0.273484, 0.482000, 0.274113, 1, 0.000629, C='1.0',gamma='0.1'
1.053251, 0.334900, 1.056502, 2, 0.003251, C='167.43465269107315',gamma='0.010473312293162985'
3.697328, 0.244600, 3.716146, 3, 0.018817, C='1.9695969079413513',gamma='0.0066983131773587995'
11.403809, 0.133600, 11.504483, 4, 0.100674, C='679.0325401248423',gamma='0.0030357544050474464'
28.567448, 0.122700, 29.026118, 5, 0.458670, C='10.18072871622912',gamma='0.002335135700216906'
30.830980, 0.100000, 31.371504, 6, 0.540524, C='1.3223942490815643',gamma='0.0010851536715203332'
39.522244, 0.090100, 40.426385, 7, 0.904141, C='2.0142532662205155',gamma='0.0013086814703198158'
56.041363, 0.084200, 57.678805, 8, 1.637441, C='8.692604106495832',gamma='0.0010324396783099518'
