{
  "mean_cost": 0.360133495821045,
  "finished_ta_runs": 300,
  "inc_changed": 8,
  "n_configs": 160,
  "submitted_ta_runs": 300,
  "ta_time_used": 78.03113436698914,
  "wallclock_time_used": 135.68139696121216,
  "dataset_id": 3917,
  "perf_time": 135.69321450000007
}