"CPU Time Used","Estimated Training Performance","Wallclock Time","Incumbent ID","Automatic Configurator (CPU) Time","Configuration..."
0.000000, 2147483648.000000, 0.000565, 1, 0.000565, C='0.08611366210550205',gamma='0.4942679928374453'
0.160997, 0.900000, 0.162314, 1, 0.001317, C='0.08611366210550205',gamma='0.4942679928374453'
0.620475, 0.891200, 0.624226, 2, 0.003751, C='19.433598606658386',gamma='9.232350409327609'
0.941860, 0.876200, 0.947240, 3, 0.005380, C='1.0',gamma='0.1'
1.223923, 0.015600, 1.232759, 4, 0.008836, C='69.38389384208695',gamma='0.0015531477828170245'
