"CPU Time Used","Estimated Training Performance","Wallclock Time","Incumbent ID","Automatic Configurator (CPU) Time","Configuration..."
0.000000, 2147483648.000000, 0.001416, 1, 0.001416, colsample_bytree='0.2890479595400393',eta='0.02972240058848022',max_depth='1',reg_lambda='0.23594281684827217'
0.015552, 0.475400, 0.017894, 1, 0.002342, colsample_bytree='0.2890479595400393',eta='0.02972240058848022',max_depth='1',reg_lambda='0.23594281684827217'
0.074603, 0.455600, 0.079295, 2, 0.004692, colsample_bytree='0.839533680677414',eta='0.03178815964339868',max_depth='7',reg_lambda='260.08137409645684'
0.153055, 0.378300, 0.159389, 3, 0.006334, colsample_bytree='1.0',eta='0.3',max_depth='10',reg_lambda='1.0'
1.443193, 0.367700, 5.083788, 4, 3.640595, colsample_bytree='0.37861661919953593',eta='0.3289664483598527',max_depth='10',reg_lambda='2.576821428525038'
1.767735, 0.366900, 8.772892, 5, 7.005157, colsample_bytree='0.9222659864969587',eta='0.3453413465425434',max_depth='4',reg_lambda='20.117479558813972'
2.536986, 0.356100, 16.516168, 6, 13.979182, colsample_bytree='0.8640160468387066',eta='0.9710050140970942',max_depth='7',reg_lambda='80.59951985634599'
5.242621, 0.341400, 40.804564, 7, 35.561943, colsample_bytree='0.8164498767857359',eta='0.3251521521149976',max_depth='6',reg_lambda='14.004746227203048'
5.425879, 0.336600, 41.011274, 8, 35.585395, colsample_bytree='0.8176025953422364',eta='0.32453149538622206',max_depth='9',reg_lambda='13.980192004090686'
