{"cpu_time": 0.0, "wallclock_time": 0.0014159679412841797, "evaluations": 0, "cost": 2147483648.0, "incumbent": {"colsample_bytree": 0.2890479595400393, "eta": 0.02972240058848022, "max_depth": 1, "reg_lambda": 0.23594281684827217}, "budget": 0, "origin": "Sobol"}
{"cpu_time": 0.015552043914794922, "wallclock_time": 0.01789402961730957, "evaluations": 1, "cost": 0.4754, "incumbent": {"colsample_bytree": 0.2890479595400393, "eta": 0.02972240058848022, "max_depth": 1, "reg_lambda": 0.23594281684827217}, "budget": 0, "origin": "Sobol"}
{"cpu_time": 0.07460284233093262, "wallclock_time": 0.07929515838623047, "evaluations": 4, "cost": 0.4556, "incumbent": {"colsample_bytree": 0.839533680677414, "eta": 0.03178815964339868, "max_depth": 7, "reg_lambda": 260.08137409645684}, "budget": 0, "origin": "Sobol"}
{"cpu_time": 0.15305519104003906, "wallclock_time": 0.15938901901245117, "evaluations": 6, "cost": 0.3783, "incumbent": {"colsample_bytree": 1.0, "eta": 0.3, "max_depth": 10, "reg_lambda": 1.0}, "budget": 0, "origin": null}
{"cpu_time": 1.4431931972503662, "wallclock_time": 5.083788156509399, "evaluations": 70, "cost": 0.3677, "incumbent": {"colsample_bytree": 0.37861661919953593, "eta": 0.3289664483598527, "max_depth": 10, "reg_lambda": 2.576821428525038}, "budget": 0, "origin": "Local Search"}
{"cpu_time": 1.7677345275878906, "wallclock_time": 8.772891998291016, "evaluations": 83, "cost": 0.3669, "incumbent": {"colsample_bytree": 0.9222659864969587, "eta": 0.3453413465425434, "max_depth": 4, "reg_lambda": 20.117479558813972}, "budget": 0, "origin": "Local Search"}
{"cpu_time": 2.5369858741760254, "wallclock_time": 16.516168117523193, "evaluations": 111, "cost": 0.3561, "incumbent": {"colsample_bytree": 0.8640160468387066, "eta": 0.9710050140970942, "max_depth": 7, "reg_lambda": 80.59951985634599}, "budget": 0, "origin": "Local Search"}
{"cpu_time": 5.242620944976807, "wallclock_time": 40.804563999176025, "evaluations": 187, "cost": 0.3414, "incumbent": {"colsample_bytree": 0.8164498767857359, "eta": 0.3251521521149976, "max_depth": 6, "reg_lambda": 14.004746227203048}, "budget": 0, "origin": "Local Search"}
{"cpu_time": 5.425879001617432, "wallclock_time": 41.011274099349976, "evaluations": 192, "cost": 0.3366, "incumbent": {"colsample_bytree": 0.8176025953422364, "eta": 0.32453149538622206, "max_depth": 9, "reg_lambda": 13.980192004090686}, "budget": 0, "origin": "Local Search"}
