{
  "mean_cost": 0.21315359477124185,
  "finished_ta_runs": 2,
  "inc_changed": 1,
  "n_configs": 1,
  "submitted_ta_runs": 2,
  "ta_time_used": 0.4633762836456299,
  "wallclock_time_used": 0.4677586555480957,
  "dataset_id": 53,
  "perf_time": 0.47353520799970283
}