{
  "mean_cost": 0.19579030256100952,
  "finished_ta_runs": 244,
  "inc_changed": 7,
  "n_configs": 206,
  "submitted_ta_runs": 244,
  "ta_time_used": 119.12357974052429,
  "wallclock_time_used": 120.21392488479614,
  "dataset_id": 2074
}