"CPU Time Used","Estimated Training Performance","Wallclock Time","Incumbent ID","Automatic Configurator (CPU) Time","Configuration..."
0.000000, 2147483648.000000, 0.001913, 1, 0.001913, colsample_bytree='0.2890479595400393',eta='0.02972240058848022',max_depth='1',reg_lambda='0.23594281684827217'
1.286093, 0.187500, 1.289708, 1, 0.003615, colsample_bytree='0.2890479595400393',eta='0.02972240058848022',max_depth='1',reg_lambda='0.23594281684827217'
11.287803, 0.063100, 11.295150, 2, 0.007347, colsample_bytree='0.839533680677414',eta='0.03178815964339868',max_depth='7',reg_lambda='260.08137409645684'
18.203377, 0.013600, 18.212756, 3, 0.009378, colsample_bytree='1.0',eta='0.3',max_depth='10',reg_lambda='1.0'
31.055072, 0.012600, 31.072144, 4, 0.017072, colsample_bytree='0.5235572370700539',eta='0.1863242307845216',max_depth='3',reg_lambda='4.4461461740589225'
69.509140, 0.009500, 69.566249, 5, 0.057109, colsample_bytree='0.4696397740393877',eta='0.16644532888250615',max_depth='6',reg_lambda='0.015660421770666632'
194.477171, 0.009000, 214.640366, 6, 20.163195, colsample_bytree='0.4625506553347062',eta='0.1657893647014109',max_depth='6',reg_lambda='0.0019720596299638952'
454.278674, 0.008700, 561.453701, 7, 107.175027, colsample_bytree='0.5183129383462649',eta='0.2804075527658163',max_depth='4',reg_lambda='0.000977598310845097'
