{
  "mean_cost": 0.4518223443223443,
  "finished_ta_runs": 300,
  "inc_changed": 2,
  "n_configs": 82,
  "submitted_ta_runs": 300,
  "ta_time_used": 5.538431882858276,
  "wallclock_time_used": 29.46983504295349,
  "dataset_id": 3918,
  "perf_time": 29.48046458400495
}