"CPU Time Used","Estimated Training Performance","Wallclock Time","Incumbent ID","Automatic Configurator (CPU) Time","Configuration..."
0.000000, 2147483648.000000, 0.000530, 1, 0.000530, C='1.3600811985592882',gamma='0.09352602871548096'
0.276820, 0.482000, 0.278053, 1, 0.001233, C='1.3600811985592882',gamma='0.09352602871548096'
2.793330, 0.181100, 2.807926, 2, 0.014596, C='102.59827344587585',gamma='0.0039228031036218506'
5.693021, 0.150900, 5.728880, 3, 0.035859, C='0.6293526165094239',gamma='0.0012324628012758837'
6.403158, 0.111900, 6.448979, 4, 0.045821, C='4.729862452035014',gamma='0.0020153549174183696'
7.629030, 0.104800, 8.532947, 5, 0.903917, C='7.573458985933584',gamma='0.001877289620114274'
7.996875, 0.094500, 9.712394, 6, 1.715519, C='6.039849632366902',gamma='0.0018759131519060447'
12.687425, 0.076700, 23.617588, 7, 10.930163, C='5.987422039589437',gamma='0.0011808468504025315'
12.802358, 0.046000, 23.749843, 8, 10.947485, C='5.648809819775118',gamma='0.0009855766707694879'
