"CPU Time Used","Estimated Training Performance","Wallclock Time","Incumbent ID","Automatic Configurator (CPU) Time","Configuration..."
0.000000, 2147483648.000000, 0.000045, 1, 0.000045, alpha='0.001',eta0='0.01'
4.942053, 0.503300, 4.942803, 1, 0.000750, alpha='0.001',eta0='0.01'
19.867703, 0.504300, 19.871223, 2, 0.003520, alpha='0.2222611632956835',eta0='7.173240601211391e-05'
79.128776, 0.498300, 79.150653, 3, 0.021877, alpha='0.002374055867675844',eta0='5.8767874739523716e-05'
211.712217, 0.498000, 211.776527, 4, 0.064310, alpha='2.7423705205440404e-05',eta0='0.00014858639283758796'
344.841791, 0.497900, 344.968833, 5, 0.127042, alpha='0.00014024075266793823',eta0='9.626901076478997e-05'
694.254878, 0.497800, 694.629657, 6, 0.374779, alpha='8.419982994473459e-05',eta0='0.00020372047813337315'
753.343417, 0.497700, 753.768570, 7, 0.425153, alpha='0.001390883765998311',eta0='0.00011178212794762084'
