"CPU Time Used","Estimated Training Performance","Wallclock Time","Incumbent ID","Automatic Configurator (CPU) Time","Configuration..."
0.000000, 2147483648.000000, 0.000546, 1, 0.000546, C='0.017961675793542162',gamma='0.9046232030638993'
0.025832, 0.500000, 0.027096, 1, 0.001264, C='0.017961675793542162',gamma='0.9046232030638993'
0.075843, 0.321000, 0.079545, 2, 0.003702, C='61.71933670840937',gamma='1.0864412265106145'
0.100119, 0.261300, 0.105338, 3, 0.005219, C='1.0',gamma='0.1'
0.254108, 0.006000, 0.270672, 4, 0.016564, C='198.6613474689375',gamma='0.09318781769031856'
