{
  "mean_cost": 0.1902972839853645,
  "finished_ta_runs": 2,
  "inc_changed": 1,
  "n_configs": 1,
  "submitted_ta_runs": 2,
  "ta_time_used": 4.367696046829224,
  "wallclock_time_used": 4.370661020278931,
  "dataset_id": 14,
  "perf_time": 4.377261166000153
}