{"cpu_time": 0.0, "wallclock_time": 0.001631021499633789, "evaluations": 0, "cost": 2147483648.0, "incumbent": {"max_depth": 2, "max_features": 0.4491682695224881, "min_samples_leaf": 1, "min_samples_split": 4}, "budget": 0, "origin": "Sobol"}
{"cpu_time": 0.06751012802124023, "wallclock_time": 0.0701448917388916, "evaluations": 1, "cost": 0.7744, "incumbent": {"max_depth": 2, "max_features": 0.4491682695224881, "min_samples_leaf": 1, "min_samples_split": 4}, "budget": 0, "origin": "Sobol"}
{"cpu_time": 0.26634836196899414, "wallclock_time": 0.2716329097747803, "evaluations": 4, "cost": 0.7209, "incumbent": {"max_depth": 17, "max_features": 0.6137791713699698, "min_samples_leaf": 16, "min_samples_split": 18}, "budget": 0, "origin": "Sobol"}
{"cpu_time": 2.7033324241638184, "wallclock_time": 2.7579479217529297, "evaluations": 42, "cost": 0.7117, "incumbent": {"max_depth": 8, "max_features": 0.22571885865181684, "min_samples_leaf": 13, "min_samples_split": 24}, "budget": 0, "origin": "Sobol"}
{"cpu_time": 5.693312406539917, "wallclock_time": 13.809494972229004, "evaluations": 86, "cost": 0.7081, "incumbent": {"max_depth": 9, "max_features": 0.6023758558535021, "min_samples_leaf": 18, "min_samples_split": 26}, "budget": 0, "origin": "Local Search"}
{"cpu_time": 10.899538040161133, "wallclock_time": 38.60935187339783, "evaluations": 162, "cost": 0.7051, "incumbent": {"max_depth": 5, "max_features": 0.5981258083910643, "min_samples_leaf": 18, "min_samples_split": 20}, "budget": 0, "origin": "Local Search"}
