{"cpu_time": 0.0, "wallclock_time": 0.00145721435546875, "evaluations": 0, "cost": 2147483648.0, "incumbent": ["colsample_bytree='0.569966175314039'", "eta='0.009556882986489993'", "max_depth='3'", "reg_lambda='0.0020776820882921045'"], "origin": "Sobol"}
{"cpu_time": 0.07247734069824219, "wallclock_time": 0.07490205764770508, "evaluations": 1, "cost": 0.6901, "incumbent": ["colsample_bytree='0.569966175314039'", "eta='0.009556882986489993'", "max_depth='3'", "reg_lambda='0.0020776820882921045'"], "origin": "Sobol"}
{"cpu_time": 0.5199244022369385, "wallclock_time": 0.5299892425537109, "evaluations": 10, "cost": 0.1498, "incumbent": ["colsample_bytree='0.7997161545790732'", "eta='0.8167090504942917'", "max_depth='1'", "reg_lambda='7.369638786139326'"], "origin": "Sobol"}
{"cpu_time": 1.1057777404785156, "wallclock_time": 1.1195480823516846, "evaluations": 14, "cost": 0.0747, "incumbent": ["colsample_bytree='1.0'", "eta='0.3'", "max_depth='10'", "reg_lambda='1.0'"], "origin": null}
{"cpu_time": 2.028839588165283, "wallclock_time": 2.0527701377868652, "evaluations": 23, "cost": 0.0433, "incumbent": ["colsample_bytree='0.6897349533624947'", "eta='0.11093751049628797'", "max_depth='5'", "reg_lambda='0.005625821167002132'"], "origin": "Sobol"}
{"cpu_time": 6.082651138305664, "wallclock_time": 10.288526058197021, "evaluations": 73, "cost": 0.0372, "incumbent": ["colsample_bytree='0.7198124017449163'", "eta='0.11003230138345285'", "max_depth='5'", "reg_lambda='0.0035672288591342733'"], "origin": "Local Search"}
