"CPU Time Used","Estimated Training Performance","Wallclock Time","Incumbent ID","Automatic Configurator (CPU) Time","Configuration..."
0.000000, 2147483648.000000, 0.000035, 1, 0.000035, alpha='0.001',eta0='0.01'
1.956943, 0.049300, 1.957625, 1, 0.000682, alpha='0.001',eta0='0.01'
19.256835, 0.042500, 19.265529, 2, 0.008694, alpha='0.01706942529044376',eta0='0.0004888683437126603'
40.343984, 0.038900, 40.366018, 3, 0.022034, alpha='0.10302764979682011',eta0='0.0006677795040692097'
547.522512, 0.038400, 548.867531, 4, 1.345019, alpha='0.0903136961073533',eta0='0.00045196139545883724'
