"CPU Time Used","Estimated Training Performance","Wallclock Time","Incumbent ID","Automatic Configurator (CPU) Time","Configuration..."
0.000000, 2147483648.000000, 0.000636, 1, 0.000636, alpha='0.0040824718253228975',eta0='0.00044195488125554607'
0.401304, 0.775400, 0.402886, 1, 0.001582, alpha='0.0040824718253228975',eta0='0.00044195488125554607'
5.885056, 0.795200, 5.902855, 2, 0.017799, alpha='0.000182884801566337',eta0='0.0008272593854647256'
14.330772, 0.776600, 14.386364, 3, 0.055593, alpha='0.0021527079620027524',eta0='1.2132210994601314e-05'
27.477843, 0.773400, 30.657848, 4, 3.180006, alpha='1.1751969307972476e-05',eta0='1.3690442995861075e-05'
76.441174, 0.772300, 103.526822, 5, 27.085648, alpha='1.1750050059808767e-05',eta0='1.0374008260598427e-05'
134.493054, 0.764900, 194.921038, 6, 60.427984, alpha='1.53460816767929e-05',eta0='1.123276431357982e-05'
