{"cpu_time": 0.0, "wallclock_time": 3.1948089599609375e-05, "evaluations": 0, "cost": 2147483648.0, "incumbent": {"C": 1.0, "gamma": 0.1}, "budget": 0, "origin": "Default"}
{"cpu_time": 0.19382190704345703, "wallclock_time": 0.19449496269226074, "evaluations": 1, "cost": 0.1181, "incumbent": {"C": 1.0, "gamma": 0.1}, "budget": 0, "origin": "Default"}
