"CPU Time Used","Estimated Training Performance","Wallclock Time","Incumbent ID","Automatic Configurator (CPU) Time","Configuration..."
0.000000, 2147483648.000000, 0.000548, 1, 0.000548, C='1.3600811985592882',gamma='0.09352602871548096'
1.270768, 0.480800, 1.272020, 1, 0.001252, C='1.3600811985592882',gamma='0.09352602871548096'
26.613690, 0.472300, 26.626246, 2, 0.012556, C='102.59827344587585',gamma='0.0039228031036218506'
103.859555, 0.472300, 104.254198, 3, 0.394643, C='888.6492870668287',gamma='0.0046196300361196155'
116.714919, 0.467800, 117.408694, 4, 0.693775, C='999.9093155552629',gamma='0.0493632734882376'
132.052337, 0.467100, 132.753838, 5, 0.701501, C='907.286069546202',gamma='0.04599025701273292'
153.050530, 0.465200, 154.044756, 6, 0.994226, C='973.6201266301861',gamma='0.028466193896693796'
