"CPU Time Used","Estimated Training Performance","Wallclock Time","Incumbent ID","Automatic Configurator (CPU) Time","Configuration..."
0.000000, 2147483648.000000, 0.000527, 1, 0.000527, C='1.3600811985592882',gamma='0.09352602871548096'
0.011499, 0.505100, 0.012653, 1, 0.001154, C='1.3600811985592882',gamma='0.09352602871548096'
0.036974, 0.500000, 0.040141, 2, 0.003167, C='0.17779513414177722',gamma='7.2480830287492966'
0.166004, 0.307400, 0.182997, 3, 0.016993, C='102.59827344587585',gamma='0.0039228031036218506'
2.643244, 0.302700, 23.102347, 4, 20.459103, C='104.84856226000323',gamma='0.0028757558464048844'
