{
  "mean_cost": 0.0264978612820169,
  "finished_ta_runs": 300,
  "inc_changed": 1,
  "n_configs": 102,
  "submitted_ta_runs": 300,
  "ta_time_used": 9.3620924949646,
  "wallclock_time_used": 36.796607971191406,
  "dataset_id": 15,
  "perf_time": 36.8260430420014
}