{"cpu_time": 0.0, "wallclock_time": 0.0015861988067626953, "evaluations": 0, "cost": 2147483648.0, "incumbent": ["max_depth='1'", "max_features='0.49276944529265165'", "min_samples_leaf='4'", "min_samples_split='9'"], "origin": "Sobol"}
{"cpu_time": 0.06434512138366699, "wallclock_time": 0.06684207916259766, "evaluations": 1, "cost": 0.6477, "incumbent": ["max_depth='1'", "max_features='0.49276944529265165'", "min_samples_leaf='4'", "min_samples_split='9'"], "origin": "Sobol"}
{"cpu_time": 0.27555227279663086, "wallclock_time": 0.28050708770751953, "evaluations": 4, "cost": 0.5206, "incumbent": ["max_depth='22'", "max_features='0.502463330514729'", "min_samples_leaf='18'", "min_samples_split='83'"], "origin": "Sobol"}
{"cpu_time": 0.4365096092224121, "wallclock_time": 0.4432990550994873, "evaluations": 6, "cost": 0.5039, "incumbent": ["max_depth='10'", "max_features='0.5'", "min_samples_leaf='1'", "min_samples_split='32'"], "origin": null}
{"cpu_time": 2.7347331047058105, "wallclock_time": 2.7770180702209473, "evaluations": 35, "cost": 0.4766, "incumbent": ["max_depth='17'", "max_features='0.9866730123758316'", "min_samples_leaf='13'", "min_samples_split='6'"], "origin": "Sobol"}
{"cpu_time": 3.698303461074829, "wallclock_time": 3.7592341899871826, "evaluations": 47, "cost": 0.4717, "incumbent": ["max_depth='35'", "max_features='0.653578007593751'", "min_samples_leaf='3'", "min_samples_split='2'"], "origin": "Sobol"}
{"cpu_time": 5.702812433242798, "wallclock_time": 6.895945310592651, "evaluations": 71, "cost": 0.4642, "incumbent": ["max_depth='34'", "max_features='0.843420101028682'", "min_samples_leaf='3'", "min_samples_split='4'"], "origin": "Local Search"}
{"cpu_time": 7.354811906814575, "wallclock_time": 11.24179720878601, "evaluations": 85, "cost": 0.4616, "incumbent": ["max_depth='50'", "max_features='0.9802458697794599'", "min_samples_leaf='3'", "min_samples_split='9'"], "origin": "Local Search"}
{"cpu_time": 13.414670467376709, "wallclock_time": 29.25544023513794, "evaluations": 135, "cost": 0.4584, "incumbent": ["max_depth='33'", "max_features='0.9639663183737983'", "min_samples_leaf='3'", "min_samples_split='9'"], "origin": "Local Search"}
