"CPU Time Used","Estimated Training Performance","Wallclock Time","Incumbent ID","Automatic Configurator (CPU) Time","Configuration..."
0.000000, 2147483648.000000, 0.000047, 1, 0.000047, colsample_bytree='1.0',eta='0.3',max_depth='10',reg_lambda='1.0'
1.305615, 0.161400, 1.306297, 1, 0.000682, colsample_bytree='1.0',eta='0.3',max_depth='10',reg_lambda='1.0'
10.784336, 0.153200, 10.793510, 2, 0.009174, colsample_bytree='0.944553396390592',eta='0.7771105186723747',max_depth='4',reg_lambda='6.037064981686672'
142.754088, 0.152300, 144.094391, 3, 1.340303, colsample_bytree='0.7117722546014003',eta='0.15632106393110884',max_depth='3',reg_lambda='0.012920205706699505'
277.963002, 0.152300, 282.514170, 4, 4.551168, colsample_bytree='0.5029043422279973',eta='0.1488057579370121',max_depth='5',reg_lambda='2.261939827631829'
