{
  "mean_cost": 0.13871693915979222,
  "finished_ta_runs": 1,
  "inc_changed": 1,
  "n_configs": 1,
  "submitted_ta_runs": 1,
  "ta_time_used": 0.0915071964263916,
  "wallclock_time_used": 0.09302401542663574,
  "dataset_id": 43,
  "perf_time": 0.09833687499997268
}