"CPU Time Used","Estimated Training Performance","Wallclock Time","Incumbent ID","Automatic Configurator (CPU) Time","Configuration..."
0.000000, 2147483648.000000, 0.000534, 1, 0.000534, alpha='0.0004126639093412234',eta0='0.0017613324954003418'
4.092014, 0.135600, 4.093285, 1, 0.001271, alpha='0.0004126639093412234',eta0='0.0017613324954003418'
28.545260, 0.085700, 28.551673, 2, 0.006413, alpha='0.10693804138470717',eta0='1.4701197301483249e-05'
161.410496, 0.084700, 162.985481, 3, 1.574985, alpha='0.002814556452231802',eta0='1.8261307040681037e-05'
193.142392, 0.083600, 195.027797, 4, 1.885405, alpha='0.0029505140675383113',eta0='1.3981095441729419e-05'
336.737858, 0.083600, 342.415216, 5, 5.677358, alpha='0.003047735257637924',eta0='1.4198790325163129e-05'
411.743607, 0.083500, 419.211061, 6, 7.467454, alpha='0.003043845403730988',eta0='1.3614928293745699e-05'
1069.304643, 0.083400, 1105.099778, 7, 35.795135, alpha='0.0025356672229552785',eta0='1.3532476871992437e-05'
