{
  "mean_cost": 0.03002048003078442,
  "finished_ta_runs": 166,
  "inc_changed": 4,
  "n_configs": 96,
  "submitted_ta_runs": 166,
  "ta_time_used": 37.82194423675537,
  "wallclock_time_used": 60.2076690196991,
  "dataset_id": 3549
}