"CPU Time Used","Estimated Training Performance","Wallclock Time","Incumbent ID","Automatic Configurator (CPU) Time","Configuration..."
0.000000, 2147483648.000000, 0.001468, 1, 0.001468, colsample_bytree='0.569966175314039',eta='0.009556882986489993',max_depth='3',reg_lambda='0.0020776820882921045'
2.342653, 0.082300, 2.345139, 1, 0.002486, colsample_bytree='0.569966175314039',eta='0.009556882986489993',max_depth='3',reg_lambda='0.0020776820882921045'
19.856019, 0.049600, 19.863967, 2, 0.007948, colsample_bytree='0.3878000834956765',eta='0.004721681612948408',max_depth='10',reg_lambda='0.09654112415362535'
124.464798, 0.047600, 125.134282, 3, 0.669484, colsample_bytree='0.2682296410083077',eta='0.006287424876615219',max_depth='5',reg_lambda='0.08439653755314973'
162.889698, 0.045100, 166.728963, 4, 3.839266, colsample_bytree='0.2809325976513286',eta='0.009916804585206405',max_depth='6',reg_lambda='0.08529296801484335'
177.533925, 0.044300, 181.917909, 5, 4.383985, colsample_bytree='0.2690244709585746',eta='0.00991854626006288',max_depth='6',reg_lambda='0.0483653002835184'
240.266612, 0.043300, 251.883274, 6, 11.616663, colsample_bytree='0.26777915373931577',eta='0.00974704648535467',max_depth='7',reg_lambda='0.06093643490957789'
348.310421, 0.042600, 374.184233, 7, 25.873811, colsample_bytree='0.266765496620894',eta='0.009729701334177198',max_depth='6',reg_lambda='0.07719581273468408'
