"CPU Time Used","Estimated Training Performance","Wallclock Time","Incumbent ID","Automatic Configurator (CPU) Time","Configuration..."
0.000000, 2147483648.000000, 0.000045, 1, 0.000045, alpha='0.001',eta0='0.01'
0.159883, 0.757200, 0.161026, 1, 0.001143, alpha='0.001',eta0='0.01'
1.027772, 0.733600, 1.036010, 2, 0.008238, alpha='0.005024635265504522',eta0='2.0035124286213127e-05'
4.960677, 0.711900, 5.011258, 3, 0.050581, alpha='0.0009680132292263075',eta0='0.000204324552846704'
8.436457, 0.703000, 8.550119, 4, 0.113662, alpha='1.2909687744250807e-05',eta0='0.00294381217579643'
17.625465, 0.697800, 17.973626, 5, 0.348161, alpha='0.0006369911006372868',eta0='9.8597453484733e-05'
