{"cpu_time": 0.0, "wallclock_time": 4.076957702636719e-05, "evaluations": 0, "cost": 2147483648.0, "incumbent": {"colsample_bytree": 1.0, "eta": 0.3, "max_depth": 10, "reg_lambda": 1.0}, "budget": 0, "origin": "Default"}
{"cpu_time": 4.79212212562561, "wallclock_time": 4.792808771133423, "evaluations": 1, "cost": 0.0296, "incumbent": {"colsample_bytree": 1.0, "eta": 0.3, "max_depth": 10, "reg_lambda": 1.0}, "budget": 0, "origin": "Default"}
{"cpu_time": 49.17204570770264, "wallclock_time": 49.18125581741333, "evaluations": 10, "cost": 0.028, "incumbent": {"colsample_bytree": 0.9735460407805239, "eta": 0.3678418820983057, "max_depth": 10, "reg_lambda": 21.683858388188526}, "budget": 0, "origin": "Random Search"}
{"cpu_time": 94.60245299339294, "wallclock_time": 94.62272477149963, "evaluations": 19, "cost": 0.0268, "incumbent": {"colsample_bytree": 0.7639954824069396, "eta": 0.15374481275613402, "max_depth": 5, "reg_lambda": 7.323940477654458}, "budget": 0, "origin": "Random Search"}
{"cpu_time": 125.81894874572754, "wallclock_time": 125.85610961914062, "evaluations": 31, "cost": 0.0229, "incumbent": {"colsample_bytree": 0.5177209401315279, "eta": 0.4516158976292579, "max_depth": 2, "reg_lambda": 0.03693883633139159}, "budget": 0, "origin": "Random Search"}
{"cpu_time": 137.39180302619934, "wallclock_time": 137.4388678073883, "evaluations": 36, "cost": 0.0217, "incumbent": {"colsample_bytree": 0.2488155558599327, "eta": 0.08201490626432502, "max_depth": 5, "reg_lambda": 0.03918996312483979}, "budget": 0, "origin": "Random Search"}
{"cpu_time": 178.76801824569702, "wallclock_time": 178.8441617488861, "evaluations": 51, "cost": 0.0197, "incumbent": {"colsample_bytree": 0.24793787342326395, "eta": 0.2009620973887891, "max_depth": 6, "reg_lambda": 2.559742784629184}, "budget": 0, "origin": "Random Search"}
