{
  "mean_cost": 0.23171228297716395,
  "finished_ta_runs": 1,
  "inc_changed": 1,
  "n_configs": 1,
  "submitted_ta_runs": 1,
  "ta_time_used": 0.5438251495361328,
  "wallclock_time_used": 0.5453948974609375
}