{"cpu_time": 0.0, "wallclock_time": 0.0014119148254394531, "evaluations": 0, "cost": 2147483648.0, "incumbent": {"colsample_bytree": 0.2890479595400393, "eta": 0.02972240058848022, "max_depth": 1, "reg_lambda": 0.23594281684827217}, "budget": 0, "origin": "Sobol"}
{"cpu_time": 0.015989065170288086, "wallclock_time": 0.018346071243286133, "evaluations": 1, "cost": 0.4708, "incumbent": {"colsample_bytree": 0.2890479595400393, "eta": 0.02972240058848022, "max_depth": 1, "reg_lambda": 0.23594281684827217}, "budget": 0, "origin": "Sobol"}
{"cpu_time": 0.0844113826751709, "wallclock_time": 0.08913993835449219, "evaluations": 4, "cost": 0.3863, "incumbent": {"colsample_bytree": 0.839533680677414, "eta": 0.03178815964339868, "max_depth": 7, "reg_lambda": 260.08137409645684}, "budget": 0, "origin": "Sobol"}
{"cpu_time": 0.1518113613128662, "wallclock_time": 0.15817880630493164, "evaluations": 6, "cost": 0.0126, "incumbent": {"colsample_bytree": 1.0, "eta": 0.3, "max_depth": 10, "reg_lambda": 1.0}, "budget": 0, "origin": null}
{"cpu_time": 0.5994186401367188, "wallclock_time": 0.6331601142883301, "evaluations": 29, "cost": 0.0039, "incumbent": {"colsample_bytree": 0.7856166652403772, "eta": 0.9117625916488072, "max_depth": 4, "reg_lambda": 0.06672038436959972}, "budget": 0, "origin": "Sobol"}
{"cpu_time": 1.3593535423278809, "wallclock_time": 5.89766788482666, "evaluations": 64, "cost": 0.0029, "incumbent": {"colsample_bytree": 0.7860211410974708, "eta": 0.8837181935366318, "max_depth": 4, "reg_lambda": 0.005808543415378567}, "budget": 0, "origin": "Local Search"}
{"cpu_time": 2.286569356918335, "wallclock_time": 15.272009134292603, "evaluations": 99, "cost": 0.0012, "incumbent": {"colsample_bytree": 0.9190067975845618, "eta": 0.8837181935366318, "max_depth": 4, "reg_lambda": 0.005736218343879422}, "budget": 0, "origin": "Local Search"}
{"cpu_time": 6.381915330886841, "wallclock_time": 56.27315902709961, "evaluations": 258, "cost": 0.0, "incumbent": {"colsample_bytree": 0.9018084800854015, "eta": 0.886490554904677, "max_depth": 4, "reg_lambda": 0.005665350886035797}, "budget": 0, "origin": "Local Search"}
