"CPU Time Used","Estimated Training Performance","Wallclock Time","Incumbent ID","Automatic Configurator (CPU) Time","Configuration..."
0.000000, 2147483648.000000, 0.001412, 1, 0.001412, colsample_bytree='0.2890479595400393',eta='0.02972240058848022',max_depth='1',reg_lambda='0.23594281684827217'
0.015989, 0.470800, 0.018346, 1, 0.002357, colsample_bytree='0.2890479595400393',eta='0.02972240058848022',max_depth='1',reg_lambda='0.23594281684827217'
0.084411, 0.386300, 0.089140, 2, 0.004729, colsample_bytree='0.839533680677414',eta='0.03178815964339868',max_depth='7',reg_lambda='260.08137409645684'
0.151811, 0.012600, 0.158179, 3, 0.006367, colsample_bytree='1.0',eta='0.3',max_depth='10',reg_lambda='1.0'
0.599419, 0.003900, 0.633160, 4, 0.033741, colsample_bytree='0.7856166652403772',eta='0.9117625916488072',max_depth='4',reg_lambda='0.06672038436959972'
1.359354, 0.002900, 5.897668, 5, 4.538314, colsample_bytree='0.7860211410974708',eta='0.8837181935366318',max_depth='4',reg_lambda='0.005808543415378567'
2.286569, 0.001200, 15.272009, 6, 12.985440, colsample_bytree='0.9190067975845618',eta='0.8837181935366318',max_depth='4',reg_lambda='0.005736218343879422'
6.381915, 0.000000, 56.273159, 7, 49.891244, colsample_bytree='0.9018084800854015',eta='0.886490554904677',max_depth='4',reg_lambda='0.005665350886035797'
