"CPU Time Used","Estimated Training Performance","Wallclock Time","Incumbent ID","Automatic Configurator (CPU) Time","Configuration..."
0.000000, 2147483648.000000, 0.000039, 1, 0.000039, alpha='0.001',eta0='0.01'
0.035703, 0.077800, 0.036339, 1, 0.000636, alpha='0.001',eta0='0.01'
0.817432, 0.132300, 0.850733, 2, 0.033300, alpha='0.00709694490052734',eta0='0.0007010272514373521'
1.237762, 0.119300, 1.289949, 3, 0.052187, alpha='0.00010338971252634734',eta0='0.00012997194084303965'
4.201175, 0.118200, 4.525900, 4, 0.324725, alpha='0.004487746418227437',eta0='0.00017042267100206128'
5.005452, 0.113200, 5.442553, 5, 0.437101, alpha='0.00019979267295003528',eta0='0.01815249746037007'
7.599707, 0.104200, 8.500076, 6, 0.900369, alpha='0.0005961033795839362',eta0='0.00017838620440707077'
11.262217, 0.104100, 13.136808, 7, 1.874591, alpha='1.8320705810721047e-05',eta0='8.358915431620378e-05'
