{"cpu_time": 0.0, "wallclock_time": 0.0005719661712646484, "evaluations": 0, "cost": 2147483648.0, "incumbent": ["C='1.3600811985592882'", "gamma='0.09352602871548096'"], "origin": "Sobol"}
{"cpu_time": 1.3537201881408691, "wallclock_time": 1.3551521301269531, "evaluations": 1, "cost": 0.8993, "incumbent": ["C='1.3600811985592882'", "gamma='0.09352602871548096'"], "origin": "Sobol"}
{"cpu_time": 15.150450706481934, "wallclock_time": 15.166770935058594, "evaluations": 13, "cost": 0.0114, "incumbent": ["C='102.59827344587585'", "gamma='0.0039228031036218506'"], "origin": "Sobol"}
{"cpu_time": 33.477466106414795, "wallclock_time": 33.529074907302856, "evaluations": 31, "cost": 0.0073, "incumbent": ["C='0.6293526165094239'", "gamma='0.0012324628012758837'"], "origin": "Sobol"}
{"cpu_time": 38.47545075416565, "wallclock_time": 38.546886920928955, "evaluations": 38, "cost": 0.0064, "incumbent": ["C='4.729862452035014'", "gamma='0.0020153549174183696'"], "origin": "Sobol"}
{"cpu_time": 45.01777243614197, "wallclock_time": 45.609822034835815, "evaluations": 47, "cost": 0.0056, "incumbent": ["C='217.3094336343166'", "gamma='0.0016991080920321395'"], "origin": "Random Search (sorted)"}
