"CPU Time Used","Estimated Training Performance","Wallclock Time","Incumbent ID","Automatic Configurator (CPU) Time","Configuration..."
0.000000, 2147483648.000000, 0.000572, 1, 0.000572, C='1.3600811985592882',gamma='0.09352602871548096'
1.353720, 0.899300, 1.355152, 1, 0.001432, C='1.3600811985592882',gamma='0.09352602871548096'
15.150451, 0.011400, 15.166771, 2, 0.016320, C='102.59827344587585',gamma='0.0039228031036218506'
33.477466, 0.007300, 33.529075, 3, 0.051609, C='0.6293526165094239',gamma='0.0012324628012758837'
38.475451, 0.006400, 38.546887, 4, 0.071436, C='4.729862452035014',gamma='0.0020153549174183696'
45.017772, 0.005600, 45.609822, 5, 0.592050, C='217.3094336343166',gamma='0.0016991080920321395'
