{
  "mean_cost": 0.12613199064059943,
  "finished_ta_runs": 1,
  "inc_changed": 1,
  "n_configs": 1,
  "submitted_ta_runs": 1,
  "ta_time_used": 1.3093650341033936,
  "wallclock_time_used": 1.311007022857666,
  "dataset_id": 14952,
  "perf_time": 1.3241669999997612
}