{
  "mean_cost": 0.21292974101146722,
  "finished_ta_runs": 1,
  "inc_changed": 1,
  "n_configs": 1,
  "submitted_ta_runs": 1,
  "ta_time_used": 0.1645371913909912,
  "wallclock_time_used": 0.16624999046325684
}