{
  "mean_cost": 0.3547134858633531,
  "finished_ta_runs": 193,
  "inc_changed": 8,
  "n_configs": 118,
  "submitted_ta_runs": 193,
  "ta_time_used": 27.10611653327942,
  "wallclock_time_used": 61.03797721862793,
  "dataset_id": 146820
}