{"cpu_time": 0.0, "wallclock_time": 0.0014448165893554688, "evaluations": 0, "cost": 2147483648.0, "incumbent": ["colsample_bytree='0.569966175314039'", "eta='0.009556882986489993'", "max_depth='3'", "reg_lambda='0.0020776820882921045'"], "origin": "Sobol"}
{"cpu_time": 0.3630220890045166, "wallclock_time": 0.365480899810791, "evaluations": 1, "cost": 0.0537, "incumbent": ["colsample_bytree='0.569966175314039'", "eta='0.009556882986489993'", "max_depth='3'", "reg_lambda='0.0020776820882921045'"], "origin": "Sobol"}
{"cpu_time": 4.922332286834717, "wallclock_time": 4.930027961730957, "evaluations": 7, "cost": 0.0482, "incumbent": ["colsample_bytree='0.3878000834956765'", "eta='0.004721681612948408'", "max_depth='10'", "reg_lambda='0.09654112415362535'"], "origin": "Sobol"}
{"cpu_time": 8.515261173248291, "wallclock_time": 8.525831937789917, "evaluations": 10, "cost": 0.0413, "incumbent": ["colsample_bytree='1.0'", "eta='0.3'", "max_depth='10'", "reg_lambda='1.0'"], "origin": null}
{"cpu_time": 13.754067182540894, "wallclock_time": 13.774362802505493, "evaluations": 19, "cost": 0.0373, "incumbent": ["colsample_bytree='0.5071276918053628'", "eta='0.18054041228993647'", "max_depth='4'", "reg_lambda='0.7014077911957106'"], "origin": "Sobol"}
{"cpu_time": 34.834710359573364, "wallclock_time": 37.52862501144409, "evaluations": 66, "cost": 0.035, "incumbent": ["colsample_bytree='0.3200500847988284'", "eta='0.21423729864042448'", "max_depth='3'", "reg_lambda='0.011567351722432407'"], "origin": "Random Search"}
{"cpu_time": 38.48601508140564, "wallclock_time": 47.588459968566895, "evaluations": 82, "cost": 0.034, "incumbent": ["colsample_bytree='0.3063114356083009'", "eta='0.15527385448880304'", "max_depth='3'", "reg_lambda='0.07129575665536254'"], "origin": "Local Search"}
{"cpu_time": 43.27054309844971, "wallclock_time": 59.82037878036499, "evaluations": 103, "cost": 0.0331, "incumbent": ["colsample_bytree='0.3049488885933701'", "eta='0.22865927847378492'", "max_depth='3'", "reg_lambda='0.08932351353921766'"], "origin": "Local Search"}
{"cpu_time": 60.442546129226685, "wallclock_time": 102.67921376228333, "evaluations": 147, "cost": 0.0322, "incumbent": ["colsample_bytree='0.3049488885933701'", "eta='0.22865927847378492'", "max_depth='4'", "reg_lambda='0.08932351353921766'"], "origin": "Local Search"}
{"cpu_time": 63.64866399765015, "wallclock_time": 108.01851177215576, "evaluations": 156, "cost": 0.0303, "incumbent": ["colsample_bytree='0.3049488885933701'", "eta='0.1504624755552533'", "max_depth='4'", "reg_lambda='0.08932351353921766'"], "origin": "Local Search"}
{"cpu_time": 74.27466940879822, "wallclock_time": 136.68106293678284, "evaluations": 185, "cost": 0.0295, "incumbent": ["colsample_bytree='0.3049488885933701'", "eta='0.1504624755552533'", "max_depth='4'", "reg_lambda='0.08809011669364121'"], "origin": "Local Search"}
