"CPU Time Used","Estimated Training Performance","Wallclock Time","Incumbent ID","Automatic Configurator (CPU) Time","Configuration..."
0.000000, 2147483648.000000, 0.000034, 1, 0.000034, alpha='0.001',eta0='0.01'
0.072441, 0.468000, 0.073081, 1, 0.000640, alpha='0.001',eta0='0.01'
0.900207, 0.469000, 0.912148, 2, 0.011941, alpha='0.002374055867675844',eta0='5.8767874739523716e-05'
2.510043, 0.465800, 2.556421, 3, 0.046378, alpha='2.7423705205440404e-05',eta0='0.00014858639283758796'
4.434842, 0.464300, 4.541161, 4, 0.106318, alpha='0.0001078522055815542',eta0='4.9275829905502194e-05'
9.480958, 0.462900, 9.826912, 5, 0.345953, alpha='0.0040767428452907935',eta0='2.093295210879335e-05'
10.705823, 0.462700, 11.125894, 6, 0.420071, alpha='8.419982994473459e-05',eta0='0.00020372047813337315'
18.123342, 0.460600, 19.165584, 7, 1.042242, alpha='0.0003556903802694892',eta0='0.00033771060588662886'
