"CPU Time Used","Estimated Training Performance","Wallclock Time","Incumbent ID","Automatic Configurator (CPU) Time","Configuration..."
0.000000, 2147483648.000000, 0.000568, 1, 0.000568, C='0.08611366210550205',gamma='0.4942679928374453'
0.044965, 0.750000, 0.046295, 1, 0.001330, C='0.08611366210550205',gamma='0.4942679928374453'
0.265532, 0.083300, 0.272238, 2, 0.006706, C='69.38389384208695',gamma='0.0015531477828170245'
1.136600, 0.008000, 1.447938, 3, 0.311338, C='10.854440893981435',gamma='0.00102722790503867'
