{"cpu_time": 0.0, "wallclock_time": 0.0014960765838623047, "evaluations": 0, "cost": 2147483648.0, "incumbent": {"colsample_bytree": 0.569966175314039, "eta": 0.009556882986489993, "max_depth": 3, "reg_lambda": 0.0020776820882921045}, "budget": 0, "origin": "Sobol"}
{"cpu_time": 0.2384939193725586, "wallclock_time": 0.24100613594055176, "evaluations": 1, "cost": 0.3079, "incumbent": {"colsample_bytree": 0.569966175314039, "eta": 0.009556882986489993, "max_depth": 3, "reg_lambda": 0.0020776820882921045}, "budget": 0, "origin": "Sobol"}
{"cpu_time": 1.835578203201294, "wallclock_time": 1.8460421562194824, "evaluations": 10, "cost": 0.2825, "incumbent": {"colsample_bytree": 0.7997161545790732, "eta": 0.8167090504942917, "max_depth": 1, "reg_lambda": 7.369638786139326}, "budget": 0, "origin": "Sobol"}
{"cpu_time": 7.1199727058410645, "wallclock_time": 7.152031898498535, "evaluations": 27, "cost": 0.2807, "incumbent": {"colsample_bytree": 0.9743220077827572, "eta": 0.03215823859983448, "max_depth": 3, "reg_lambda": 37.018102682862704}, "budget": 0, "origin": "Sobol"}
{"cpu_time": 14.167361736297607, "wallclock_time": 14.251412868499756, "evaluations": 59, "cost": 0.2754, "incumbent": {"colsample_bytree": 0.9282559170387685, "eta": 0.017927928155757514, "max_depth": 3, "reg_lambda": 0.5343908555007665}, "budget": 0, "origin": "Sobol"}
{"cpu_time": 14.629791975021362, "wallclock_time": 14.72624683380127, "evaluations": 64, "cost": 0.2736, "incumbent": {"colsample_bytree": 0.5405097912997008, "eta": 0.096906029532369, "max_depth": 1, "reg_lambda": 1.2661385481644019}, "budget": 0, "origin": "Sobol"}
{"cpu_time": 15.401175498962402, "wallclock_time": 15.509824991226196, "evaluations": 70, "cost": 0.2734, "incumbent": {"colsample_bytree": 0.6949905441142619, "eta": 0.21809028467887595, "max_depth": 1, "reg_lambda": 158.0592520914024}, "budget": 0, "origin": "Sobol"}
{"cpu_time": 22.53243613243103, "wallclock_time": 40.16637897491455, "evaluations": 103, "cost": 0.2718, "incumbent": {"colsample_bytree": 0.8799710787294972, "eta": 0.017927928155757514, "max_depth": 3, "reg_lambda": 0.6214077884227197}, "budget": 0, "origin": "Local Search"}
{"cpu_time": 31.2087721824646, "wallclock_time": 53.990736961364746, "evaluations": 132, "cost": 0.2717, "incumbent": {"colsample_bytree": 0.8479335473198639, "eta": 0.01813574264707777, "max_depth": 3, "reg_lambda": 1.9952276383692722}, "budget": 0, "origin": "Local Search"}
{"cpu_time": 40.16234064102173, "wallclock_time": 82.28299379348755, "evaluations": 167, "cost": 0.2706, "incumbent": {"colsample_bytree": 0.8552672747549357, "eta": 0.01815367543077167, "max_depth": 2, "reg_lambda": 0.5165443674571665}, "budget": 0, "origin": "Local Search"}
{"cpu_time": 51.67382311820984, "wallclock_time": 114.19019794464111, "evaluations": 218, "cost": 0.2702, "incumbent": {"colsample_bytree": 0.8600651476018539, "eta": 0.01842517174187004, "max_depth": 2, "reg_lambda": 0.533579496983479}, "budget": 0, "origin": "Local Search"}
