{
  "mean_cost": 0.021040581437309948,
  "finished_ta_runs": 300,
  "inc_changed": 1,
  "n_configs": 84,
  "submitted_ta_runs": 300,
  "ta_time_used": 4.277969598770142,
  "wallclock_time_used": 26.89000391960144,
  "dataset_id": 10093,
  "perf_time": 26.900126249995083
}