"CPU Time Used","Estimated Training Performance","Wallclock Time","Incumbent ID","Automatic Configurator (CPU) Time","Configuration..."
0.000000, 2147483648.000000, 0.000068, 1, 0.000068, colsample_bytree='1.0',eta='0.3',max_depth='10',reg_lambda='1.0'
0.107183, 0.334100, 0.108026, 1, 0.000843, colsample_bytree='1.0',eta='0.3',max_depth='10',reg_lambda='1.0'
0.849407, 0.318800, 0.859233, 2, 0.009826, colsample_bytree='0.9735460407805239',eta='0.3678418820983057',max_depth='10',reg_lambda='21.683858388188526'
4.177201, 0.313100, 4.400238, 3, 0.223037, colsample_bytree='0.6434692511979655',eta='0.8452792437650095',max_depth='8',reg_lambda='86.21479576592087'
8.555013, 0.303300, 9.579508, 4, 1.024495, colsample_bytree='0.8020221526529996',eta='0.4492079322615561',max_depth='4',reg_lambda='23.03591080495247'
11.171116, 0.299600, 12.840934, 5, 1.669818, colsample_bytree='0.5164100005117876',eta='0.7648999317701488',max_depth='4',reg_lambda='69.89424504910586'
