{"cpu_time": 0.0, "wallclock_time": 0.00023508071899414062, "evaluations": 0, "cost": 2147483648.0, "incumbent": {"C": 0.08611366210550205, "gamma": 0.4942679928374453}, "budget": 0, "origin": "Sobol"}
{"cpu_time": 0.1288919448852539, "wallclock_time": 0.12978601455688477, "evaluations": 1, "cost": 0.9, "incumbent": {"C": 0.08611366210550205, "gamma": 0.4942679928374453}, "budget": 0, "origin": "Sobol"}
