{
  "mean_cost": 0.1446709776578198,
  "finished_ta_runs": 300,
  "inc_changed": 3,
  "n_configs": 84,
  "submitted_ta_runs": 300,
  "ta_time_used": 8.600270986557007,
  "wallclock_time_used": 29.31426692008972,
  "dataset_id": 146819,
  "perf_time": 29.32714725000551
}