{"cpu_time": 0.0, "wallclock_time": 6.723403930664062e-05, "evaluations": 0, "cost": 2147483648.0, "incumbent": {"colsample_bytree": 1.0, "eta": 0.3, "max_depth": 10, "reg_lambda": 1.0}, "budget": 0, "origin": "Default"}
{"cpu_time": 4.574134111404419, "wallclock_time": 4.574958086013794, "evaluations": 1, "cost": 0.0204, "incumbent": {"colsample_bytree": 1.0, "eta": 0.3, "max_depth": 10, "reg_lambda": 1.0}, "budget": 0, "origin": "Default"}
{"cpu_time": 58.91957139968872, "wallclock_time": 58.94349431991577, "evaluations": 16, "cost": 0.0147, "incumbent": {"colsample_bytree": 0.42779910928331233, "eta": 0.13140302375308188, "max_depth": 4, "reg_lambda": 1.351829952028138}, "budget": 0, "origin": "Random Search"}
{"cpu_time": 705.3793206214905, "wallclock_time": 707.3733010292053, "evaluations": 309, "cost": 0.014, "incumbent": {"colsample_bytree": 0.42771777993850635, "eta": 0.33884205079565566, "max_depth": 10, "reg_lambda": 4.0582720275044695}, "budget": 0, "origin": "Random Search"}
{"cpu_time": 938.9687285423279, "wallclock_time": 942.3359751701355, "evaluations": 416, "cost": 0.0136, "incumbent": {"colsample_bytree": 0.3265221890592491, "eta": 0.15402341401631395, "max_depth": 10, "reg_lambda": 0.12731842588787307}, "budget": 0, "origin": "Random Search"}
