{
  "mean_cost": 0.07094023791115375,
  "finished_ta_runs": 101,
  "inc_changed": 5,
  "n_configs": 76,
  "submitted_ta_runs": 101,
  "ta_time_used": 123.40341329574585,
  "wallclock_time_used": 123.64458084106445,
  "dataset_id": 146800
}