{
  "mean_cost": 0.05628520021991591,
  "finished_ta_runs": 128,
  "inc_changed": 7,
  "n_configs": 84,
  "submitted_ta_runs": 128,
  "ta_time_used": 39.70268654823303,
  "wallclock_time_used": 60.120331048965454,
  "dataset_id": 43
}