{"cpu_time": 0.0, "wallclock_time": 4.315376281738281e-05, "evaluations": 0, "cost": 2147483648.0, "incumbent": ["colsample_bytree='1.0'", "eta='0.3'", "max_depth='10'", "reg_lambda='1.0'"], "origin": "Default"}
{"cpu_time": 0.19800305366516113, "wallclock_time": 0.19867491722106934, "evaluations": 1, "cost": 0.8034, "incumbent": ["colsample_bytree='1.0'", "eta='0.3'", "max_depth='10'", "reg_lambda='1.0'"], "origin": "Default"}
{"cpu_time": 0.5478799343109131, "wallclock_time": 0.5514140129089355, "evaluations": 4, "cost": 0.796, "incumbent": ["colsample_bytree='0.8787311974598232'", "eta='0.5789811375409207'", "max_depth='5'", "reg_lambda='0.0011373846877749554'"], "origin": "Random Search"}
{"cpu_time": 0.8725659847259521, "wallclock_time": 0.8799941539764404, "evaluations": 8, "cost": 0.7797, "incumbent": ["colsample_bytree='0.6817994018422264'", "eta='0.010155350414863052'", "max_depth='8'", "reg_lambda='3.9659151741281455'"], "origin": "Random Search"}
{"cpu_time": 1.538403034210205, "wallclock_time": 1.5572941303253174, "evaluations": 17, "cost": 0.7419, "incumbent": ["colsample_bytree='0.9806458301683194'", "eta='0.11021240891825923'", "max_depth='3'", "reg_lambda='1.2826061465293854'"], "origin": "Random Search"}
{"cpu_time": 3.354912519454956, "wallclock_time": 3.426866054534912, "evaluations": 48, "cost": 0.7385, "incumbent": ["colsample_bytree='0.7820031681567566'", "eta='0.07932648092787206'", "max_depth='3'", "reg_lambda='0.015601367207975234'"], "origin": "Random Search"}
{"cpu_time": 4.401721954345703, "wallclock_time": 4.5260841846466064, "evaluations": 70, "cost": 0.7368, "incumbent": ["colsample_bytree='0.580351551034581'", "eta='0.4313368436612933'", "max_depth='4'", "reg_lambda='41.86020328617718'"], "origin": "Random Search"}
{"cpu_time": 17.319433212280273, "wallclock_time": 19.25811791419983, "evaluations": 349, "cost": 0.722, "incumbent": ["colsample_bytree='0.9571732291440068'", "eta='0.5407598243217037'", "max_depth='3'", "reg_lambda='72.03963631727272'"], "origin": "Random Search"}
