"CPU Time Used","Estimated Training Performance","Wallclock Time","Incumbent ID","Automatic Configurator (CPU) Time","Configuration..."
0.000000, 2147483648.000000, 0.000043, 1, 0.000043, colsample_bytree='1.0',eta='0.3',max_depth='10',reg_lambda='1.0'
0.198003, 0.803400, 0.198675, 1, 0.000672, colsample_bytree='1.0',eta='0.3',max_depth='10',reg_lambda='1.0'
0.547880, 0.796000, 0.551414, 2, 0.003534, colsample_bytree='0.8787311974598232',eta='0.5789811375409207',max_depth='5',reg_lambda='0.0011373846877749554'
0.872566, 0.779700, 0.879994, 3, 0.007428, colsample_bytree='0.6817994018422264',eta='0.010155350414863052',max_depth='8',reg_lambda='3.9659151741281455'
1.538403, 0.741900, 1.557294, 4, 0.018891, colsample_bytree='0.9806458301683194',eta='0.11021240891825923',max_depth='3',reg_lambda='1.2826061465293854'
3.354913, 0.738500, 3.426866, 5, 0.071954, colsample_bytree='0.7820031681567566',eta='0.07932648092787206',max_depth='3',reg_lambda='0.015601367207975234'
4.401722, 0.736800, 4.526084, 6, 0.124362, colsample_bytree='0.580351551034581',eta='0.4313368436612933',max_depth='4',reg_lambda='41.86020328617718'
17.319433, 0.722000, 19.258118, 7, 1.938685, colsample_bytree='0.9571732291440068',eta='0.5407598243217037',max_depth='3',reg_lambda='72.03963631727272'
