{"cpu_time": 0.0, "wallclock_time": 0.0015690326690673828, "evaluations": 0, "cost": 2147483648.0, "incumbent": ["max_depth='1'", "max_features='0.49276944529265165'", "min_samples_leaf='4'", "min_samples_split='9'"], "origin": "Sobol"}
{"cpu_time": 0.07829499244689941, "wallclock_time": 0.08075332641601562, "evaluations": 1, "cost": 0.1388, "incumbent": ["max_depth='1'", "max_features='0.49276944529265165'", "min_samples_leaf='4'", "min_samples_split='9'"], "origin": "Sobol"}
{"cpu_time": 0.3310973644256592, "wallclock_time": 0.33598804473876953, "evaluations": 4, "cost": 0.0443, "incumbent": ["max_depth='22'", "max_features='0.502463330514729'", "min_samples_leaf='18'", "min_samples_split='83'"], "origin": "Sobol"}
{"cpu_time": 0.5150654315948486, "wallclock_time": 0.5216572284698486, "evaluations": 6, "cost": 0.0099, "incumbent": ["max_depth='10'", "max_features='0.5'", "min_samples_leaf='1'", "min_samples_split='32'"], "origin": null}
{"cpu_time": 1.8167202472686768, "wallclock_time": 1.8357172012329102, "evaluations": 19, "cost": 0.0065, "incumbent": ["max_depth='11'", "max_features='0.9135355520993471'", "min_samples_leaf='2'", "min_samples_split='4'"], "origin": "Sobol"}
{"cpu_time": 6.934480667114258, "wallclock_time": 8.550116062164307, "evaluations": 75, "cost": 0.0051, "incumbent": ["max_depth='18'", "max_features='0.7627395405850558'", "min_samples_leaf='3'", "min_samples_split='7'"], "origin": "Local Search"}
