"CPU Time Used","Estimated Training Performance","Wallclock Time","Incumbent ID","Automatic Configurator (CPU) Time","Configuration..."
0.000000, 2147483648.000000, 0.000526, 1, 0.000526, alpha='0.0004126639093412234',eta0='0.0017613324954003418'
0.195005, 0.545500, 0.196232, 1, 0.001227, alpha='0.0004126639093412234',eta0='0.0017613324954003418'
3.142719, 0.530800, 3.159096, 2, 0.016377, alpha='0.0014439030581155858',eta0='2.6843996424460273e-05'
7.732842, 0.528300, 9.006555, 3, 1.273712, alpha='0.00012823908774397494',eta0='2.5456124651376147e-05'
