{
  "mean_cost": 0.0566195386132676,
  "finished_ta_runs": 300,
  "inc_changed": 6,
  "n_configs": 189,
  "submitted_ta_runs": 300,
  "ta_time_used": 143.63650631904602,
  "wallclock_time_used": 325.94951915740967,
  "dataset_id": 43,
  "perf_time": 325.96632395897177
}