"CPU Time Used","Estimated Training Performance","Wallclock Time","Incumbent ID","Automatic Configurator (CPU) Time","Configuration..."
0.000000, 2147483648.000000, 0.001500, 1, 0.001500, colsample_bytree='0.569966175314039',eta='0.009556882986489993',max_depth='3',reg_lambda='0.0020776820882921045'
0.023100, 0.454100, 0.025543, 1, 0.002443, colsample_bytree='0.569966175314039',eta='0.009556882986489993',max_depth='3',reg_lambda='0.0020776820882921045'
0.148099, 0.425800, 0.155415, 2, 0.007316, colsample_bytree='0.3878000834956765',eta='0.004721681612948408',max_depth='10',reg_lambda='0.09654112415362535'
0.266437, 0.378300, 0.276411, 3, 0.009974, colsample_bytree='1.0',eta='0.3',max_depth='10',reg_lambda='1.0'
1.020943, 0.371200, 1.335954, 4, 0.315011, colsample_bytree='0.8787311974598232',eta='0.5789811375409207',max_depth='5',reg_lambda='0.0011373846877749554'
1.484337, 0.365700, 5.620089, 5, 4.135752, colsample_bytree='0.9608611024610666',eta='0.5540457241571088',max_depth='5',reg_lambda='0.0010630009283742951'
2.150099, 0.359500, 14.764858, 6, 12.614759, colsample_bytree='0.9438561374808748',eta='0.5680024502964914',max_depth='5',reg_lambda='0.0011078561080365965'
3.547228, 0.349200, 34.042796, 7, 30.495568, colsample_bytree='0.9424666468840236',eta='0.5200911543464559',max_depth='5',reg_lambda='0.0015533306442793013'
7.282583, 0.346600, 117.032109, 8, 109.749526, colsample_bytree='0.9426541131130318',eta='0.5200713332568394',max_depth='5',reg_lambda='0.0015271697540591186'
