{"cpu_time": 0.0, "wallclock_time": 0.0015001296997070312, "evaluations": 0, "cost": 2147483648.0, "incumbent": ["colsample_bytree='0.569966175314039'", "eta='0.009556882986489993'", "max_depth='3'", "reg_lambda='0.0020776820882921045'"], "origin": "Sobol"}
{"cpu_time": 0.023099899291992188, "wallclock_time": 0.025543212890625, "evaluations": 1, "cost": 0.4541, "incumbent": ["colsample_bytree='0.569966175314039'", "eta='0.009556882986489993'", "max_depth='3'", "reg_lambda='0.0020776820882921045'"], "origin": "Sobol"}
{"cpu_time": 0.14809942245483398, "wallclock_time": 0.15541505813598633, "evaluations": 7, "cost": 0.4258, "incumbent": ["colsample_bytree='0.3878000834956765'", "eta='0.004721681612948408'", "max_depth='10'", "reg_lambda='0.09654112415362535'"], "origin": "Sobol"}
{"cpu_time": 0.266437292098999, "wallclock_time": 0.2764110565185547, "evaluations": 10, "cost": 0.3783, "incumbent": ["colsample_bytree='1.0'", "eta='0.3'", "max_depth='10'", "reg_lambda='1.0'"], "origin": null}
{"cpu_time": 1.0209426879882812, "wallclock_time": 1.335953950881958, "evaluations": 54, "cost": 0.3712, "incumbent": ["colsample_bytree='0.8787311974598232'", "eta='0.5789811375409207'", "max_depth='5'", "reg_lambda='0.0011373846877749554'"], "origin": "Random Search"}
{"cpu_time": 1.484337329864502, "wallclock_time": 5.620089054107666, "evaluations": 71, "cost": 0.3657, "incumbent": ["colsample_bytree='0.9608611024610666'", "eta='0.5540457241571088'", "max_depth='5'", "reg_lambda='0.0010630009283742951'"], "origin": "Local Search"}
{"cpu_time": 2.150099277496338, "wallclock_time": 14.76485800743103, "evaluations": 95, "cost": 0.3595, "incumbent": ["colsample_bytree='0.9438561374808748'", "eta='0.5680024502964914'", "max_depth='5'", "reg_lambda='0.0011078561080365965'"], "origin": "Local Search"}
{"cpu_time": 3.5472278594970703, "wallclock_time": 34.04279613494873, "evaluations": 144, "cost": 0.3492, "incumbent": ["colsample_bytree='0.9424666468840236'", "eta='0.5200911543464559'", "max_depth='5'", "reg_lambda='0.0015533306442793013'"], "origin": "Local Search"}
{"cpu_time": 7.282583475112915, "wallclock_time": 117.0321090221405, "evaluations": 272, "cost": 0.3466, "incumbent": ["colsample_bytree='0.9426541131130318'", "eta='0.5200713332568394'", "max_depth='5'", "reg_lambda='0.0015271697540591186'"], "origin": "Local Search"}
