"CPU Time Used","Estimated Training Performance","Wallclock Time","Incumbent ID","Automatic Configurator (CPU) Time","Configuration..."
0.000000, 2147483648.000000, 0.000795, 1, 0.000795, alpha='0.00011227070295712931',eta0='0.0029096933833365197'
0.489477, 0.125100, 0.491189, 1, 0.001712, alpha='0.00011227070295712931',eta0='0.0029096933833365197'
6.140922, 0.168800, 6.154484, 2, 0.013563, alpha='0.0025540066964094537',eta0='1.2228344859878906e-05'
40.956198, 0.165000, 58.384074, 3, 17.427877, alpha='0.00023542777550443126',eta0='1.1771045048852655e-05'
57.304068, 0.161600, 85.188731, 4, 27.884663, alpha='1.6017552269500323e-05',eta0='1.0840320467228232e-05'
