{
  "mean_cost": 0.23582390302092404,
  "finished_ta_runs": 1,
  "inc_changed": 1,
  "n_configs": 1,
  "submitted_ta_runs": 1,
  "ta_time_used": 1.1247782707214355,
  "wallclock_time_used": 1.1264092922210693,
  "dataset_id": 167125,
  "perf_time": 1.133465833999935
}