{
  "mean_cost": 0.4548249678769349,
  "finished_ta_runs": 2,
  "inc_changed": 1,
  "n_configs": 1,
  "submitted_ta_runs": 2,
  "ta_time_used": 2.2419631481170654,
  "wallclock_time_used": 2.24403715133667,
  "dataset_id": 9960,
  "perf_time": 2.2495357499997226
}