"CPU Time Used","Estimated Training Performance","Wallclock Time","Incumbent ID","Automatic Configurator (CPU) Time","Configuration..."
0.000000, 2147483648.000000, 0.000580, 1, 0.000580, C='1.3600811985592882',gamma='0.09352602871548096'
2.819166, 0.892600, 2.820512, 1, 0.001346, C='1.3600811985592882',gamma='0.09352602871548096'
16.425098, 0.891100, 16.431190, 2, 0.006092, C='0.002411602763410638',gamma='0.012954649694653979'
39.370954, 0.165400, 39.391494, 3, 0.020540, C='102.59827344587585',gamma='0.0039228031036218506'
72.711163, 0.032900, 72.752185, 4, 0.041022, C='0.6293526165094239',gamma='0.0012324628012758837'
88.673320, 0.025700, 88.963880, 5, 0.290560, C='974.3098145831196',gamma='0.0012565504852376835'
117.825867, 0.016200, 120.567526, 6, 2.741659, C='977.3347463340224',gamma='0.0010362208735502571'
132.161303, 0.015800, 136.121136, 7, 3.959833, C='2.8633118467648355',gamma='0.0010523331319469242'
