"CPU Time Used","Estimated Training Performance","Wallclock Time","Incumbent ID","Automatic Configurator (CPU) Time","Configuration..."
0.000000, 2147483648.000000, 0.000047, 1, 0.000047, alpha='0.001',eta0='0.01'
2.503713, 0.039700, 2.504903, 1, 0.001190, alpha='0.001',eta0='0.01'
204.484104, 0.038700, 204.731952, 2, 0.247848, alpha='0.004891599030669043',eta0='0.0012826244193363855'
326.613803, 0.038100, 327.115583, 3, 0.501780, alpha='0.0009310244878341207',eta0='0.0013912448913619164'
527.767442, 0.037600, 528.855254, 4, 1.087812, alpha='0.0036899015518719815',eta0='0.0007928303026576345'
