{
  "data": [
    [
      [
        1,
        null,
        1799960134,
        0.0
      ],
      [
        0.22943802800226953,
        0.4606621265411377,
        {
          "__enum__": "StatusType.SUCCESS"
        },
        1674420695.088947,
        1674420695.5496151,
        {}
      ]
    ]
  ],
  "config_origins": {
    "1": "Sobol"
  },
  "configs": {
    "1": {
      "colsample_bytree": 0.2890479595400393,
      "eta": 0.02972240058848022,
      "max_depth": 1,
      "reg_lambda": 0.23594281684827217
    }
  }
}