"CPU Time Used","Estimated Training Performance","Wallclock Time","Incumbent ID","Automatic Configurator (CPU) Time","Configuration..."
0.000000, 2147483648.000000, 0.000544, 1, 0.000544, C='1.3600811985592882',gamma='0.09352602871548096'
0.012331, 0.505100, 0.013608, 1, 0.001277, C='1.3600811985592882',gamma='0.09352602871548096'
0.040354, 0.500000, 0.043801, 2, 0.003446, C='0.17779513414177722',gamma='7.2480830287492966'
0.171692, 0.307400, 0.188520, 3, 0.016828, C='102.59827344587585',gamma='0.0039228031036218506'
