{"cpu_time": 0.0, "wallclock_time": 0.0005440711975097656, "evaluations": 0, "cost": 2147483648.0, "incumbent": {"C": 1.3600811985592882, "gamma": 0.09352602871548096}, "budget": 0, "origin": "Sobol"}
{"cpu_time": 0.012331008911132812, "wallclock_time": 0.013607978820800781, "evaluations": 1, "cost": 0.5051, "incumbent": {"C": 1.3600811985592882, "gamma": 0.09352602871548096}, "budget": 0, "origin": "Sobol"}
{"cpu_time": 0.04035449028015137, "wallclock_time": 0.04380083084106445, "evaluations": 4, "cost": 0.5, "incumbent": {"C": 0.17779513414177722, "gamma": 7.2480830287492966}, "budget": 0, "origin": "Sobol"}
{"cpu_time": 0.1716916561126709, "wallclock_time": 0.18851995468139648, "evaluations": 21, "cost": 0.3074, "incumbent": {"C": 102.59827344587585, "gamma": 0.0039228031036218506}, "budget": 0, "origin": "Sobol"}
