{"cpu_time": 0.0, "wallclock_time": 0.0014951229095458984, "evaluations": 0, "cost": 2147483648.0, "incumbent": {"colsample_bytree": 0.3908073678612709, "eta": 0.02197006114591668, "max_depth": 1, "reg_lambda": 0.025956378731779545}, "budget": 0, "origin": "Sobol"}
{"cpu_time": 0.020734786987304688, "wallclock_time": 0.023251056671142578, "evaluations": 1, "cost": 0.5, "incumbent": {"colsample_bytree": 0.3908073678612709, "eta": 0.02197006114591668, "max_depth": 1, "reg_lambda": 0.025956378731779545}, "budget": 0, "origin": "Sobol"}
{"cpu_time": 0.19112873077392578, "wallclock_time": 0.1961350440979004, "evaluations": 4, "cost": 0.4534, "incumbent": {"colsample_bytree": 0.7864414579235017, "eta": 0.06876373473778273, "max_depth": 5, "reg_lambda": 2.180661802430785}, "budget": 0, "origin": "Sobol"}
{"cpu_time": 0.3864285945892334, "wallclock_time": 0.3932309150695801, "evaluations": 6, "cost": 0.4289, "incumbent": {"colsample_bytree": 1.0, "eta": 0.3, "max_depth": 10, "reg_lambda": 1.0}, "budget": 0, "origin": null}
{"cpu_time": 1.329874038696289, "wallclock_time": 1.363659143447876, "evaluations": 27, "cost": 0.4182, "incumbent": {"colsample_bytree": 0.34836309412494304, "eta": 0.26655395384050556, "max_depth": 6, "reg_lambda": 0.1036182343546856}, "budget": 0, "origin": "Sobol"}
{"cpu_time": 1.8044188022613525, "wallclock_time": 1.8519339561462402, "evaluations": 37, "cost": 0.4088, "incumbent": {"colsample_bytree": 0.2476114026270807, "eta": 0.09799148147389534, "max_depth": 9, "reg_lambda": 0.22959291519229882}, "budget": 0, "origin": "Sobol"}
{"cpu_time": 2.4884419441223145, "wallclock_time": 2.5593581199645996, "evaluations": 51, "cost": 0.4003, "incumbent": {"colsample_bytree": 0.7050256938673556, "eta": 0.8105600352594424, "max_depth": 8, "reg_lambda": 26.591563225527754}, "budget": 0, "origin": "Sobol"}
{"cpu_time": 3.7017672061920166, "wallclock_time": 6.572142839431763, "evaluations": 74, "cost": 0.3911, "incumbent": {"colsample_bytree": 0.7047199934751898, "eta": 0.8463857388200168, "max_depth": 7, "reg_lambda": 25.195221123313694}, "budget": 0, "origin": "Local Search"}
{"cpu_time": 5.9059977531433105, "wallclock_time": 25.004483938217163, "evaluations": 110, "cost": 0.3896, "incumbent": {"colsample_bytree": 0.7455327657472116, "eta": 0.600733634266762, "max_depth": 2, "reg_lambda": 0.10531499283708805}, "budget": 0, "origin": "Random Search"}
{"cpu_time": 13.913957357406616, "wallclock_time": 101.30428290367126, "evaluations": 240, "cost": 0.3859, "incumbent": {"colsample_bytree": 0.7536991972762627, "eta": 0.6053725540925572, "max_depth": 2, "reg_lambda": 0.07249655390235608}, "budget": 0, "origin": "Local Search"}
