"CPU Time Used","Estimated Training Performance","Wallclock Time","Incumbent ID","Automatic Configurator (CPU) Time","Configuration..."
0.000000, 2147483648.000000, 0.000122, 1, 0.000122, colsample_bytree='1.0',eta='0.3',max_depth='10',reg_lambda='1.0'
5.339713, 0.030000, 5.340697, 1, 0.000984, colsample_bytree='1.0',eta='0.3',max_depth='10',reg_lambda='1.0'
59.171150, 0.022200, 59.181693, 2, 0.010543, colsample_bytree='0.9735460407805239',eta='0.3678418820983057',max_depth='10',reg_lambda='21.683858388188526'
119.253788, 0.022500, 119.278362, 3, 0.024574, colsample_bytree='0.7639954824069396',eta='0.15374481275613402',max_depth='5',reg_lambda='7.323940477654458'
139.467360, 0.021300, 139.507397, 4, 0.040037, colsample_bytree='0.5177209401315279',eta='0.4516158976292579',max_depth='2',reg_lambda='0.03693883633139159'
218.503862, 0.021100, 218.586748, 5, 0.082886, colsample_bytree='0.9998494866560442',eta='0.4926361595982613',max_depth='10',reg_lambda='10.601362085146015'
432.982584, 0.021000, 433.257896, 6, 0.275312, colsample_bytree='0.4563860920020206',eta='0.1905123488611779',max_depth='4',reg_lambda='0.9871757570136822'
1912.079382, 0.018300, 1916.277562, 7, 4.198180, colsample_bytree='0.874077567968231',eta='0.11956563549282619',max_depth='2',reg_lambda='0.13323497998805822'
