{
  "mean_cost": 0.8033833450500117,
  "finished_ta_runs": 2,
  "inc_changed": 1,
  "n_configs": 1,
  "submitted_ta_runs": 2,
  "ta_time_used": 0.38446688652038574,
  "wallclock_time_used": 0.3865091800689697,
  "dataset_id": 3560,
  "perf_time": 0.39238158299997394
}