"CPU Time Used","Estimated Training Performance","Wallclock Time","Incumbent ID","Automatic Configurator (CPU) Time","Configuration..."
0.000000, 2147483648.000000, 0.000587, 1, 0.000587, C='0.08611366210550205',gamma='0.4942679928374453'
0.032288, 0.500000, 0.033675, 1, 0.001387, C='0.08611366210550205',gamma='0.4942679928374453'
0.110409, 0.480900, 0.114159, 2, 0.003751, C='19.433598606658386',gamma='9.232350409327609'
0.153381, 0.185500, 0.158701, 3, 0.005320, C='1.0',gamma='0.1'
0.213752, 0.122000, 0.222519, 4, 0.008767, C='69.38389384208695',gamma='0.0015531477828170245'
0.547568, 0.117500, 0.579030, 5, 0.031462, C='8.634022457298675',gamma='0.007852177423455793'
0.991974, 0.108700, 2.820509, 6, 1.828535, C='7.379465366807585',gamma='0.007848702747597218'
