{
  "data": [
    [
      [
        1,
        null,
        379248293,
        0.0
      ],
      [
        0.49389978213507624,
        0.06173992156982422,
        {
          "__enum__": "StatusType.SUCCESS"
        },
        1674410419.481927,
        1674410419.543673,
        {}
      ]
    ]
  ],
  "config_origins": {
    "1": "Sobol"
  },
  "configs": {
    "1": {
      "max_depth": 2,
      "max_features": 0.4491682695224881,
      "min_samples_leaf": 1,
      "min_samples_split": 4
    }
  }
}