{
  "mean_cost": 0.4136225352021102,
  "finished_ta_runs": 791,
  "inc_changed": 7,
  "n_configs": 711,
  "submitted_ta_runs": 791,
  "ta_time_used": 110.30210185050964,
  "wallclock_time_used": 120.02586078643799,
  "dataset_id": 3902
}