"CPU Time Used","Estimated Training Performance","Wallclock Time","Incumbent ID","Automatic Configurator (CPU) Time","Configuration..."
0.000000, 2147483648.000000, 0.001491, 1, 0.001491, colsample_bytree='0.569966175314039',eta='0.009556882986489993',max_depth='3',reg_lambda='0.0020776820882921045'
0.030111, 0.335100, 0.032550, 1, 0.002439, colsample_bytree='0.569966175314039',eta='0.009556882986489993',max_depth='3',reg_lambda='0.0020776820882921045'
0.182452, 0.305600, 0.194652, 2, 0.012200, colsample_bytree='0.7997161545790732',eta='0.8167090504942917',max_depth='1',reg_lambda='7.369638786139326'
0.318335, 0.012600, 0.334223, 3, 0.015888, colsample_bytree='1.0',eta='0.3',max_depth='10',reg_lambda='1.0'
0.549468, 0.006200, 0.575145, 4, 0.025677, colsample_bytree='0.6897349533624947',eta='0.11093751049628797',max_depth='5',reg_lambda='0.005625821167002132'
1.028883, 0.002800, 1.090955, 5, 0.062072, colsample_bytree='0.9323523727245628',eta='0.2476536704910154',max_depth='9',reg_lambda='0.0035770621836229634'
1.411897, 0.001900, 1.940842, 6, 0.528945, colsample_bytree='0.9356353147370184',eta='0.3027142349713409',max_depth='9',reg_lambda='0.006451936709451497'
1.829341, 0.001200, 4.005341, 7, 2.176000, colsample_bytree='0.9344225631977726',eta='0.3035148959717363',max_depth='9',reg_lambda='0.006306901664220929'
4.076087, 0.000000, 17.072873, 8, 12.996786, colsample_bytree='0.845198777274876',eta='0.3035148959717363',max_depth='9',reg_lambda='0.0011395642521783535'
