{
  "mean_cost": 0.7389687601493157,
  "finished_ta_runs": 300,
  "inc_changed": 5,
  "n_configs": 146,
  "submitted_ta_runs": 300,
  "ta_time_used": 20.688045740127563,
  "wallclock_time_used": 137.17741680145264,
  "dataset_id": 3560,
  "perf_time": 137.1904004579992
}