{"cpu_time": 0.0, "wallclock_time": 4.506111145019531e-05, "evaluations": 0, "cost": 2147483648.0, "incumbent": {"colsample_bytree": 1.0, "eta": 0.3, "max_depth": 10, "reg_lambda": 1.0}, "budget": 0, "origin": "Default"}
{"cpu_time": 0.14854001998901367, "wallclock_time": 0.14921998977661133, "evaluations": 1, "cost": 0.0747, "incumbent": {"colsample_bytree": 1.0, "eta": 0.3, "max_depth": 10, "reg_lambda": 1.0}, "budget": 0, "origin": "Default"}
{"cpu_time": 2.7799935340881348, "wallclock_time": 2.8427140712738037, "evaluations": 42, "cost": 0.0664, "incumbent": {"colsample_bytree": 0.7281455251521137, "eta": 0.559464917920047, "max_depth": 2, "reg_lambda": 0.027378339754216968}, "budget": 0, "origin": "Random Search"}
{"cpu_time": 4.143712520599365, "wallclock_time": 4.2490317821502686, "evaluations": 60, "cost": 0.0535, "incumbent": {"colsample_bytree": 0.5049196144615989, "eta": 0.496305504707424, "max_depth": 3, "reg_lambda": 4.951142992489962}, "budget": 0, "origin": "Random Search"}
{"cpu_time": 5.026508331298828, "wallclock_time": 5.16930890083313, "evaluations": 74, "cost": 0.0475, "incumbent": {"colsample_bytree": 0.9939594305102523, "eta": 0.33393085138198403, "max_depth": 2, "reg_lambda": 0.011637544137272422}, "budget": 0, "origin": "Random Search"}
{"cpu_time": 5.797529935836792, "wallclock_time": 5.974567890167236, "evaluations": 85, "cost": 0.0385, "incumbent": {"colsample_bytree": 0.8860506831503626, "eta": 0.11799651200598578, "max_depth": 3, "reg_lambda": 0.007368398965618734}, "budget": 0, "origin": "Random Search"}
