"CPU Time Used","Estimated Training Performance","Wallclock Time","Incumbent ID","Automatic Configurator (CPU) Time","Configuration..."
0.000000, 2147483648.000000, 0.000056, 1, 0.000056, colsample_bytree='1.0',eta='0.3',max_depth='10',reg_lambda='1.0'
0.258773, 0.078600, 0.259741, 1, 0.000968, colsample_bytree='1.0',eta='0.3',max_depth='10',reg_lambda='1.0'
1.952880, 0.078500, 1.957505, 2, 0.004625, colsample_bytree='0.8787311974598232',eta='0.5789811375409207',max_depth='5',reg_lambda='0.0011373846877749554'
4.421021, 0.062400, 4.449825, 3, 0.028804, colsample_bytree='0.6550448212844191',eta='0.08676138668610828',max_depth='4',reg_lambda='0.23445175413074382'
6.995928, 0.060700, 7.060624, 4, 0.064697, colsample_bytree='0.9869100253763312',eta='0.07829228237480283',max_depth='10',reg_lambda='0.0011317947333548213'
15.000558, 0.060400, 15.380644, 5, 0.380086, colsample_bytree='0.8001353875164402',eta='0.07548094963428913',max_depth='6',reg_lambda='0.010366008188031938'
21.825525, 0.060000, 22.704437, 6, 0.878912, colsample_bytree='0.6613944415721952',eta='0.07502283006229589',max_depth='4',reg_lambda='0.40036360937507076'
23.025574, 0.053300, 23.954297, 7, 0.928723, colsample_bytree='0.9209050893288909',eta='0.028996564158236895',max_depth='5',reg_lambda='0.0036622206469655084'
