{"cpu_time": 0.0, "wallclock_time": 3.2901763916015625e-05, "evaluations": 0, "cost": 2147483648.0, "incumbent": ["C='1.0'", "gamma='0.1'"], "origin": "Default"}
{"cpu_time": 0.9712929725646973, "wallclock_time": 0.9720709323883057, "evaluations": 1, "cost": 0.5, "incumbent": ["C='1.0'", "gamma='0.1'"], "origin": "Default"}
