{
  "mean_cost": 0.03844629086564566,
  "finished_ta_runs": 2,
  "inc_changed": 1,
  "n_configs": 1,
  "submitted_ta_runs": 2,
  "ta_time_used": 0.05394291877746582,
  "wallclock_time_used": 0.05597996711730957,
  "dataset_id": 15,
  "perf_time": 0.06681970799991177
}