{"cpu_time": 0.0, "wallclock_time": 0.0015130043029785156, "evaluations": 0, "cost": 2147483648.0, "incumbent": {"max_depth": 1, "max_features": 0.49276944529265165, "min_samples_leaf": 4, "min_samples_split": 9}, "budget": 0, "origin": "Sobol"}
{"cpu_time": 0.13534998893737793, "wallclock_time": 0.1377263069152832, "evaluations": 1, "cost": 0.3454, "incumbent": {"max_depth": 1, "max_features": 0.49276944529265165, "min_samples_leaf": 4, "min_samples_split": 9}, "budget": 0, "origin": "Sobol"}
{"cpu_time": 0.917374849319458, "wallclock_time": 0.9223401546478271, "evaluations": 4, "cost": 0.1993, "incumbent": {"max_depth": 22, "max_features": 0.502463330514729, "min_samples_leaf": 18, "min_samples_split": 83}, "budget": 0, "origin": "Sobol"}
{"cpu_time": 1.8247480392456055, "wallclock_time": 1.8314521312713623, "evaluations": 6, "cost": 0.1736, "incumbent": {"max_depth": 10, "max_features": 0.5, "min_samples_leaf": 1, "min_samples_split": 32}, "budget": 0, "origin": null}
{"cpu_time": 19.21033787727356, "wallclock_time": 19.257570028305054, "evaluations": 37, "cost": 0.166, "incumbent": {"max_depth": 35, "max_features": 0.653578007593751, "min_samples_leaf": 3, "min_samples_split": 2}, "budget": 0, "origin": "Sobol"}
{"cpu_time": 43.97698950767517, "wallclock_time": 48.92605209350586, "evaluations": 74, "cost": 0.1599, "incumbent": {"max_depth": 48, "max_features": 0.6763591963234202, "min_samples_leaf": 2, "min_samples_split": 7}, "budget": 0, "origin": "Local Search"}
{"cpu_time": 146.53920984268188, "wallclock_time": 178.2672860622406, "evaluations": 197, "cost": 0.1599, "incumbent": {"max_depth": 50, "max_features": 0.6753955532027209, "min_samples_leaf": 1, "min_samples_split": 6}, "budget": 0, "origin": "Local Search"}
{"cpu_time": 200.59837794303894, "wallclock_time": 252.2975161075592, "evaluations": 263, "cost": 0.1579, "incumbent": {"max_depth": 13, "max_features": 0.544655254209421, "min_samples_leaf": 2, "min_samples_split": 4}, "budget": 0, "origin": "Local Search"}
{"cpu_time": 217.29750442504883, "wallclock_time": 277.38849401474, "evaluations": 293, "cost": 0.155, "incumbent": {"max_depth": 20, "max_features": 0.4703869366397831, "min_samples_leaf": 2, "min_samples_split": 3}, "budget": 0, "origin": "Local Search"}
