{
  "mean_cost": 0.0,
  "finished_ta_runs": 2,
  "inc_changed": 1,
  "n_configs": 1,
  "submitted_ta_runs": 2,
  "ta_time_used": 0.22041916847229004,
  "wallclock_time_used": 0.2225818634033203,
  "dataset_id": 3549,
  "perf_time": 0.2283973749999859
}