{
  "mean_cost": 0.0,
  "finished_ta_runs": 2,
  "inc_changed": 1,
  "n_configs": 1,
  "submitted_ta_runs": 2,
  "ta_time_used": 0.021943092346191406,
  "wallclock_time_used": 0.0235898494720459,
  "dataset_id": 10093,
  "perf_time": 0.02960908300065057
}