"CPU Time Used","Estimated Training Performance","Wallclock Time","Incumbent ID","Automatic Configurator (CPU) Time","Configuration..."
0.000000, 2147483648.000000, 0.001500, 1, 0.001500, colsample_bytree='0.2890479595400393',eta='0.02972240058848022',max_depth='1',reg_lambda='0.23594281684827217'
0.106771, 0.129300, 0.109276, 1, 0.002505, colsample_bytree='0.2890479595400393',eta='0.02972240058848022',max_depth='1',reg_lambda='0.23594281684827217'
1.496913, 0.075900, 1.503193, 2, 0.006280, colsample_bytree='0.839533680677414',eta='0.03178815964339868',max_depth='7',reg_lambda='260.08137409645684'
4.261335, 0.029700, 4.270949, 3, 0.009614, colsample_bytree='1.0',eta='0.3',max_depth='10',reg_lambda='1.0'
27.425704, 0.029400, 28.894052, 4, 1.468348, colsample_bytree='0.9996333931512816',eta='0.6101280788217329',max_depth='10',reg_lambda='0.9896226656562866'
120.573286, 0.029300, 159.764440, 5, 39.191154, colsample_bytree='0.9999880667036503',eta='0.6667983755496473',max_depth='8',reg_lambda='6.0144032881041944'
211.614811, 0.028400, 281.636117, 6, 70.021306, colsample_bytree='0.9999981876938944',eta='0.5827536047564236',max_depth='9',reg_lambda='6.043880864946986'
224.064625, 0.028000, 298.504916, 7, 74.440291, colsample_bytree='0.9999981876938944',eta='0.5977997993811148',max_depth='9',reg_lambda='6.360586538705095'
