{
  "data": [
    [
      [
        1,
        null,
        379248293,
        0.0
      ],
      [
        0.4830738931962898,
        0.22731685638427734,
        {
          "__enum__": "StatusType.SUCCESS"
        },
        1674410355.990262,
        1674410356.2175848,
        {}
      ]
    ]
  ],
  "config_origins": {
    "1": "Sobol"
  },
  "configs": {
    "1": {
      "max_depth": 2,
      "max_features": 0.4491682695224881,
      "min_samples_leaf": 1,
      "min_samples_split": 4
    }
  }
}