"CPU Time Used","Estimated Training Performance","Wallclock Time","Incumbent ID","Automatic Configurator (CPU) Time","Configuration..."
0.000000, 2147483648.000000, 0.000215, 1, 0.000215, C='0.08611366210550205',gamma='0.4942679928374453'
0.011872, 0.500000, 0.012651, 1, 0.000779, C='0.08611366210550205',gamma='0.4942679928374453'
