{
  "mean_cost": 0.3870236868814685,
  "finished_ta_runs": 1,
  "inc_changed": 1,
  "n_configs": 1,
  "submitted_ta_runs": 1,
  "ta_time_used": 0.030307292938232422,
  "wallclock_time_used": 0.03169894218444824,
  "dataset_id": 9952,
  "perf_time": 0.038867917000061425
}