{
  "data": [
    [
      [
        1,
        null,
        379248293,
        0.0
      ],
      [
        0.4017243867243868,
        0.06806182861328125,
        {
          "__enum__": "StatusType.SUCCESS"
        },
        1674410339.3762188,
        1674410339.4442859,
        {}
      ]
    ]
  ],
  "config_origins": {
    "1": "Sobol"
  },
  "configs": {
    "1": {
      "max_depth": 2,
      "max_features": 0.4491682695224881,
      "min_samples_leaf": 1,
      "min_samples_split": 4
    }
  }
}