{
  "mean_cost": 0.07956776553706535,
  "finished_ta_runs": 1,
  "inc_changed": 1,
  "n_configs": 1,
  "submitted_ta_runs": 1,
  "ta_time_used": 0.561959981918335,
  "wallclock_time_used": 0.5636940002441406
}