{"cpu_time": 0.0, "wallclock_time": 0.0005421638488769531, "evaluations": 0, "cost": 2147483648.0, "incumbent": {"C": 0.017961675793542162, "gamma": 0.9046232030638993}, "budget": 0, "origin": "Sobol"}
{"cpu_time": 0.1977097988128662, "wallclock_time": 0.19895505905151367, "evaluations": 1, "cost": 0.5, "incumbent": {"C": 0.017961675793542162, "gamma": 0.9046232030638993}, "budget": 0, "origin": "Sobol"}
{"cpu_time": 0.6818380355834961, "wallclock_time": 0.6872951984405518, "evaluations": 4, "cost": 0.0235, "incumbent": {"C": 61.71933670840937, "gamma": 1.0864412265106145}, "budget": 0, "origin": "Sobol"}
{"cpu_time": 2.0159215927124023, "wallclock_time": 2.035875082015991, "evaluations": 18, "cost": 0.0125, "incumbent": {"C": 198.6613474689375, "gamma": 0.09318781769031856}, "budget": 0, "origin": "Sobol"}
{"cpu_time": 2.945197582244873, "wallclock_time": 2.9814453125, "evaluations": 29, "cost": 0.01, "incumbent": {"C": 2.574588067340684, "gamma": 0.2803288729873386}, "budget": 0, "origin": "Sobol"}
{"cpu_time": 4.0787365436553955, "wallclock_time": 4.135115146636963, "evaluations": 41, "cost": 0.01, "incumbent": {"C": 17.734802574793306, "gamma": 0.06491208861327971}, "budget": 0, "origin": "Sobol"}
{"cpu_time": 4.739408016204834, "wallclock_time": 7.01115608215332, "evaluations": 55, "cost": 0.0071, "incumbent": {"C": 16.497592223641618, "gamma": 0.07475410665399712}, "budget": 0, "origin": "Local Search"}
