"CPU Time Used","Estimated Training Performance","Wallclock Time","Incumbent ID","Automatic Configurator (CPU) Time","Configuration..."
0.000000, 2147483648.000000, 0.000542, 1, 0.000542, C='0.017961675793542162',gamma='0.9046232030638993'
0.197710, 0.500000, 0.198955, 1, 0.001245, C='0.017961675793542162',gamma='0.9046232030638993'
0.681838, 0.023500, 0.687295, 2, 0.005457, C='61.71933670840937',gamma='1.0864412265106145'
2.015922, 0.012500, 2.035875, 3, 0.019953, C='198.6613474689375',gamma='0.09318781769031856'
2.945198, 0.010000, 2.981445, 4, 0.036248, C='2.574588067340684',gamma='0.2803288729873386'
4.078737, 0.010000, 4.135115, 5, 0.056379, C='17.734802574793306',gamma='0.06491208861327971'
4.739408, 0.007100, 7.011156, 6, 2.271748, C='16.497592223641618',gamma='0.07475410665399712'
