"CPU Time Used","Estimated Training Performance","Wallclock Time","Incumbent ID","Automatic Configurator (CPU) Time","Configuration..."
0.000000, 2147483648.000000, 0.000046, 1, 0.000046, colsample_bytree='1.0',eta='0.3',max_depth='10',reg_lambda='1.0'
0.208679, 0.803400, 0.209358, 1, 0.000679, colsample_bytree='1.0',eta='0.3',max_depth='10',reg_lambda='1.0'
1.447973, 0.789400, 1.458189, 2, 0.010216, colsample_bytree='0.9735460407805239',eta='0.3678418820983057',max_depth='10',reg_lambda='21.683858388188526'
1.771926, 0.770200, 1.790019, 3, 0.018093, colsample_bytree='0.8625691817869158',eta='0.08982327503364798',max_depth='1',reg_lambda='141.6157408137826'
2.238265, 0.762200, 2.267045, 4, 0.028780, colsample_bytree='0.6642636364310145',eta='0.7571793657624744',max_depth='1',reg_lambda='289.3995933811108'
2.458491, 0.735300, 2.495714, 5, 0.037223, colsample_bytree='0.5177209401315279',eta='0.4516158976292579',max_depth='2',reg_lambda='0.03693883633139159'
9.581889, 0.735000, 10.209693, 6, 0.627804, colsample_bytree='0.7661762388333908',eta='0.40944228121659454',max_depth='4',reg_lambda='353.12002767560864'
13.216592, 0.732700, 14.311211, 7, 1.094619, colsample_bytree='0.9913903171579891',eta='0.044929563487631045',max_depth='4',reg_lambda='33.18286218537148'
17.110515, 0.728800, 18.946897, 8, 1.836382, colsample_bytree='0.8213834126286491',eta='0.004399555384325443',max_depth='7',reg_lambda='12.936936999798267'
