{"cpu_time": 0.0, "wallclock_time": 4.601478576660156e-05, "evaluations": 0, "cost": 2147483648.0, "incumbent": ["colsample_bytree='1.0'", "eta='0.3'", "max_depth='10'", "reg_lambda='1.0'"], "origin": "Default"}
{"cpu_time": 0.2086789608001709, "wallclock_time": 0.20935797691345215, "evaluations": 1, "cost": 0.8034, "incumbent": ["colsample_bytree='1.0'", "eta='0.3'", "max_depth='10'", "reg_lambda='1.0'"], "origin": "Default"}
{"cpu_time": 1.4479732513427734, "wallclock_time": 1.4581890106201172, "evaluations": 12, "cost": 0.7894, "incumbent": ["colsample_bytree='0.9735460407805239'", "eta='0.3678418820983057'", "max_depth='10'", "reg_lambda='21.683858388188526'"], "origin": "Random Search"}
{"cpu_time": 1.771925687789917, "wallclock_time": 1.7900190353393555, "evaluations": 19, "cost": 0.7702, "incumbent": ["colsample_bytree='0.8625691817869158'", "eta='0.08982327503364798'", "max_depth='1'", "reg_lambda='141.6157408137826'"], "origin": "Random Search"}
{"cpu_time": 2.238264560699463, "wallclock_time": 2.26704478263855, "evaluations": 27, "cost": 0.7622, "incumbent": ["colsample_bytree='0.6642636364310145'", "eta='0.7571793657624744'", "max_depth='1'", "reg_lambda='289.3995933811108'"], "origin": "Random Search"}
{"cpu_time": 2.4584908485412598, "wallclock_time": 2.495713949203491, "evaluations": 33, "cost": 0.7353, "incumbent": ["colsample_bytree='0.5177209401315279'", "eta='0.4516158976292579'", "max_depth='2'", "reg_lambda='0.03693883633139159'"], "origin": "Random Search"}
{"cpu_time": 9.581888675689697, "wallclock_time": 10.20969295501709, "evaluations": 183, "cost": 0.735, "incumbent": ["colsample_bytree='0.7661762388333908'", "eta='0.40944228121659454'", "max_depth='4'", "reg_lambda='353.12002767560864'"], "origin": "Random Search"}
{"cpu_time": 13.216591835021973, "wallclock_time": 14.311211109161377, "evaluations": 250, "cost": 0.7327, "incumbent": ["colsample_bytree='0.9913903171579891'", "eta='0.044929563487631045'", "max_depth='4'", "reg_lambda='33.18286218537148'"], "origin": "Random Search"}
{"cpu_time": 17.110514879226685, "wallclock_time": 18.94689702987671, "evaluations": 337, "cost": 0.7288, "incumbent": ["colsample_bytree='0.8213834126286491'", "eta='0.004399555384325443'", "max_depth='7'", "reg_lambda='12.936936999798267'"], "origin": "Random Search"}
