"CPU Time Used","Estimated Training Performance","Wallclock Time","Incumbent ID","Automatic Configurator (CPU) Time","Configuration..."
0.000000, 2147483648.000000, 0.000525, 1, 0.000525, alpha='0.0004126639093412234',eta0='0.0017613324954003418'
0.074503, 0.451100, 0.075716, 1, 0.001213, alpha='0.0004126639093412234',eta0='0.0017613324954003418'
0.275137, 0.431400, 0.278683, 2, 0.003546, alpha='0.037163815274404384',eta0='0.020029702345968858'
