{"cpu_time": 0.0, "wallclock_time": 0.0005247592926025391, "evaluations": 0, "cost": 2147483648.0, "incumbent": {"alpha": 0.0004126639093412234, "eta0": 0.0017613324954003418}, "budget": 0, "origin": "Sobol"}
{"cpu_time": 0.07450318336486816, "wallclock_time": 0.07571578025817871, "evaluations": 1, "cost": 0.4511, "incumbent": {"alpha": 0.0004126639093412234, "eta0": 0.0017613324954003418}, "budget": 0, "origin": "Sobol"}
{"cpu_time": 0.27513670921325684, "wallclock_time": 0.2786829471588135, "evaluations": 4, "cost": 0.4314, "incumbent": {"alpha": 0.037163815274404384, "eta0": 0.020029702345968858}, "budget": 0, "origin": "Sobol"}
