{"cpu_time": 0.0, "wallclock_time": 0.0014379024505615234, "evaluations": 0, "cost": 2147483648.0, "incumbent": {"colsample_bytree": 0.569966175314039, "eta": 0.009556882986489993, "max_depth": 3, "reg_lambda": 0.0020776820882921045}, "budget": 0, "origin": "Sobol"}
{"cpu_time": 0.23183321952819824, "wallclock_time": 0.23621606826782227, "evaluations": 1, "cost": 0.3079, "incumbent": {"colsample_bytree": 0.569966175314039, "eta": 0.009556882986489993, "max_depth": 3, "reg_lambda": 0.0020776820882921045}, "budget": 0, "origin": "Sobol"}
{"cpu_time": 1.8314845561981201, "wallclock_time": 1.8441081047058105, "evaluations": 10, "cost": 0.2825, "incumbent": {"colsample_bytree": 0.7997161545790732, "eta": 0.8167090504942917, "max_depth": 1, "reg_lambda": 7.369638786139326}, "budget": 0, "origin": "Sobol"}
{"cpu_time": 7.1295061111450195, "wallclock_time": 7.162126779556274, "evaluations": 27, "cost": 0.2807, "incumbent": {"colsample_bytree": 0.9743220077827572, "eta": 0.03215823859983448, "max_depth": 3, "reg_lambda": 37.018102682862704}, "budget": 0, "origin": "Sobol"}
{"cpu_time": 14.19058609008789, "wallclock_time": 14.275632858276367, "evaluations": 59, "cost": 0.2754, "incumbent": {"colsample_bytree": 0.9282559170387685, "eta": 0.017927928155757514, "max_depth": 3, "reg_lambda": 0.5343908555007665}, "budget": 0, "origin": "Sobol"}
{"cpu_time": 14.661870241165161, "wallclock_time": 14.758914947509766, "evaluations": 64, "cost": 0.2736, "incumbent": {"colsample_bytree": 0.5405097912997008, "eta": 0.096906029532369, "max_depth": 1, "reg_lambda": 1.2661385481644019}, "budget": 0, "origin": "Sobol"}
{"cpu_time": 15.439044713973999, "wallclock_time": 15.550415754318237, "evaluations": 70, "cost": 0.2734, "incumbent": {"colsample_bytree": 0.6949905441142619, "eta": 0.21809028467887595, "max_depth": 1, "reg_lambda": 158.0592520914024}, "budget": 0, "origin": "Sobol"}
{"cpu_time": 16.680783987045288, "wallclock_time": 18.87365198135376, "evaluations": 79, "cost": 0.2718, "incumbent": {"colsample_bytree": 0.6830344974989788, "eta": 0.20281545556571512, "max_depth": 1, "reg_lambda": 64.15418699890176}, "budget": 0, "origin": "Local Search"}
{"cpu_time": 18.29770803451538, "wallclock_time": 23.879881858825684, "evaluations": 91, "cost": 0.2695, "incumbent": {"colsample_bytree": 0.9477564913176688, "eta": 0.11836533858799052, "max_depth": 1, "reg_lambda": 0.9308875787714087}, "budget": 0, "origin": "Local Search"}
{"cpu_time": 19.00679874420166, "wallclock_time": 25.17577290534973, "evaluations": 97, "cost": 0.2692, "incumbent": {"colsample_bytree": 0.9857918103461145, "eta": 0.06338826200205028, "max_depth": 1, "reg_lambda": 0.7821029249617651}, "budget": 0, "origin": "Local Search"}
{"cpu_time": 21.515492916107178, "wallclock_time": 30.463573932647705, "evaluations": 115, "cost": 0.2653, "incumbent": {"colsample_bytree": 0.9776170160050575, "eta": 0.06836178045404243, "max_depth": 1, "reg_lambda": 0.0015819150528706939}, "budget": 0, "origin": "Local Search"}
{"cpu_time": 22.73013687133789, "wallclock_time": 32.17567491531372, "evaluations": 125, "cost": 0.2645, "incumbent": {"colsample_bytree": 0.9737766527965858, "eta": 0.06399765155910872, "max_depth": 1, "reg_lambda": 0.000994156718720624}, "budget": 0, "origin": "Local Search"}
{"cpu_time": 27.87086772918701, "wallclock_time": 41.95026779174805, "evaluations": 163, "cost": 0.2633, "incumbent": {"colsample_bytree": 0.9088446650547081, "eta": 0.07600320531411824, "max_depth": 1, "reg_lambda": 0.000996098544263196}, "budget": 0, "origin": "Local Search"}
{"cpu_time": 28.59249973297119, "wallclock_time": 43.20172691345215, "evaluations": 169, "cost": 0.2629, "incumbent": {"colsample_bytree": 0.9343746042629953, "eta": 0.07355253252546275, "max_depth": 1, "reg_lambda": 0.0009915918545391335}, "budget": 0, "origin": "Local Search"}
