"CPU Time Used","Estimated Training Performance","Wallclock Time","Incumbent ID","Automatic Configurator (CPU) Time","Configuration..."
0.000000, 2147483648.000000, 0.001529, 1, 0.001529, colsample_bytree='0.569966175314039',eta='0.009556882986489993',max_depth='3',reg_lambda='0.0020776820882921045'
0.675454, 0.044600, 0.678340, 1, 0.002886, colsample_bytree='0.569966175314039',eta='0.009556882986489993',max_depth='3',reg_lambda='0.0020776820882921045'
1.597847, 0.030900, 1.606285, 2, 0.008437, colsample_bytree='0.3878000834956765',eta='0.004721681612948408',max_depth='10',reg_lambda='0.09654112415362535'
2.281762, 0.026300, 2.305694, 3, 0.023932, colsample_bytree='0.6897349533624947',eta='0.11093751049628797',max_depth='5',reg_lambda='0.005625821167002132'
2.990625, 0.022600, 3.044687, 4, 0.054062, colsample_bytree='0.8434434210881591',eta='0.134743335042713',max_depth='2',reg_lambda='0.4602553510758009'
4.927814, 0.018100, 13.843336, 5, 8.915522, colsample_bytree='0.9350852796886204',eta='0.8407091569155724',max_depth='2',reg_lambda='36.43944392095706'
7.135425, 0.016600, 51.731042, 6, 44.595617, colsample_bytree='0.9520339378947826',eta='0.8229870103369529',max_depth='2',reg_lambda='36.43944392095706'
