{"cpu_time": 0.0, "wallclock_time": 0.0015289783477783203, "evaluations": 0, "cost": 2147483648.0, "incumbent": ["colsample_bytree='0.569966175314039'", "eta='0.009556882986489993'", "max_depth='3'", "reg_lambda='0.0020776820882921045'"], "origin": "Sobol"}
{"cpu_time": 0.6754543781280518, "wallclock_time": 0.678339958190918, "evaluations": 1, "cost": 0.0446, "incumbent": ["colsample_bytree='0.569966175314039'", "eta='0.009556882986489993'", "max_depth='3'", "reg_lambda='0.0020776820882921045'"], "origin": "Sobol"}
{"cpu_time": 1.5978474617004395, "wallclock_time": 1.6062848567962646, "evaluations": 7, "cost": 0.0309, "incumbent": ["colsample_bytree='0.3878000834956765'", "eta='0.004721681612948408'", "max_depth='10'", "reg_lambda='0.09654112415362535'"], "origin": "Sobol"}
{"cpu_time": 2.28176212310791, "wallclock_time": 2.305694103240967, "evaluations": 22, "cost": 0.0263, "incumbent": ["colsample_bytree='0.6897349533624947'", "eta='0.11093751049628797'", "max_depth='5'", "reg_lambda='0.005625821167002132'"], "origin": "Sobol"}
{"cpu_time": 2.9906251430511475, "wallclock_time": 3.044686794281006, "evaluations": 43, "cost": 0.0226, "incumbent": ["colsample_bytree='0.8434434210881591'", "eta='0.134743335042713'", "max_depth='2'", "reg_lambda='0.4602553510758009'"], "origin": "Sobol"}
{"cpu_time": 4.927813529968262, "wallclock_time": 13.8433358669281, "evaluations": 111, "cost": 0.0181, "incumbent": ["colsample_bytree='0.9350852796886204'", "eta='0.8407091569155724'", "max_depth='2'", "reg_lambda='36.43944392095706'"], "origin": "Local Search"}
{"cpu_time": 7.135425329208374, "wallclock_time": 51.73104190826416, "evaluations": 228, "cost": 0.0166, "incumbent": ["colsample_bytree='0.9520339378947826'", "eta='0.8229870103369529'", "max_depth='2'", "reg_lambda='36.43944392095706'"], "origin": "Local Search"}
