{"cpu_time": 0.0, "wallclock_time": 0.0015411376953125, "evaluations": 0, "cost": 2147483648.0, "incumbent": {"max_depth": 2, "max_features": 0.4491682695224881, "min_samples_leaf": 1, "min_samples_split": 4}, "budget": 0, "origin": "Sobol"}
{"cpu_time": 0.08646512031555176, "wallclock_time": 0.0889129638671875, "evaluations": 1, "cost": 0.2868, "incumbent": {"max_depth": 2, "max_features": 0.4491682695224881, "min_samples_leaf": 1, "min_samples_split": 4}, "budget": 0, "origin": "Sobol"}
{"cpu_time": 0.5401296615600586, "wallclock_time": 0.5496151447296143, "evaluations": 8, "cost": 0.2903, "incumbent": {"max_depth": 9, "max_features": 0.10657401569187641, "min_samples_leaf": 8, "min_samples_split": 6}, "budget": 0, "origin": "Sobol"}
{"cpu_time": 0.756932258605957, "wallclock_time": 0.7690408229827881, "evaluations": 11, "cost": 0.2851, "incumbent": {"max_depth": 10, "max_features": 0.5, "min_samples_leaf": 1, "min_samples_split": 32}, "budget": 0, "origin": null}
{"cpu_time": 1.7195091247558594, "wallclock_time": 1.7480709552764893, "evaluations": 23, "cost": 0.2738, "incumbent": {"max_depth": 7, "max_features": 0.8544756416231394, "min_samples_leaf": 3, "min_samples_split": 9}, "budget": 0, "origin": "Sobol"}
{"cpu_time": 3.7674994468688965, "wallclock_time": 3.836954116821289, "evaluations": 51, "cost": 0.2513, "incumbent": {"max_depth": 46, "max_features": 0.7485423665493727, "min_samples_leaf": 1, "min_samples_split": 7}, "budget": 0, "origin": "Sobol"}
{"cpu_time": 6.071164846420288, "wallclock_time": 9.588243007659912, "evaluations": 79, "cost": 0.2495, "incumbent": {"max_depth": 41, "max_features": 0.622932606594933, "min_samples_leaf": 1, "min_samples_split": 5}, "budget": 0, "origin": "Local Search"}
{"cpu_time": 6.899651288986206, "wallclock_time": 12.007803916931152, "evaluations": 88, "cost": 0.2428, "incumbent": {"max_depth": 38, "max_features": 0.8475747687867792, "min_samples_leaf": 1, "min_samples_split": 6}, "budget": 0, "origin": "Local Search"}
{"cpu_time": 9.177431583404541, "wallclock_time": 16.578028917312622, "evaluations": 110, "cost": 0.2385, "incumbent": {"max_depth": 38, "max_features": 0.804084382622312, "min_samples_leaf": 2, "min_samples_split": 3}, "budget": 0, "origin": "Local Search"}
{"cpu_time": 13.301140785217285, "wallclock_time": 28.32322406768799, "evaluations": 151, "cost": 0.2363, "incumbent": {"max_depth": 50, "max_features": 0.8039466487083953, "min_samples_leaf": 1, "min_samples_split": 2}, "budget": 0, "origin": "Local Search"}
{"cpu_time": 14.905007600784302, "wallclock_time": 35.13341784477234, "evaluations": 168, "cost": 0.2351, "incumbent": {"max_depth": 50, "max_features": 0.8037349742332686, "min_samples_leaf": 1, "min_samples_split": 4}, "budget": 0, "origin": "Local Search"}
