"CPU Time Used","Estimated Training Performance","Wallclock Time","Incumbent ID","Automatic Configurator (CPU) Time","Configuration..."
0.000000, 2147483648.000000, 0.001420, 1, 0.001420, colsample_bytree='0.3908073678612709',eta='0.02197006114591668',max_depth='1',reg_lambda='0.025956378731779545'
0.057188, 0.353100, 0.059529, 1, 0.002341, colsample_bytree='0.3908073678612709',eta='0.02197006114591668',max_depth='1',reg_lambda='0.025956378731779545'
0.469795, 0.255100, 0.474719, 2, 0.004924, colsample_bytree='0.7864414579235017',eta='0.06876373473778273',max_depth='5',reg_lambda='2.180661802430785'
0.927139, 0.213200, 0.933855, 3, 0.006716, colsample_bytree='1.0',eta='0.3',max_depth='10',reg_lambda='1.0'
5.736521, 0.198000, 5.814094, 4, 0.077573, colsample_bytree='0.4922324874438345',eta='0.39601017651408665',max_depth='2',reg_lambda='8.543281263627263'
10.226987, 0.188600, 27.475306, 5, 17.248319, colsample_bytree='0.44642665813570415',eta='0.4023819160567221',max_depth='2',reg_lambda='8.543281263627263'
