{"cpu_time": 0.0, "wallclock_time": 0.0014200210571289062, "evaluations": 0, "cost": 2147483648.0, "incumbent": ["colsample_bytree='0.3908073678612709'", "eta='0.02197006114591668'", "max_depth='1'", "reg_lambda='0.025956378731779545'"], "origin": "Sobol"}
{"cpu_time": 0.05718803405761719, "wallclock_time": 0.05952906608581543, "evaluations": 1, "cost": 0.3531, "incumbent": ["colsample_bytree='0.3908073678612709'", "eta='0.02197006114591668'", "max_depth='1'", "reg_lambda='0.025956378731779545'"], "origin": "Sobol"}
{"cpu_time": 0.46979498863220215, "wallclock_time": 0.4747190475463867, "evaluations": 4, "cost": 0.2551, "incumbent": ["colsample_bytree='0.7864414579235017'", "eta='0.06876373473778273'", "max_depth='5'", "reg_lambda='2.180661802430785'"], "origin": "Sobol"}
{"cpu_time": 0.9271390438079834, "wallclock_time": 0.9338550567626953, "evaluations": 6, "cost": 0.2132, "incumbent": ["colsample_bytree='1.0'", "eta='0.3'", "max_depth='10'", "reg_lambda='1.0'"], "origin": null}
{"cpu_time": 5.736521005630493, "wallclock_time": 5.814094066619873, "evaluations": 55, "cost": 0.198, "incumbent": ["colsample_bytree='0.4922324874438345'", "eta='0.39601017651408665'", "max_depth='2'", "reg_lambda='8.543281263627263'"], "origin": "Sobol"}
{"cpu_time": 10.226987361907959, "wallclock_time": 27.475306034088135, "evaluations": 97, "cost": 0.1886, "incumbent": ["colsample_bytree='0.44642665813570415'", "eta='0.4023819160567221'", "max_depth='2'", "reg_lambda='8.543281263627263'"], "origin": "Local Search"}
