"CPU Time Used","Estimated Training Performance","Wallclock Time","Incumbent ID","Automatic Configurator (CPU) Time","Configuration..."
0.000000, 2147483648.000000, 0.001424, 1, 0.001424, colsample_bytree='0.3908073678612709',eta='0.02197006114591668',max_depth='1',reg_lambda='0.025956378731779545'
0.022265, 0.346400, 0.024608, 1, 0.002343, colsample_bytree='0.3908073678612709',eta='0.02197006114591668',max_depth='1',reg_lambda='0.025956378731779545'
0.156110, 0.205800, 0.160874, 2, 0.004765, colsample_bytree='0.7864414579235017',eta='0.06876373473778273',max_depth='5',reg_lambda='2.180661802430785'
0.298850, 0.202600, 0.305326, 3, 0.006477, colsample_bytree='1.0',eta='0.3',max_depth='10',reg_lambda='1.0'
1.137887, 0.178000, 1.161140, 4, 0.023253, colsample_bytree='0.5564905133098365',eta='0.01605885730841195',max_depth='10',reg_lambda='0.0010986517054572343'
3.954077, 0.172000, 13.096071, 5, 9.141994, colsample_bytree='0.46648582425480223',eta='0.02191103229801918',max_depth='10',reg_lambda='0.0031099586805021727'
7.869333, 0.165200, 39.079748, 6, 31.210416, colsample_bytree='0.21447438613029846',eta='0.40820468841483576',max_depth='4',reg_lambda='0.025465817666016247'
11.635532, 0.164800, 69.212062, 7, 57.576531, colsample_bytree='0.6107055668727753',eta='0.3994152731125414',max_depth='3',reg_lambda='0.012862724027062754'
