{"cpu_time": 0.0, "wallclock_time": 0.0014240741729736328, "evaluations": 0, "cost": 2147483648.0, "incumbent": ["colsample_bytree='0.3908073678612709'", "eta='0.02197006114591668'", "max_depth='1'", "reg_lambda='0.025956378731779545'"], "origin": "Sobol"}
{"cpu_time": 0.022265195846557617, "wallclock_time": 0.024608135223388672, "evaluations": 1, "cost": 0.3464, "incumbent": ["colsample_bytree='0.3908073678612709'", "eta='0.02197006114591668'", "max_depth='1'", "reg_lambda='0.025956378731779545'"], "origin": "Sobol"}
{"cpu_time": 0.15610957145690918, "wallclock_time": 0.1608741283416748, "evaluations": 4, "cost": 0.2058, "incumbent": ["colsample_bytree='0.7864414579235017'", "eta='0.06876373473778273'", "max_depth='5'", "reg_lambda='2.180661802430785'"], "origin": "Sobol"}
{"cpu_time": 0.29884958267211914, "wallclock_time": 0.3053262233734131, "evaluations": 6, "cost": 0.2026, "incumbent": ["colsample_bytree='1.0'", "eta='0.3'", "max_depth='10'", "reg_lambda='1.0'"], "origin": null}
{"cpu_time": 1.1378872394561768, "wallclock_time": 1.1611402034759521, "evaluations": 22, "cost": 0.178, "incumbent": ["colsample_bytree='0.5564905133098365'", "eta='0.01605885730841195'", "max_depth='10'", "reg_lambda='0.0010986517054572343'"], "origin": "Sobol"}
{"cpu_time": 3.9540767669677734, "wallclock_time": 13.096071243286133, "evaluations": 88, "cost": 0.172, "incumbent": ["colsample_bytree='0.46648582425480223'", "eta='0.02191103229801918'", "max_depth='10'", "reg_lambda='0.0031099586805021727'"], "origin": "Local Search"}
{"cpu_time": 7.869332551956177, "wallclock_time": 39.07974815368652, "evaluations": 162, "cost": 0.1652, "incumbent": ["colsample_bytree='0.21447438613029846'", "eta='0.40820468841483576'", "max_depth='4'", "reg_lambda='0.025465817666016247'"], "origin": "Local Search"}
{"cpu_time": 11.635531663894653, "wallclock_time": 69.2120623588562, "evaluations": 244, "cost": 0.1648, "incumbent": ["colsample_bytree='0.6107055668727753'", "eta='0.3994152731125414'", "max_depth='3'", "reg_lambda='0.012862724027062754'"], "origin": "Local Search"}
