"CPU Time Used","Estimated Training Performance","Wallclock Time","Incumbent ID","Automatic Configurator (CPU) Time","Configuration..."
0.000000, 2147483648.000000, 0.001488, 1, 0.001488, colsample_bytree='0.569966175314039',eta='0.009556882986489993',max_depth='3',reg_lambda='0.0020776820882921045'
3.289752, 0.084300, 3.292210, 1, 0.002458, colsample_bytree='0.569966175314039',eta='0.009556882986489993',max_depth='3',reg_lambda='0.0020776820882921045'
26.347533, 0.025000, 26.355469, 2, 0.007936, colsample_bytree='0.3878000834956765',eta='0.004721681612948408',max_depth='10',reg_lambda='0.09654112415362535'
172.515226, 0.022800, 173.802289, 3, 1.287063, colsample_bytree='0.5034890769839726',eta='0.3829334964461085',max_depth='4',reg_lambda='5.224151875305556'
254.319240, 0.022800, 261.239503, 4, 6.920263, colsample_bytree='0.5470458586573695',eta='0.37557703846523816',max_depth='6',reg_lambda='10.796347746914781'
309.493153, 0.022700, 321.128504, 5, 11.635351, colsample_bytree='0.2969666624826036',eta='0.1866932275078426',max_depth='8',reg_lambda='0.008452242981544724'
321.015069, 0.019100, 333.240711, 6, 12.225642, colsample_bytree='0.1551384874526978',eta='0.2593326329056529',max_depth='4',reg_lambda='0.06334147110693092'
446.236223, 0.017400, 486.656928, 7, 40.420705, colsample_bytree='0.15645285062764042',eta='0.28492678317629955',max_depth='4',reg_lambda='0.065970324101669'
