"CPU Time Used","Estimated Training Performance","Wallclock Time","Incumbent ID","Automatic Configurator (CPU) Time","Configuration..."
0.000000, 2147483648.000000, 0.000571, 1, 0.000571, alpha='0.0004126639093412234',eta0='0.0017613324954003418'
0.454503, 0.437900, 0.455912, 1, 0.001409, alpha='0.0004126639093412234',eta0='0.0017613324954003418'
11.317730, 0.417200, 11.355430, 2, 0.037700, alpha='0.00010552133485562857',eta0='0.004699384441638126'
20.581161, 0.415400, 22.677775, 3, 2.096614, alpha='4.820700920017993e-05',eta0='0.004374277758981639'
