{
  "data": [
    [
      [
        1,
        null,
        330054389,
        0.0
      ],
      [
        0.2630322923106564,
        0.7435648441314697,
        {
          "__enum__": "StatusType.SUCCESS"
        },
        1674419362.4186828,
        1674419363.162254,
        {}
      ]
    ]
  ],
  "config_origins": {
    "1": "Sobol"
  },
  "configs": {
    "1": {
      "colsample_bytree": 0.569966175314039,
      "eta": 0.009556882986489993,
      "max_depth": 3,
      "reg_lambda": 0.0020776820882921045
    }
  }
}