"CPU Time Used","Estimated Training Performance","Wallclock Time","Incumbent ID","Automatic Configurator (CPU) Time","Configuration..."
0.000000, 2147483648.000000, 0.000229, 1, 0.000229, colsample_bytree='1.0',eta='0.3',max_depth='10',reg_lambda='1.0'
1.213440, 0.089400, 1.215443, 1, 0.002003, colsample_bytree='1.0',eta='0.3',max_depth='10',reg_lambda='1.0'
9.225392, 0.081300, 9.246491, 2, 0.021099, colsample_bytree='0.6131928580216325',eta='0.012616624620088758',max_depth='8',reg_lambda='0.2225750471432824'
27.529690, 0.076800, 27.736114, 3, 0.206424, colsample_bytree='0.6736169455853472',eta='0.2517221434597017',max_depth='3',reg_lambda='0.001081407053553846'
31.211629, 0.069500, 31.442840, 4, 0.231210, colsample_bytree='0.41955788512925385',eta='0.005534706500761164',max_depth='9',reg_lambda='0.030362113579915955'
76.280663, 0.059000, 77.756282, 5, 1.475618, colsample_bytree='0.3872710571704714',eta='0.042948802231275035',max_depth='9',reg_lambda='0.008799905723086152'
146.810104, 0.056400, 152.088474, 6, 5.278370, colsample_bytree='0.3906923673765096',eta='0.08007303688921982',max_depth='9',reg_lambda='0.001646869508341671'
