{"cpu_time": 0.0, "wallclock_time": 0.0002460479736328125, "evaluations": 0, "cost": 2147483648.0, "incumbent": ["C='0.08611366210550205'", "gamma='0.4942679928374453'"], "origin": "Sobol"}
{"cpu_time": 0.5477678775787354, "wallclock_time": 0.5487697124481201, "evaluations": 1, "cost": 0.8532, "incumbent": ["C='0.08611366210550205'", "gamma='0.4942679928374453'"], "origin": "Sobol"}
