"CPU Time Used","Estimated Training Performance","Wallclock Time","Incumbent ID","Automatic Configurator (CPU) Time","Configuration..."
0.000000, 2147483648.000000, 0.000246, 1, 0.000246, C='0.08611366210550205',gamma='0.4942679928374453'
0.547768, 0.853200, 0.548770, 1, 0.001002, C='0.08611366210550205',gamma='0.4942679928374453'
