"CPU Time Used","Estimated Training Performance","Wallclock Time","Incumbent ID","Automatic Configurator (CPU) Time","Configuration..."
0.000000, 2147483648.000000, 0.009550, 1, 0.009550, C='0.08611366210550205',gamma='0.4942679928374453'
0.806393, 0.900000, 0.817702, 1, 0.011309, C='0.08611366210550205',gamma='0.4942679928374453'
1.987281, 0.891200, 2.001532, 2, 0.014251, C='19.433598606658386',gamma='9.232350409327609'
2.548800, 0.876200, 2.564811, 3, 0.016011, C='1.0',gamma='0.1'
3.066550, 0.015600, 3.086175, 4, 0.019626, C='69.38389384208695',gamma='0.0015531477828170245'
