"CPU Time Used","Estimated Training Performance","Wallclock Time","Incumbent ID","Automatic Configurator (CPU) Time","Configuration..."
0.000000, 2147483648.000000, 0.000568, 1, 0.000568, alpha='0.0040824718253228975',eta0='0.00044195488125554607'
1.121024, 0.209600, 1.122357, 1, 0.001333, alpha='0.0040824718253228975',eta0='0.00044195488125554607'
15.923116, 0.205700, 15.934835, 2, 0.011719, alpha='0.14798430619583566',eta0='3.173402502821644e-05'
23.872517, 0.195700, 23.894707, 3, 0.022190, alpha='0.000182884801566337',eta0='0.0008272593854647256'
33.628303, 0.188200, 33.662273, 4, 0.033970, alpha='5.872228902171585e-05',eta0='0.00027724604623741747'
46.544369, 0.185600, 46.596645, 5, 0.052276, alpha='0.0021527079620027524',eta0='1.2132210994601314e-05'
62.455911, 0.181700, 63.261413, 6, 0.805502, alpha='0.004403941676822538',eta0='1.708958666154341e-05'
78.541495, 0.177600, 80.761420, 7, 2.219925, alpha='0.0030924164757794945',eta0='1.7651686463130396e-05'
