{
  "mean_cost": 0.25255109461688413,
  "finished_ta_runs": 300,
  "inc_changed": 8,
  "n_configs": 133,
  "submitted_ta_runs": 300,
  "ta_time_used": 5.788712978363037,
  "wallclock_time_used": 47.99620509147644,
  "dataset_id": 146819,
  "perf_time": 48.007245207998494
}