"CPU Time Used","Estimated Training Performance","Wallclock Time","Incumbent ID","Automatic Configurator (CPU) Time","Configuration..."
0.000000, 2147483648.000000, 0.000038, 1, 0.000038, C='1.0',gamma='0.1'
0.200286, 0.118100, 0.200915, 1, 0.000629, C='1.0',gamma='0.1'
2.803892, 0.104900, 2.812178, 2, 0.008286, C='7.615166584313989',gamma='0.10560628945782698'
9.855127, 0.096200, 9.876611, 3, 0.021484, C='66.34037087131655',gamma='0.15373657531118262'
16.020998, 0.093100, 16.061507, 4, 0.040509, C='284.8830541292723',gamma='0.2225750471432824'
84.892645, 0.091600, 85.214593, 5, 0.321948, C='50.55359291248502',gamma='0.3011108522900906'
