{"cpu_time": 0.0, "wallclock_time": 0.0015599727630615234, "evaluations": 0, "cost": 2147483648.0, "incumbent": ["max_depth='6'", "max_features='0.3290755869820714'", "min_samples_leaf='11'", "min_samples_split='2'"], "origin": "Sobol"}
{"cpu_time": 0.15208220481872559, "wallclock_time": 0.15457701683044434, "evaluations": 1, "cost": 0.0962, "incumbent": ["max_depth='6'", "max_features='0.3290755869820714'", "min_samples_leaf='11'", "min_samples_split='2'"], "origin": "Sobol"}
{"cpu_time": 6.92813777923584, "wallclock_time": 6.938628911972046, "evaluations": 10, "cost": 0.0676, "incumbent": ["max_depth='18'", "max_features='0.9707894120365381'", "min_samples_leaf='5'", "min_samples_split='26'"], "origin": "Sobol"}
{"cpu_time": 8.002922296524048, "wallclock_time": 8.017343997955322, "evaluations": 14, "cost": 0.0646, "incumbent": ["max_depth='10'", "max_features='0.5'", "min_samples_leaf='1'", "min_samples_split='32'"], "origin": null}
{"cpu_time": 12.82528805732727, "wallclock_time": 12.868351936340332, "evaluations": 36, "cost": 0.0602, "incumbent": ["max_depth='39'", "max_features='0.3087822897359729'", "min_samples_leaf='3'", "min_samples_split='7'"], "origin": "Sobol"}
{"cpu_time": 19.52296781539917, "wallclock_time": 22.110610961914062, "evaluations": 65, "cost": 0.0601, "incumbent": ["max_depth='40'", "max_features='0.3461379162243689'", "min_samples_leaf='4'", "min_samples_split='6'"], "origin": "Local Search"}
{"cpu_time": 22.366612195968628, "wallclock_time": 25.926244974136353, "evaluations": 76, "cost": 0.0529, "incumbent": ["max_depth='39'", "max_features='0.5313896057096573'", "min_samples_leaf='4'", "min_samples_split='7'"], "origin": "Local Search"}
{"cpu_time": 25.5666823387146, "wallclock_time": 30.59735608100891, "evaluations": 83, "cost": 0.0489, "incumbent": ["max_depth='39'", "max_features='0.5735039427286107'", "min_samples_leaf='1'", "min_samples_split='7'"], "origin": "Local Search"}
{"cpu_time": 31.18445062637329, "wallclock_time": 39.91641902923584, "evaluations": 95, "cost": 0.0485, "incumbent": ["max_depth='37'", "max_features='0.5707110568074206'", "min_samples_leaf='1'", "min_samples_split='4'"], "origin": "Local Search"}
{"cpu_time": 34.27672052383423, "wallclock_time": 45.78163003921509, "evaluations": 104, "cost": 0.0475, "incumbent": ["max_depth='32'", "max_features='0.5699510055121642'", "min_samples_leaf='1'", "min_samples_split='2'"], "origin": "Local Search"}
{"cpu_time": 67.67669224739075, "wallclock_time": 111.91097974777222, "evaluations": 190, "cost": 0.0474, "incumbent": ["max_depth='36'", "max_features='0.5688084026710097'", "min_samples_leaf='1'", "min_samples_split='2'"], "origin": "Local Search"}
