{"cpu_time": 0.0, "wallclock_time": 0.0015108585357666016, "evaluations": 0, "cost": 2147483648.0, "incumbent": ["max_depth='6'", "max_features='0.3290755869820714'", "min_samples_leaf='11'", "min_samples_split='2'"], "origin": "Sobol"}
{"cpu_time": 0.13013195991516113, "wallclock_time": 0.1325531005859375, "evaluations": 1, "cost": 0.1005, "incumbent": ["max_depth='6'", "max_features='0.3290755869820714'", "min_samples_leaf='11'", "min_samples_split='2'"], "origin": "Sobol"}
{"cpu_time": 2.734997510910034, "wallclock_time": 2.745593786239624, "evaluations": 10, "cost": 0.0817, "incumbent": ["max_depth='18'", "max_features='0.9707894120365381'", "min_samples_leaf='5'", "min_samples_split='26'"], "origin": "Sobol"}
{"cpu_time": 3.513075828552246, "wallclock_time": 3.528420925140381, "evaluations": 14, "cost": 0.0804, "incumbent": ["max_depth='10'", "max_features='0.5'", "min_samples_leaf='1'", "min_samples_split='32'"], "origin": null}
{"cpu_time": 7.358225584030151, "wallclock_time": 7.405347108840942, "evaluations": 35, "cost": 0.0779, "incumbent": ["max_depth='23'", "max_features='0.7108285818248987'", "min_samples_leaf='9'", "min_samples_split='11'"], "origin": "Sobol"}
{"cpu_time": 8.08396863937378, "wallclock_time": 8.139021158218384, "evaluations": 40, "cost": 0.0725, "incumbent": ["max_depth='39'", "max_features='0.3087822897359729'", "min_samples_leaf='3'", "min_samples_split='7'"], "origin": "Sobol"}
{"cpu_time": 12.37208366394043, "wallclock_time": 14.890492916107178, "evaluations": 67, "cost": 0.0672, "incumbent": ["max_depth='38'", "max_features='0.18868362523930093'", "min_samples_leaf='1'", "min_samples_split='5'"], "origin": "Random Search (sorted)"}
