{
  "mean_cost": 0.011381949025543313,
  "finished_ta_runs": 95,
  "inc_changed": 6,
  "n_configs": 60,
  "submitted_ta_runs": 95,
  "ta_time_used": 56.45775866508484,
  "wallclock_time_used": 60.52073001861572,
  "dataset_id": 9960
}