{"cpu_time": 0.0, "wallclock_time": 3.314018249511719e-05, "evaluations": 0, "cost": 2147483648.0, "incumbent": ["C='1.0'", "gamma='0.1'"], "origin": "Default"}
{"cpu_time": 0.1087181568145752, "wallclock_time": 0.10934686660766602, "evaluations": 1, "cost": 0.1717, "incumbent": ["C='1.0'", "gamma='0.1'"], "origin": "Default"}
