{
  "mean_cost": 0.4576300802829172,
  "finished_ta_runs": 121,
  "inc_changed": 4,
  "n_configs": 96,
  "submitted_ta_runs": 121,
  "ta_time_used": 45.6564302444458,
  "wallclock_time_used": 60.00873279571533,
  "dataset_id": 3904
}