{"cpu_time": 0.0, "wallclock_time": 0.0014338493347167969, "evaluations": 0, "cost": 2147483648.0, "incumbent": {"colsample_bytree": 0.569966175314039, "eta": 0.009556882986489993, "max_depth": 3, "reg_lambda": 0.0020776820882921045}, "budget": 0, "origin": "Sobol"}
{"cpu_time": 0.24050283432006836, "wallclock_time": 0.24288582801818848, "evaluations": 1, "cost": 0.0769, "incumbent": {"colsample_bytree": 0.569966175314039, "eta": 0.009556882986489993, "max_depth": 3, "reg_lambda": 0.0020776820882921045}, "budget": 0, "origin": "Sobol"}
{"cpu_time": 2.6938116550445557, "wallclock_time": 2.7012908458709717, "evaluations": 7, "cost": 0.0665, "incumbent": {"colsample_bytree": 0.3878000834956765, "eta": 0.004721681612948408, "max_depth": 10, "reg_lambda": 0.09654112415362535}, "budget": 0, "origin": "Sobol"}
{"cpu_time": 6.048342704772949, "wallclock_time": 6.058545827865601, "evaluations": 10, "cost": 0.0455, "incumbent": {"colsample_bytree": 1.0, "eta": 0.3, "max_depth": 10, "reg_lambda": 1.0}, "budget": 0, "origin": null}
{"cpu_time": 29.89130210876465, "wallclock_time": 34.44474697113037, "evaluations": 64, "cost": 0.0447, "incumbent": {"colsample_bytree": 0.9701242626038195, "eta": 0.2957236191827139, "max_depth": 9, "reg_lambda": 0.8617223464838107}, "budget": 0, "origin": "Local Search"}
{"cpu_time": 35.88408374786377, "wallclock_time": 41.669610023498535, "evaluations": 71, "cost": 0.0442, "incumbent": {"colsample_bytree": 0.9610759081605773, "eta": 0.2802508041948083, "max_depth": 8, "reg_lambda": 178.88117845354574}, "budget": 0, "origin": "Local Search"}
{"cpu_time": 85.25007915496826, "wallclock_time": 113.85244083404541, "evaluations": 131, "cost": 0.0441, "incumbent": {"colsample_bytree": 0.9671078905241661, "eta": 0.2899732185434241, "max_depth": 7, "reg_lambda": 0.39334047095127667}, "budget": 0, "origin": "Local Search"}
{"cpu_time": 108.46657538414001, "wallclock_time": 148.06857180595398, "evaluations": 157, "cost": 0.0439, "incumbent": {"colsample_bytree": 0.9000366423830553, "eta": 0.2913529350224452, "max_depth": 9, "reg_lambda": 0.4004318688349871}, "budget": 0, "origin": "Local Search"}
{"cpu_time": 124.09406781196594, "wallclock_time": 172.94110488891602, "evaluations": 177, "cost": 0.0435, "incumbent": {"colsample_bytree": 0.9663993313593312, "eta": 0.28987712439879376, "max_depth": 9, "reg_lambda": 0.39948369894886027}, "budget": 0, "origin": "Local Search"}
{"cpu_time": 161.3217008113861, "wallclock_time": 235.45683097839355, "evaluations": 221, "cost": 0.0412, "incumbent": {"colsample_bytree": 0.9020513102049088, "eta": 0.29221225125565237, "max_depth": 6, "reg_lambda": 0.39912714411579275}, "budget": 0, "origin": "Local Search"}
{"cpu_time": 197.03599214553833, "wallclock_time": 327.0573697090149, "evaluations": 279, "cost": 0.0409, "incumbent": {"colsample_bytree": 0.9019407228892986, "eta": 0.29221625167196513, "max_depth": 6, "reg_lambda": 0.39948369894886027}, "budget": 0, "origin": "Local Search"}
