"CPU Time Used","Estimated Training Performance","Wallclock Time","Incumbent ID","Automatic Configurator (CPU) Time","Configuration..."
0.000000, 2147483648.000000, 0.000046, 1, 0.000046, colsample_bytree='1.0',eta='0.3',max_depth='10',reg_lambda='1.0'
5.257168, 0.035600, 5.258276, 1, 0.001108, colsample_bytree='1.0',eta='0.3',max_depth='10',reg_lambda='1.0'
25.549069, 0.020500, 25.557700, 2, 0.008631, colsample_bytree='0.1477517486203504',eta='0.1656158608211872',max_depth='2',reg_lambda='0.008238286081969528'
117.503656, 0.020700, 117.610478, 3, 0.106822, colsample_bytree='0.1132016479006271',eta='0.006007154688620396',max_depth='7',reg_lambda='0.017193334608774966'
540.522151, 0.019000, 541.686729, 4, 1.164578, colsample_bytree='0.15902310777709275',eta='0.009002797021226756',max_depth='9',reg_lambda='0.0011033932408327032'
