{"cpu_time": 0.0, "wallclock_time": 4.6253204345703125e-05, "evaluations": 0, "cost": 2147483648.0, "incumbent": ["colsample_bytree='1.0'", "eta='0.3'", "max_depth='10'", "reg_lambda='1.0'"], "origin": "Default"}
{"cpu_time": 5.257167816162109, "wallclock_time": 5.2582762241363525, "evaluations": 1, "cost": 0.0356, "incumbent": ["colsample_bytree='1.0'", "eta='0.3'", "max_depth='10'", "reg_lambda='1.0'"], "origin": "Default"}
{"cpu_time": 25.54906940460205, "wallclock_time": 25.557700157165527, "evaluations": 7, "cost": 0.0205, "incumbent": ["colsample_bytree='0.1477517486203504'", "eta='0.1656158608211872'", "max_depth='2'", "reg_lambda='0.008238286081969528'"], "origin": "Random Search"}
{"cpu_time": 117.50365614891052, "wallclock_time": 117.6104781627655, "evaluations": 49, "cost": 0.0207, "incumbent": ["colsample_bytree='0.1132016479006271'", "eta='0.006007154688620396'", "max_depth='7'", "reg_lambda='0.017193334608774966'"], "origin": "Random Search"}
{"cpu_time": 540.5221507549286, "wallclock_time": 541.6867289543152, "evaluations": 229, "cost": 0.019, "incumbent": ["colsample_bytree='0.15902310777709275'", "eta='0.009002797021226756'", "max_depth='9'", "reg_lambda='0.0011033932408327032'"], "origin": "Random Search"}
