{"cpu_time": 0.0, "wallclock_time": 0.0015950202941894531, "evaluations": 0, "cost": 2147483648.0, "incumbent": ["max_depth='2'", "max_features='0.4491682695224881'", "min_samples_leaf='1'", "min_samples_split='4'"], "origin": "Sobol"}
{"cpu_time": 0.20466113090515137, "wallclock_time": 0.20726394653320312, "evaluations": 1, "cost": 0.3207, "incumbent": ["max_depth='2'", "max_features='0.4491682695224881'", "min_samples_leaf='1'", "min_samples_split='4'"], "origin": "Sobol"}
{"cpu_time": 1.7624385356903076, "wallclock_time": 1.7677030563354492, "evaluations": 4, "cost": 0.0245, "incumbent": ["max_depth='17'", "max_features='0.6137791713699698'", "min_samples_leaf='16'", "min_samples_split='18'"], "origin": "Sobol"}
{"cpu_time": 10.970675945281982, "wallclock_time": 10.989089965820312, "evaluations": 17, "cost": 0.0159, "incumbent": ["max_depth='7'", "max_features='0.8544756416231394'", "min_samples_leaf='3'", "min_samples_split='9'"], "origin": "Sobol"}
{"cpu_time": 20.007426023483276, "wallclock_time": 20.03981900215149, "evaluations": 28, "cost": 0.0127, "incumbent": ["max_depth='30'", "max_features='0.8789303731173277'", "min_samples_leaf='9'", "min_samples_split='48'"], "origin": "Sobol"}
{"cpu_time": 30.809194803237915, "wallclock_time": 30.874006032943726, "evaluations": 48, "cost": 0.0071, "incumbent": ["max_depth='46'", "max_features='0.7485423665493727'", "min_samples_leaf='1'", "min_samples_split='7'"], "origin": "Sobol"}
{"cpu_time": 43.9975163936615, "wallclock_time": 44.71767282485962, "evaluations": 67, "cost": 0.0063, "incumbent": ["max_depth='46'", "max_features='0.8167806010650768'", "min_samples_leaf='3'", "min_samples_split='11'"], "origin": "Random Search (sorted)"}
{"cpu_time": 52.3814172744751, "wallclock_time": 54.487518072128296, "evaluations": 74, "cost": 0.0061, "incumbent": ["max_depth='48'", "max_features='0.7991571827264671'", "min_samples_leaf='3'", "min_samples_split='5'"], "origin": "Local Search"}
{"cpu_time": 59.56702971458435, "wallclock_time": 62.36706304550171, "evaluations": 80, "cost": 0.0047, "incumbent": ["max_depth='46'", "max_features='0.8311979251784846'", "min_samples_leaf='4'", "min_samples_split='2'"], "origin": "Local Search"}
