"CPU Time Used","Estimated Training Performance","Wallclock Time","Incumbent ID","Automatic Configurator (CPU) Time","Configuration..."
0.000000, 2147483648.000000, 0.000547, 1, 0.000547, C='0.08611366210550205',gamma='0.4942679928374453'
0.020346, 0.750000, 0.021609, 1, 0.001263, C='0.08611366210550205',gamma='0.4942679928374453'
0.135532, 0.337000, 0.142036, 2, 0.006504, C='69.38389384208695',gamma='0.0015531477828170245'
0.663956, 0.329800, 1.347045, 3, 0.683089, C='189.58349347389674',gamma='0.0010420473290820868'
0.823424, 0.324900, 1.769426, 4, 0.946002, C='232.66656771702318',gamma='0.001031124298791832'
1.094125, 0.320700, 2.744615, 5, 1.650490, C='210.20473277991144',gamma='0.000998249677565646'
2.314502, 0.316600, 8.772397, 6, 6.457895, C='2.8168669856203716',gamma='0.0010029083439399636'
2.397518, 0.306800, 8.868955, 7, 6.471437, C='3.6959409994962966',gamma='0.0010046609612499244'
