{
  "mean_cost": 0.010810621202791805,
  "finished_ta_runs": 188,
  "inc_changed": 7,
  "n_configs": 109,
  "submitted_ta_runs": 188,
  "ta_time_used": 25.76990556716919,
  "wallclock_time_used": 60.551836013793945,
  "dataset_id": 3549
}