"CPU Time Used","Estimated Training Performance","Wallclock Time","Incumbent ID","Automatic Configurator (CPU) Time","Configuration..."
0.000000, 2147483648.000000, 0.001392, 1, 0.001392, colsample_bytree='0.2890479595400393',eta='0.02972240058848022',max_depth='1',reg_lambda='0.23594281684827217'
0.017526, 0.116700, 0.019842, 1, 0.002316, colsample_bytree='0.2890479595400393',eta='0.02972240058848022',max_depth='1',reg_lambda='0.23594281684827217'
0.097812, 0.064900, 0.102453, 2, 0.004641, colsample_bytree='0.839533680677414',eta='0.03178815964339868',max_depth='7',reg_lambda='260.08137409645684'
0.147134, 0.006600, 0.153414, 3, 0.006280, colsample_bytree='1.0',eta='0.3',max_depth='10',reg_lambda='1.0'
0.298677, 0.004300, 0.312154, 4, 0.013477, colsample_bytree='0.5235572370700539',eta='0.1863242307845216',max_depth='3',reg_lambda='4.4461461740589225'
0.409541, 0.003500, 0.431291, 5, 0.021750, colsample_bytree='0.6967330143786967',eta='0.5491817241792905',max_depth='1',reg_lambda='0.02427911263315825'
1.736708, 0.002800, 4.638271, 6, 2.901563, colsample_bytree='0.9410371420609288',eta='0.5843170171640644',max_depth='2',reg_lambda='0.032232312092676414'
2.388092, 0.002100, 11.759325, 7, 9.371234, colsample_bytree='0.6734002076889903',eta='0.5888259321036937',max_depth='3',reg_lambda='18.070166946976027'
5.431169, 0.001400, 38.845428, 8, 33.414259, colsample_bytree='0.9936561677452219',eta='0.5854269924338994',max_depth='2',reg_lambda='1.944933675757908'
