{"cpu_time": 0.0, "wallclock_time": 4.100799560546875e-05, "evaluations": 0, "cost": 2147483648.0, "incumbent": {"max_depth": 10, "max_features": 0.5, "min_samples_leaf": 1, "min_samples_split": 32}, "budget": 0, "origin": "Default"}
{"cpu_time": 0.10889291763305664, "wallclock_time": 0.10960698127746582, "evaluations": 1, "cost": 0.157, "incumbent": {"max_depth": 10, "max_features": 0.5, "min_samples_leaf": 1, "min_samples_split": 32}, "budget": 0, "origin": "Default"}
{"cpu_time": 1.0905742645263672, "wallclock_time": 1.1005399227142334, "evaluations": 10, "cost": 0.1378, "incumbent": {"max_depth": 12, "max_features": 0.5086551510201013, "min_samples_leaf": 7, "min_samples_split": 22}, "budget": 0, "origin": "Random Search"}
{"cpu_time": 3.354097366333008, "wallclock_time": 3.3944010734558105, "evaluations": 30, "cost": 0.0793, "incumbent": {"max_depth": 18, "max_features": 0.5647028206916371, "min_samples_leaf": 4, "min_samples_split": 5}, "budget": 0, "origin": "Random Search"}
{"cpu_time": 15.277852773666382, "wallclock_time": 15.727418899536133, "evaluations": 147, "cost": 0.0556, "incumbent": {"max_depth": 37, "max_features": 0.40221625122321836, "min_samples_leaf": 3, "min_samples_split": 2}, "budget": 0, "origin": "Random Search"}
{"cpu_time": 41.55852508544922, "wallclock_time": 44.252108097076416, "evaluations": 402, "cost": 0.0536, "incumbent": {"max_depth": 10, "max_features": 0.1781078537064329, "min_samples_leaf": 1, "min_samples_split": 10}, "budget": 0, "origin": "Random Search"}
{"cpu_time": 42.203675270080566, "wallclock_time": 44.95346999168396, "evaluations": 407, "cost": 0.0365, "incumbent": {"max_depth": 17, "max_features": 0.46664919968006136, "min_samples_leaf": 1, "min_samples_split": 4}, "budget": 0, "origin": "Random Search"}
