{"cpu_time": 0.0, "wallclock_time": 0.0002307891845703125, "evaluations": 0, "cost": 2147483648.0, "incumbent": ["C='0.08611366210550205'", "gamma='0.4942679928374453'"], "origin": "Sobol"}
{"cpu_time": 0.029291152954101562, "wallclock_time": 0.030170917510986328, "evaluations": 1, "cost": 0.6667, "incumbent": ["C='0.08611366210550205'", "gamma='0.4942679928374453'"], "origin": "Sobol"}
