"CPU Time Used","Estimated Training Performance","Wallclock Time","Incumbent ID","Automatic Configurator (CPU) Time","Configuration..."
0.000000, 2147483648.000000, 0.000598, 1, 0.000598, alpha='0.0040824718253228975',eta0='0.00044195488125554607'
0.144122, 0.315700, 0.145507, 1, 0.001385, alpha='0.0040824718253228975',eta0='0.00044195488125554607'
0.439265, 0.322300, 0.443247, 2, 0.003982, alpha='0.0007534803600179209',eta0='0.01638324291048883'
2.788434, 0.335600, 2.816511, 3, 0.028077, alpha='1.4230872500070733e-05',eta0='0.006316939148274451'
5.723359, 0.312800, 7.142920, 4, 1.419561, alpha='1.377718230326282e-05',eta0='0.0014130422738643119'
11.974832, 0.307100, 20.250103, 5, 8.275271, alpha='1.4979325690487371e-05',eta0='0.0020785031266676687'
27.335512, 0.300300, 79.270862, 6, 51.935350, alpha='1.497645591551647e-05',eta0='0.0009034265444562607'
