{
  "mean_cost": 0.09746906173905619,
  "finished_ta_runs": 300,
  "inc_changed": 6,
  "n_configs": 113,
  "submitted_ta_runs": 300,
  "ta_time_used": 47.63569617271423,
  "wallclock_time_used": 116.72669792175293,
  "dataset_id": 146822,
  "perf_time": 116.73657537500185
}