"CPU Time Used","Estimated Training Performance","Wallclock Time","Incumbent ID","Automatic Configurator (CPU) Time","Configuration..."
0.000000, 2147483648.000000, 0.000563, 1, 0.000563, C='1.3600811985592882',gamma='0.09352602871548096'
0.035594, 0.489600, 0.036899, 1, 0.001304, C='1.3600811985592882',gamma='0.09352602871548096'
0.422597, 0.478500, 0.433340, 2, 0.010743, C='102.59827344587585',gamma='0.0039228031036218506'
0.739662, 0.464100, 0.764549, 3, 0.024887, C='15.199688790550503',gamma='0.014931473822877205'
1.549495, 0.459700, 3.570665, 4, 2.021170, C='15.94623388783443',gamma='0.014640801533710645'
5.868704, 0.457400, 19.792406, 5, 13.923702, C='16.23649510049672',gamma='0.014407668754809373'
