"CPU Time Used","Estimated Training Performance","Wallclock Time","Incumbent ID","Automatic Configurator (CPU) Time","Configuration..."
0.000000, 2147483648.000000, 0.001512, 1, 0.001512, colsample_bytree='0.3908073678612709',eta='0.02197006114591668',max_depth='1',reg_lambda='0.025956378731779545'
0.018276, 0.500000, 0.020834, 1, 0.002558, colsample_bytree='0.3908073678612709',eta='0.02197006114591668',max_depth='1',reg_lambda='0.025956378731779545'
0.097565, 0.048700, 0.103057, 2, 0.005492, colsample_bytree='0.7864414579235017',eta='0.06876373473778273',max_depth='5',reg_lambda='2.180661802430785'
0.168077, 0.012600, 0.175432, 3, 0.007355, colsample_bytree='1.0',eta='0.3',max_depth='10',reg_lambda='1.0'
0.651138, 0.000000, 0.684772, 4, 0.033634, colsample_bytree='0.8665420586243272',eta='0.19437543650629796',max_depth='4',reg_lambda='0.002771788600998199'
