{"cpu_time": 0.0, "wallclock_time": 0.0015079975128173828, "evaluations": 0, "cost": 2147483648.0, "incumbent": {"colsample_bytree": 0.3908073678612709, "eta": 0.02197006114591668, "max_depth": 1, "reg_lambda": 0.025956378731779545}, "budget": 0, "origin": "Sobol"}
{"cpu_time": 0.08437180519104004, "wallclock_time": 0.08690500259399414, "evaluations": 1, "cost": 0.5, "incumbent": {"colsample_bytree": 0.3908073678612709, "eta": 0.02197006114591668, "max_depth": 1, "reg_lambda": 0.025956378731779545}, "budget": 0, "origin": "Sobol"}
{"cpu_time": 1.2045915126800537, "wallclock_time": 1.2098121643066406, "evaluations": 4, "cost": 0.443, "incumbent": {"colsample_bytree": 0.7864414579235017, "eta": 0.06876373473778273, "max_depth": 5, "reg_lambda": 2.180661802430785}, "budget": 0, "origin": "Sobol"}
{"cpu_time": 3.86678147315979, "wallclock_time": 3.8738210201263428, "evaluations": 6, "cost": 0.3923, "incumbent": {"colsample_bytree": 1.0, "eta": 0.3, "max_depth": 10, "reg_lambda": 1.0}, "budget": 0, "origin": null}
{"cpu_time": 32.76816511154175, "wallclock_time": 38.550703048706055, "evaluations": 63, "cost": 0.3916, "incumbent": {"colsample_bytree": 1.0, "eta": 0.30000000000000004, "max_depth": 10, "reg_lambda": 3.1445770560172956}, "budget": 0, "origin": "Local Search"}
{"cpu_time": 39.80741858482361, "wallclock_time": 46.137720823287964, "evaluations": 69, "cost": 0.3889, "incumbent": {"colsample_bytree": 1.0, "eta": 0.286230335673293, "max_depth": 10, "reg_lambda": 10.752570492527564}, "budget": 0, "origin": "Local Search"}
{"cpu_time": 75.29827046394348, "wallclock_time": 96.39682483673096, "evaluations": 98, "cost": 0.3875, "incumbent": {"colsample_bytree": 1.0, "eta": 0.28661217489295326, "max_depth": 10, "reg_lambda": 10.752570492527564}, "budget": 0, "origin": "Local Search"}
{"cpu_time": 95.89164471626282, "wallclock_time": 126.22533702850342, "evaluations": 116, "cost": 0.3853, "incumbent": {"colsample_bytree": 1.0, "eta": 0.28661217489295326, "max_depth": 10, "reg_lambda": 10.859758845821172}, "budget": 0, "origin": "Local Search"}
{"cpu_time": 114.32808041572571, "wallclock_time": 153.70545291900635, "evaluations": 132, "cost": 0.3836, "incumbent": {"colsample_bytree": 1.0, "eta": 0.28661217489295326, "max_depth": 9, "reg_lambda": 10.859758845821172}, "budget": 0, "origin": "Local Search"}
{"cpu_time": 124.351398229599, "wallclock_time": 167.3721170425415, "evaluations": 141, "cost": 0.3798, "incumbent": {"colsample_bytree": 1.0, "eta": 0.6665978947315064, "max_depth": 9, "reg_lambda": 10.859758845821172}, "budget": 0, "origin": "Local Search"}
{"cpu_time": 130.88159370422363, "wallclock_time": 173.92203497886658, "evaluations": 146, "cost": 0.3793, "incumbent": {"colsample_bytree": 1.0, "eta": 0.9858454019682514, "max_depth": 9, "reg_lambda": 10.859758845821172}, "budget": 0, "origin": "Local Search"}
{"cpu_time": 187.11366081237793, "wallclock_time": 274.77814197540283, "evaluations": 200, "cost": 0.375, "incumbent": {"colsample_bytree": 1.0, "eta": 0.9906934932624312, "max_depth": 9, "reg_lambda": 10.859758845821172}, "budget": 0, "origin": "Local Search"}
{"cpu_time": 204.4370834827423, "wallclock_time": 302.34301805496216, "evaluations": 213, "cost": 0.3727, "incumbent": {"colsample_bytree": 1.0, "eta": 0.9905729020037098, "max_depth": 9, "reg_lambda": 10.859758845821172}, "budget": 0, "origin": "Local Search"}
{"cpu_time": 275.03101897239685, "wallclock_time": 455.1949498653412, "evaluations": 282, "cost": 0.3698, "incumbent": {"colsample_bytree": 1.0, "eta": 0.9899720349012142, "max_depth": 9, "reg_lambda": 10.859758845821172}, "budget": 0, "origin": "Local Search"}
