"CPU Time Used","Estimated Training Performance","Wallclock Time","Incumbent ID","Automatic Configurator (CPU) Time","Configuration..."
0.000000, 2147483648.000000, 0.000579, 1, 0.000579, alpha='0.00011227070295712931',eta0='0.0029096933833365197'
0.033120, 0.500000, 0.034536, 1, 0.001416, alpha='0.00011227070295712931',eta0='0.0029096933833365197'
1.370826, 0.466500, 1.432727, 2, 0.061902, alpha='8.493190945563282e-05',eta0='3.713240341799095e-05'
1.875988, 0.464500, 2.911549, 3, 1.035561, alpha='0.00018515084879730967',eta0='0.0010868628524522807'
7.953200, 0.464000, 58.176899, 4, 50.223700, alpha='0.03730137889867446',eta0='1.165874609700051e-05'
8.073066, 0.463000, 59.785008, 5, 51.711941, alpha='0.1079559956523458',eta0='1.3153169655476743e-05'
8.508268, 0.460300, 63.477950, 6, 54.969682, alpha='0.0001142355323689947',eta0='1.0169058152538336e-05'
