{
  "mean_cost": 0.24184813472893182,
  "finished_ta_runs": 300,
  "inc_changed": 7,
  "n_configs": 210,
  "submitted_ta_runs": 300,
  "ta_time_used": 31.42476224899292,
  "wallclock_time_used": 110.51705384254456,
  "dataset_id": 14954,
  "perf_time": 110.52739658299834
}