"CPU Time Used","Estimated Training Performance","Wallclock Time","Incumbent ID","Automatic Configurator (CPU) Time","Configuration..."
0.000000, 2147483648.000000, 0.001450, 1, 0.001450, colsample_bytree='0.2890479595400393',eta='0.02972240058848022',max_depth='1',reg_lambda='0.23594281684827217'
0.040396, 0.750000, 0.042846, 1, 0.002450, colsample_bytree='0.2890479595400393',eta='0.02972240058848022',max_depth='1',reg_lambda='0.23594281684827217'
0.235405, 0.600100, 0.240284, 2, 0.004879, colsample_bytree='0.839533680677414',eta='0.03178815964339868',max_depth='7',reg_lambda='260.08137409645684'
0.528480, 0.074700, 0.535019, 3, 0.006539, colsample_bytree='1.0',eta='0.3',max_depth='10',reg_lambda='1.0'
1.756831, 0.044600, 1.783819, 4, 0.026988, colsample_bytree='0.9814464318566024',eta='0.37123837434896595',max_depth='2',reg_lambda='12.502183486957058'
3.965597, 0.043400, 5.504180, 5, 1.538583, colsample_bytree='0.9724931365785165',eta='0.49556449131673697',max_depth='2',reg_lambda='22.138143664184973'
5.416870, 0.037300, 13.667443, 6, 8.250573, colsample_bytree='0.9965093937286225',eta='0.3780333022905835',max_depth='2',reg_lambda='1.3188792589884655'
17.348125, 0.036700, 123.481600, 7, 106.133476, colsample_bytree='0.9975986690039793',eta='0.38288597971964694',max_depth='2',reg_lambda='1.3133367042625577'
