"CPU Time Used","Estimated Training Performance","Wallclock Time","Incumbent ID","Automatic Configurator (CPU) Time","Configuration..."
0.000000, 2147483648.000000, 0.000072, 1, 0.000072, C='1.0',gamma='0.1'
0.421930, 0.205900, 0.422890, 1, 0.000960, C='1.0',gamma='0.1'
2.418988, 0.071700, 2.431230, 2, 0.012242, C='1.746441318982685',gamma='0.0022547265063997683'
6.905181, 0.059100, 6.940180, 3, 0.034999, C='16.640050128980878',gamma='0.02787815770602151'
19.858051, 0.057600, 19.984437, 4, 0.126386, C='9.179301862644406',gamma='0.016542996680034523'
