{"cpu_time": 0.0, "wallclock_time": 7.200241088867188e-05, "evaluations": 0, "cost": 2147483648.0, "incumbent": ["C='1.0'", "gamma='0.1'"], "origin": "Default"}
{"cpu_time": 0.42193007469177246, "wallclock_time": 0.42289018630981445, "evaluations": 1, "cost": 0.2059, "incumbent": ["C='1.0'", "gamma='0.1'"], "origin": "Default"}
{"cpu_time": 2.4189882278442383, "wallclock_time": 2.431230068206787, "evaluations": 7, "cost": 0.0717, "incumbent": ["C='1.746441318982685'", "gamma='0.0022547265063997683'"], "origin": "Random Search"}
{"cpu_time": 6.905180931091309, "wallclock_time": 6.940180063247681, "evaluations": 19, "cost": 0.0591, "incumbent": ["C='16.640050128980878'", "gamma='0.02787815770602151'"], "origin": "Random Search"}
{"cpu_time": 19.858051300048828, "wallclock_time": 19.984436988830566, "evaluations": 52, "cost": 0.0576, "incumbent": ["C='9.179301862644406'", "gamma='0.016542996680034523'"], "origin": "Random Search"}
