{
  "mean_cost": 0.4762479485681407,
  "finished_ta_runs": 300,
  "inc_changed": 7,
  "n_configs": 156,
  "submitted_ta_runs": 300,
  "ta_time_used": 44.168118953704834,
  "wallclock_time_used": 135.31217002868652,
  "dataset_id": 9978,
  "perf_time": 135.3321191670002
}