"CPU Time Used","Estimated Training Performance","Wallclock Time","Incumbent ID","Automatic Configurator (CPU) Time","Configuration..."
0.000000, 2147483648.000000, 0.000683, 1, 0.000683, alpha='0.0040824718253228975',eta0='0.00044195488125554607'
0.426352, 0.178600, 0.427919, 1, 0.001567, alpha='0.0040824718253228975',eta0='0.00044195488125554607'
2.903555, 0.139200, 2.910395, 2, 0.006840, alpha='2.1186147948258377e-05',eta0='8.558614272324676e-05'
40.081262, 0.161300, 59.012104, 3, 18.930842, alpha='3.1999508643078424e-05',eta0='2.5367992535264703e-05'
57.334362, 0.153800, 88.145057, 4, 30.810695, alpha='3.785295564736475e-05',eta0='0.0001555868681513327'
