"CPU Time Used","Estimated Training Performance","Wallclock Time","Incumbent ID","Automatic Configurator (CPU) Time","Configuration..."
0.000000, 2147483648.000000, 0.000566, 1, 0.000566, alpha='0.0040824718253228975',eta0='0.00044195488125554607'
0.042459, 0.500000, 0.043749, 1, 0.001290, alpha='0.0040824718253228975',eta0='0.00044195488125554607'
0.151486, 0.495900, 0.155081, 2, 0.003595, alpha='0.0007534803600179209',eta0='0.01638324291048883'
1.128664, 0.466700, 1.157061, 3, 0.028397, alpha='5.872228902171585e-05',eta0='0.00027724604623741747'
2.205501, 0.465800, 3.159425, 4, 0.953924, alpha='0.002054642593048503',eta0='1.2323868006131209e-05'
2.754671, 0.460700, 4.664819, 5, 1.910148, alpha='0.0021527079620027524',eta0='1.0240542256647703e-05'
6.445027, 0.460500, 18.156709, 6, 11.711682, alpha='3.7588062255589674e-05',eta0='1.2344184397026671e-05'
7.582194, 0.456200, 21.991218, 7, 14.409024, alpha='3.7442420731066135e-05',eta0='1.009690886652234e-05'
9.549144, 0.453000, 30.811314, 8, 21.262170, alpha='0.002156465941341879',eta0='1.006676539329088e-05'
