{"cpu_time": 0.0, "wallclock_time": 0.0005657672882080078, "evaluations": 0, "cost": 2147483648.0, "incumbent": ["alpha='0.0040824718253228975'", "eta0='0.00044195488125554607'"], "origin": "Sobol"}
{"cpu_time": 0.04245877265930176, "wallclock_time": 0.04374885559082031, "evaluations": 1, "cost": 0.5, "incumbent": ["alpha='0.0040824718253228975'", "eta0='0.00044195488125554607'"], "origin": "Sobol"}
{"cpu_time": 0.15148591995239258, "wallclock_time": 0.15508103370666504, "evaluations": 4, "cost": 0.4959, "incumbent": ["alpha='0.0007534803600179209'", "eta0='0.01638324291048883'"], "origin": "Sobol"}
{"cpu_time": 1.1286640167236328, "wallclock_time": 1.1570608615875244, "evaluations": 28, "cost": 0.4667, "incumbent": ["alpha='5.872228902171585e-05'", "eta0='0.00027724604623741747'"], "origin": "Sobol"}
{"cpu_time": 2.205500602722168, "wallclock_time": 3.1594247817993164, "evaluations": 53, "cost": 0.4658, "incumbent": ["alpha='0.002054642593048503'", "eta0='1.2323868006131209e-05'"], "origin": "Random Search (sorted)"}
{"cpu_time": 2.7546708583831787, "wallclock_time": 4.664819002151489, "evaluations": 64, "cost": 0.4607, "incumbent": ["alpha='0.0021527079620027524'", "eta0='1.0240542256647703e-05'"], "origin": "Local Search"}
{"cpu_time": 6.445026874542236, "wallclock_time": 18.15670895576477, "evaluations": 145, "cost": 0.4605, "incumbent": ["alpha='3.7588062255589674e-05'", "eta0='1.2344184397026671e-05'"], "origin": "Local Search"}
{"cpu_time": 7.582193613052368, "wallclock_time": 21.991217851638794, "evaluations": 168, "cost": 0.4562, "incumbent": ["alpha='3.7442420731066135e-05'", "eta0='1.009690886652234e-05'"], "origin": "Local Search"}
{"cpu_time": 9.54914379119873, "wallclock_time": 30.81131386756897, "evaluations": 207, "cost": 0.453, "incumbent": ["alpha='0.002156465941341879'", "eta0='1.006676539329088e-05'"], "origin": "Local Search"}
