"CPU Time Used","Estimated Training Performance","Wallclock Time","Incumbent ID","Automatic Configurator (CPU) Time","Configuration..."
0.000000, 2147483648.000000, 0.001440, 1, 0.001440, colsample_bytree='0.3908073678612709',eta='0.02197006114591668',max_depth='1',reg_lambda='0.025956378731779545'
0.145651, 0.512500, 0.148040, 1, 0.002389, colsample_bytree='0.3908073678612709',eta='0.02197006114591668',max_depth='1',reg_lambda='0.025956378731779545'
2.539962, 0.167200, 2.545015, 2, 0.005053, colsample_bytree='0.7864414579235017',eta='0.06876373473778273',max_depth='5',reg_lambda='2.180661802430785'
5.155003, 0.161400, 5.161935, 3, 0.006932, colsample_bytree='1.0',eta='0.3',max_depth='10',reg_lambda='1.0'
30.410177, 0.156200, 30.469418, 4, 0.059242, colsample_bytree='0.7050256938673556',eta='0.8105600352594424',max_depth='8',reg_lambda='26.591563225527754'
52.878982, 0.153200, 58.971858, 5, 6.092876, colsample_bytree='0.5980910896338092',eta='0.367238117091072',max_depth='10',reg_lambda='28.028136894192897'
68.846907, 0.151200, 79.593889, 6, 10.746982, colsample_bytree='0.6372745482710807',eta='0.4771352386331351',max_depth='5',reg_lambda='27.18307863388766'
