{
  "mean_cost": 0.18426457911525643,
  "finished_ta_runs": 300,
  "inc_changed": 7,
  "n_configs": 129,
  "submitted_ta_runs": 300,
  "ta_time_used": 199.69015431404114,
  "wallclock_time_used": 268.4915201663971,
  "dataset_id": 146822,
  "perf_time": 268.5027154579948
}