{
  "mean_cost": 0.3690342493368141,
  "finished_ta_runs": 591,
  "inc_changed": 7,
  "n_configs": 541,
  "submitted_ta_runs": 591,
  "ta_time_used": 114.0306441783905,
  "wallclock_time_used": 120.00845313072205,
  "dataset_id": 18
}