{"cpu_time": 0.0, "wallclock_time": 0.0015370845794677734, "evaluations": 0, "cost": 2147483648.0, "incumbent": {"colsample_bytree": 0.2890479595400393, "eta": 0.02972240058848022, "max_depth": 1, "reg_lambda": 0.23594281684827217}, "budget": 0, "origin": "Sobol"}
{"cpu_time": 0.018727779388427734, "wallclock_time": 0.021281003952026367, "evaluations": 1, "cost": 0.1822, "incumbent": {"colsample_bytree": 0.2890479595400393, "eta": 0.02972240058848022, "max_depth": 1, "reg_lambda": 0.23594281684827217}, "budget": 0, "origin": "Sobol"}
{"cpu_time": 0.097869873046875, "wallclock_time": 0.10297822952270508, "evaluations": 4, "cost": 0.1565, "incumbent": {"colsample_bytree": 0.839533680677414, "eta": 0.03178815964339868, "max_depth": 7, "reg_lambda": 260.08137409645684}, "budget": 0, "origin": "Sobol"}
{"cpu_time": 0.1951899528503418, "wallclock_time": 0.20205998420715332, "evaluations": 6, "cost": 0.1477, "incumbent": {"colsample_bytree": 1.0, "eta": 0.3, "max_depth": 10, "reg_lambda": 1.0}, "budget": 0, "origin": null}
{"cpu_time": 0.6227238178253174, "wallclock_time": 0.6487569808959961, "evaluations": 23, "cost": 0.1473, "incumbent": {"colsample_bytree": 0.9814464318566024, "eta": 0.37123837434896595, "max_depth": 2, "reg_lambda": 12.502183486957058}, "budget": 0, "origin": "Sobol"}
{"cpu_time": 2.24696946144104, "wallclock_time": 15.923870325088501, "evaluations": 91, "cost": 0.1464, "incumbent": {"colsample_bytree": 0.9802520327595035, "eta": 0.12185986548635672, "max_depth": 2, "reg_lambda": 0.001977268937541515}, "budget": 0, "origin": "Local Search"}
{"cpu_time": 2.9832608699798584, "wallclock_time": 28.72803521156311, "evaluations": 119, "cost": 0.1427, "incumbent": {"colsample_bytree": 0.9807175173469638, "eta": 0.7946103128833135, "max_depth": 2, "reg_lambda": 20.156000569788585}, "budget": 0, "origin": "Local Search"}
{"cpu_time": 3.194199323654175, "wallclock_time": 32.65060520172119, "evaluations": 128, "cost": 0.1419, "incumbent": {"colsample_bytree": 0.9804779167052313, "eta": 0.789923428274577, "max_depth": 2, "reg_lambda": 21.7120381242049}, "budget": 0, "origin": "Local Search"}
{"cpu_time": 3.4100136756896973, "wallclock_time": 36.187915086746216, "evaluations": 137, "cost": 0.1406, "incumbent": {"colsample_bytree": 0.9802985654200165, "eta": 0.3729692212465051, "max_depth": 2, "reg_lambda": 24.681703352632898}, "budget": 0, "origin": "Local Search"}
{"cpu_time": 4.210840702056885, "wallclock_time": 53.59953713417053, "evaluations": 169, "cost": 0.1355, "incumbent": {"colsample_bytree": 0.9807675673009693, "eta": 0.36380177717505585, "max_depth": 2, "reg_lambda": 25.52118177334772}, "budget": 0, "origin": "Local Search"}
