"CPU Time Used","Estimated Training Performance","Wallclock Time","Incumbent ID","Automatic Configurator (CPU) Time","Configuration..."
0.000000, 2147483648.000000, 0.007996, 1, 0.007996, C='0.08611366210550205',gamma='0.4942679928374453'
0.815533, 0.900000, 0.825353, 1, 0.009820, C='0.08611366210550205',gamma='0.4942679928374453'
1.837806, 0.891200, 1.850541, 2, 0.012735, C='19.433598606658386',gamma='9.232350409327609'
2.624674, 0.876200, 2.639173, 3, 0.014499, C='1.0',gamma='0.1'
3.160600, 0.015600, 3.178860, 4, 0.018260, C='69.38389384208695',gamma='0.0015531477828170245'
