"CPU Time Used","Estimated Training Performance","Wallclock Time","Incumbent ID","Automatic Configurator (CPU) Time","Configuration..."
0.000000, 2147483648.000000, 0.000581, 1, 0.000581, C='0.08611366210550205',gamma='0.4942679928374453'
0.165259, 0.900000, 0.166567, 1, 0.001308, C='0.08611366210550205',gamma='0.4942679928374453'
0.618840, 0.891200, 0.622716, 2, 0.003876, C='19.433598606658386',gamma='9.232350409327609'
0.935797, 0.876200, 0.941389, 3, 0.005592, C='1.0',gamma='0.1'
1.214989, 0.015600, 1.224172, 4, 0.009183, C='69.38389384208695',gamma='0.0015531477828170245'
