{"cpu_time": 0.0, "wallclock_time": 0.0005810260772705078, "evaluations": 0, "cost": 2147483648.0, "incumbent": {"C": 0.08611366210550205, "gamma": 0.4942679928374453}, "budget": 0, "origin": "Sobol"}
{"cpu_time": 0.16525912284851074, "wallclock_time": 0.16656708717346191, "evaluations": 1, "cost": 0.9, "incumbent": {"C": 0.08611366210550205, "gamma": 0.4942679928374453}, "budget": 0, "origin": "Sobol"}
{"cpu_time": 0.6188399791717529, "wallclock_time": 0.622715950012207, "evaluations": 4, "cost": 0.8912, "incumbent": {"C": 19.433598606658386, "gamma": 9.232350409327609}, "budget": 0, "origin": "Sobol"}
{"cpu_time": 0.9357969760894775, "wallclock_time": 0.9413888454437256, "evaluations": 6, "cost": 0.8762, "incumbent": {"C": 1.0, "gamma": 0.1}, "budget": 0, "origin": null}
{"cpu_time": 1.214989185333252, "wallclock_time": 1.2241718769073486, "evaluations": 10, "cost": 0.0156, "incumbent": {"C": 69.38389384208695, "gamma": 0.0015531477828170245}, "budget": 0, "origin": "Sobol"}
