"CPU Time Used","Estimated Training Performance","Wallclock Time","Incumbent ID","Automatic Configurator (CPU) Time","Configuration..."
0.000000, 2147483648.000000, 0.000644, 1, 0.000644, alpha='0.00011227070295712931',eta0='0.0029096933833365197'
2.030184, 0.055500, 2.031792, 1, 0.001608, alpha='0.00011227070295712931',eta0='0.0029096933833365197'
7.829772, 0.043700, 7.833792, 2, 0.004020, alpha='0.09703148166773255',eta0='0.0033876811897594465'
63.262464, 0.042000, 64.006073, 3, 0.743609, alpha='0.09044211477591371',eta0='0.0018909136951356365'
80.661740, 0.039200, 82.013592, 4, 1.351852, alpha='0.07675857684588808',eta0='0.0004075805720394806'
90.272912, 0.038800, 91.632473, 5, 1.359560, alpha='0.08065556113467404',eta0='0.0005335176979289929'
109.621530, 0.038400, 111.346456, 6, 1.724926, alpha='0.09242776131409468',eta0='0.0004210535272184532'
