{"cpu_time": 0.0, "wallclock_time": 0.0015158653259277344, "evaluations": 0, "cost": 2147483648.0, "incumbent": {"max_depth": 2, "max_features": 0.4491682695224881, "min_samples_leaf": 1, "min_samples_split": 4}, "budget": 0, "origin": "Sobol"}
{"cpu_time": 0.1553330421447754, "wallclock_time": 0.15782594680786133, "evaluations": 1, "cost": 0.1237, "incumbent": {"max_depth": 2, "max_features": 0.4491682695224881, "min_samples_leaf": 1, "min_samples_split": 4}, "budget": 0, "origin": "Sobol"}
{"cpu_time": 1.314805030822754, "wallclock_time": 1.3199939727783203, "evaluations": 4, "cost": 0.0782, "incumbent": {"max_depth": 17, "max_features": 0.6137791713699698, "min_samples_leaf": 16, "min_samples_split": 18}, "budget": 0, "origin": "Sobol"}
{"cpu_time": 2.1138579845428467, "wallclock_time": 2.120776891708374, "evaluations": 6, "cost": 0.0527, "incumbent": {"max_depth": 10, "max_features": 0.5, "min_samples_leaf": 1, "min_samples_split": 32}, "budget": 0, "origin": null}
{"cpu_time": 27.74350619316101, "wallclock_time": 29.256608963012695, "evaluations": 56, "cost": 0.0492, "incumbent": {"max_depth": 37, "max_features": 0.630939538156476, "min_samples_leaf": 1, "min_samples_split": 10}, "budget": 0, "origin": "Local Search"}
{"cpu_time": 34.46856927871704, "wallclock_time": 39.39536714553833, "evaluations": 74, "cost": 0.0479, "incumbent": {"max_depth": 24, "max_features": 0.1589391457596794, "min_samples_leaf": 1, "min_samples_split": 7}, "budget": 0, "origin": "Local Search"}
{"cpu_time": 58.86872625350952, "wallclock_time": 83.16221404075623, "evaluations": 134, "cost": 0.0446, "incumbent": {"max_depth": 15, "max_features": 0.571206014776085, "min_samples_leaf": 1, "min_samples_split": 3}, "budget": 0, "origin": "Local Search"}
{"cpu_time": 69.0321319103241, "wallclock_time": 98.763503074646, "evaluations": 153, "cost": 0.0425, "incumbent": {"max_depth": 31, "max_features": 0.5728118057610099, "min_samples_leaf": 2, "min_samples_split": 4}, "budget": 0, "origin": "Local Search"}
{"cpu_time": 126.11269354820251, "wallclock_time": 175.95959281921387, "evaluations": 263, "cost": 0.0421, "incumbent": {"max_depth": 14, "max_features": 0.5750347131374435, "min_samples_leaf": 2, "min_samples_split": 3}, "budget": 0, "origin": "Local Search"}
