{"cpu_time": 0.0, "wallclock_time": 0.0014781951904296875, "evaluations": 0, "cost": 2147483648.0, "incumbent": ["colsample_bytree='0.2890479595400393'", "eta='0.02972240058848022'", "max_depth='1'", "reg_lambda='0.23594281684827217'"], "origin": "Sobol"}
{"cpu_time": 0.08838200569152832, "wallclock_time": 0.09082913398742676, "evaluations": 1, "cost": 0.496, "incumbent": ["colsample_bytree='0.2890479595400393'", "eta='0.02972240058848022'", "max_depth='1'", "reg_lambda='0.23594281684827217'"], "origin": "Sobol"}
{"cpu_time": 1.7161099910736084, "wallclock_time": 1.7225062847137451, "evaluations": 4, "cost": 0.4467, "incumbent": ["colsample_bytree='0.839533680677414'", "eta='0.03178815964339868'", "max_depth='7'", "reg_lambda='260.08137409645684'"], "origin": "Sobol"}
{"cpu_time": 4.382206201553345, "wallclock_time": 4.390310287475586, "evaluations": 6, "cost": 0.3923, "incumbent": ["colsample_bytree='1.0'", "eta='0.3'", "max_depth='10'", "reg_lambda='1.0'"], "origin": null}
{"cpu_time": 33.931360721588135, "wallclock_time": 38.19754910469055, "evaluations": 65, "cost": 0.3876, "incumbent": ["colsample_bytree='0.9947988313182023'", "eta='0.8488044687213432'", "max_depth='10'", "reg_lambda='1.037944242534743'"], "origin": "Local Search"}
{"cpu_time": 40.28017282485962, "wallclock_time": 44.55828404426575, "evaluations": 70, "cost": 0.3872, "incumbent": ["colsample_bytree='0.9902892273959174'", "eta='0.83151727746095'", "max_depth='10'", "reg_lambda='1.0571310611421387'"], "origin": "Local Search"}
{"cpu_time": 51.751248359680176, "wallclock_time": 58.658710956573486, "evaluations": 82, "cost": 0.3863, "incumbent": ["colsample_bytree='0.936130467435892'", "eta='0.924644704488989'", "max_depth='10'", "reg_lambda='1.0667755709348636'"], "origin": "Local Search"}
{"cpu_time": 65.85359811782837, "wallclock_time": 75.1931209564209, "evaluations": 96, "cost": 0.384, "incumbent": ["colsample_bytree='0.9385262634654509'", "eta='0.8221853537544718'", "max_depth='10'", "reg_lambda='1.3263716185859848'"], "origin": "Local Search"}
{"cpu_time": 117.38146615028381, "wallclock_time": 145.49177527427673, "evaluations": 154, "cost": 0.3824, "incumbent": ["colsample_bytree='0.9328510513906566'", "eta='0.979100643558598'", "max_depth='10'", "reg_lambda='1.335833744445528'"], "origin": "Local Search"}
{"cpu_time": 134.38303780555725, "wallclock_time": 164.97825026512146, "evaluations": 170, "cost": 0.3818, "incumbent": ["colsample_bytree='0.9805555774013347'", "eta='0.8224321798785623'", "max_depth='10'", "reg_lambda='1.7669297537952076'"], "origin": "Local Search"}
{"cpu_time": 143.44189405441284, "wallclock_time": 175.55054926872253, "evaluations": 179, "cost": 0.3814, "incumbent": ["colsample_bytree='0.8618922405867804'", "eta='0.8430581641162462'", "max_depth='10'", "reg_lambda='1.7717653019456583'"], "origin": "Local Search"}
{"cpu_time": 195.7468864917755, "wallclock_time": 247.51035022735596, "evaluations": 231, "cost": 0.3781, "incumbent": ["colsample_bytree='0.8788608517941695'", "eta='0.9826910711248019'", "max_depth='10'", "reg_lambda='1.386928729338101'"], "origin": "Local Search"}
