{"cpu_time": 0.0, "wallclock_time": 0.0015020370483398438, "evaluations": 0, "cost": 2147483648.0, "incumbent": ["colsample_bytree='0.3908073678612709'", "eta='0.02197006114591668'", "max_depth='1'", "reg_lambda='0.025956378731779545'"], "origin": "Sobol"}
{"cpu_time": 0.07350301742553711, "wallclock_time": 0.07595396041870117, "evaluations": 1, "cost": 0.5, "incumbent": ["colsample_bytree='0.3908073678612709'", "eta='0.02197006114591668'", "max_depth='1'", "reg_lambda='0.025956378731779545'"], "origin": "Sobol"}
{"cpu_time": 1.1038343906402588, "wallclock_time": 1.1089117527008057, "evaluations": 4, "cost": 0.4581, "incumbent": ["colsample_bytree='0.7864414579235017'", "eta='0.06876373473778273'", "max_depth='5'", "reg_lambda='2.180661802430785'"], "origin": "Sobol"}
{"cpu_time": 2.2980003356933594, "wallclock_time": 2.304921865463257, "evaluations": 6, "cost": 0.4392, "incumbent": ["colsample_bytree='1.0'", "eta='0.3'", "max_depth='10'", "reg_lambda='1.0'"], "origin": null}
{"cpu_time": 4.861716985702515, "wallclock_time": 4.8796069622039795, "evaluations": 17, "cost": 0.431, "incumbent": ["colsample_bytree='0.6266065758652986'", "eta='0.3646935062279739'", "max_depth='1'", "reg_lambda='0.2818207552142512'"], "origin": "Sobol"}
{"cpu_time": 14.186225891113281, "wallclock_time": 14.681047916412354, "evaluations": 60, "cost": 0.4232, "incumbent": ["colsample_bytree='0.47048523059872394'", "eta='0.25225529281778636'", "max_depth='3'", "reg_lambda='0.047799696977828605'"], "origin": "Local Search"}
{"cpu_time": 18.18822717666626, "wallclock_time": 27.13610601425171, "evaluations": 88, "cost": 0.4157, "incumbent": ["colsample_bytree='0.12648439223329766'", "eta='0.7546637178439781'", "max_depth='3'", "reg_lambda='0.003935421459111161'"], "origin": "Local Search"}
{"cpu_time": 18.834223747253418, "wallclock_time": 27.79458999633789, "evaluations": 93, "cost": 0.4147, "incumbent": ["colsample_bytree='0.5027136640401776'", "eta='0.4956526896612261'", "max_depth='2'", "reg_lambda='0.02200459875118953'"], "origin": "Local Search"}
{"cpu_time": 20.386716604232788, "wallclock_time": 32.21686601638794, "evaluations": 104, "cost": 0.4113, "incumbent": ["colsample_bytree='0.20552922254789605'", "eta='0.7397210668579293'", "max_depth='2'", "reg_lambda='0.004123424164468784'"], "origin": "Local Search"}
{"cpu_time": 21.33760905265808, "wallclock_time": 33.79257082939148, "evaluations": 110, "cost": 0.399, "incumbent": ["colsample_bytree='0.4872360859719306'", "eta='0.737471368357858'", "max_depth='3'", "reg_lambda='0.0037625586087484527'"], "origin": "Local Search"}
