"CPU Time Used","Estimated Training Performance","Wallclock Time","Incumbent ID","Automatic Configurator (CPU) Time","Configuration..."
0.000000, 2147483648.000000, 0.000553, 1, 0.000553, alpha='0.0040824718253228975',eta0='0.00044195488125554607'
0.408032, 0.441500, 0.409345, 1, 0.001313, alpha='0.0040824718253228975',eta0='0.00044195488125554607'
8.743787, 0.413100, 8.765906, 2, 0.022119, alpha='1.4230872500070733e-05',eta0='0.006316939148274451'
22.357636, 0.413000, 24.385394, 3, 2.027758, alpha='2.3472793490879426e-05',eta0='0.007136748430549639'
31.526059, 0.411000, 35.569949, 4, 4.043890, alpha='2.2332445141525337e-05',eta0='0.007221585748547952'
48.283174, 0.410600, 57.542478, 5, 9.259304, alpha='1.3999008928838164e-05',eta0='0.007970875832332329'
