"CPU Time Used","Estimated Training Performance","Wallclock Time","Incumbent ID","Automatic Configurator (CPU) Time","Configuration..."
0.000000, 2147483648.000000, 0.001577, 1, 0.001577, colsample_bytree='0.3908073678612709',eta='0.02197006114591668',max_depth='1',reg_lambda='0.025956378731779545'
0.013118, 0.033800, 0.015744, 1, 0.002626, colsample_bytree='0.3908073678612709',eta='0.02197006114591668',max_depth='1',reg_lambda='0.025956378731779545'
0.064188, 0.028300, 0.069898, 2, 0.005710, colsample_bytree='0.7864414579235017',eta='0.06876373473778273',max_depth='5',reg_lambda='2.180661802430785'
2.614781, 0.018700, 19.601756, 3, 16.986975, colsample_bytree='0.7818261237473777',eta='0.06904344096007996',max_depth='6',reg_lambda='2.180661802430785'
4.312742, 0.018400, 56.878422, 4, 52.565680, colsample_bytree='0.7824057287908666',eta='0.06882068123309061',max_depth='6',reg_lambda='2.1350010146286773'
