{"cpu_time": 0.0, "wallclock_time": 0.0015769004821777344, "evaluations": 0, "cost": 2147483648.0, "incumbent": {"colsample_bytree": 0.3908073678612709, "eta": 0.02197006114591668, "max_depth": 1, "reg_lambda": 0.025956378731779545}, "budget": 0, "origin": "Sobol"}
{"cpu_time": 0.01311802864074707, "wallclock_time": 0.01574397087097168, "evaluations": 1, "cost": 0.0338, "incumbent": {"colsample_bytree": 0.3908073678612709, "eta": 0.02197006114591668, "max_depth": 1, "reg_lambda": 0.025956378731779545}, "budget": 0, "origin": "Sobol"}
{"cpu_time": 0.06418800354003906, "wallclock_time": 0.06989789009094238, "evaluations": 4, "cost": 0.0283, "incumbent": {"colsample_bytree": 0.7864414579235017, "eta": 0.06876373473778273, "max_depth": 5, "reg_lambda": 2.180661802430785}, "budget": 0, "origin": "Sobol"}
{"cpu_time": 2.6147806644439697, "wallclock_time": 19.60175585746765, "evaluations": 129, "cost": 0.0187, "incumbent": {"colsample_bytree": 0.7818261237473777, "eta": 0.06904344096007996, "max_depth": 6, "reg_lambda": 2.180661802430785}, "budget": 0, "origin": "Local Search"}
{"cpu_time": 4.312741756439209, "wallclock_time": 56.878422021865845, "evaluations": 201, "cost": 0.0184, "incumbent": {"colsample_bytree": 0.7824057287908666, "eta": 0.06882068123309061, "max_depth": 6, "reg_lambda": 2.1350010146286773}, "budget": 0, "origin": "Local Search"}
