{
  "mean_cost": 0.433627099004569,
  "finished_ta_runs": 191,
  "inc_changed": 7,
  "n_configs": 126,
  "submitted_ta_runs": 191,
  "ta_time_used": 9.490719318389893,
  "wallclock_time_used": 60.255181074142456,
  "dataset_id": 9971
}