"CPU Time Used","Estimated Training Performance","Wallclock Time","Incumbent ID","Automatic Configurator (CPU) Time","Configuration..."
0.000000, 2147483648.000000, 0.000246, 1, 0.000246, alpha='0.0004126639093412234',eta0='0.0017613324954003418'
0.078918, 0.351900, 0.079807, 1, 0.000889, alpha='0.0004126639093412234',eta0='0.0017613324954003418'
