{
  "data": [
    [
      [
        1,
        null,
        330054389,
        0.0
      ],
      [
        0.04456934940805901,
        0.5191359519958496,
        {
          "__enum__": "StatusType.SUCCESS"
        },
        1674418999.4598699,
        1674418999.979011,
        {}
      ]
    ]
  ],
  "config_origins": {
    "1": "Sobol"
  },
  "configs": {
    "1": {
      "colsample_bytree": 0.569966175314039,
      "eta": 0.009556882986489993,
      "max_depth": 3,
      "reg_lambda": 0.0020776820882921045
    }
  }
}