{
  "mean_cost": 0.47828532443058774,
  "finished_ta_runs": 600,
  "inc_changed": 6,
  "n_configs": 578,
  "submitted_ta_runs": 600,
  "ta_time_used": 6.827828407287598,
  "wallclock_time_used": 12.169637680053711,
  "dataset_id": 29,
  "perf_time": 12.189188584001386
}