{"cpu_time": 0.0, "wallclock_time": 0.0015659332275390625, "evaluations": 0, "cost": 2147483648.0, "incumbent": ["max_depth='2'", "max_features='0.4491682695224881'", "min_samples_leaf='1'", "min_samples_split='4'"], "origin": "Sobol"}
{"cpu_time": 0.2210249900817871, "wallclock_time": 0.2235400676727295, "evaluations": 1, "cost": 0.529, "incumbent": ["max_depth='2'", "max_features='0.4491682695224881'", "min_samples_leaf='1'", "min_samples_split='4'"], "origin": "Sobol"}
{"cpu_time": 1.713622808456421, "wallclock_time": 1.7188169956207275, "evaluations": 4, "cost": 0.1531, "incumbent": ["max_depth='17'", "max_features='0.6137791713699698'", "min_samples_leaf='16'", "min_samples_split='18'"], "origin": "Sobol"}
{"cpu_time": 2.715949058532715, "wallclock_time": 2.722965955734253, "evaluations": 6, "cost": 0.1491, "incumbent": ["max_depth='10'", "max_features='0.5'", "min_samples_leaf='1'", "min_samples_split='32'"], "origin": null}
{"cpu_time": 27.461061239242554, "wallclock_time": 27.517322063446045, "evaluations": 43, "cost": 0.1127, "incumbent": ["max_depth='46'", "max_features='0.7485423665493727'", "min_samples_leaf='1'", "min_samples_split='7'"], "origin": "Sobol"}
{"cpu_time": 67.85842847824097, "wallclock_time": 80.41645503044128, "evaluations": 86, "cost": 0.1111, "incumbent": ["max_depth='44'", "max_features='0.8453977027424489'", "min_samples_leaf='1'", "min_samples_split='7'"], "origin": "Local Search"}
