{
  "mean_cost": 0.03613508428139345,
  "finished_ta_runs": 583,
  "inc_changed": 6,
  "n_configs": 387,
  "submitted_ta_runs": 583,
  "ta_time_used": 116.77837872505188,
  "wallclock_time_used": 121.45933485031128,
  "dataset_id": 3549
}