{"cpu_time": 0.0, "wallclock_time": 0.0015957355499267578, "evaluations": 0, "cost": 2147483648.0, "incumbent": ["max_depth='2'", "max_features='0.4491682695224881'", "min_samples_leaf='1'", "min_samples_split='4'"], "origin": "Sobol"}
{"cpu_time": 0.06781506538391113, "wallclock_time": 0.07040786743164062, "evaluations": 1, "cost": 0.6291, "incumbent": ["max_depth='2'", "max_features='0.4491682695224881'", "min_samples_leaf='1'", "min_samples_split='4'"], "origin": "Sobol"}
{"cpu_time": 0.3041830062866211, "wallclock_time": 0.30950284004211426, "evaluations": 4, "cost": 0.3914, "incumbent": ["max_depth='17'", "max_features='0.6137791713699698'", "min_samples_leaf='16'", "min_samples_split='18'"], "origin": "Sobol"}
{"cpu_time": 1.49587082862854, "wallclock_time": 1.513838768005371, "evaluations": 17, "cost": 0.3586, "incumbent": ["max_depth='7'", "max_features='0.8544756416231394'", "min_samples_leaf='3'", "min_samples_split='9'"], "origin": "Sobol"}
{"cpu_time": 7.751443147659302, "wallclock_time": 15.899109840393066, "evaluations": 83, "cost": 0.356, "incumbent": ["max_depth='8'", "max_features='0.853648736014173'", "min_samples_leaf='3'", "min_samples_split='7'"], "origin": "Local Search"}
{"cpu_time": 14.629055261611938, "wallclock_time": 50.10122084617615, "evaluations": 141, "cost": 0.353, "incumbent": ["max_depth='7'", "max_features='0.7275456561762366'", "min_samples_leaf='3'", "min_samples_split='11'"], "origin": "Local Search"}
{"cpu_time": 19.193464279174805, "wallclock_time": 79.91905879974365, "evaluations": 183, "cost": 0.3503, "incumbent": ["max_depth='7'", "max_features='0.7275139550203871'", "min_samples_leaf='4'", "min_samples_split='9'"], "origin": "Local Search"}
{"cpu_time": 22.239048719406128, "wallclock_time": 107.27070188522339, "evaluations": 211, "cost": 0.3503, "incumbent": ["max_depth='8'", "max_features='0.7275139550203871'", "min_samples_leaf='4'", "min_samples_split='8'"], "origin": "Local Search"}
{"cpu_time": 26.069341897964478, "wallclock_time": 136.81096982955933, "evaluations": 247, "cost": 0.35, "incumbent": ["max_depth='8'", "max_features='0.7275139550203871'", "min_samples_leaf='6'", "min_samples_split='2'"], "origin": "Local Search"}
