{"cpu_time": 0.0, "wallclock_time": 0.0016031265258789062, "evaluations": 0, "cost": 2147483648.0, "incumbent": ["max_depth='1'", "max_features='0.49276944529265165'", "min_samples_leaf='4'", "min_samples_split='9'"], "origin": "Sobol"}
{"cpu_time": 0.11319804191589355, "wallclock_time": 0.11579108238220215, "evaluations": 1, "cost": 0.5, "incumbent": ["max_depth='1'", "max_features='0.49276944529265165'", "min_samples_leaf='4'", "min_samples_split='9'"], "origin": "Sobol"}
{"cpu_time": 1.115319013595581, "wallclock_time": 1.1207420825958252, "evaluations": 4, "cost": 0.2129, "incumbent": ["max_depth='22'", "max_features='0.502463330514729'", "min_samples_leaf='18'", "min_samples_split='83'"], "origin": "Sobol"}
{"cpu_time": 1.8865330219268799, "wallclock_time": 1.8939850330352783, "evaluations": 6, "cost": 0.1639, "incumbent": ["max_depth='10'", "max_features='0.5'", "min_samples_leaf='1'", "min_samples_split='32'"], "origin": null}
{"cpu_time": 10.19796347618103, "wallclock_time": 10.217931985855103, "evaluations": 17, "cost": 0.148, "incumbent": ["max_depth='11'", "max_features='0.9135355520993471'", "min_samples_leaf='2'", "min_samples_split='4'"], "origin": "Sobol"}
{"cpu_time": 26.26132297515869, "wallclock_time": 26.3231520652771, "evaluations": 45, "cost": 0.1403, "incumbent": ["max_depth='35'", "max_features='0.653578007593751'", "min_samples_leaf='3'", "min_samples_split='2'"], "origin": "Sobol"}
{"cpu_time": 35.40162467956543, "wallclock_time": 36.88159418106079, "evaluations": 66, "cost": 0.1378, "incumbent": ["max_depth='23'", "max_features='0.6491418650139128'", "min_samples_leaf='2'", "min_samples_split='2'"], "origin": "Local Search"}
{"cpu_time": 47.14773511886597, "wallclock_time": 52.6558940410614, "evaluations": 85, "cost": 0.1372, "incumbent": ["max_depth='24'", "max_features='0.6612699878902745'", "min_samples_leaf='2'", "min_samples_split='3'"], "origin": "Local Search"}
{"cpu_time": 178.1451587677002, "wallclock_time": 301.7490339279175, "evaluations": 274, "cost": 0.1364, "incumbent": ["max_depth='24'", "max_features='0.6450368930432181'", "min_samples_leaf='1'", "min_samples_split='2'"], "origin": "Local Search"}
