"CPU Time Used","Estimated Training Performance","Wallclock Time","Incumbent ID","Automatic Configurator (CPU) Time","Configuration..."
0.000000, 2147483648.000000, 0.000606, 1, 0.000606, alpha='0.0004126639093412234',eta0='0.0017613324954003418'
0.184006, 0.545500, 0.185493, 1, 0.001487, alpha='0.0004126639093412234',eta0='0.0017613324954003418'
3.148240, 0.530800, 3.164997, 2, 0.016757, alpha='0.0014439030581155858',eta0='2.6843996424460273e-05'
7.747275, 0.529500, 8.871428, 3, 1.124153, alpha='0.0013744314024385514',eta0='2.4784396001519057e-05'
