"CPU Time Used","Estimated Training Performance","Wallclock Time","Incumbent ID","Automatic Configurator (CPU) Time","Configuration..."
0.000000, 2147483648.000000, 0.001514, 1, 0.001514, colsample_bytree='0.2890479595400393',eta='0.02972240058848022',max_depth='1',reg_lambda='0.23594281684827217'
0.024914, 0.062100, 0.027403, 1, 0.002489, colsample_bytree='0.2890479595400393',eta='0.02972240058848022',max_depth='1',reg_lambda='0.23594281684827217'
0.295196, 0.036900, 0.304895, 2, 0.009699, colsample_bytree='0.5235572370700539',eta='0.1863242307845216',max_depth='3',reg_lambda='4.4461461740589225'
0.615725, 0.027100, 0.636154, 3, 0.020429, colsample_bytree='0.6967330143786967',eta='0.5491817241792905',max_depth='1',reg_lambda='0.02427911263315825'
2.981971, 0.025600, 17.229547, 4, 14.247576, colsample_bytree='0.3312999505658841',eta='0.48809418868290155',max_depth='1',reg_lambda='0.011446531083175563'
3.148618, 0.023200, 18.030282, 5, 14.881664, colsample_bytree='0.5843689767978261',eta='0.4789325356716234',max_depth='1',reg_lambda='0.6983388147737304'
3.567012, 0.021300, 21.309578, 6, 17.742566, colsample_bytree='0.4448548732879649',eta='0.4789010217542815',max_depth='1',reg_lambda='0.0017631642910605075'
6.662987, 0.019800, 62.705563, 7, 56.042576, colsample_bytree='0.45257098512623073',eta='0.46641248386018075',max_depth='1',reg_lambda='0.0014296517546154024'
