"CPU Time Used","Estimated Training Performance","Wallclock Time","Incumbent ID","Automatic Configurator (CPU) Time","Configuration..."
0.000000, 2147483648.000000, 0.000044, 1, 0.000044, alpha='0.001',eta0='0.01'
0.078186, 0.491800, 0.079359, 1, 0.001173, alpha='0.001',eta0='0.01'
1.129985, 0.428900, 1.170050, 2, 0.040065, alpha='0.026631249379216033',eta0='4.889539052643346e-05'
1.298139, 0.425500, 1.345280, 3, 0.047141, alpha='0.016247135786521674',eta0='0.00043831767895726446'
1.828517, 0.421700, 1.903120, 4, 0.074603, alpha='0.0009680132292263075',eta0='0.000204324552846704'
3.550035, 0.419600, 3.757279, 5, 0.207244, alpha='0.8663557434862187',eta0='0.005277700513095992'
16.351544, 0.415500, 19.582027, 6, 3.230483, alpha='0.0004197703870512081',eta0='4.2770205182670305e-05'
16.986070, 0.413600, 20.430925, 7, 3.444855, alpha='0.007041811805786993',eta0='0.002221396212850063'
