"CPU Time Used","Estimated Training Performance","Wallclock Time","Incumbent ID","Automatic Configurator (CPU) Time","Configuration..."
0.000000, 2147483648.000000, 0.000545, 1, 0.000545, C='1.3600811985592882',gamma='0.09352602871548096'
0.135633, 0.893400, 0.136869, 1, 0.001236, C='1.3600811985592882',gamma='0.09352602871548096'
1.876243, 0.892400, 1.887078, 2, 0.010835, C='102.59827344587585',gamma='0.0039228031036218506'
5.258690, 0.890200, 5.729783, 3, 0.471093, C='730.3111562816817',gamma='0.0028538140075180635'
8.215377, 0.882000, 10.265154, 4, 2.049777, C='936.3334764925163',gamma='0.0013758676501216358'
11.318202, 0.879200, 14.350876, 5, 3.032673, C='57.73247975864849',gamma='0.0010562554015540364'
