{"cpu_time": 0.0, "wallclock_time": 0.0005450248718261719, "evaluations": 0, "cost": 2147483648.0, "incumbent": ["C='1.3600811985592882'", "gamma='0.09352602871548096'"], "origin": "Sobol"}
{"cpu_time": 0.13563275337219238, "wallclock_time": 0.13686895370483398, "evaluations": 1, "cost": 0.8934, "incumbent": ["C='1.3600811985592882'", "gamma='0.09352602871548096'"], "origin": "Sobol"}
{"cpu_time": 1.8762426376342773, "wallclock_time": 1.887077808380127, "evaluations": 13, "cost": 0.8924, "incumbent": ["C='102.59827344587585'", "gamma='0.0039228031036218506'"], "origin": "Sobol"}
{"cpu_time": 5.258689641952515, "wallclock_time": 5.729783058166504, "evaluations": 38, "cost": 0.8902, "incumbent": ["C='730.3111562816817'", "gamma='0.0028538140075180635'"], "origin": "Random Search (sorted)"}
{"cpu_time": 8.21537733078003, "wallclock_time": 10.265154123306274, "evaluations": 57, "cost": 0.882, "incumbent": ["C='936.3334764925163'", "gamma='0.0013758676501216358'"], "origin": "Random Search (sorted)"}
{"cpu_time": 11.318202495574951, "wallclock_time": 14.350875854492188, "evaluations": 78, "cost": 0.8792, "incumbent": ["C='57.73247975864849'", "gamma='0.0010562554015540364'"], "origin": "Random Search (sorted)"}
