{"cpu_time": 0.0, "wallclock_time": 0.0014109611511230469, "evaluations": 0, "cost": 2147483648.0, "incumbent": ["colsample_bytree='0.3908073678612709'", "eta='0.02197006114591668'", "max_depth='1'", "reg_lambda='0.025956378731779545'"], "origin": "Sobol"}
{"cpu_time": 0.02993011474609375, "wallclock_time": 0.03230094909667969, "evaluations": 1, "cost": 0.75, "incumbent": ["colsample_bytree='0.3908073678612709'", "eta='0.02197006114591668'", "max_depth='1'", "reg_lambda='0.025956378731779545'"], "origin": "Sobol"}
{"cpu_time": 0.3003549575805664, "wallclock_time": 0.3053879737854004, "evaluations": 4, "cost": 0.073, "incumbent": ["colsample_bytree='0.7864414579235017'", "eta='0.06876373473778273'", "max_depth='5'", "reg_lambda='2.180661802430785'"], "origin": "Sobol"}
{"cpu_time": 4.73337984085083, "wallclock_time": 7.533388137817383, "evaluations": 60, "cost": 0.0532, "incumbent": ["colsample_bytree='0.7009772737532646'", "eta='0.08978110815784478'", "max_depth='5'", "reg_lambda='0.4317356895657278'"], "origin": "Local Search"}
{"cpu_time": 9.32025933265686, "wallclock_time": 22.257751941680908, "evaluations": 97, "cost": 0.053, "incumbent": ["colsample_bytree='0.6811476946235657'", "eta='0.08921769333188832'", "max_depth='5'", "reg_lambda='0.4825595589627779'"], "origin": "Local Search"}
{"cpu_time": 13.267040967941284, "wallclock_time": 35.36398005485535, "evaluations": 130, "cost": 0.0528, "incumbent": ["colsample_bytree='0.6814632963720046'", "eta='0.08923299536499588'", "max_depth='5'", "reg_lambda='0.486459186418182'"], "origin": "Local Search"}
{"cpu_time": 16.841545820236206, "wallclock_time": 53.798381090164185, "evaluations": 161, "cost": 0.0502, "incumbent": ["colsample_bytree='0.7012640581045702'", "eta='0.08893885739608962'", "max_depth='5'", "reg_lambda='0.48614970218035175'"], "origin": "Local Search"}
