"CPU Time Used","Estimated Training Performance","Wallclock Time","Incumbent ID","Automatic Configurator (CPU) Time","Configuration..."
0.000000, 2147483648.000000, 0.001411, 1, 0.001411, colsample_bytree='0.3908073678612709',eta='0.02197006114591668',max_depth='1',reg_lambda='0.025956378731779545'
0.029930, 0.750000, 0.032301, 1, 0.002371, colsample_bytree='0.3908073678612709',eta='0.02197006114591668',max_depth='1',reg_lambda='0.025956378731779545'
0.300355, 0.073000, 0.305388, 2, 0.005033, colsample_bytree='0.7864414579235017',eta='0.06876373473778273',max_depth='5',reg_lambda='2.180661802430785'
4.733380, 0.053200, 7.533388, 3, 2.800008, colsample_bytree='0.7009772737532646',eta='0.08978110815784478',max_depth='5',reg_lambda='0.4317356895657278'
9.320259, 0.053000, 22.257752, 4, 12.937493, colsample_bytree='0.6811476946235657',eta='0.08921769333188832',max_depth='5',reg_lambda='0.4825595589627779'
13.267041, 0.052800, 35.363980, 5, 22.096939, colsample_bytree='0.6814632963720046',eta='0.08923299536499588',max_depth='5',reg_lambda='0.486459186418182'
16.841546, 0.050200, 53.798381, 6, 36.956835, colsample_bytree='0.7012640581045702',eta='0.08893885739608962',max_depth='5',reg_lambda='0.48614970218035175'
