"CPU Time Used","Estimated Training Performance","Wallclock Time","Incumbent ID","Automatic Configurator (CPU) Time","Configuration..."
0.000000, 2147483648.000000, 0.000552, 1, 0.000552, C='0.017961675793542162',gamma='0.9046232030638993'
0.037784, 0.750000, 0.039081, 1, 0.001297, C='0.017961675793542162',gamma='0.9046232030638993'
0.188532, 0.104600, 0.192148, 2, 0.003616, C='61.71933670840937',gamma='1.0864412265106145'
0.639401, 0.040300, 0.656310, 3, 0.016908, C='198.6613474689375',gamma='0.09318781769031856'
1.417752, 0.029500, 2.691657, 4, 1.273905, C='186.91956585905072',gamma='0.1386191512900121'
