{
  "mean_cost": 0.6776872985631657,
  "finished_ta_runs": 1,
  "inc_changed": 1,
  "n_configs": 1,
  "submitted_ta_runs": 1,
  "ta_time_used": 2.157170057296753,
  "wallclock_time_used": 2.1598598957061768,
  "dataset_id": 9985,
  "perf_time": 2.1660427920000984
}