"CPU Time Used","Estimated Training Performance","Wallclock Time","Incumbent ID","Automatic Configurator (CPU) Time","Configuration..."
0.000000, 2147483648.000000, 0.000036, 1, 0.000036, C='1.0',gamma='0.1'
0.178598, 0.876200, 0.179253, 1, 0.000655, C='1.0',gamma='0.1'
0.767045, 0.017700, 0.772512, 2, 0.005467, C='52.455931369707116',gamma='0.0011373846877749554'
23.105221, 0.015600, 23.620506, 3, 0.515285, C='9.936189981360835',gamma='0.0017987913537249826'
