{
  "mean_cost": 0.4853007594523747,
  "finished_ta_runs": 2,
  "inc_changed": 1,
  "n_configs": 1,
  "submitted_ta_runs": 2,
  "ta_time_used": 2.6770992279052734,
  "wallclock_time_used": 2.6791059970855713,
  "dataset_id": 3904,
  "perf_time": 2.6850427500003207
}