"CPU Time Used","Estimated Training Performance","Wallclock Time","Incumbent ID","Automatic Configurator (CPU) Time","Configuration..."
0.000000, 2147483648.000000, 0.000066, 1, 0.000066, C='1.0',gamma='0.1'
0.293086, 0.129600, 0.293979, 1, 0.000893, C='1.0',gamma='0.1'
4.828514, 0.090800, 4.846099, 2, 0.017586, C='16.640050128980878',gamma='0.02787815770602151'
10.023421, 0.086700, 10.061524, 3, 0.038103, C='367.5161020929368',gamma='0.05362665544757772'
31.679135, 0.083600, 31.836215, 4, 0.157080, C='64.15124705618612',gamma='0.012644069449822184'
34.274218, 0.082600, 34.458401, 5, 0.184183, C='7.829253805572137',gamma='0.021189374499696167'
46.030847, 0.078600, 46.323079, 6, 0.292232, C='64.9998285013093',gamma='0.010372084509422277'
