{"cpu_time": 0.0, "wallclock_time": 0.0002760887145996094, "evaluations": 0, "cost": 2147483648.0, "incumbent": ["max_depth='2'", "max_features='0.4491682695224881'", "min_samples_leaf='1'", "min_samples_split='4'"], "origin": "Sobol"}
{"cpu_time": 0.19435381889343262, "wallclock_time": 0.1953270435333252, "evaluations": 1, "cost": 0.1711, "incumbent": ["max_depth='2'", "max_features='0.4491682695224881'", "min_samples_leaf='1'", "min_samples_split='4'"], "origin": "Sobol"}
