{
  "mean_cost": 0.47538998814805267,
  "finished_ta_runs": 600,
  "inc_changed": 7,
  "n_configs": 556,
  "submitted_ta_runs": 600,
  "ta_time_used": 43.473161935806274,
  "wallclock_time_used": 48.83295917510986,
  "dataset_id": 9971,
  "perf_time": 48.854273915989324
}