{
  "mean_cost": 0.45523722625552143,
  "finished_ta_runs": 129,
  "inc_changed": 4,
  "n_configs": 90,
  "submitted_ta_runs": 129,
  "ta_time_used": 50.16632103919983,
  "wallclock_time_used": 60.294256925582886,
  "dataset_id": 9978
}