"CPU Time Used","Estimated Training Performance","Wallclock Time","Incumbent ID","Automatic Configurator (CPU) Time","Configuration..."
0.000000, 2147483648.000000, 0.000591, 1, 0.000591, alpha='0.0040824718253228975',eta0='0.00044195488125554607'
0.147394, 0.472500, 0.148797, 1, 0.001403, alpha='0.0040824718253228975',eta0='0.00044195488125554607'
3.732264, 0.297900, 3.762505, 2, 0.030241, alpha='0.0021527079620027524',eta0='1.2132210994601314e-05'
6.934773, 0.290200, 9.300952, 3, 2.366178, alpha='0.005502389649045695',eta0='1.0411520665868443e-05'
8.509544, 0.287900, 12.085142, 4, 3.575598, alpha='0.009723480171211519',eta0='1.0020842988747115e-05'
21.237405, 0.286800, 40.194400, 5, 18.956995, alpha='0.003369581255610533',eta0='1.0002921168596209e-05'
