"CPU Time Used","Estimated Training Performance","Wallclock Time","Incumbent ID","Automatic Configurator (CPU) Time","Configuration..."
0.000000, 2147483648.000000, 0.001605, 1, 0.001605, colsample_bytree='0.3908073678612709',eta='0.02197006114591668',max_depth='1',reg_lambda='0.025956378731779545'
0.529265, 0.210000, 0.531985, 1, 0.002720, colsample_bytree='0.3908073678612709',eta='0.02197006114591668',max_depth='1',reg_lambda='0.025956378731779545'
10.470564, 0.064200, 10.476006, 2, 0.005442, colsample_bytree='0.7864414579235017',eta='0.06876373473778273',max_depth='5',reg_lambda='2.180661802430785'
15.567857, 0.054900, 15.575315, 3, 0.007458, colsample_bytree='1.0',eta='0.3',max_depth='10',reg_lambda='1.0'
66.328881, 0.049200, 66.370419, 4, 0.041538, colsample_bytree='0.2476114026270807',eta='0.09799148147389534',max_depth='9',reg_lambda='0.22959291519229882'
213.603629, 0.048100, 230.373614, 5, 16.769985, colsample_bytree='0.2399206744135633',eta='0.1823727346537655',max_depth='9',reg_lambda='0.3094913454315271'
242.751641, 0.047100, 265.475347, 6, 22.723706, colsample_bytree='0.2430516736668351',eta='0.17470556023436276',max_depth='9',reg_lambda='0.016812169644128787'
248.705496, 0.046100, 271.446898, 7, 22.741402, colsample_bytree='0.24294320148495355',eta='0.17111121091057518',max_depth='9',reg_lambda='0.18341248487678327'
