{"cpu_time": 0.0, "wallclock_time": 0.0016050338745117188, "evaluations": 0, "cost": 2147483648.0, "incumbent": {"colsample_bytree": 0.3908073678612709, "eta": 0.02197006114591668, "max_depth": 1, "reg_lambda": 0.025956378731779545}, "budget": 0, "origin": "Sobol"}
{"cpu_time": 0.5292649269104004, "wallclock_time": 0.5319850444793701, "evaluations": 1, "cost": 0.21, "incumbent": {"colsample_bytree": 0.3908073678612709, "eta": 0.02197006114591668, "max_depth": 1, "reg_lambda": 0.025956378731779545}, "budget": 0, "origin": "Sobol"}
{"cpu_time": 10.470564126968384, "wallclock_time": 10.476006031036377, "evaluations": 4, "cost": 0.0642, "incumbent": {"colsample_bytree": 0.7864414579235017, "eta": 0.06876373473778273, "max_depth": 5, "reg_lambda": 2.180661802430785}, "budget": 0, "origin": "Sobol"}
{"cpu_time": 15.567857027053833, "wallclock_time": 15.575315237045288, "evaluations": 6, "cost": 0.0549, "incumbent": {"colsample_bytree": 1.0, "eta": 0.3, "max_depth": 10, "reg_lambda": 1.0}, "budget": 0, "origin": null}
{"cpu_time": 66.32888126373291, "wallclock_time": 66.37041926383972, "evaluations": 33, "cost": 0.0492, "incumbent": {"colsample_bytree": 0.2476114026270807, "eta": 0.09799148147389534, "max_depth": 9, "reg_lambda": 0.22959291519229882}, "budget": 0, "origin": "Sobol"}
{"cpu_time": 213.6036286354065, "wallclock_time": 230.37361407279968, "evaluations": 105, "cost": 0.0481, "incumbent": {"colsample_bytree": 0.2399206744135633, "eta": 0.1823727346537655, "max_depth": 9, "reg_lambda": 0.3094913454315271}, "budget": 0, "origin": "Local Search"}
{"cpu_time": 242.75164127349854, "wallclock_time": 265.4753472805023, "evaluations": 129, "cost": 0.0471, "incumbent": {"colsample_bytree": 0.2430516736668351, "eta": 0.17470556023436276, "max_depth": 9, "reg_lambda": 0.016812169644128787}, "budget": 0, "origin": "Local Search"}
{"cpu_time": 248.70549607276917, "wallclock_time": 271.4468982219696, "evaluations": 134, "cost": 0.0461, "incumbent": {"colsample_bytree": 0.24294320148495355, "eta": 0.17111121091057518, "max_depth": 9, "reg_lambda": 0.18341248487678327}, "budget": 0, "origin": "Local Search"}
