{
  "mean_cost": 0.07731827447005464,
  "finished_ta_runs": 300,
  "inc_changed": 7,
  "n_configs": 147,
  "submitted_ta_runs": 300,
  "ta_time_used": 192.86715149879456,
  "wallclock_time_used": 334.88372778892517,
  "dataset_id": 16,
  "perf_time": 334.89494000001287
}