"CPU Time Used","Estimated Training Performance","Wallclock Time","Incumbent ID","Automatic Configurator (CPU) Time","Configuration..."
0.000000, 2147483648.000000, 0.000036, 1, 0.000036, alpha='0.001',eta0='0.01'
0.658879, 0.276200, 0.659529, 1, 0.000650, alpha='0.001',eta0='0.01'
2.654410, 0.167400, 2.657819, 2, 0.003409, alpha='3.649484911512686e-05',eta0='1.2652165208090965e-05'
9.428981, 0.158100, 9.442769, 3, 0.013788, alpha='0.00022661234155643443',eta0='7.824882505894288e-05'
48.697964, 0.155200, 48.843836, 4, 0.145871, alpha='0.0004496898502137025',eta0='5.0146689047894355e-05'
103.935477, 0.154600, 104.433033, 5, 0.497555, alpha='0.0004564024315574585',eta0='5.8405684101654354e-05'
