{
  "mean_cost": 0.35269094155226965,
  "finished_ta_runs": 600,
  "inc_changed": 4,
  "n_configs": 582,
  "submitted_ta_runs": 600,
  "ta_time_used": 179.45261478424072,
  "wallclock_time_used": 186.4042570590973,
  "dataset_id": 167140,
  "perf_time": 186.42143075000058
}