{
  "mean_cost": 0.16060943160954466,
  "finished_ta_runs": 2,
  "inc_changed": 1,
  "n_configs": 1,
  "submitted_ta_runs": 2,
  "ta_time_used": 0.04212832450866699,
  "wallclock_time_used": 0.04399728775024414,
  "dataset_id": 146821,
  "perf_time": 0.0730512499994802
}