{"cpu_time": 0.0, "wallclock_time": 3.2901763916015625e-05, "evaluations": 0, "cost": 2147483648.0, "incumbent": ["C='1.0'", "gamma='0.1'"], "origin": "Default"}
{"cpu_time": 0.009366750717163086, "wallclock_time": 0.009961843490600586, "evaluations": 1, "cost": 0.4375, "incumbent": ["C='1.0'", "gamma='0.1'"], "origin": "Default"}
{"cpu_time": 0.11812496185302734, "wallclock_time": 0.1284010410308838, "evaluations": 13, "cost": 0.3908, "incumbent": ["C='0.7080699222261617'", "gamma='0.008238286081969528'"], "origin": "Random Search"}
{"cpu_time": 0.18361854553222656, "wallclock_time": 0.20131492614746094, "evaluations": 20, "cost": 0.383, "incumbent": ["C='1.9695969079413513'", "gamma='0.0066983131773587995'"], "origin": "Random Search"}
{"cpu_time": 0.7806510925292969, "wallclock_time": 0.9626979827880859, "evaluations": 94, "cost": 0.3807, "incumbent": ["C='1.3577833231108003'", "gamma='0.0023769411823143316'"], "origin": "Random Search"}
{"cpu_time": 2.8325603008270264, "wallclock_time": 4.355263948440552, "evaluations": 315, "cost": 0.3652, "incumbent": ["C='8.692604106495832'", "gamma='0.0010324396783099518'"], "origin": "Random Search"}
