"CPU Time Used","Estimated Training Performance","Wallclock Time","Incumbent ID","Automatic Configurator (CPU) Time","Configuration..."
0.000000, 2147483648.000000, 0.000033, 1, 0.000033, C='1.0',gamma='0.1'
0.009367, 0.437500, 0.009962, 1, 0.000595, C='1.0',gamma='0.1'
0.118125, 0.390800, 0.128401, 2, 0.010276, C='0.7080699222261617',gamma='0.008238286081969528'
0.183619, 0.383000, 0.201315, 3, 0.017696, C='1.9695969079413513',gamma='0.0066983131773587995'
0.780651, 0.380700, 0.962698, 4, 0.182047, C='1.3577833231108003',gamma='0.0023769411823143316'
2.832560, 0.365200, 4.355264, 5, 1.522704, C='8.692604106495832',gamma='0.0010324396783099518'
