"CPU Time Used","Estimated Training Performance","Wallclock Time","Incumbent ID","Automatic Configurator (CPU) Time","Configuration..."
0.000000, 2147483648.000000, 0.000036, 1, 0.000036, C='1.0',gamma='0.1'
0.037918, 0.498200, 0.038535, 1, 0.000617, C='1.0',gamma='0.1'
0.198304, 0.495500, 0.203692, 2, 0.005388, C='52.455931369707116',gamma='0.0011373846877749554'
0.959387, 0.479900, 0.990667, 3, 0.031280, C='5.862099698295004',gamma='0.004673222012870196'
1.600933, 0.473500, 1.666857, 4, 0.065924, C='10.31755803943919',gamma='0.021269078015159353'
2.916222, 0.469400, 3.088434, 5, 0.172213, C='45.24791981555736',gamma='0.012564532444270405'
7.969617, 0.455100, 8.846849, 6, 0.877232, C='204.00620624753114',gamma='0.0055196629921228785'
