"CPU Time Used","Estimated Training Performance","Wallclock Time","Incumbent ID","Automatic Configurator (CPU) Time","Configuration..."
0.000000, 2147483648.000000, 0.000047, 1, 0.000047, C='1.0',gamma='0.1'
0.071193, 0.758500, 0.071918, 1, 0.000725, C='1.0',gamma='0.1'
0.289853, 0.577500, 0.293593, 2, 0.003741, C='167.43465269107315',gamma='0.010473312293162985'
3.459792, 0.550700, 3.552724, 3, 0.092932, C='679.0325401248423',gamma='0.0030357544050474464'
4.176135, 0.550600, 4.291473, 4, 0.115339, C='31.98069251892415',gamma='0.006028621975505069'
10.850703, 0.539000, 11.407013, 5, 0.556311, C='1.3223942490815643',gamma='0.0010851536715203332'
18.166954, 0.530400, 19.557229, 6, 1.390275, C='133.8164376100696',gamma='0.001570388453203586'
25.305360, 0.518400, 27.847750, 7, 2.542390, C='602.4786779835428',gamma='0.0011033932408327032'
