"CPU Time Used","Estimated Training Performance","Wallclock Time","Incumbent ID","Automatic Configurator (CPU) Time","Configuration..."
0.000000, 2147483648.000000, 0.000038, 1, 0.000038, C='1.0',gamma='0.1'
0.023434, 0.735800, 0.024056, 1, 0.000622, C='1.0',gamma='0.1'
0.073315, 0.621200, 0.076415, 2, 0.003099, C='167.43465269107315',gamma='0.010473312293162985'
0.299927, 0.619200, 0.315562, 3, 0.015635, C='1.9695969079413513',gamma='0.0066983131773587995'
0.974532, 0.589600, 1.072363, 4, 0.097831, C='679.0325401248423',gamma='0.0030357544050474464'
1.867923, 0.586900, 2.143996, 5, 0.276073, C='277.8053884041678',gamma='0.004737932302767295'
3.732886, 0.574600, 4.614708, 6, 0.881822, C='2.0142532662205155',gamma='0.0013086814703198158'
