{"cpu_time": 0.0, "wallclock_time": 3.7670135498046875e-05, "evaluations": 0, "cost": 2147483648.0, "incumbent": {"C": 1.0, "gamma": 0.1}, "budget": 0, "origin": "Default"}
{"cpu_time": 0.023433923721313477, "wallclock_time": 0.024055957794189453, "evaluations": 1, "cost": 0.7358, "incumbent": {"C": 1.0, "gamma": 0.1}, "budget": 0, "origin": "Default"}
{"cpu_time": 0.07331538200378418, "wallclock_time": 0.07641482353210449, "evaluations": 4, "cost": 0.6212, "incumbent": {"C": 167.43465269107315, "gamma": 0.010473312293162985}, "budget": 0, "origin": "Random Search"}
{"cpu_time": 0.2999267578125, "wallclock_time": 0.31556177139282227, "evaluations": 17, "cost": 0.6192, "incumbent": {"C": 1.9695969079413513, "gamma": 0.0066983131773587995}, "budget": 0, "origin": "Random Search"}
{"cpu_time": 0.9745321273803711, "wallclock_time": 1.0723628997802734, "evaluations": 62, "cost": 0.5896, "incumbent": {"C": 679.0325401248423, "gamma": 0.0030357544050474464}, "budget": 0, "origin": "Random Search"}
{"cpu_time": 1.8679230213165283, "wallclock_time": 2.143995761871338, "evaluations": 117, "cost": 0.5869, "incumbent": {"C": 277.8053884041678, "gamma": 0.004737932302767295}, "budget": 0, "origin": "Random Search"}
{"cpu_time": 3.73288631439209, "wallclock_time": 4.614707946777344, "evaluations": 230, "cost": 0.5746, "incumbent": {"C": 2.0142532662205155, "gamma": 0.0013086814703198158}, "budget": 0, "origin": "Random Search"}
