{
  "mean_cost": 0.36547768281101617,
  "finished_ta_runs": 300,
  "inc_changed": 6,
  "n_configs": 111,
  "submitted_ta_runs": 300,
  "ta_time_used": 19.699416160583496,
  "wallclock_time_used": 93.88759279251099,
  "dataset_id": 11,
  "perf_time": 93.90365329199994
}