"CPU Time Used","Estimated Training Performance","Wallclock Time","Incumbent ID","Automatic Configurator (CPU) Time","Configuration..."
0.000000, 2147483648.000000, 0.000566, 1, 0.000566, C='0.08611366210550205',gamma='0.4942679928374453'
0.012865, 0.500000, 0.014186, 1, 0.001321, C='0.08611366210550205',gamma='0.4942679928374453'
0.081891, 0.424200, 0.088318, 2, 0.006427, C='69.38389384208695',gamma='0.0015531477828170245'
0.632086, 0.392700, 3.564823, 3, 2.932737, C='24.7801407477292',gamma='0.0011244991562023665'
2.142981, 0.386000, 16.697094, 4, 14.554114, C='1.3473073377449067',gamma='0.0011167587683537266'
