{"cpu_time": 0.0, "wallclock_time": 7.104873657226562e-05, "evaluations": 0, "cost": 2147483648.0, "incumbent": ["C='1.0'", "gamma='0.1'"], "origin": "Default"}
{"cpu_time": 0.06988692283630371, "wallclock_time": 0.07242298126220703, "evaluations": 1, "cost": 0.0385, "incumbent": ["C='1.0'", "gamma='0.1'"], "origin": "Default"}
{"cpu_time": 0.20934796333312988, "wallclock_time": 0.21722698211669922, "evaluations": 4, "cost": 0.0151, "incumbent": ["C='167.43465269107315'", "gamma='0.010473312293162985'"], "origin": "Random Search"}
{"cpu_time": 4.516400337219238, "wallclock_time": 4.584895133972168, "evaluations": 44, "cost": 0.01, "incumbent": ["C='871.5114118311369'", "gamma='0.019532202976770125'"], "origin": "Random Search"}
{"cpu_time": 19.699517726898193, "wallclock_time": 20.24654793739319, "evaluations": 171, "cost": 0.0085, "incumbent": ["C='54.234636495074795'", "gamma='0.0634706678544993'"], "origin": "Random Search"}
{"cpu_time": 33.52335810661316, "wallclock_time": 34.84031701087952, "evaluations": 282, "cost": 0.0072, "incumbent": ["C='41.159171934629725'", "gamma='0.1062476161194723'"], "origin": "Random Search"}
{"cpu_time": 62.36664438247681, "wallclock_time": 66.44129610061646, "evaluations": 514, "cost": 0.0071, "incumbent": ["C='30.57644625452296'", "gamma='0.06565183396245426'"], "origin": "Random Search"}
