"CPU Time Used","Estimated Training Performance","Wallclock Time","Incumbent ID","Automatic Configurator (CPU) Time","Configuration..."
0.000000, 2147483648.000000, 0.000071, 1, 0.000071, C='1.0',gamma='0.1'
0.069887, 0.038500, 0.072423, 1, 0.002536, C='1.0',gamma='0.1'
0.209348, 0.015100, 0.217227, 2, 0.007879, C='167.43465269107315',gamma='0.010473312293162985'
4.516400, 0.010000, 4.584895, 3, 0.068495, C='871.5114118311369',gamma='0.019532202976770125'
19.699518, 0.008500, 20.246548, 4, 0.547030, C='54.234636495074795',gamma='0.0634706678544993'
33.523358, 0.007200, 34.840317, 5, 1.316959, C='41.159171934629725',gamma='0.1062476161194723'
62.366644, 0.007100, 66.441296, 6, 4.074652, C='30.57644625452296',gamma='0.06565183396245426'
