{
  "mean_cost": 0.47826565243212066,
  "finished_ta_runs": 1729,
  "inc_changed": 8,
  "n_configs": 1624,
  "submitted_ta_runs": 1729,
  "ta_time_used": 71.63657069206238,
  "wallclock_time_used": 120.04530715942383,
  "dataset_id": 10101
}