"CPU Time Used","Estimated Training Performance","Wallclock Time","Incumbent ID","Automatic Configurator (CPU) Time","Configuration..."
0.000000, 2147483648.000000, 0.000221, 1, 0.000221, C='0.08611366210550205',gamma='0.4942679928374453'
0.967936, 0.500000, 0.969056, 1, 0.001120, C='0.08611366210550205',gamma='0.4942679928374453'
