{
  "mean_cost": 0.4422751765143069,
  "finished_ta_runs": 1,
  "inc_changed": 1,
  "n_configs": 1,
  "submitted_ta_runs": 1,
  "ta_time_used": 0.16393327713012695,
  "wallclock_time_used": 0.165910005569458
}