{
  "mean_cost": 0.023192293344437315,
  "finished_ta_runs": 300,
  "inc_changed": 4,
  "n_configs": 104,
  "submitted_ta_runs": 300,
  "ta_time_used": 41.58507537841797,
  "wallclock_time_used": 75.38076281547546,
  "dataset_id": 3,
  "perf_time": 75.393251417
}