{
  "mean_cost": 0.059049883890311926,
  "finished_ta_runs": 62,
  "inc_changed": 6,
  "n_configs": 39,
  "submitted_ta_runs": 62,
  "ta_time_used": 120.19487500190735,
  "wallclock_time_used": 120.34510374069214,
  "dataset_id": 9977
}