"CPU Time Used","Estimated Training Performance","Wallclock Time","Incumbent ID","Automatic Configurator (CPU) Time","Configuration..."
0.000000, 2147483648.000000, 0.000225, 1, 0.000225, C='1.0',gamma='0.1'
2.140232, 0.800000, 2.142617, 1, 0.002385, C='1.0',gamma='0.1'
6.905550, 0.709900, 6.913783, 2, 0.008232, C='167.43465269107315',gamma='0.010473312293162985'
12.435384, 0.685700, 12.448371, 3, 0.012987, C='131.61290023311957',gamma='0.649856834080378'
34.900554, 0.574600, 34.931854, 4, 0.031300, C='917.5579484877297',gamma='13.537794043766304'
46.622131, 0.500000, 46.663815, 5, 0.041683, C='71.75370858538011',gamma='807.4940791250133'
145.779952, 0.492900, 145.977146, 6, 0.197193, C='327.1348161945684',gamma='797.466304198461'
450.026906, 0.486900, 451.445819, 7, 1.418913, C='339.7289354070369',gamma='860.9589257412692'
