{"cpu_time": 0.0, "wallclock_time": 6.198883056640625e-05, "evaluations": 0, "cost": 2147483648.0, "incumbent": {"colsample_bytree": 1.0, "eta": 0.3, "max_depth": 10, "reg_lambda": 1.0}, "budget": 0, "origin": "Default"}
{"cpu_time": 0.1836531162261963, "wallclock_time": 0.18446016311645508, "evaluations": 1, "cost": 0.3048, "incumbent": {"colsample_bytree": 1.0, "eta": 0.3, "max_depth": 10, "reg_lambda": 1.0}, "budget": 0, "origin": "Default"}
{"cpu_time": 1.7040252685546875, "wallclock_time": 1.7137868404388428, "evaluations": 10, "cost": 0.2849, "incumbent": {"colsample_bytree": 0.9735460407805239, "eta": 0.3678418820983057, "max_depth": 10, "reg_lambda": 21.683858388188526}, "budget": 0, "origin": "Random Search"}
{"cpu_time": 4.7589111328125, "wallclock_time": 4.830384969711304, "evaluations": 46, "cost": 0.2797, "incumbent": {"colsample_bytree": 0.7130345733736171, "eta": 0.21282709731115626, "max_depth": 6, "reg_lambda": 0.0030099006283244942}, "budget": 0, "origin": "Random Search"}
{"cpu_time": 8.28423285484314, "wallclock_time": 8.501529216766357, "evaluations": 99, "cost": 0.2672, "incumbent": {"colsample_bytree": 0.7966464436755822, "eta": 0.27165934716352325, "max_depth": 4, "reg_lambda": 1.869455320336576}, "budget": 0, "origin": "Random Search"}
{"cpu_time": 19.75040578842163, "wallclock_time": 20.754267930984497, "evaluations": 241, "cost": 0.263, "incumbent": {"colsample_bytree": 0.973823768852593, "eta": 0.05013481268292592, "max_depth": 10, "reg_lambda": 0.10838134633686453}, "budget": 0, "origin": "Random Search"}
{"cpu_time": 31.712000131607056, "wallclock_time": 34.47257995605469, "evaluations": 420, "cost": 0.2602, "incumbent": {"colsample_bytree": 0.8376888880120682, "eta": 0.03633153816201412, "max_depth": 9, "reg_lambda": 2.4428563838669906}, "budget": 0, "origin": "Random Search"}
