"CPU Time Used","Estimated Training Performance","Wallclock Time","Incumbent ID","Automatic Configurator (CPU) Time","Configuration..."
0.000000, 2147483648.000000, 0.000048, 1, 0.000048, alpha='0.001',eta0='0.01'
1.695373, 0.131900, 1.700348, 1, 0.004975, alpha='0.001',eta0='0.01'
23.245078, 0.032900, 23.279974, 2, 0.034896, alpha='2.3820742831526158e-05',eta0='0.05455360234342531'
137.643186, 0.028800, 138.064521, 3, 0.421335, alpha='1.0592339609294647e-05',eta0='0.04748880699101303'
