{
  "mean_cost": 0.3285477368635264,
  "finished_ta_runs": 300,
  "inc_changed": 5,
  "n_configs": 110,
  "submitted_ta_runs": 300,
  "ta_time_used": 44.40809941291809,
  "wallclock_time_used": 95.20387601852417,
  "dataset_id": 53,
  "perf_time": 95.21674016599991
}