{
  "data": [
    [
      [
        1,
        null,
        379248293,
        0.0
      ],
      [
        0.13740033444367816,
        0.7455160617828369,
        {
          "__enum__": "StatusType.SUCCESS"
        },
        1674418566.5968058,
        1674418567.342329,
        {}
      ]
    ]
  ],
  "config_origins": {
    "1": "Sobol"
  },
  "configs": {
    "1": {
      "colsample_bytree": 0.3908073678612709,
      "eta": 0.02197006114591668,
      "max_depth": 1,
      "reg_lambda": 0.025956378731779545
    }
  }
}