"CPU Time Used","Estimated Training Performance","Wallclock Time","Incumbent ID","Automatic Configurator (CPU) Time","Configuration..."
0.000000, 2147483648.000000, 0.000522, 1, 0.000522, C='0.017961675793542162',gamma='0.9046232030638993'
0.055333, 0.875000, 0.056533, 1, 0.001200, C='0.017961675793542162',gamma='0.9046232030638993'
0.210639, 0.024400, 0.214132, 2, 0.003493, C='61.71933670840937',gamma='1.0864412265106145'
0.708020, 0.000000, 0.726839, 3, 0.018819, C='198.6613474689375',gamma='0.09318781769031856'
