{
  "mean_cost": 0.4603054942773167,
  "finished_ta_runs": 300,
  "inc_changed": 7,
  "n_configs": 149,
  "submitted_ta_runs": 300,
  "ta_time_used": 71.34329652786255,
  "wallclock_time_used": 114.10159111022949,
  "dataset_id": 146821,
  "perf_time": 114.11284691699984
}