{"cpu_time": 0.0, "wallclock_time": 0.00150299072265625, "evaluations": 0, "cost": 2147483648.0, "incumbent": {"colsample_bytree": 0.569966175314039, "eta": 0.009556882986489993, "max_depth": 3, "reg_lambda": 0.0020776820882921045}, "budget": 0, "origin": "Sobol"}
{"cpu_time": 0.03094196319580078, "wallclock_time": 0.03342700004577637, "evaluations": 1, "cost": 0.244, "incumbent": {"colsample_bytree": 0.569966175314039, "eta": 0.009556882986489993, "max_depth": 3, "reg_lambda": 0.0020776820882921045}, "budget": 0, "origin": "Sobol"}
{"cpu_time": 0.4533412456512451, "wallclock_time": 0.47733521461486816, "evaluations": 22, "cost": 0.2375, "incumbent": {"colsample_bytree": 0.9743220077827572, "eta": 0.03215823859983448, "max_depth": 3, "reg_lambda": 37.018102682862704}, "budget": 0, "origin": "Sobol"}
{"cpu_time": 1.0559821128845215, "wallclock_time": 1.111346960067749, "evaluations": 44, "cost": 0.2147, "incumbent": {"colsample_bytree": 0.46471868744120004, "eta": 0.04531833485224128, "max_depth": 8, "reg_lambda": 10.969131718430708}, "budget": 0, "origin": "Sobol"}
{"cpu_time": 1.6792492866516113, "wallclock_time": 2.6953632831573486, "evaluations": 69, "cost": 0.2057, "incumbent": {"colsample_bytree": 0.47018472395400024, "eta": 0.058412979631930165, "max_depth": 8, "reg_lambda": 10.969131718430708}, "budget": 0, "origin": "Local Search"}
{"cpu_time": 3.669602155685425, "wallclock_time": 24.0471670627594, "evaluations": 121, "cost": 0.2027, "incumbent": {"colsample_bytree": 0.4703917484920045, "eta": 0.05762914805408329, "max_depth": 10, "reg_lambda": 10.969131718430708}, "budget": 0, "origin": "Local Search"}
