"CPU Time Used","Estimated Training Performance","Wallclock Time","Incumbent ID","Automatic Configurator (CPU) Time","Configuration..."
0.000000, 2147483648.000000, 0.001503, 1, 0.001503, colsample_bytree='0.569966175314039',eta='0.009556882986489993',max_depth='3',reg_lambda='0.0020776820882921045'
0.030942, 0.244000, 0.033427, 1, 0.002485, colsample_bytree='0.569966175314039',eta='0.009556882986489993',max_depth='3',reg_lambda='0.0020776820882921045'
0.453341, 0.237500, 0.477335, 2, 0.023994, colsample_bytree='0.9743220077827572',eta='0.03215823859983448',max_depth='3',reg_lambda='37.018102682862704'
1.055982, 0.214700, 1.111347, 3, 0.055365, colsample_bytree='0.46471868744120004',eta='0.04531833485224128',max_depth='8',reg_lambda='10.969131718430708'
1.679249, 0.205700, 2.695363, 4, 1.016114, colsample_bytree='0.47018472395400024',eta='0.058412979631930165',max_depth='8',reg_lambda='10.969131718430708'
3.669602, 0.202700, 24.047167, 5, 20.377565, colsample_bytree='0.4703917484920045',eta='0.05762914805408329',max_depth='10',reg_lambda='10.969131718430708'
