{"cpu_time": 0.0, "wallclock_time": 0.0014967918395996094, "evaluations": 0, "cost": 2147483648.0, "incumbent": ["max_depth='1'", "max_features='0.49276944529265165'", "min_samples_leaf='4'", "min_samples_split='9'"], "origin": "Sobol"}
{"cpu_time": 0.11993193626403809, "wallclock_time": 0.12227487564086914, "evaluations": 1, "cost": 0.5, "incumbent": ["max_depth='1'", "max_features='0.49276944529265165'", "min_samples_leaf='4'", "min_samples_split='9'"], "origin": "Sobol"}
{"cpu_time": 0.6427216529846191, "wallclock_time": 0.647615909576416, "evaluations": 4, "cost": 0.2047, "incumbent": ["max_depth='22'", "max_features='0.502463330514729'", "min_samples_leaf='18'", "min_samples_split='83'"], "origin": "Sobol"}
{"cpu_time": 1.1027064323425293, "wallclock_time": 1.1093356609344482, "evaluations": 6, "cost": 0.1147, "incumbent": ["max_depth='10'", "max_features='0.5'", "min_samples_leaf='1'", "min_samples_split='32'"], "origin": null}
{"cpu_time": 3.972890853881836, "wallclock_time": 3.9945898056030273, "evaluations": 17, "cost": 0.0698, "incumbent": ["max_depth='11'", "max_features='0.9135355520993471'", "min_samples_leaf='2'", "min_samples_split='4'"], "origin": "Sobol"}
{"cpu_time": 6.073462247848511, "wallclock_time": 6.104490041732788, "evaluations": 25, "cost": 0.064, "incumbent": ["max_depth='46'", "max_features='0.8570417752489448'", "min_samples_leaf='8'", "min_samples_split='31'"], "origin": "Sobol"}
{"cpu_time": 22.78164291381836, "wallclock_time": 33.302796840667725, "evaluations": 90, "cost": 0.0599, "incumbent": ["max_depth='46'", "max_features='0.8451889735610003'", "min_samples_leaf='5'", "min_samples_split='33'"], "origin": "Local Search"}
{"cpu_time": 28.737597703933716, "wallclock_time": 43.909278869628906, "evaluations": 110, "cost": 0.0589, "incumbent": ["max_depth='50'", "max_features='0.8175498955556428'", "min_samples_leaf='1'", "min_samples_split='33'"], "origin": "Local Search"}
{"cpu_time": 32.1656494140625, "wallclock_time": 47.90280294418335, "evaluations": 120, "cost": 0.0586, "incumbent": ["max_depth='50'", "max_features='0.8248711300117143'", "min_samples_leaf='2'", "min_samples_split='30'"], "origin": "Local Search"}
{"cpu_time": 45.8442599773407, "wallclock_time": 75.30010771751404, "evaluations": 165, "cost": 0.0581, "incumbent": ["max_depth='35'", "max_features='0.7058085896481749'", "min_samples_leaf='1'", "min_samples_split='27'"], "origin": "Local Search"}
