{
  "mean_cost": 0.3830518154755261,
  "finished_ta_runs": 2,
  "inc_changed": 1,
  "n_configs": 1,
  "submitted_ta_runs": 2,
  "ta_time_used": 0.3012359142303467,
  "wallclock_time_used": 0.3033921718597412,
  "dataset_id": 3917,
  "perf_time": 0.30917454100017494
}