{
  "mean_cost": 0.2982638888888888,
  "finished_ta_runs": 1,
  "inc_changed": 1,
  "n_configs": 1,
  "submitted_ta_runs": 1,
  "ta_time_used": 0.03447985649108887,
  "wallclock_time_used": 0.03589010238647461,
  "dataset_id": 3913,
  "perf_time": 0.041213832999801525
}