"CPU Time Used","Estimated Training Performance","Wallclock Time","Incumbent ID","Automatic Configurator (CPU) Time","Configuration..."
0.000000, 2147483648.000000, 0.001487, 1, 0.001487, colsample_bytree='0.2890479595400393',eta='0.02972240058848022',max_depth='1',reg_lambda='0.23594281684827217'
0.034843, 0.303600, 0.037296, 1, 0.002453, colsample_bytree='0.2890479595400393',eta='0.02972240058848022',max_depth='1',reg_lambda='0.23594281684827217'
0.569595, 0.279700, 0.574502, 2, 0.004907, colsample_bytree='0.839533680677414',eta='0.03178815964339868',max_depth='7',reg_lambda='260.08137409645684'
1.023844, 0.213200, 1.030420, 3, 0.006576, colsample_bytree='1.0',eta='0.3',max_depth='10',reg_lambda='1.0'
6.858450, 0.210100, 11.251131, 4, 4.392681, colsample_bytree='0.41906662335649514',eta='0.8701706987570496',max_depth='7',reg_lambda='59.70675538020954'
17.267059, 0.208600, 50.715346, 5, 33.448287, colsample_bytree='0.41944897675691395',eta='0.8701706987570496',max_depth='8',reg_lambda='59.70675538020954'
18.800920, 0.207000, 54.263319, 6, 35.462399, colsample_bytree='0.419415666090889',eta='0.8672921046488294',max_depth='7',reg_lambda='59.70675538020954'
27.504212, 0.204300, 100.092531, 7, 72.588319, colsample_bytree='0.41943390567006533',eta='0.8699735320914145',max_depth='8',reg_lambda='59.70675538020954'
29.441503, 0.203800, 114.504966, 8, 85.063463, colsample_bytree='0.41943390567006533',eta='0.8690146106882626',max_depth='8',reg_lambda='59.70675538020954'
