"CPU Time Used","Estimated Training Performance","Wallclock Time","Incumbent ID","Automatic Configurator (CPU) Time","Configuration..."
0.000000, 2147483648.000000, 0.000058, 1, 0.000058, C='1.0',gamma='0.1'
0.012492, 0.261300, 0.013325, 1, 0.000833, C='1.0',gamma='0.1'
0.201770, 0.136700, 0.218377, 2, 0.016607, C='16.640050128980878',gamma='0.02787815770602151'
0.297208, 0.018600, 0.323982, 3, 0.026774, C='7.175638647559039',gamma='0.09259999660241393'
0.454108, 0.011900, 0.499050, 4, 0.044942, C='367.5161020929368',gamma='0.05362665544757772'
0.880248, 0.006000, 0.994108, 5, 0.113860, C='859.1688894796068',gamma='0.12241290359315758'
