"CPU Time Used","Estimated Training Performance","Wallclock Time","Incumbent ID","Automatic Configurator (CPU) Time","Configuration..."
0.000000, 2147483648.000000, 0.001505, 1, 0.001505, colsample_bytree='0.569966175314039',eta='0.009556882986489993',max_depth='3',reg_lambda='0.0020776820882921045'
2.754501, 0.052700, 2.757752, 1, 0.003251, colsample_bytree='0.569966175314039',eta='0.009556882986489993',max_depth='3',reg_lambda='0.0020776820882921045'
24.759910, 0.015900, 24.770515, 2, 0.010605, colsample_bytree='0.3878000834956765',eta='0.004721681612948408',max_depth='10',reg_lambda='0.09654112415362535'
201.430811, 0.014500, 207.592783, 3, 6.161971, colsample_bytree='0.4893529970098558',eta='0.1423752889992964',max_depth='4',reg_lambda='0.011047864570810535'
574.484193, 0.014500, 624.661241, 4, 50.177048, colsample_bytree='0.4783847445619175',eta='0.004577609172526842',max_depth='10',reg_lambda='0.010553241803100343'
717.829222, 0.014100, 792.521587, 5, 74.692364, colsample_bytree='0.47974245655494396',eta='0.24265023503483105',max_depth='4',reg_lambda='0.008788418319998421'
