{
  "mean_cost": 0.023505421846836152,
  "finished_ta_runs": 784,
  "inc_changed": 4,
  "n_configs": 742,
  "submitted_ta_runs": 784,
  "ta_time_used": 110.63792991638184,
  "wallclock_time_used": 120.0768449306488,
  "dataset_id": 3
}