"CPU Time Used","Estimated Training Performance","Wallclock Time","Incumbent ID","Automatic Configurator (CPU) Time","Configuration..."
0.000000, 2147483648.000000, 0.000275, 1, 0.000275, alpha='0.0004126639093412234',eta0='0.0017613324954003418'
2.478979, 0.042700, 2.480067, 1, 0.001088, alpha='0.0004126639093412234',eta0='0.0017613324954003418'
