{"cpu_time": 0.0, "wallclock_time": 0.0015401840209960938, "evaluations": 0, "cost": 2147483648.0, "incumbent": ["max_depth='6'", "max_features='0.3290755869820714'", "min_samples_leaf='11'", "min_samples_split='2'"], "origin": "Sobol"}
{"cpu_time": 0.09606289863586426, "wallclock_time": 0.09848427772521973, "evaluations": 1, "cost": 0.4613, "incumbent": ["max_depth='6'", "max_features='0.3290755869820714'", "min_samples_leaf='11'", "min_samples_split='2'"], "origin": "Sobol"}
{"cpu_time": 0.9569740295410156, "wallclock_time": 0.9670121669769287, "evaluations": 10, "cost": 0.3623, "incumbent": ["max_depth='18'", "max_features='0.9707894120365381'", "min_samples_leaf='5'", "min_samples_split='26'"], "origin": "Sobol"}
{"cpu_time": 5.454866409301758, "wallclock_time": 6.7573301792144775, "evaluations": 63, "cost": 0.3538, "incumbent": ["max_depth='19'", "max_features='0.9344742826036535'", "min_samples_leaf='8'", "min_samples_split='3'"], "origin": "Local Search"}
