"CPU Time Used","Estimated Training Performance","Wallclock Time","Incumbent ID","Automatic Configurator (CPU) Time","Configuration..."
0.000000, 2147483648.000000, 0.000882, 1, 0.000882, C='0.017961675793542162',gamma='0.9046232030638993'
0.006543, 0.500000, 0.008347, 1, 0.001804, C='0.017961675793542162',gamma='0.9046232030638993'
1.521651, 0.483300, 19.828998, 2, 18.307348, C='683.1194410943205',gamma='0.001489307015283868'
