{"cpu_time": 0.0, "wallclock_time": 4.506111145019531e-05, "evaluations": 0, "cost": 2147483648.0, "incumbent": ["max_depth='10'", "max_features='0.5'", "min_samples_leaf='1'", "min_samples_split='32'"], "origin": "Default"}
{"cpu_time": 0.1009511947631836, "wallclock_time": 0.10165214538574219, "evaluations": 1, "cost": 0.2156, "incumbent": ["max_depth='10'", "max_features='0.5'", "min_samples_leaf='1'", "min_samples_split='32'"], "origin": "Default"}
{"cpu_time": 1.1360359191894531, "wallclock_time": 1.1479451656341553, "evaluations": 13, "cost": 0.2238, "incumbent": ["max_depth='46'", "max_features='0.6818358572551473'", "min_samples_leaf='12'", "min_samples_split='15'"], "origin": "Random Search"}
{"cpu_time": 2.170135498046875, "wallclock_time": 2.2003040313720703, "evaluations": 26, "cost": 0.2152, "incumbent": ["max_depth='15'", "max_features='0.8033882225026209'", "min_samples_leaf='7'", "min_samples_split='4'"], "origin": "Random Search"}
{"cpu_time": 5.639435529708862, "wallclock_time": 5.764930009841919, "evaluations": 71, "cost": 0.2125, "incumbent": ["max_depth='30'", "max_features='0.5423516415388603'", "min_samples_leaf='2'", "min_samples_split='6'"], "origin": "Random Search"}
{"cpu_time": 15.378034830093384, "wallclock_time": 16.070096969604492, "evaluations": 200, "cost": 0.2105, "incumbent": ["max_depth='42'", "max_features='0.7533053652319994'", "min_samples_leaf='10'", "min_samples_split='32'"], "origin": "Random Search"}
{"cpu_time": 16.155436038970947, "wallclock_time": 16.907896041870117, "evaluations": 210, "cost": 0.2098, "incumbent": ["max_depth='17'", "max_features='0.5873492065737267'", "min_samples_leaf='4'", "min_samples_split='2'"], "origin": "Random Search"}
{"cpu_time": 22.195990562438965, "wallclock_time": 23.49981999397278, "evaluations": 286, "cost": 0.2016, "incumbent": ["max_depth='40'", "max_features='0.9733906042371426'", "min_samples_leaf='2'", "min_samples_split='9'"], "origin": "Random Search"}
