"CPU Time Used","Estimated Training Performance","Wallclock Time","Incumbent ID","Automatic Configurator (CPU) Time","Configuration..."
0.000000, 2147483648.000000, 0.001521, 1, 0.001521, colsample_bytree='0.569966175314039',eta='0.009556882986489993',max_depth='3',reg_lambda='0.0020776820882921045'
0.021304, 0.488300, 0.023893, 1, 0.002589, colsample_bytree='0.569966175314039',eta='0.009556882986489993',max_depth='3',reg_lambda='0.0020776820882921045'
0.169621, 0.412400, 0.177531, 2, 0.007910, colsample_bytree='0.3878000834956765',eta='0.004721681612948408',max_depth='10',reg_lambda='0.09654112415362535'
0.298450, 0.322600, 0.309280, 3, 0.010830, colsample_bytree='1.0',eta='0.3',max_depth='10',reg_lambda='1.0'
7.348419, 0.317500, 93.023815, 4, 85.675396, colsample_bytree='0.9254528827472702',eta='0.23899677741466085',max_depth='10',reg_lambda='0.002191706608795425'
