{
  "mean_cost": 0.47010510410730316,
  "finished_ta_runs": 1819,
  "inc_changed": 5,
  "n_configs": 1715,
  "submitted_ta_runs": 1819,
  "ta_time_used": 66.93855857849121,
  "wallclock_time_used": 120.00621509552002,
  "dataset_id": 125920
}