"CPU Time Used","Estimated Training Performance","Wallclock Time","Incumbent ID","Automatic Configurator (CPU) Time","Configuration..."
0.000000, 2147483648.000000, 0.000578, 1, 0.000578, C='0.08611366210550205',gamma='0.4942679928374453'
0.013645, 0.500000, 0.014948, 1, 0.001303, C='0.08611366210550205',gamma='0.4942679928374453'
0.081131, 0.354800, 0.087536, 2, 0.006405, C='69.38389384208695',gamma='0.0015531477828170245'
0.312753, 0.325900, 0.593933, 3, 0.281180, C='47.017776280812235',gamma='0.0010562109944184266'
0.410995, 0.308300, 1.017583, 4, 0.606588, C='223.56714809744494',gamma='0.0012098579638106803'
0.563362, 0.297900, 1.426194, 5, 0.862833, C='655.7184579008054',gamma='0.0011841653482411126'
0.688662, 0.279400, 1.896918, 6, 1.208256, C='567.4338548005925',gamma='0.0011021883571122658'
