"CPU Time Used","Estimated Training Performance","Wallclock Time","Incumbent ID","Automatic Configurator (CPU) Time","Configuration..."
0.000000, 2147483648.000000, 0.000218, 1, 0.000218, C='0.08611366210550205',gamma='0.4942679928374453'
0.037401, 0.500000, 0.038239, 1, 0.000838, C='0.08611366210550205',gamma='0.4942679928374453'
