{"cpu_time": 0.0, "wallclock_time": 0.0015749931335449219, "evaluations": 0, "cost": 2147483648.0, "incumbent": ["max_depth='2'", "max_features='0.4491682695224881'", "min_samples_leaf='1'", "min_samples_split='4'"], "origin": "Sobol"}
{"cpu_time": 0.192918062210083, "wallclock_time": 0.1954050064086914, "evaluations": 1, "cost": 0.529, "incumbent": ["max_depth='2'", "max_features='0.4491682695224881'", "min_samples_leaf='1'", "min_samples_split='4'"], "origin": "Sobol"}
{"cpu_time": 1.6216504573822021, "wallclock_time": 1.626716136932373, "evaluations": 4, "cost": 0.1531, "incumbent": ["max_depth='17'", "max_features='0.6137791713699698'", "min_samples_leaf='16'", "min_samples_split='18'"], "origin": "Sobol"}
{"cpu_time": 2.5897481441497803, "wallclock_time": 2.5965850353240967, "evaluations": 6, "cost": 0.1491, "incumbent": ["max_depth='10'", "max_features='0.5'", "min_samples_leaf='1'", "min_samples_split='32'"], "origin": null}
{"cpu_time": 26.42085075378418, "wallclock_time": 26.47583293914795, "evaluations": 43, "cost": 0.1127, "incumbent": ["max_depth='46'", "max_features='0.7485423665493727'", "min_samples_leaf='1'", "min_samples_split='7'"], "origin": "Sobol"}
{"cpu_time": 78.72111535072327, "wallclock_time": 91.11772203445435, "evaluations": 87, "cost": 0.1116, "incumbent": ["max_depth='46'", "max_features='0.7671466056209477'", "min_samples_leaf='1'", "min_samples_split='3'"], "origin": "Local Search"}
{"cpu_time": 147.36197233200073, "wallclock_time": 178.37214303016663, "evaluations": 134, "cost": 0.1086, "incumbent": ["max_depth='50'", "max_features='0.7790369682782308'", "min_samples_leaf='1'", "min_samples_split='2'"], "origin": "Local Search"}
