{
  "mean_cost": 0.019584314461228672,
  "finished_ta_runs": 300,
  "inc_changed": 8,
  "n_configs": 142,
  "submitted_ta_runs": 300,
  "ta_time_used": 6.896066188812256,
  "wallclock_time_used": 53.04468512535095,
  "dataset_id": 10093,
  "perf_time": 53.05486491699958
}