"CPU Time Used","Estimated Training Performance","Wallclock Time","Incumbent ID","Automatic Configurator (CPU) Time","Configuration..."
0.000000, 2147483648.000000, 0.000040, 1, 0.000040, C='1.0',gamma='0.1'
0.208007, 0.500000, 0.208640, 1, 0.000633, C='1.0',gamma='0.1'
1.095784, 0.254200, 1.102825, 2, 0.007041, C='52.455931369707116',gamma='0.0011373846877749554'
8.524457, 0.163800, 8.626337, 3, 0.101880, C='821.2083876682452',gamma='0.0011317947333548213'
