{
  "mean_cost": 0.3378231030315352,
  "finished_ta_runs": 300,
  "inc_changed": 5,
  "n_configs": 135,
  "submitted_ta_runs": 300,
  "ta_time_used": 73.85441184043884,
  "wallclock_time_used": 164.8255889415741,
  "dataset_id": 3902,
  "perf_time": 164.83656320900081
}