{
  "mean_cost": 0.772620589287256,
  "finished_ta_runs": 2,
  "inc_changed": 1,
  "n_configs": 1,
  "submitted_ta_runs": 2,
  "ta_time_used": 0.31755781173706055,
  "wallclock_time_used": 0.3195500373840332,
  "dataset_id": 3560,
  "perf_time": 0.3256697920000988
}