"CPU Time Used","Estimated Training Performance","Wallclock Time","Incumbent ID","Automatic Configurator (CPU) Time","Configuration..."
0.000000, 2147483648.000000, 0.000040, 1, 0.000040, alpha='0.001',eta0='0.01'
0.784884, 0.249100, 0.785543, 1, 0.000659, alpha='0.001',eta0='0.01'
4.559105, 0.181700, 4.565762, 2, 0.006657, alpha='3.649484911512686e-05',eta0='1.2652165208090965e-05'
82.811486, 0.181800, 82.974241, 3, 0.162755, alpha='3.909871840753299e-05',eta0='1.160038463779634e-05'
111.478030, 0.180200, 111.721464, 4, 0.243434, alpha='2.54227331664645e-05',eta0='0.00010489097732877521'
124.452345, 0.178700, 124.728436, 5, 0.276091, alpha='2.6519470163169713e-05',eta0='1.3468893207401204e-05'
241.809771, 0.176600, 242.696660, 6, 0.886889, alpha='0.004709146621179731',eta0='1.4394245641904375e-05'
