{"cpu_time": 0.0, "wallclock_time": 4.029273986816406e-05, "evaluations": 0, "cost": 2147483648.0, "incumbent": ["alpha='0.001'", "eta0='0.01'"], "origin": "Default"}
{"cpu_time": 0.784883975982666, "wallclock_time": 0.7855432033538818, "evaluations": 1, "cost": 0.2491, "incumbent": ["alpha='0.001'", "eta0='0.01'"], "origin": "Default"}
{"cpu_time": 4.559104919433594, "wallclock_time": 4.565762042999268, "evaluations": 4, "cost": 0.1817, "incumbent": ["alpha='3.649484911512686e-05'", "eta0='1.2652165208090965e-05'"], "origin": "Random Search"}
{"cpu_time": 82.8114857673645, "wallclock_time": 82.97424101829529, "evaluations": 80, "cost": 0.1818, "incumbent": ["alpha='3.909871840753299e-05'", "eta0='1.160038463779634e-05'"], "origin": "Random Search"}
{"cpu_time": 111.47803020477295, "wallclock_time": 111.72146415710449, "evaluations": 105, "cost": 0.1802, "incumbent": ["alpha='2.54227331664645e-05'", "eta0='0.00010489097732877521'"], "origin": "Random Search"}
{"cpu_time": 124.45234513282776, "wallclock_time": 124.72843623161316, "evaluations": 115, "cost": 0.1787, "incumbent": ["alpha='2.6519470163169713e-05'", "eta0='1.3468893207401204e-05'"], "origin": "Random Search"}
{"cpu_time": 241.80977129936218, "wallclock_time": 242.69666028022766, "evaluations": 231, "cost": 0.1766, "incumbent": ["alpha='0.004709146621179731'", "eta0='1.4394245641904375e-05'"], "origin": "Random Search"}
