{
  "mean_cost": 0.046294502179918845,
  "finished_ta_runs": 156,
  "inc_changed": 6,
  "n_configs": 103,
  "submitted_ta_runs": 156,
  "ta_time_used": 35.336400270462036,
  "wallclock_time_used": 60.85940623283386,
  "dataset_id": 9946
}