{
  "data": [
    [
      [
        1,
        null,
        379248293,
        0.0
      ],
      [
        0.15611083643958368,
        0.12360811233520508,
        {
          "__enum__": "StatusType.SUCCESS"
        },
        1674410337.076149,
        1674410337.1997619,
        {}
      ]
    ]
  ],
  "config_origins": {
    "1": "Sobol"
  },
  "configs": {
    "1": {
      "max_depth": 2,
      "max_features": 0.4491682695224881,
      "min_samples_leaf": 1,
      "min_samples_split": 4
    }
  }
}