{"cpu_time": 0.0, "wallclock_time": 0.0016281604766845703, "evaluations": 0, "cost": 2147483648.0, "incumbent": ["max_depth='1'", "max_features='0.49276944529265165'", "min_samples_leaf='4'", "min_samples_split='9'"], "origin": "Sobol"}
{"cpu_time": 0.11259603500366211, "wallclock_time": 0.11531209945678711, "evaluations": 1, "cost": 0.5, "incumbent": ["max_depth='1'", "max_features='0.49276944529265165'", "min_samples_leaf='4'", "min_samples_split='9'"], "origin": "Sobol"}
{"cpu_time": 1.1265208721160889, "wallclock_time": 1.1320960521697998, "evaluations": 4, "cost": 0.2129, "incumbent": ["max_depth='22'", "max_features='0.502463330514729'", "min_samples_leaf='18'", "min_samples_split='83'"], "origin": "Sobol"}
{"cpu_time": 1.8936936855316162, "wallclock_time": 1.9010612964630127, "evaluations": 6, "cost": 0.1639, "incumbent": ["max_depth='10'", "max_features='0.5'", "min_samples_leaf='1'", "min_samples_split='32'"], "origin": null}
{"cpu_time": 10.258553504943848, "wallclock_time": 10.277520179748535, "evaluations": 17, "cost": 0.148, "incumbent": ["max_depth='11'", "max_features='0.9135355520993471'", "min_samples_leaf='2'", "min_samples_split='4'"], "origin": "Sobol"}
{"cpu_time": 26.323901891708374, "wallclock_time": 26.38459801673889, "evaluations": 45, "cost": 0.1403, "incumbent": ["max_depth='35'", "max_features='0.653578007593751'", "min_samples_leaf='3'", "min_samples_split='2'"], "origin": "Sobol"}
{"cpu_time": 38.4664306640625, "wallclock_time": 43.04380798339844, "evaluations": 70, "cost": 0.1383, "incumbent": ["max_depth='41'", "max_features='0.5845167715894815'", "min_samples_leaf='1'", "min_samples_split='6'"], "origin": "Local Search"}
{"cpu_time": 48.625163078308105, "wallclock_time": 54.6107861995697, "evaluations": 85, "cost": 0.1377, "incumbent": ["max_depth='38'", "max_features='0.5745854092379039'", "min_samples_leaf='1'", "min_samples_split='3'"], "origin": "Local Search"}
{"cpu_time": 63.45068287849426, "wallclock_time": 76.32901811599731, "evaluations": 109, "cost": 0.1376, "incumbent": ["max_depth='35'", "max_features='0.5731571879828508'", "min_samples_leaf='1'", "min_samples_split='5'"], "origin": "Local Search"}
