{
  "mean_cost": 0.3662949561403509,
  "finished_ta_runs": 600,
  "inc_changed": 1,
  "n_configs": 499,
  "submitted_ta_runs": 600,
  "ta_time_used": 16.720749616622925,
  "wallclock_time_used": 21.510553121566772,
  "dataset_id": 146819,
  "perf_time": 21.526249542002915
}