"CPU Time Used","Estimated Training Performance","Wallclock Time","Incumbent ID","Automatic Configurator (CPU) Time","Configuration..."
0.000000, 2147483648.000000, 0.000074, 1, 0.000074, alpha='0.001',eta0='0.01'
1.045353, 0.118000, 1.046813, 1, 0.001460, alpha='0.001',eta0='0.01'
9.737769, 0.028800, 9.747874, 2, 0.010105, alpha='1.8419909509685855e-05',eta0='0.05046106065359831'
31.295170, 0.027300, 31.342331, 3, 0.047161, alpha='2.2549688115947852e-05',eta0='0.04153687300299965'
