"CPU Time Used","Estimated Training Performance","Wallclock Time","Incumbent ID","Automatic Configurator (CPU) Time","Configuration..."
0.000000, 2147483648.000000, 0.000034, 1, 0.000034, C='1.0',gamma='0.1'
0.657555, 0.440600, 0.658644, 1, 0.001089, C='1.0',gamma='0.1'
2.371920, 0.429300, 2.439761, 2, 0.067841, C='2.4009489850297583',gamma='0.0828749173020149'
2.492436, 0.381700, 2.579258, 3, 0.086822, C='679.0325401248423',gamma='0.0030357544050474464'
2.921911, 0.359100, 3.165919, 4, 0.244008, C='277.8053884041678',gamma='0.004737932302767295'
