{
  "mean_cost": 0.5,
  "finished_ta_runs": 1,
  "inc_changed": 1,
  "n_configs": 1,
  "submitted_ta_runs": 1,
  "ta_time_used": 0.03876781463623047,
  "wallclock_time_used": 0.040255069732666016,
  "dataset_id": 9957,
  "perf_time": 0.05026791700038302
}