"CPU Time Used","Estimated Training Performance","Wallclock Time","Incumbent ID","Automatic Configurator (CPU) Time","Configuration..."
0.000000, 2147483648.000000, 0.000545, 1, 0.000545, alpha='0.00011227070295712931',eta0='0.0029096933833365197'
0.026763, 0.075400, 0.028050, 1, 0.001287, alpha='0.00011227070295712931',eta0='0.0029096933833365197'
0.200652, 0.090600, 0.206110, 2, 0.005458, alpha='0.026542866188361353',eta0='8.075114966892127e-05'
1.441734, 0.094300, 2.565792, 3, 1.124058, alpha='6.497854802527176e-05',eta0='0.03869979086640825'
8.786976, 0.093400, 49.669255, 4, 40.882278, alpha='0.00013661668333594173',eta0='0.0003871455111562188'
