"CPU Time Used","Estimated Training Performance","Wallclock Time","Incumbent ID","Automatic Configurator (CPU) Time","Configuration..."
0.000000, 2147483648.000000, 0.002483, 1, 0.002483, alpha='0.00011227070295712931',eta0='0.0029096933833365197'
0.088820, 0.459500, 0.095019, 1, 0.006199, alpha='0.00011227070295712931',eta0='0.0029096933833365197'
0.983917, 0.462300, 1.003733, 2, 0.019816, alpha='0.0025540066964094537',eta0='1.2228344859878906e-05'
2.101323, 0.458400, 2.140145, 3, 0.038821, alpha='1.715136253541309e-05',eta0='0.0001288871339815063'
20.232681, 0.458000, 61.577900, 4, 41.345219, alpha='1.3947014111006694e-05',eta0='0.00013144624773977405'
