"CPU Time Used","Estimated Training Performance","Wallclock Time","Incumbent ID","Automatic Configurator (CPU) Time","Configuration..."
0.000000, 2147483648.000000, 0.000041, 1, 0.000041, alpha='0.001',eta0='0.01'
0.055803, 0.424500, 0.056431, 1, 0.000628, alpha='0.001',eta0='0.01'
0.483637, 0.402600, 0.491610, 2, 0.007973, alpha='1.0455662723206625e-05',eta0='0.001729647929337629'
1.870869, 0.407300, 1.917020, 3, 0.046151, alpha='0.0009680132292263075',eta0='0.000204324552846704'
2.606715, 0.406700, 2.682038, 4, 0.075323, alpha='0.002308007485426288',eta0='0.00012844256359582565'
4.199335, 0.401500, 4.357162, 5, 0.157826, alpha='4.9894318484437425e-05',eta0='0.0010560804539625046'
