"CPU Time Used","Estimated Training Performance","Wallclock Time","Incumbent ID","Automatic Configurator (CPU) Time","Configuration..."
0.000000, 2147483648.000000, 0.000545, 1, 0.000545, alpha='0.0040824718253228975',eta0='0.00044195488125554607'
0.147058, 0.315700, 0.150085, 1, 0.003027, alpha='0.0040824718253228975',eta0='0.00044195488125554607'
0.440282, 0.322300, 0.445797, 2, 0.005515, alpha='0.0007534803600179209',eta0='0.01638324291048883'
2.801490, 0.335600, 2.843251, 3, 0.041761, alpha='1.4230872500070733e-05',eta0='0.006316939148274451'
7.634575, 0.328600, 12.785253, 4, 5.150678, alpha='1.5471782499083248e-05',eta0='0.0021116693124622506'
21.984943, 0.316800, 50.823122, 5, 28.838179, alpha='0.00421322433540487',eta0='0.0001521986665547462'
34.567324, 0.315300, 89.461966, 6, 54.894642, alpha='1.2129622520881745e-05',eta0='0.0003119341609143054'
