"CPU Time Used","Estimated Training Performance","Wallclock Time","Incumbent ID","Automatic Configurator (CPU) Time","Configuration..."
0.000000, 2147483648.000000, 0.000584, 1, 0.000584, C='1.3600811985592882',gamma='0.09352602871548096'
0.015812, 0.757100, 0.017144, 1, 0.001332, C='1.3600811985592882',gamma='0.09352602871548096'
0.734499, 0.741800, 4.053506, 2, 3.319007, C='1.3658831574381451',gamma='0.14043017281103742'
0.865022, 0.705100, 4.811163, 3, 3.946141, C='1.3668148072844228',gamma='0.16162871443335605'
1.103881, 0.678800, 6.459395, 4, 5.355514, C='1.3668148072844228',gamma='0.17800083961969687'
