{
  "mean_cost": 0.08158158419298533,
  "finished_ta_runs": 1,
  "inc_changed": 1,
  "n_configs": 1,
  "submitted_ta_runs": 1,
  "ta_time_used": 0.15463662147521973,
  "wallclock_time_used": 0.1562941074371338
}