{"cpu_time": 0.0, "wallclock_time": 3.409385681152344e-05, "evaluations": 0, "cost": 2147483648.0, "incumbent": ["C='1.0'", "gamma='0.1'"], "origin": "Default"}
{"cpu_time": 0.01622796058654785, "wallclock_time": 0.016839265823364258, "evaluations": 1, "cost": 0.1496, "incumbent": ["C='1.0'", "gamma='0.1'"], "origin": "Default"}
