"CPU Time Used","Estimated Training Performance","Wallclock Time","Incumbent ID","Automatic Configurator (CPU) Time","Configuration..."
0.000000, 2147483648.000000, 0.000054, 1, 0.000054, C='1.0',gamma='0.1'
0.010889, 0.440600, 0.011635, 1, 0.000746, C='1.0',gamma='0.1'
0.053478, 0.405600, 0.059053, 2, 0.005576, C='52.455931369707116',gamma='0.0011373846877749554'
1.627581, 0.398700, 2.453513, 3, 0.825932, C='204.00620624753114',gamma='0.0055196629921228785'
2.728230, 0.378100, 4.703705, 4, 1.975474, C='171.30412268218714',gamma='0.005511526177675475'
