{
  "mean_cost": 0.22201107931095146,
  "finished_ta_runs": 300,
  "inc_changed": 8,
  "n_configs": 142,
  "submitted_ta_runs": 300,
  "ta_time_used": 30.85265827178955,
  "wallclock_time_used": 74.79923987388611,
  "dataset_id": 37,
  "perf_time": 74.81212324999979
}