{"cpu_time": 0.0, "wallclock_time": 0.000244140625, "evaluations": 0, "cost": 2147483648.0, "incumbent": {"alpha": 0.0004126639093412234, "eta0": 0.0017613324954003418}, "budget": 0, "origin": "Sobol"}
{"cpu_time": 0.02811408042907715, "wallclock_time": 0.029036998748779297, "evaluations": 1, "cost": 0.4345, "incumbent": {"alpha": 0.0004126639093412234, "eta0": 0.0017613324954003418}, "budget": 0, "origin": "Sobol"}
