"CPU Time Used","Estimated Training Performance","Wallclock Time","Incumbent ID","Automatic Configurator (CPU) Time","Configuration..."
0.000000, 2147483648.000000, 0.000245, 1, 0.000245, alpha='0.0004126639093412234',eta0='0.0017613324954003418'
1.103586, 0.443900, 1.104521, 1, 0.000935, alpha='0.0004126639093412234',eta0='0.0017613324954003418'
