"CPU Time Used","Estimated Training Performance","Wallclock Time","Incumbent ID","Automatic Configurator (CPU) Time","Configuration..."
0.000000, 2147483648.000000, 0.000663, 1, 0.000663, alpha='0.0040824718253228975',eta0='0.00044195488125554607'
0.040418, 0.216700, 0.042121, 1, 0.001703, alpha='0.0040824718253228975',eta0='0.00044195488125554607'
0.557978, 0.142300, 0.576261, 2, 0.018283, alpha='0.000182884801566337',eta0='0.0008272593854647256'
1.001398, 0.123700, 1.053961, 3, 0.052563, alpha='1.4230872500070733e-05',eta0='0.006316939148274451'
1.299747, 0.109500, 1.663578, 4, 0.363831, alpha='2.2846630938548465e-05',eta0='0.002562768925131167'
2.520396, 0.102100, 11.269801, 5, 8.749405, alpha='1.1855567325790051e-05',eta0='0.002695200285021778'
7.797162, 0.094600, 63.120396, 6, 55.323234, alpha='1.159416394850022e-05',eta0='0.002695200285021778'
