{
  "mean_cost": 0.43427147143153644,
  "finished_ta_runs": 199,
  "inc_changed": 6,
  "n_configs": 128,
  "submitted_ta_runs": 199,
  "ta_time_used": 9.002983331680298,
  "wallclock_time_used": 60.73104286193848,
  "dataset_id": 10101
}