"CPU Time Used","Estimated Training Performance","Wallclock Time","Incumbent ID","Automatic Configurator (CPU) Time","Configuration..."
0.000000, 2147483648.000000, 0.001460, 1, 0.001460, colsample_bytree='0.3908073678612709',eta='0.02197006114591668',max_depth='1',reg_lambda='0.025956378731779545'
0.021276, 0.500000, 0.023710, 1, 0.002434, colsample_bytree='0.3908073678612709',eta='0.02197006114591668',max_depth='1',reg_lambda='0.025956378731779545'
0.126409, 0.286200, 0.131369, 2, 0.004960, colsample_bytree='0.7864414579235017',eta='0.06876373473778273',max_depth='5',reg_lambda='2.180661802430785'
0.962389, 0.270800, 1.010872, 3, 0.048483, colsample_bytree='0.5481296327896417',eta='0.608797375855971',max_depth='1',reg_lambda='1.1244959152470722'
1.368305, 0.175100, 1.449762, 4, 0.081457, colsample_bytree='0.8134428126737475',eta='0.7203968592775708',max_depth='1',reg_lambda='0.01914638423964656'
1.749721, 0.174200, 5.116310, 5, 3.366589, colsample_bytree='0.8484526953971625',eta='0.7155933355132037',max_depth='1',reg_lambda='0.02032797361435388'
2.078197, 0.171700, 9.237199, 6, 7.159002, colsample_bytree='0.8117594216456467',eta='0.6567132239337862',max_depth='1',reg_lambda='0.019684508695651654'
