{"cpu_time": 0.0, "wallclock_time": 0.0014598369598388672, "evaluations": 0, "cost": 2147483648.0, "incumbent": ["colsample_bytree='0.3908073678612709'", "eta='0.02197006114591668'", "max_depth='1'", "reg_lambda='0.025956378731779545'"], "origin": "Sobol"}
{"cpu_time": 0.021275758743286133, "wallclock_time": 0.023710012435913086, "evaluations": 1, "cost": 0.5, "incumbent": ["colsample_bytree='0.3908073678612709'", "eta='0.02197006114591668'", "max_depth='1'", "reg_lambda='0.025956378731779545'"], "origin": "Sobol"}
{"cpu_time": 0.12640905380249023, "wallclock_time": 0.13136887550354004, "evaluations": 4, "cost": 0.2862, "incumbent": ["colsample_bytree='0.7864414579235017'", "eta='0.06876373473778273'", "max_depth='5'", "reg_lambda='2.180661802430785'"], "origin": "Sobol"}
{"cpu_time": 0.9623889923095703, "wallclock_time": 1.0108721256256104, "evaluations": 37, "cost": 0.2708, "incumbent": ["colsample_bytree='0.5481296327896417'", "eta='0.608797375855971'", "max_depth='1'", "reg_lambda='1.1244959152470722'"], "origin": "Sobol"}
{"cpu_time": 1.3683052062988281, "wallclock_time": 1.4497621059417725, "evaluations": 56, "cost": 0.1751, "incumbent": ["colsample_bytree='0.8134428126737475'", "eta='0.7203968592775708'", "max_depth='1'", "reg_lambda='0.01914638423964656'"], "origin": "Sobol"}
{"cpu_time": 1.749720811843872, "wallclock_time": 5.116310119628906, "evaluations": 74, "cost": 0.1742, "incumbent": ["colsample_bytree='0.8484526953971625'", "eta='0.7155933355132037'", "max_depth='1'", "reg_lambda='0.02032797361435388'"], "origin": "Local Search"}
{"cpu_time": 2.0781970024108887, "wallclock_time": 9.237199068069458, "evaluations": 90, "cost": 0.1717, "incumbent": ["colsample_bytree='0.8117594216456467'", "eta='0.6567132239337862'", "max_depth='1'", "reg_lambda='0.019684508695651654'"], "origin": "Local Search"}
