{
  "mean_cost": 0.04468249002857679,
  "finished_ta_runs": 300,
  "inc_changed": 11,
  "n_configs": 206,
  "submitted_ta_runs": 300,
  "ta_time_used": 505.2173526287079,
  "wallclock_time_used": 587.8433482646942,
  "dataset_id": 167140,
  "perf_time": 587.8506086250018
}