{
  "mean_cost": 0.7390989154878044,
  "finished_ta_runs": 300,
  "inc_changed": 3,
  "n_configs": 188,
  "submitted_ta_runs": 300,
  "ta_time_used": 21.293602228164673,
  "wallclock_time_used": 88.75765109062195,
  "dataset_id": 3560,
  "perf_time": 88.76722095900004
}