{
  "mean_cost": 0.03735896795126674,
  "finished_ta_runs": 300,
  "inc_changed": 8,
  "n_configs": 94,
  "submitted_ta_runs": 300,
  "ta_time_used": 1955.94593334198,
  "wallclock_time_used": 1981.723993062973,
  "dataset_id": 146824,
  "perf_time": 1981.757023208993
}