"CPU Time Used","Estimated Training Performance","Wallclock Time","Incumbent ID","Automatic Configurator (CPU) Time","Configuration..."
0.000000, 2147483648.000000, 0.001481, 1, 0.001481, colsample_bytree='0.569966175314039',eta='0.009556882986489993',max_depth='3',reg_lambda='0.0020776820882921045'
0.100308, 0.122200, 0.102788, 1, 0.002480, colsample_bytree='0.569966175314039',eta='0.009556882986489993',max_depth='3',reg_lambda='0.0020776820882921045'
0.749895, 0.075800, 0.760013, 2, 0.010118, colsample_bytree='0.7997161545790732',eta='0.8167090504942917',max_depth='1',reg_lambda='7.369638786139326'
2.763031, 0.065300, 2.791395, 3, 0.028364, colsample_bytree='0.6897349533624947',eta='0.11093751049628797',max_depth='5',reg_lambda='0.005625821167002132'
6.273468, 0.058500, 6.367844, 4, 0.094376, colsample_bytree='0.8084682528860867',eta='0.05027054478574182',max_depth='6',reg_lambda='0.12630572834813372'
8.280047, 0.053000, 11.560511, 5, 3.280464, colsample_bytree='0.8748854380022394',eta='0.0294750874769327',max_depth='6',reg_lambda='0.005534021648222453'
10.485596, 0.052800, 16.173739, 6, 5.688143, colsample_bytree='0.8819054156290023',eta='0.02942970904608944',max_depth='6',reg_lambda='0.004721742029801096'
18.978170, 0.052800, 1006.562420, 7, 987.584250, colsample_bytree='0.8811562899676736',eta='0.027682523581066543',max_depth='6',reg_lambda='0.0047522530109260375'
