{"cpu_time": 0.0, "wallclock_time": 0.0015501976013183594, "evaluations": 0, "cost": 2147483648.0, "incumbent": ["max_depth='2'", "max_features='0.4491682695224881'", "min_samples_leaf='1'", "min_samples_split='4'"], "origin": "Sobol"}
{"cpu_time": 0.19959115982055664, "wallclock_time": 0.20216917991638184, "evaluations": 1, "cost": 0.6667, "incumbent": ["max_depth='2'", "max_features='0.4491682695224881'", "min_samples_leaf='1'", "min_samples_split='4'"], "origin": "Sobol"}
{"cpu_time": 1.0522849559783936, "wallclock_time": 1.0586681365966797, "evaluations": 4, "cost": 0.08, "incumbent": ["max_depth='17'", "max_features='0.6137791713699698'", "min_samples_leaf='16'", "min_samples_split='18'"], "origin": "Sobol"}
{"cpu_time": 1.5962939262390137, "wallclock_time": 1.6052780151367188, "evaluations": 6, "cost": 0.057, "incumbent": ["max_depth='10'", "max_features='0.5'", "min_samples_leaf='1'", "min_samples_split='32'"], "origin": null}
{"cpu_time": 11.273775577545166, "wallclock_time": 11.340019941329956, "evaluations": 37, "cost": 0.056, "incumbent": ["max_depth='46'", "max_features='0.7485423665493727'", "min_samples_leaf='1'", "min_samples_split='7'"], "origin": "Sobol"}
{"cpu_time": 18.996942043304443, "wallclock_time": 19.648288011550903, "evaluations": 56, "cost": 0.0551, "incumbent": ["max_depth='19'", "max_features='0.8419510424103529'", "min_samples_leaf='1'", "min_samples_split='12'"], "origin": "Local Search"}
{"cpu_time": 22.521023988723755, "wallclock_time": 23.66059398651123, "evaluations": 62, "cost": 0.0547, "incumbent": ["max_depth='12'", "max_features='0.8713895983470429'", "min_samples_leaf='1'", "min_samples_split='10'"], "origin": "Local Search"}
{"cpu_time": 28.98594832420349, "wallclock_time": 32.65514612197876, "evaluations": 75, "cost": 0.0484, "incumbent": ["max_depth='12'", "max_features='0.5091172472434361'", "min_samples_leaf='4'", "min_samples_split='11'"], "origin": "Local Search"}
{"cpu_time": 34.399921894073486, "wallclock_time": 42.36448001861572, "evaluations": 93, "cost": 0.0472, "incumbent": ["max_depth='48'", "max_features='0.5113302573329153'", "min_samples_leaf='3'", "min_samples_split='2'"], "origin": "Local Search"}
{"cpu_time": 59.24163317680359, "wallclock_time": 86.81369805335999, "evaluations": 172, "cost": 0.0457, "incumbent": ["max_depth='11'", "max_features='0.5115748134804732'", "min_samples_leaf='1'", "min_samples_split='12'"], "origin": "Local Search"}
