"CPU Time Used","Estimated Training Performance","Wallclock Time","Incumbent ID","Automatic Configurator (CPU) Time","Configuration..."
0.000000, 2147483648.000000, 0.000541, 1, 0.000541, C='1.3600811985592882',gamma='0.09352602871548096'
0.006199, 0.333300, 0.007450, 1, 0.001251, C='1.3600811985592882',gamma='0.09352602871548096'
0.086098, 0.123900, 0.095928, 2, 0.009830, C='102.59827344587585',gamma='0.0039228031036218506'
0.302656, 0.041300, 0.623709, 3, 0.321053, C='888.6492870668287',gamma='0.0046196300361196155'
0.476239, 0.000000, 1.712315, 4, 1.236076, C='763.3882439960845',gamma='0.017907496374327272'
