{
  "mean_cost": 0.08932397568761197,
  "finished_ta_runs": 1,
  "inc_changed": 1,
  "n_configs": 1,
  "submitted_ta_runs": 1,
  "ta_time_used": 0.15053176879882812,
  "wallclock_time_used": 0.15224385261535645
}