{
  "mean_cost": 0.05266382323417451,
  "finished_ta_runs": 1,
  "inc_changed": 1,
  "n_configs": 1,
  "submitted_ta_runs": 1,
  "ta_time_used": 2.176666021347046,
  "wallclock_time_used": 2.1782219409942627,
  "dataset_id": 28,
  "perf_time": 2.1836796669999785
}