{"cpu_time": 0.0, "wallclock_time": 0.0015289783477783203, "evaluations": 0, "cost": 2147483648.0, "incumbent": ["max_depth='2'", "max_features='0.4491682695224881'", "min_samples_leaf='1'", "min_samples_split='4'"], "origin": "Sobol"}
{"cpu_time": 0.08901309967041016, "wallclock_time": 0.09142398834228516, "evaluations": 1, "cost": 0.3328, "incumbent": ["max_depth='2'", "max_features='0.4491682695224881'", "min_samples_leaf='1'", "min_samples_split='4'"], "origin": "Sobol"}
{"cpu_time": 0.41231679916381836, "wallclock_time": 0.41718387603759766, "evaluations": 4, "cost": 0.3137, "incumbent": ["max_depth='17'", "max_features='0.6137791713699698'", "min_samples_leaf='16'", "min_samples_split='18'"], "origin": "Sobol"}
{"cpu_time": 0.6464786529541016, "wallclock_time": 0.6533050537109375, "evaluations": 6, "cost": 0.3008, "incumbent": ["max_depth='10'", "max_features='0.5'", "min_samples_leaf='1'", "min_samples_split='32'"], "origin": null}
{"cpu_time": 5.664284944534302, "wallclock_time": 5.732148170471191, "evaluations": 49, "cost": 0.2837, "incumbent": ["max_depth='19'", "max_features='0.9526863796636462'", "min_samples_leaf='5'", "min_samples_split='4'"], "origin": "Sobol"}
{"cpu_time": 8.040951251983643, "wallclock_time": 11.453251123428345, "evaluations": 66, "cost": 0.2836, "incumbent": ["max_depth='21'", "max_features='0.8086753889816692'", "min_samples_leaf='5'", "min_samples_split='4'"], "origin": "Local Search"}
{"cpu_time": 11.684261322021484, "wallclock_time": 17.35529899597168, "evaluations": 87, "cost": 0.2826, "incumbent": ["max_depth='21'", "max_features='0.9608847462289344'", "min_samples_leaf='3'", "min_samples_split='10'"], "origin": "Local Search"}
{"cpu_time": 18.830273866653442, "wallclock_time": 33.74569320678711, "evaluations": 129, "cost": 0.2788, "incumbent": ["max_depth='20'", "max_features='0.8557097137289957'", "min_samples_leaf='3'", "min_samples_split='16'"], "origin": "Local Search"}
{"cpu_time": 25.632538080215454, "wallclock_time": 49.761472940444946, "evaluations": 170, "cost": 0.2767, "incumbent": ["max_depth='21'", "max_features='0.8328717266260335'", "min_samples_leaf='3'", "min_samples_split='14'"], "origin": "Local Search"}
