"CPU Time Used","Estimated Training Performance","Wallclock Time","Incumbent ID","Automatic Configurator (CPU) Time","Configuration..."
0.000000, 2147483648.000000, 0.000044, 1, 0.000044, C='1.0',gamma='0.1'
0.819539, 0.583200, 0.820220, 1, 0.000681, C='1.0',gamma='0.1'
15.929124, 0.565400, 15.946738, 2, 0.017614, C='16.640050128980878',gamma='0.02787815770602151'
23.633070, 0.565100, 23.661451, 3, 0.028381, C='7.175638647559039',gamma='0.09259999660241393'
34.880060, 0.543500, 34.924245, 4, 0.044185, C='367.5161020929368',gamma='0.05362665544757772'
173.690052, 0.541600, 174.138828, 5, 0.448776, C='208.82785161784798',gamma='0.08414383801530417'
