"CPU Time Used","Estimated Training Performance","Wallclock Time","Incumbent ID","Automatic Configurator (CPU) Time","Configuration..."
0.000000, 2147483648.000000, 0.000586, 1, 0.000586, alpha='0.00011227070295712931',eta0='0.0029096933833365197'
0.040741, 0.519200, 0.042167, 1, 0.001426, alpha='0.00011227070295712931',eta0='0.0029096933833365197'
0.123392, 0.519000, 0.127360, 2, 0.003968, alpha='0.09703148166773255',eta0='0.0033876811897594465'
0.178896, 0.508000, 0.184685, 3, 0.005789, alpha='0.001',eta0='0.01'
0.285144, 0.441100, 0.294366, 4, 0.009222, alpha='0.026542866188361353',eta0='8.075114966892127e-05'
1.365923, 0.434300, 2.584860, 5, 1.218937, alpha='0.0015278893827797419',eta0='7.816682187242625e-05'
1.837687, 0.433000, 5.638800, 6, 3.801113, alpha='0.0011842135301829188',eta0='9.217886730068784e-05'
2.076751, 0.430300, 6.837653, 7, 4.760902, alpha='0.0013344842836535684',eta0='8.672436049641042e-05'
