{"cpu_time": 0.0, "wallclock_time": 0.0016021728515625, "evaluations": 0, "cost": 2147483648.0, "incumbent": {"max_depth": 6, "max_features": 0.3290755869820714, "min_samples_leaf": 11, "min_samples_split": 2}, "budget": 0, "origin": "Sobol"}
{"cpu_time": 0.07225799560546875, "wallclock_time": 0.07481598854064941, "evaluations": 1, "cost": 0.281, "incumbent": {"max_depth": 6, "max_features": 0.3290755869820714, "min_samples_leaf": 11, "min_samples_split": 2}, "budget": 0, "origin": "Sobol"}
{"cpu_time": 0.7031903266906738, "wallclock_time": 0.7134950160980225, "evaluations": 10, "cost": 0.2447, "incumbent": {"max_depth": 18, "max_features": 0.9707894120365381, "min_samples_leaf": 5, "min_samples_split": 26}, "budget": 0, "origin": "Sobol"}
{"cpu_time": 2.597351551055908, "wallclock_time": 2.6433451175689697, "evaluations": 38, "cost": 0.2241, "incumbent": {"max_depth": 39, "max_features": 0.3087822897359729, "min_samples_leaf": 3, "min_samples_split": 7}, "budget": 0, "origin": "Sobol"}
{"cpu_time": 4.498138189315796, "wallclock_time": 6.286566257476807, "evaluations": 65, "cost": 0.1294, "incumbent": {"max_depth": 38, "max_features": 0.7839199142453565, "min_samples_leaf": 1, "min_samples_split": 6}, "budget": 0, "origin": "Random Search (sorted)"}
{"cpu_time": 5.030548334121704, "wallclock_time": 8.048063278198242, "evaluations": 72, "cost": 0.1251, "incumbent": {"max_depth": 37, "max_features": 0.6085695932333358, "min_samples_leaf": 1, "min_samples_split": 4}, "budget": 0, "origin": "Random Search (sorted)"}
{"cpu_time": 5.698431491851807, "wallclock_time": 10.908998250961304, "evaluations": 81, "cost": 0.1237, "incumbent": {"max_depth": 37, "max_features": 0.5199070614837856, "min_samples_leaf": 1, "min_samples_split": 4}, "budget": 0, "origin": "Local Search"}
{"cpu_time": 6.728621959686279, "wallclock_time": 14.254115104675293, "evaluations": 94, "cost": 0.1113, "incumbent": {"max_depth": 37, "max_features": 0.7972833844205158, "min_samples_leaf": 1, "min_samples_split": 4}, "budget": 0, "origin": "Local Search"}
{"cpu_time": 7.128674030303955, "wallclock_time": 14.667594909667969, "evaluations": 99, "cost": 0.1087, "incumbent": {"max_depth": 37, "max_features": 0.7727502076269641, "min_samples_leaf": 1, "min_samples_split": 4}, "budget": 0, "origin": "Local Search"}
{"cpu_time": 7.717515707015991, "wallclock_time": 16.681642293930054, "evaluations": 106, "cost": 0.1015, "incumbent": {"max_depth": 37, "max_features": 0.7023806680563178, "min_samples_leaf": 1, "min_samples_split": 2}, "budget": 0, "origin": "Local Search"}
{"cpu_time": 8.75911021232605, "wallclock_time": 19.38418197631836, "evaluations": 119, "cost": 0.0976, "incumbent": {"max_depth": 46, "max_features": 0.6811035157121941, "min_samples_leaf": 1, "min_samples_split": 2}, "budget": 0, "origin": "Local Search"}
{"cpu_time": 12.699400663375854, "wallclock_time": 36.220776319503784, "evaluations": 167, "cost": 0.0893, "incumbent": {"max_depth": 46, "max_features": 0.7786623844831372, "min_samples_leaf": 1, "min_samples_split": 2}, "budget": 0, "origin": "Local Search"}
