{
  "mean_cost": 0.3856015090573914,
  "finished_ta_runs": 300,
  "inc_changed": 5,
  "n_configs": 111,
  "submitted_ta_runs": 300,
  "ta_time_used": 3.829148530960083,
  "wallclock_time_used": 35.17448711395264,
  "dataset_id": 10101,
  "perf_time": 35.186449207991245
}