{
  "mean_cost": 0.05161739236403665,
  "finished_ta_runs": 149,
  "inc_changed": 3,
  "n_configs": 99,
  "submitted_ta_runs": 149,
  "ta_time_used": 33.466819047927856,
  "wallclock_time_used": 60.71147298812866,
  "dataset_id": 9946
}