{
  "data": [
    [
      [
        1,
        null,
        379248293,
        0.0
      ],
      [
        0.37289526872572476,
        0.2453920841217041,
        {
          "__enum__": "StatusType.SUCCESS"
        },
        1674410453.6281018,
        1674410453.873499,
        {}
      ]
    ]
  ],
  "config_origins": {
    "1": "Sobol"
  },
  "configs": {
    "1": {
      "max_depth": 2,
      "max_features": 0.4491682695224881,
      "min_samples_leaf": 1,
      "min_samples_split": 4
    }
  }
}