"CPU Time Used","Estimated Training Performance","Wallclock Time","Incumbent ID","Automatic Configurator (CPU) Time","Configuration..."
0.000000, 2147483648.000000, 0.000532, 1, 0.000532, C='0.08611366210550205',gamma='0.4942679928374453'
0.041817, 0.666700, 0.043107, 1, 0.001290, C='0.08611366210550205',gamma='0.4942679928374453'
0.171724, 0.644200, 0.175628, 2, 0.003904, C='19.433598606658386',gamma='9.232350409327609'
0.219717, 0.498200, 0.225213, 3, 0.005497, C='1.0',gamma='0.1'
0.520703, 0.477800, 0.537348, 4, 0.016645, C='4.532544074901469',gamma='0.03382327396632573'
1.215798, 0.476400, 2.328954, 5, 1.113156, C='8.896236162827972',gamma='0.029706260439932224'
