"CPU Time Used","Estimated Training Performance","Wallclock Time","Incumbent ID","Automatic Configurator (CPU) Time","Configuration..."
0.000000, 2147483648.000000, 0.000037, 1, 0.000037, C='1.0',gamma='0.1'
0.129773, 0.896200, 0.130461, 1, 0.000688, C='1.0',gamma='0.1'
0.948188, 0.882000, 0.953725, 2, 0.005537, C='52.455931369707116',gamma='0.0011373846877749554'
3.297262, 0.871200, 3.324292, 3, 0.027030, C='348.6879246606398',gamma='0.01954142554261534'
9.947185, 0.846200, 10.079778, 4, 0.132593, C='28.852020480185995',gamma='0.030620591434836336'
21.281183, 0.840700, 21.749877, 5, 0.468694, C='2.6415730618706297',gamma='0.024601629609663417'
