"CPU Time Used","Estimated Training Performance","Wallclock Time","Incumbent ID","Automatic Configurator (CPU) Time","Configuration..."
0.000000, 2147483648.000000, 0.000542, 1, 0.000542, alpha='0.0004126639093412234',eta0='0.0017613324954003418'
0.052426, 0.500000, 0.053715, 1, 0.001289, alpha='0.0004126639093412234',eta0='0.0017613324954003418'
0.147902, 0.467800, 0.151530, 2, 0.003628, alpha='0.037163815274404384',eta0='0.020029702345968858'
1.095726, 0.480700, 1.127986, 3, 0.032260, alpha='2.6979332069179497e-05',eta0='0.03342560639959951'
7.067669, 0.480700, 34.508005, 4, 27.440336, alpha='3.122629962769067e-05',eta0='0.019965475625680244'
7.231372, 0.480200, 34.691757, 5, 27.460385, alpha='3.1243680047734554e-05',eta0='0.01993854766167886'
7.330367, 0.479400, 35.509007, 6, 28.178640, alpha='0.0006776252982152923',eta0='0.0051910295065658646'
