"CPU Time Used","Estimated Training Performance","Wallclock Time","Incumbent ID","Automatic Configurator (CPU) Time","Configuration..."
0.000000, 2147483648.000000, 0.000041, 1, 0.000041, alpha='0.001',eta0='0.01'
0.086480, 0.184300, 0.087149, 1, 0.000669, alpha='0.001',eta0='0.01'
0.588025, 0.173600, 0.593510, 2, 0.005485, alpha='0.08477318530405828',eta0='1.1349690026383863e-05'
1.004043, 0.169700, 1.014084, 3, 0.010041, alpha='0.01706942529044376',eta0='0.0004888683437126603'
2.609600, 0.153900, 2.646166, 4, 0.036566, alpha='0.01373581320388105',eta0='3.6699345852038843e-05'
4.097202, 0.153700, 4.166378, 5, 0.069176, alpha='1.8505549186545808e-05',eta0='3.679075436917134e-05'
11.078672, 0.152700, 11.385786, 6, 0.307114, alpha='1.7703853780449696e-05',eta0='5.0021991455606925e-05'
25.242956, 0.151700, 26.543121, 7, 1.300165, alpha='4.822432746341849e-05',eta0='4.805988458831239e-05'
