"CPU Time Used","Estimated Training Performance","Wallclock Time","Incumbent ID","Automatic Configurator (CPU) Time","Configuration..."
0.000000, 2147483648.000000, 0.000591, 1, 0.000591, alpha='0.00011227070295712931',eta0='0.0029096933833365197'
3.197646, 0.707900, 3.199168, 1, 0.001522, alpha='0.00011227070295712931',eta0='0.0029096933833365197'
106.434953, 0.702000, 106.972801, 2, 0.537848, alpha='0.00010336185595014318',eta0='0.0011106584720414355'
181.704092, 0.701800, 185.491512, 3, 3.787420, alpha='9.041564290176251e-05',eta0='0.0017909069351584837'
294.908403, 0.701600, 305.483176, 4, 10.574773, alpha='3.0991046164877214e-05',eta0='0.001765041823099932'
442.683257, 0.701400, 459.811499, 5, 17.128242, alpha='0.00010928827337896213',eta0='0.0017582903459441002'
458.385917, 0.701200, 475.531917, 6, 17.146000, alpha='0.00010555382502711313',eta0='0.0017537305105692772'
754.271965, 0.701200, 792.189874, 7, 37.917909, alpha='1.4153643781501437e-05',eta0='0.0017571629656701285'
911.588439, 0.700900, 958.952276, 8, 47.363837, alpha='1.2256358867556547e-05',eta0='0.0012287677205014942'
