{"cpu_time": 0.0, "wallclock_time": 0.0005908012390136719, "evaluations": 0, "cost": 2147483648.0, "incumbent": {"alpha": 0.00011227070295712931, "eta0": 0.0029096933833365197}, "budget": 0, "origin": "Sobol"}
{"cpu_time": 3.197646141052246, "wallclock_time": 3.1991679668426514, "evaluations": 1, "cost": 0.7079, "incumbent": {"alpha": 0.00011227070295712931, "eta0": 0.0029096933833365197}, "budget": 0, "origin": "Sobol"}
{"cpu_time": 106.43495273590088, "wallclock_time": 106.97280097007751, "evaluations": 34, "cost": 0.702, "incumbent": {"alpha": 0.00010336185595014318, "eta0": 0.0011106584720414355}, "budget": 0, "origin": "Random Search (sorted)"}
{"cpu_time": 181.70409226417542, "wallclock_time": 185.49151182174683, "evaluations": 58, "cost": 0.7018, "incumbent": {"alpha": 9.041564290176251e-05, "eta0": 0.0017909069351584837}, "budget": 0, "origin": "Local Search"}
{"cpu_time": 294.9084026813507, "wallclock_time": 305.4831759929657, "evaluations": 94, "cost": 0.7016, "incumbent": {"alpha": 3.0991046164877214e-05, "eta0": 0.001765041823099932}, "budget": 0, "origin": "Local Search"}
{"cpu_time": 442.68325662612915, "wallclock_time": 459.81149888038635, "evaluations": 141, "cost": 0.7014, "incumbent": {"alpha": 0.00010928827337896213, "eta0": 0.0017582903459441002}, "budget": 0, "origin": "Local Search"}
{"cpu_time": 458.38591718673706, "wallclock_time": 475.53191685676575, "evaluations": 146, "cost": 0.7012, "incumbent": {"alpha": 0.00010555382502711313, "eta0": 0.0017537305105692772}, "budget": 0, "origin": "Local Search"}
{"cpu_time": 754.2719650268555, "wallclock_time": 792.1898739337921, "evaluations": 238, "cost": 0.7012, "incumbent": {"alpha": 1.4153643781501437e-05, "eta0": 0.0017571629656701285}, "budget": 0, "origin": "Local Search"}
{"cpu_time": 911.5884385108948, "wallclock_time": 958.9522759914398, "evaluations": 287, "cost": 0.7009, "incumbent": {"alpha": 1.2256358867556547e-05, "eta0": 0.0012287677205014942}, "budget": 0, "origin": "Random Search (sorted)"}
