{
  "mean_cost": 0.33333333333333337,
  "finished_ta_runs": 2,
  "inc_changed": 1,
  "n_configs": 1,
  "submitted_ta_runs": 2,
  "ta_time_used": 0.011511802673339844,
  "wallclock_time_used": 0.013262033462524414,
  "dataset_id": 11,
  "perf_time": 0.021160624999538413
}