"CPU Time Used","Estimated Training Performance","Wallclock Time","Incumbent ID","Automatic Configurator (CPU) Time","Configuration..."
0.000000, 2147483648.000000, 0.000542, 1, 0.000542, C='1.3600811985592882',gamma='0.09352602871548096'
0.009643, 0.050900, 0.010878, 1, 0.001235, C='1.3600811985592882',gamma='0.09352602871548096'
0.148766, 0.022600, 0.168096, 2, 0.019330, C='0.6293526165094239',gamma='0.0012324628012758837'
0.329287, 0.020400, 2.055653, 3, 1.726366, C='5.536613204332197',gamma='0.004757067493751809'
0.422242, 0.015100, 3.661726, 4, 3.239484, C='5.057624642761999',gamma='0.002833546312022874'
