"CPU Time Used","Estimated Training Performance","Wallclock Time","Incumbent ID","Automatic Configurator (CPU) Time","Configuration..."
0.000000, 2147483648.000000, 0.000037, 1, 0.000037, C='1.0',gamma='0.1'
0.017960, 0.764600, 0.018543, 1, 0.000583, C='1.0',gamma='0.1'
0.260550, 0.712300, 0.281575, 2, 0.021025, C='7.175638647559039',gamma='0.09259999660241393'
2.882761, 0.684900, 3.525958, 3, 0.643197, C='1.2041867235962613',gamma='0.18903443435394532'
