"CPU Time Used","Estimated Training Performance","Wallclock Time","Incumbent ID","Automatic Configurator (CPU) Time","Configuration..."
0.000000, 2147483648.000000, 0.000034, 1, 0.000034, alpha='0.001',eta0='0.01'
6.411071, 0.081700, 6.411845, 1, 0.000774, alpha='0.001',eta0='0.01'
43.983951, 0.026500, 43.992583, 2, 0.008632, alpha='0.08477318530405828',eta0='1.1349690026383863e-05'
756.137262, 0.023600, 756.645570, 3, 0.508308, alpha='0.17044186696649344',eta0='3.427710860674099e-05'
3007.353925, 0.023000, 3012.652831, 4, 5.298906, alpha='0.20898948529128367',eta0='1.1490769199399386e-05'
