{
  "mean_cost": 0.36363997884099875,
  "finished_ta_runs": 2,
  "inc_changed": 1,
  "n_configs": 1,
  "submitted_ta_runs": 2,
  "ta_time_used": 0.23554086685180664,
  "wallclock_time_used": 0.23764300346374512,
  "dataset_id": 3902,
  "perf_time": 0.24346662500011007
}