"CPU Time Used","Estimated Training Performance","Wallclock Time","Incumbent ID","Automatic Configurator (CPU) Time","Configuration..."
0.000000, 2147483648.000000, 0.001424, 1, 0.001424, colsample_bytree='0.569966175314039',eta='0.009556882986489993',max_depth='3',reg_lambda='0.0020776820882921045'
0.073827, 0.449100, 0.076201, 1, 0.002374, colsample_bytree='0.569966175314039',eta='0.009556882986489993',max_depth='3',reg_lambda='0.0020776820882921045'
0.167147, 0.445200, 0.171995, 2, 0.004848, colsample_bytree='0.16842876113951205',eta='0.057518979203087454',max_depth='1',reg_lambda='907.9118723498699'
0.655807, 0.330700, 0.662316, 3, 0.006509, colsample_bytree='1.0',eta='0.3',max_depth='10',reg_lambda='1.0'
2.331960, 0.323100, 2.356021, 4, 0.024061, colsample_bytree='0.2573687224648893',eta='0.6313084526826623',max_depth='6',reg_lambda='4.454046125229204'
12.176689, 0.322700, 47.619272, 5, 35.442583, colsample_bytree='0.7963291963659056',eta='0.6670007639995382',max_depth='8',reg_lambda='6.430518531605266'
13.027204, 0.320500, 49.142840, 6, 36.115636, colsample_bytree='0.9527089717669522',eta='0.6193372971370295',max_depth='6',reg_lambda='9.301932869183695'
27.546612, 0.318400, 143.789019, 7, 116.242407, colsample_bytree='0.955106328344671',eta='0.6139282148761815',max_depth='6',reg_lambda='9.319526269041411'
29.599245, 0.316800, 148.974588, 8, 119.375343, colsample_bytree='0.7932737847707872',eta='0.6658928630128926',max_depth='6',reg_lambda='4.4420761453738775'
