"CPU Time Used","Estimated Training Performance","Wallclock Time","Incumbent ID","Automatic Configurator (CPU) Time","Configuration..."
0.000000, 2147483648.000000, 0.000547, 1, 0.000547, alpha='0.0004126639093412234',eta0='0.0017613324954003418'
3.028067, 0.040200, 3.029526, 1, 0.001459, alpha='0.0004126639093412234',eta0='0.0017613324954003418'
48.869259, 0.033400, 48.891062, 2, 0.021803, alpha='1.3751027885583958e-05',eta0='0.0001426968473177047'
98.811836, 0.032300, 98.865560, 3, 0.053723, alpha='0.00014331222076014103',eta0='0.0006285756509200554'
160.901948, 0.030000, 162.431804, 4, 1.529855, alpha='0.00014794774992036485',eta0='6.103558038711069e-05'
194.885313, 0.029400, 197.059687, 5, 2.174374, alpha='0.00014676583468947166',eta0='4.2364786963042654e-05'
290.927088, 0.026900, 297.007937, 6, 6.080849, alpha='0.00014676583468947166',eta0='2.8983003780308108e-05'
