"CPU Time Used","Estimated Training Performance","Wallclock Time","Incumbent ID","Automatic Configurator (CPU) Time","Configuration..."
0.000000, 2147483648.000000, 0.000035, 1, 0.000035, C='1.0',gamma='0.1'
0.535636, 0.892600, 0.536403, 1, 0.000767, C='1.0',gamma='0.1'
2.159838, 0.659300, 2.164451, 2, 0.004613, C='167.43465269107315',gamma='0.010473312293162985'
9.165533, 0.170800, 9.189720, 3, 0.024187, C='1.9695969079413513',gamma='0.0066983131773587995'
33.100446, 0.020800, 33.257635, 4, 0.157189, C='679.0325401248423',gamma='0.0030357544050474464'
52.115381, 0.018400, 52.438907, 5, 0.323527, C='1.3577833231108003',gamma='0.0023769411823143316'
94.517521, 0.015600, 95.417774, 6, 0.900254, C='1.3223942490815643',gamma='0.0010851536715203332'
