"CPU Time Used","Estimated Training Performance","Wallclock Time","Incumbent ID","Automatic Configurator (CPU) Time","Configuration..."
0.000000, 2147483648.000000, 0.000534, 1, 0.000534, C='0.017961675793542162',gamma='0.9046232030638993'
0.019747, 0.500000, 0.020998, 1, 0.001251, C='0.017961675793542162',gamma='0.9046232030638993'
1.004602, 0.488700, 1.083483, 2, 0.078881, C='176.75556488562856',gamma='0.002712060563487799'
1.256915, 0.484000, 1.623476, 3, 0.366561, C='145.61308910829172',gamma='0.001336265421896596'
1.896079, 0.479000, 4.421258, 4, 2.525179, C='120.03891577439441',gamma='0.001183083359642293'
2.004291, 0.472700, 4.541665, 5, 2.537374, C='118.33315629022576',gamma='0.0010297168691298375'
3.098502, 0.470800, 9.690729, 6, 6.592227, C='6.490988860758047',gamma='0.0010254059534859957'
