"CPU Time Used","Estimated Training Performance","Wallclock Time","Incumbent ID","Automatic Configurator (CPU) Time","Configuration..."
0.000000, 2147483648.000000, 0.000545, 1, 0.000545, C='0.08611366210550205',gamma='0.4942679928374453'
0.189402, 0.500000, 0.190715, 1, 0.001313, C='0.08611366210550205',gamma='0.4942679928374453'
0.783434, 0.482000, 0.789432, 2, 0.005998, C='19.433598606658386',gamma='9.232350409327609'
1.590839, 0.115100, 1.601913, 3, 0.011074, C='69.38389384208695',gamma='0.0015531477828170245'
5.311049, 0.082500, 5.829048, 4, 0.517999, C='2.1892246015976244',gamma='0.0015888505128264466'
12.865061, 0.080300, 25.748324, 5, 12.883264, C='2.001910809775172',gamma='0.001185170551450898'
14.410405, 0.077100, 31.092879, 6, 16.682474, C='10.7114377142723',gamma='0.001182376819832706'
15.211446, 0.076700, 35.564255, 7, 20.352809, C='6.508657742819369',gamma='0.0011046844530572893'
16.144829, 0.046000, 37.903493, 8, 21.758664, C='5.743444731001057',gamma='0.001062908979333921'
