"CPU Time Used","Estimated Training Performance","Wallclock Time","Incumbent ID","Automatic Configurator (CPU) Time","Configuration..."
0.000000, 2147483648.000000, 0.000311, 1, 0.000311, C='0.08611366210550205',gamma='0.4942679928374453'
3.742178, 0.500000, 3.743144, 1, 0.000966, C='0.08611366210550205',gamma='0.4942679928374453'
