{
  "mean_cost": 0.8051026053054451,
  "finished_ta_runs": 1,
  "inc_changed": 1,
  "n_configs": 1,
  "submitted_ta_runs": 1,
  "ta_time_used": 0.41328907012939453,
  "wallclock_time_used": 0.4147944450378418,
  "dataset_id": 146817,
  "perf_time": 0.4225185000004785
}