"CPU Time Used","Estimated Training Performance","Wallclock Time","Incumbent ID","Automatic Configurator (CPU) Time","Configuration..."
0.000000, 2147483648.000000, 0.000036, 1, 0.000036, C='1.0',gamma='0.1'
0.005117, 0.500000, 0.005689, 1, 0.000572, C='1.0',gamma='0.1'
0.075087, 0.115400, 0.084087, 2, 0.009001, C='7.615166584313989',gamma='0.10560628945782698'
0.505867, 0.111100, 0.659193, 3, 0.153326, C='45.24791981555736',gamma='0.012564532444270405'
