{"cpu_time": 0.0, "wallclock_time": 0.00024318695068359375, "evaluations": 0, "cost": 2147483648.0, "incumbent": ["alpha='0.0004126639093412234'", "eta0='0.0017613324954003418'"], "origin": "Sobol"}
{"cpu_time": 0.6930780410766602, "wallclock_time": 0.6939501762390137, "evaluations": 1, "cost": 0.233, "incumbent": ["alpha='0.0004126639093412234'", "eta0='0.0017613324954003418'"], "origin": "Sobol"}
