"CPU Time Used","Estimated Training Performance","Wallclock Time","Incumbent ID","Automatic Configurator (CPU) Time","Configuration..."
0.000000, 2147483648.000000, 0.000243, 1, 0.000243, alpha='0.0004126639093412234',eta0='0.0017613324954003418'
0.693078, 0.233000, 0.693950, 1, 0.000872, alpha='0.0004126639093412234',eta0='0.0017613324954003418'
