{
  "mean_cost": 0.4189551433711892,
  "finished_ta_runs": 300,
  "inc_changed": 11,
  "n_configs": 156,
  "submitted_ta_runs": 300,
  "ta_time_used": 526.9699773788452,
  "wallclock_time_used": 577.1599411964417,
  "dataset_id": 3904,
  "perf_time": 577.1845381250023
}