"CPU Time Used","Estimated Training Performance","Wallclock Time","Incumbent ID","Automatic Configurator (CPU) Time","Configuration..."
0.000000, 2147483648.000000, 0.000540, 1, 0.000540, alpha='0.00011227070295712931',eta0='0.0029096933833365197'
0.682244, 0.248300, 0.683576, 1, 0.001332, alpha='0.00011227070295712931',eta0='0.0029096933833365197'
4.740848, 0.172000, 4.747549, 2, 0.006701, alpha='0.026542866188361353',eta0='8.075114966892127e-05'
18.640560, 0.163000, 18.676015, 3, 0.035455, alpha='8.493190945563282e-05',eta0='3.713240341799095e-05'
57.127213, 0.162100, 64.409142, 4, 7.281929, alpha='8.447404125292092e-05',eta0='3.2490655791101485e-05'
60.517656, 0.161200, 67.812088, 5, 7.294432, alpha='8.457267829135425e-05',eta0='3.206947758393059e-05'
