"CPU Time Used","Estimated Training Performance","Wallclock Time","Incumbent ID","Automatic Configurator (CPU) Time","Configuration..."
0.000000, 2147483648.000000, 0.000040, 1, 0.000040, C='1.0',gamma='0.1'
0.825163, 0.583200, 0.825839, 1, 0.000676, C='1.0',gamma='0.1'
8.872419, 0.559900, 8.881196, 2, 0.008777, C='7.615166584313989',gamma='0.10560628945782698'
21.675920, 0.545400, 21.700569, 3, 0.024649, C='66.34037087131655',gamma='0.15373657531118262'
121.976691, 0.544000, 122.258986, 4, 0.282295, C='201.81285260348093',gamma='0.2424990133158826'
223.056737, 0.540900, 223.807719, 5, 0.750982, C='183.05758398066453',gamma='0.1997193369645486'
498.965450, 0.535700, 502.115905, 6, 3.150455, C='185.15129861810647',gamma='0.08074563673909503'
