"CPU Time Used","Estimated Training Performance","Wallclock Time","Incumbent ID","Automatic Configurator (CPU) Time","Configuration..."
0.000000, 2147483648.000000, 0.000566, 1, 0.000566, C='0.017961675793542162',gamma='0.9046232030638993'
0.297453, 0.666700, 0.298795, 1, 0.001342, C='0.017961675793542162',gamma='0.9046232030638993'
1.181404, 0.539400, 1.185996, 2, 0.004592, C='61.71933670840937',gamma='1.0864412265106145'
1.784933, 0.510500, 1.791166, 3, 0.006233, C='1.0',gamma='0.1'
2.456057, 0.086700, 2.465749, 4, 0.009692, C='12.958180650233897',gamma='0.01207858159167579'
7.823090, 0.086000, 8.383806, 5, 0.560716, C='7.674253055722462',gamma='0.013494373662403856'
9.389050, 0.080600, 10.531598, 6, 1.142548, C='1.085193784202167',gamma='0.013038022571105458'
12.890434, 0.079700, 16.684379, 7, 3.793945, C='1.2405557794874353',gamma='0.013221990411269143'
