{
  "mean_cost": 0.12875420404738142,
  "finished_ta_runs": 300,
  "inc_changed": 7,
  "n_configs": 177,
  "submitted_ta_runs": 300,
  "ta_time_used": 31.458667039871216,
  "wallclock_time_used": 170.55992698669434,
  "dataset_id": 146820,
  "perf_time": 170.59779366699513
}