"CPU Time Used","Estimated Training Performance","Wallclock Time","Incumbent ID","Automatic Configurator (CPU) Time","Configuration..."
0.000000, 2147483648.000000, 0.000586, 1, 0.000586, alpha='0.0040824718253228975',eta0='0.00044195488125554607'
0.483581, 0.441500, 0.484990, 1, 0.001409, alpha='0.0040824718253228975',eta0='0.00044195488125554607'
8.829460, 0.413100, 8.852051, 2, 0.022591, alpha='1.4230872500070733e-05',eta0='0.006316939148274451'
18.823538, 0.408100, 20.482684, 3, 1.659146, alpha='1.3543508176442796e-05',eta0='0.004048920007472584'
60.135353, 0.406100, 86.723660, 4, 26.588307, alpha='1.0555263538571555e-05',eta0='0.003990497822606866'
84.155961, 0.405200, 126.538550, 5, 42.382589, alpha='1.0225765338641379e-05',eta0='0.003925246826523456'
