{
  "mean_cost": 0.13461191712541032,
  "finished_ta_runs": 503,
  "inc_changed": 1,
  "n_configs": 479,
  "submitted_ta_runs": 503,
  "ta_time_used": 115.96337103843689,
  "wallclock_time_used": 120.03076601028442,
  "dataset_id": 9952
}