{"cpu_time": 0.0, "wallclock_time": 0.00061798095703125, "evaluations": 0, "cost": 2147483648.0, "incumbent": {"C": 1.3600811985592882, "gamma": 0.09352602871548096}, "budget": 0, "origin": "Sobol"}
{"cpu_time": 0.48003506660461426, "wallclock_time": 0.481395959854126, "evaluations": 1, "cost": 0.2572, "incumbent": {"C": 1.3600811985592882, "gamma": 0.09352602871548096}, "budget": 0, "origin": "Sobol"}
{"cpu_time": 5.073498725891113, "wallclock_time": 5.084880828857422, "evaluations": 13, "cost": 0.1302, "incumbent": {"C": 102.59827344587585, "gamma": 0.0039228031036218506}, "budget": 0, "origin": "Sobol"}
{"cpu_time": 14.92048978805542, "wallclock_time": 15.42452883720398, "evaluations": 38, "cost": 0.1286, "incumbent": {"C": 124.76308794853887, "gamma": 0.0036821103698472407}, "budget": 0, "origin": "Random Search (sorted)"}
{"cpu_time": 20.512097597122192, "wallclock_time": 23.04665493965149, "evaluations": 55, "cost": 0.1282, "incumbent": {"C": 138.52272145328027, "gamma": 0.0036821103698472407}, "budget": 0, "origin": "Local Search"}
{"cpu_time": 23.799123525619507, "wallclock_time": 26.931801795959473, "evaluations": 66, "cost": 0.1051, "incumbent": {"C": 140.23959799604222, "gamma": 0.0011768872319159803}, "budget": 0, "origin": "Local Search"}
{"cpu_time": 25.212870836257935, "wallclock_time": 28.355772018432617, "evaluations": 71, "cost": 0.1023, "incumbent": {"C": 140.12310759331442, "gamma": 0.001098962023651617}, "budget": 0, "origin": "Local Search"}
{"cpu_time": 26.563313245773315, "wallclock_time": 29.71617317199707, "evaluations": 76, "cost": 0.1019, "incumbent": {"C": 137.47783411171665, "gamma": 0.0011497265843631}, "budget": 0, "origin": "Local Search"}
{"cpu_time": 30.095606565475464, "wallclock_time": 35.413806200027466, "evaluations": 88, "cost": 0.1011, "incumbent": {"C": 135.9789230996469, "gamma": 0.0011274708393551529}, "budget": 0, "origin": "Local Search"}
