"CPU Time Used","Estimated Training Performance","Wallclock Time","Incumbent ID","Automatic Configurator (CPU) Time","Configuration..."
0.000000, 2147483648.000000, 0.000618, 1, 0.000618, C='1.3600811985592882',gamma='0.09352602871548096'
0.480035, 0.257200, 0.481396, 1, 0.001361, C='1.3600811985592882',gamma='0.09352602871548096'
5.073499, 0.130200, 5.084881, 2, 0.011382, C='102.59827344587585',gamma='0.0039228031036218506'
14.920490, 0.128600, 15.424529, 3, 0.504039, C='124.76308794853887',gamma='0.0036821103698472407'
20.512098, 0.128200, 23.046655, 4, 2.534557, C='138.52272145328027',gamma='0.0036821103698472407'
23.799124, 0.105100, 26.931802, 5, 3.132678, C='140.23959799604222',gamma='0.0011768872319159803'
25.212871, 0.102300, 28.355772, 6, 3.142901, C='140.12310759331442',gamma='0.001098962023651617'
26.563313, 0.101900, 29.716173, 7, 3.152860, C='137.47783411171665',gamma='0.0011497265843631'
30.095607, 0.101100, 35.413806, 8, 5.318200, C='135.9789230996469',gamma='0.0011274708393551529'
