{"cpu_time": 0.0, "wallclock_time": 3.504753112792969e-05, "evaluations": 0, "cost": 2147483648.0, "incumbent": ["C='1.0'", "gamma='0.1'"], "origin": "Default"}
{"cpu_time": 0.13371872901916504, "wallclock_time": 0.13440299034118652, "evaluations": 1, "cost": 0.8962, "incumbent": ["C='1.0'", "gamma='0.1'"], "origin": "Default"}
