"CPU Time Used","Estimated Training Performance","Wallclock Time","Incumbent ID","Automatic Configurator (CPU) Time","Configuration..."
0.000000, 2147483648.000000, 0.000214, 1, 0.000214, alpha='0.0004126639093412234',eta0='0.0017613324954003418'
0.136666, 0.407200, 0.137477, 1, 0.000811, alpha='0.0004126639093412234',eta0='0.0017613324954003418'
