{"cpu_time": 0.0, "wallclock_time": 0.00021409988403320312, "evaluations": 0, "cost": 2147483648.0, "incumbent": {"alpha": 0.0004126639093412234, "eta0": 0.0017613324954003418}, "budget": 0, "origin": "Sobol"}
{"cpu_time": 0.13666629791259766, "wallclock_time": 0.13747715950012207, "evaluations": 1, "cost": 0.4072, "incumbent": {"alpha": 0.0004126639093412234, "eta0": 0.0017613324954003418}, "budget": 0, "origin": "Sobol"}
