{"cpu_time": 0.0, "wallclock_time": 0.001600027084350586, "evaluations": 0, "cost": 2147483648.0, "incumbent": {"max_depth": 2, "max_features": 0.4491682695224881, "min_samples_leaf": 1, "min_samples_split": 4}, "budget": 0, "origin": "Sobol"}
{"cpu_time": 0.09500002861022949, "wallclock_time": 0.09759187698364258, "evaluations": 1, "cost": 0.4333, "incumbent": {"max_depth": 2, "max_features": 0.4491682695224881, "min_samples_leaf": 1, "min_samples_split": 4}, "budget": 0, "origin": "Sobol"}
{"cpu_time": 0.4173619747161865, "wallclock_time": 0.4226341247558594, "evaluations": 4, "cost": 0.201, "incumbent": {"max_depth": 17, "max_features": 0.6137791713699698, "min_samples_leaf": 16, "min_samples_split": 18}, "budget": 0, "origin": "Sobol"}
{"cpu_time": 0.6326298713684082, "wallclock_time": 0.639808177947998, "evaluations": 6, "cost": 0.1599, "incumbent": {"max_depth": 10, "max_features": 0.5, "min_samples_leaf": 1, "min_samples_split": 32}, "budget": 0, "origin": null}
{"cpu_time": 0.9754724502563477, "wallclock_time": 0.9863450527191162, "evaluations": 10, "cost": 0.1182, "incumbent": {"max_depth": 9, "max_features": 0.10657401569187641, "min_samples_leaf": 8, "min_samples_split": 6}, "budget": 0, "origin": "Sobol"}
{"cpu_time": 4.574462175369263, "wallclock_time": 4.627197980880737, "evaluations": 41, "cost": 0.0664, "incumbent": {"max_depth": 46, "max_features": 0.7485423665493727, "min_samples_leaf": 1, "min_samples_split": 7}, "budget": 0, "origin": "Sobol"}
{"cpu_time": 10.761589050292969, "wallclock_time": 21.374040842056274, "evaluations": 84, "cost": 0.0558, "incumbent": {"max_depth": 46, "max_features": 0.747242321623452, "min_samples_leaf": 1, "min_samples_split": 3}, "budget": 0, "origin": "Local Search"}
{"cpu_time": 12.908418893814087, "wallclock_time": 27.818039894104004, "evaluations": 99, "cost": 0.0345, "incumbent": {"max_depth": 48, "max_features": 0.07803610245867662, "min_samples_leaf": 1, "min_samples_split": 3}, "budget": 0, "origin": "Local Search"}
