{
  "mean_cost": 0.33055400020046805,
  "finished_ta_runs": 732,
  "inc_changed": 6,
  "n_configs": 698,
  "submitted_ta_runs": 732,
  "ta_time_used": 111.62983679771423,
  "wallclock_time_used": 120.08615779876709,
  "dataset_id": 3902
}