{
  "mean_cost": 0.1748685247644226,
  "finished_ta_runs": 300,
  "inc_changed": 7,
  "n_configs": 114,
  "submitted_ta_runs": 300,
  "ta_time_used": 20.270562648773193,
  "wallclock_time_used": 47.78078007698059,
  "dataset_id": 16,
  "perf_time": 47.79314387499471
}