"CPU Time Used","Estimated Training Performance","Wallclock Time","Incumbent ID","Automatic Configurator (CPU) Time","Configuration..."
0.000000, 2147483648.000000, 0.001468, 1, 0.001468, colsample_bytree='0.3908073678612709',eta='0.02197006114591668',max_depth='1',reg_lambda='0.025956378731779545'
0.017927, 0.500000, 0.020374, 1, 0.002447, colsample_bytree='0.3908073678612709',eta='0.02197006114591668',max_depth='1',reg_lambda='0.025956378731779545'
0.099671, 0.048700, 0.104562, 2, 0.004891, colsample_bytree='0.7864414579235017',eta='0.06876373473778273',max_depth='5',reg_lambda='2.180661802430785'
0.169223, 0.012600, 0.175771, 3, 0.006547, colsample_bytree='1.0',eta='0.3',max_depth='10',reg_lambda='1.0'
0.666175, 0.000000, 0.698120, 4, 0.031945, colsample_bytree='0.8665420586243272',eta='0.19437543650629796',max_depth='4',reg_lambda='0.002771788600998199'
