{
  "mean_cost": 0.40534850996236066,
  "finished_ta_runs": 2,
  "inc_changed": 1,
  "n_configs": 1,
  "submitted_ta_runs": 2,
  "ta_time_used": 13.915214538574219,
  "wallclock_time_used": 13.917650938034058,
  "dataset_id": 167125,
  "perf_time": 13.931234167000184
}