{"cpu_time": 0.0, "wallclock_time": 0.0014309883117675781, "evaluations": 0, "cost": 2147483648.0, "incumbent": ["colsample_bytree='0.569966175314039'", "eta='0.009556882986489993'", "max_depth='3'", "reg_lambda='0.0020776820882921045'"], "origin": "Sobol"}
{"cpu_time": 0.03248715400695801, "wallclock_time": 0.03491497039794922, "evaluations": 1, "cost": 0.5, "incumbent": ["colsample_bytree='0.569966175314039'", "eta='0.009556882986489993'", "max_depth='3'", "reg_lambda='0.0020776820882921045'"], "origin": "Sobol"}
{"cpu_time": 0.3221735954284668, "wallclock_time": 0.33475494384765625, "evaluations": 13, "cost": 0.3375, "incumbent": ["colsample_bytree='0.7997161545790732'", "eta='0.8167090504942917'", "max_depth='1'", "reg_lambda='7.369638786139326'"], "origin": "Sobol"}
{"cpu_time": 0.4461245536804199, "wallclock_time": 0.4624061584472656, "evaluations": 17, "cost": 0.2862, "incumbent": ["colsample_bytree='1.0'", "eta='0.3'", "max_depth='10'", "reg_lambda='1.0'"], "origin": null}
{"cpu_time": 0.822199821472168, "wallclock_time": 0.862929105758667, "evaluations": 36, "cost": 0.2542, "incumbent": ["colsample_bytree='0.12470506532117726'", "eta='0.3768585089263951'", "max_depth='1'", "reg_lambda='0.008781008183885218'"], "origin": "Sobol"}
{"cpu_time": 2.03975248336792, "wallclock_time": 10.662904024124146, "evaluations": 96, "cost": 0.1751, "incumbent": ["colsample_bytree='0.34173090854011967'", "eta='0.3768585089263951'", "max_depth='1'", "reg_lambda='0.008809767439450097'"], "origin": "Local Search"}
