"CPU Time Used","Estimated Training Performance","Wallclock Time","Incumbent ID","Automatic Configurator (CPU) Time","Configuration..."
0.000000, 2147483648.000000, 0.000041, 1, 0.000041, C='1.0',gamma='0.1'
0.007548, 0.333300, 0.008215, 1, 0.000667, C='1.0',gamma='0.1'
0.029703, 0.041300, 0.032904, 2, 0.003201, C='167.43465269107315',gamma='0.010473312293162985'
0.325449, 0.000000, 0.380330, 3, 0.054881, C='871.5114118311369',gamma='0.019532202976770125'
