{
  "mean_cost": 0.18897220102218068,
  "finished_ta_runs": 1280,
  "inc_changed": 10,
  "n_configs": 1010,
  "submitted_ta_runs": 1280,
  "ta_time_used": 1054.558691740036,
  "wallclock_time_used": 1081.5792770385742,
  "dataset_id": 29
}