"CPU Time Used","Estimated Training Performance","Wallclock Time","Incumbent ID","Automatic Configurator (CPU) Time","Configuration..."
0.000000, 2147483648.000000, 0.000534, 1, 0.000534, alpha='0.00011227070295712931',eta0='0.0029096933833365197'
0.416276, 0.408700, 0.417570, 1, 0.001294, alpha='0.00011227070295712931',eta0='0.0029096933833365197'
14.155565, 0.423900, 15.422201, 2, 1.266636, alpha='0.0001476039497000976',eta0='0.002615842365711651'
36.324182, 0.422600, 44.233831, 3, 7.909649, alpha='0.00011798386564976819',eta0='0.002150267840887322'
