{
  "mean_cost": 0.14667769954452045,
  "finished_ta_runs": 300,
  "inc_changed": 2,
  "n_configs": 120,
  "submitted_ta_runs": 300,
  "ta_time_used": 154.0811538696289,
  "wallclock_time_used": 191.67901015281677,
  "dataset_id": 28,
  "perf_time": 191.6940327919947
}