{"cpu_time": 0.0, "wallclock_time": 0.0005619525909423828, "evaluations": 0, "cost": 2147483648.0, "incumbent": ["alpha='0.0004126639093412234'", "eta0='0.0017613324954003418'"], "origin": "Sobol"}
{"cpu_time": 0.03503298759460449, "wallclock_time": 0.03634190559387207, "evaluations": 1, "cost": 0.4531, "incumbent": ["alpha='0.0004126639093412234'", "eta0='0.0017613324954003418'"], "origin": "Sobol"}
{"cpu_time": 0.19818401336669922, "wallclock_time": 0.20377182960510254, "evaluations": 7, "cost": 0.455, "incumbent": ["alpha='0.10693804138470717'", "eta0='1.4701197301483249e-05'"], "origin": "Sobol"}
{"cpu_time": 0.46572065353393555, "wallclock_time": 0.4796149730682373, "evaluations": 17, "cost": 0.4363, "incumbent": ["alpha='1.3751027885583958e-05'", "eta0='0.0001426968473177047'"], "origin": "Sobol"}
{"cpu_time": 1.7265629768371582, "wallclock_time": 4.195173740386963, "evaluations": 62, "cost": 0.4268, "incumbent": ["alpha='1.7687267854374482e-05'", "eta0='0.0001228259217014431'"], "origin": "Local Search"}
