"CPU Time Used","Estimated Training Performance","Wallclock Time","Incumbent ID","Automatic Configurator (CPU) Time","Configuration..."
0.000000, 2147483648.000000, 0.000562, 1, 0.000562, alpha='0.0004126639093412234',eta0='0.0017613324954003418'
0.035033, 0.453100, 0.036342, 1, 0.001309, alpha='0.0004126639093412234',eta0='0.0017613324954003418'
0.198184, 0.455000, 0.203772, 2, 0.005588, alpha='0.10693804138470717',eta0='1.4701197301483249e-05'
0.465721, 0.436300, 0.479615, 3, 0.013894, alpha='1.3751027885583958e-05',eta0='0.0001426968473177047'
1.726563, 0.426800, 4.195174, 4, 2.468611, alpha='1.7687267854374482e-05',eta0='0.0001228259217014431'
