{
  "mean_cost": 0.1876956548052911,
  "finished_ta_runs": 300,
  "inc_changed": 6,
  "n_configs": 146,
  "submitted_ta_runs": 300,
  "ta_time_used": 657.3868019580841,
  "wallclock_time_used": 701.5842328071594,
  "dataset_id": 14,
  "perf_time": 701.5891192089985
}