"CPU Time Used","Estimated Training Performance","Wallclock Time","Incumbent ID","Automatic Configurator (CPU) Time","Configuration..."
0.000000, 2147483648.000000, 0.001447, 1, 0.001447, colsample_bytree='0.3908073678612709',eta='0.02197006114591668',max_depth='1',reg_lambda='0.025956378731779545'
0.691060, 0.663100, 0.693495, 1, 0.002435, colsample_bytree='0.3908073678612709',eta='0.02197006114591668',max_depth='1',reg_lambda='0.025956378731779545'
15.846685, 0.468700, 15.851850, 2, 0.005165, colsample_bytree='0.7864414579235017',eta='0.06876373473778273',max_depth='5',reg_lambda='2.180661802430785'
49.984948, 0.375100, 49.991914, 3, 0.006966, colsample_bytree='1.0',eta='0.3',max_depth='10',reg_lambda='1.0'
431.930165, 0.371500, 436.384457, 4, 4.454292, colsample_bytree='1.0',eta='0.3007778592252773',max_depth='10',reg_lambda='1.0008256331061138'
763.278895, 0.364600, 774.834884, 5, 11.555989, colsample_bytree='1.0',eta='0.3007778592252773',max_depth='10',reg_lambda='11.680683317655634'
1556.013310, 0.361300, 1594.665944, 6, 38.652634, colsample_bytree='1.0',eta='0.3007778592252773',max_depth='10',reg_lambda='11.89698538107121'
3113.189924, 0.361300, 3212.148960, 7, 98.959035, colsample_bytree='1.0',eta='0.3007778592252773',max_depth='10',reg_lambda='11.897064249409087'
