{"cpu_time": 0.0, "wallclock_time": 0.0036079883575439453, "evaluations": 0, "cost": 2147483648.0, "incumbent": ["max_depth='6'", "max_features='0.3290755869820714'", "min_samples_leaf='11'", "min_samples_split='2'"], "origin": "Sobol"}
{"cpu_time": 0.09208917617797852, "wallclock_time": 0.09663915634155273, "evaluations": 1, "cost": 0.5, "incumbent": ["max_depth='6'", "max_features='0.3290755869820714'", "min_samples_leaf='11'", "min_samples_split='2'"], "origin": "Sobol"}
{"cpu_time": 1.218616247177124, "wallclock_time": 1.233450174331665, "evaluations": 13, "cost": 0.3417, "incumbent": ["max_depth='18'", "max_features='0.9707894120365381'", "min_samples_leaf='5'", "min_samples_split='26'"], "origin": "Sobol"}
{"cpu_time": 3.0732228755950928, "wallclock_time": 3.113420009613037, "evaluations": 34, "cost": 0.3384, "incumbent": ["max_depth='8'", "max_features='0.8408462973311543'", "min_samples_leaf='8'", "min_samples_split='5'"], "origin": "Sobol"}
{"cpu_time": 22.236347198486328, "wallclock_time": 45.10963702201843, "evaluations": 210, "cost": 0.3375, "incumbent": ["max_depth='50'", "max_features='0.8933432879109622'", "min_samples_leaf='2'", "min_samples_split='26'"], "origin": "Local Search"}
