"CPU Time Used","Estimated Training Performance","Wallclock Time","Incumbent ID","Automatic Configurator (CPU) Time","Configuration..."
0.000000, 2147483648.000000, 0.000041, 1, 0.000041, C='1.0',gamma='0.1'
0.017060, 0.500000, 0.017737, 1, 0.000677, C='1.0',gamma='0.1'
3.170497, 0.476000, 3.701359, 2, 0.530862, C='679.0325401248423',gamma='0.0030357544050474464'
3.290092, 0.453300, 3.853552, 3, 0.563459, C='31.98069251892415',gamma='0.006028621975505069'
6.627754, 0.451600, 8.770563, 4, 2.142809, C='125.60045029649977',gamma='0.005663761085093136'
