{"cpu_time": 0.0, "wallclock_time": 4.100799560546875e-05, "evaluations": 0, "cost": 2147483648.0, "incumbent": ["C='1.0'", "gamma='0.1'"], "origin": "Default"}
{"cpu_time": 0.017060041427612305, "wallclock_time": 0.01773691177368164, "evaluations": 1, "cost": 0.5, "incumbent": ["C='1.0'", "gamma='0.1'"], "origin": "Default"}
{"cpu_time": 3.170497179031372, "wallclock_time": 3.7013587951660156, "evaluations": 203, "cost": 0.476, "incumbent": ["C='679.0325401248423'", "gamma='0.0030357544050474464'"], "origin": "Random Search"}
{"cpu_time": 3.2900924682617188, "wallclock_time": 3.8535518646240234, "evaluations": 210, "cost": 0.4533, "incumbent": ["C='31.98069251892415'", "gamma='0.006028621975505069'"], "origin": "Random Search"}
{"cpu_time": 6.627753973007202, "wallclock_time": 8.770562648773193, "evaluations": 410, "cost": 0.4516, "incumbent": ["C='125.60045029649977'", "gamma='0.005663761085093136'"], "origin": "Random Search"}
