"CPU Time Used","Estimated Training Performance","Wallclock Time","Incumbent ID","Automatic Configurator (CPU) Time","Configuration..."
0.000000, 2147483648.000000, 0.000635, 1, 0.000635, alpha='0.0004126639093412234',eta0='0.0017613324954003418'
0.816631, 0.105300, 0.818159, 1, 0.001528, alpha='0.0004126639093412234',eta0='0.0017613324954003418'
14.963999, 0.103000, 14.985634, 2, 0.021635, alpha='0.00014331222076014103',eta0='0.0006285756509200554'
43.235384, 0.102300, 46.951125, 3, 3.715741, alpha='0.0001429236949556756',eta0='0.0003113545167683486'
126.598023, 0.102200, 157.761058, 4, 31.163034, alpha='0.00019602295279266574',eta0='0.000286410308304109'
135.062191, 0.102200, 167.900339, 5, 32.838148, alpha='0.00020315957137117274',eta0='0.00030584126580245573'
144.201581, 0.101900, 178.443456, 6, 34.241875, alpha='0.0002374350595176716',eta0='0.0002944880848125785'
