{"cpu_time": 0.0, "wallclock_time": 4.00543212890625e-05, "evaluations": 0, "cost": 2147483648.0, "incumbent": {"C": 1.0, "gamma": 0.1}, "budget": 0, "origin": "Default"}
{"cpu_time": 0.010303974151611328, "wallclock_time": 0.010908126831054688, "evaluations": 1, "cost": 0.0509, "incumbent": {"C": 1.0, "gamma": 0.1}, "budget": 0, "origin": "Default"}
{"cpu_time": 0.043389081954956055, "wallclock_time": 0.050933122634887695, "evaluations": 7, "cost": 0.0226, "incumbent": {"C": 1.746441318982685, "gamma": 0.0022547265063997683}, "budget": 0, "origin": "Random Search"}
{"cpu_time": 0.08857846260070801, "wallclock_time": 0.10261106491088867, "evaluations": 15, "cost": 0.0204, "incumbent": {"C": 0.04184311982697689, "gamma": 0.01162932604255631}, "budget": 0, "origin": "Random Search"}
{"cpu_time": 0.5119016170501709, "wallclock_time": 0.6537280082702637, "evaluations": 78, "cost": 0.0151, "incumbent": {"C": 0.09550051620284268, "gamma": 0.006805746147236979}, "budget": 0, "origin": "Random Search"}
