"CPU Time Used","Estimated Training Performance","Wallclock Time","Incumbent ID","Automatic Configurator (CPU) Time","Configuration..."
0.000000, 2147483648.000000, 0.000040, 1, 0.000040, C='1.0',gamma='0.1'
0.010304, 0.050900, 0.010908, 1, 0.000604, C='1.0',gamma='0.1'
0.043389, 0.022600, 0.050933, 2, 0.007544, C='1.746441318982685',gamma='0.0022547265063997683'
0.088578, 0.020400, 0.102611, 3, 0.014033, C='0.04184311982697689',gamma='0.01162932604255631'
0.511902, 0.015100, 0.653728, 4, 0.141826, C='0.09550051620284268',gamma='0.006805746147236979'
