"CPU Time Used","Estimated Training Performance","Wallclock Time","Incumbent ID","Automatic Configurator (CPU) Time","Configuration..."
0.000000, 2147483648.000000, 0.000039, 1, 0.000039, C='1.0',gamma='0.1'
1.449402, 0.800000, 1.450069, 1, 0.000667, C='1.0',gamma='0.1'
6.858365, 0.516800, 6.861761, 2, 0.003396, C='158.14868188690906',gamma='343.26441741125484'
32.410824, 0.498900, 32.425372, 3, 0.014548, C='435.8999575965578',gamma='618.3943764287972'
159.132233, 0.494700, 159.371216, 4, 0.238982, C='18.973725179286138',gamma='951.8716956629474'
558.754833, 0.489100, 561.124489, 5, 2.369656, C='124.63747731114641',gamma='973.0234982766283'
