{"cpu_time": 0.0, "wallclock_time": 4.601478576660156e-05, "evaluations": 0, "cost": 2147483648.0, "incumbent": {"alpha": 0.001, "eta0": 0.01}, "budget": 0, "origin": "Default"}
{"cpu_time": 0.2540879249572754, "wallclock_time": 0.2548329830169678, "evaluations": 1, "cost": 0.0453, "incumbent": {"alpha": 0.001, "eta0": 0.01}, "budget": 0, "origin": "Default"}
{"cpu_time": 7.058948755264282, "wallclock_time": 7.102531909942627, "evaluations": 30, "cost": 0.0349, "incumbent": {"alpha": 6.710472301897032e-05, "eta0": 0.015704169615611125}, "budget": 0, "origin": "Random Search"}
{"cpu_time": 12.475313425064087, "wallclock_time": 12.565802812576294, "evaluations": 54, "cost": 0.0345, "incumbent": {"alpha": 1.2909687744250807e-05, "eta0": 0.00294381217579643}, "budget": 0, "origin": "Random Search"}
{"cpu_time": 37.03024744987488, "wallclock_time": 37.51386594772339, "evaluations": 161, "cost": 0.0342, "incumbent": {"alpha": 3.1505120945266366e-05, "eta0": 0.0412181608527465}, "budget": 0, "origin": "Random Search"}
{"cpu_time": 69.62731075286865, "wallclock_time": 71.02113699913025, "evaluations": 304, "cost": 0.0338, "incumbent": {"alpha": 1.535711159639353e-05, "eta0": 0.13677096057692475}, "budget": 0, "origin": "Random Search"}
