"CPU Time Used","Estimated Training Performance","Wallclock Time","Incumbent ID","Automatic Configurator (CPU) Time","Configuration..."
0.000000, 2147483648.000000, 0.000046, 1, 0.000046, alpha='0.001',eta0='0.01'
0.254088, 0.045300, 0.254833, 1, 0.000745, alpha='0.001',eta0='0.01'
7.058949, 0.034900, 7.102532, 2, 0.043583, alpha='6.710472301897032e-05',eta0='0.015704169615611125'
12.475313, 0.034500, 12.565803, 3, 0.090489, alpha='1.2909687744250807e-05',eta0='0.00294381217579643'
37.030247, 0.034200, 37.513866, 4, 0.483618, alpha='3.1505120945266366e-05',eta0='0.0412181608527465'
69.627311, 0.033800, 71.021137, 5, 1.393826, alpha='1.535711159639353e-05',eta0='0.13677096057692475'
