"CPU Time Used","Estimated Training Performance","Wallclock Time","Incumbent ID","Automatic Configurator (CPU) Time","Configuration..."
0.000000, 2147483648.000000, 0.000580, 1, 0.000580, alpha='0.0040824718253228975',eta0='0.00044195488125554607'
4.262165, 0.114400, 4.263612, 1, 0.001447, alpha='0.0040824718253228975',eta0='0.00044195488125554607'
28.984029, 0.099200, 28.990609, 2, 0.006580, alpha='2.1186147948258377e-05',eta0='8.558614272324676e-05'
68.564581, 0.094500, 68.581040, 3, 0.016459, alpha='0.14798430619583566',eta0='3.173402502821644e-05'
132.153820, 0.083700, 132.193126, 4, 0.039306, alpha='0.0021527079620027524',eta0='1.2132210994601314e-05'
230.351354, 0.083500, 232.257440, 5, 1.906086, alpha='0.0021664578824385316',eta0='1.1644405677940038e-05'
