"CPU Time Used","Estimated Training Performance","Wallclock Time","Incumbent ID","Automatic Configurator (CPU) Time","Configuration..."
0.000000, 2147483648.000000, 0.001534, 1, 0.001534, colsample_bytree='0.3908073678612709',eta='0.02197006114591668',max_depth='1',reg_lambda='0.025956378731779545'
0.018664, 0.124000, 0.021172, 1, 0.002508, colsample_bytree='0.3908073678612709',eta='0.02197006114591668',max_depth='1',reg_lambda='0.025956378731779545'
0.114349, 0.001500, 0.119356, 2, 0.005007, colsample_bytree='0.7864414579235017',eta='0.06876373473778273',max_depth='5',reg_lambda='2.180661802430785'
0.994809, 0.000000, 1.035222, 3, 0.040413, colsample_bytree='0.9384917790070176',eta='0.0010440472213029146',max_depth='7',reg_lambda='0.013769361653309416'
