{"cpu_time": 0.0, "wallclock_time": 0.0015337467193603516, "evaluations": 0, "cost": 2147483648.0, "incumbent": ["colsample_bytree='0.3908073678612709'", "eta='0.02197006114591668'", "max_depth='1'", "reg_lambda='0.025956378731779545'"], "origin": "Sobol"}
{"cpu_time": 0.018663883209228516, "wallclock_time": 0.02117180824279785, "evaluations": 1, "cost": 0.124, "incumbent": ["colsample_bytree='0.3908073678612709'", "eta='0.02197006114591668'", "max_depth='1'", "reg_lambda='0.025956378731779545'"], "origin": "Sobol"}
{"cpu_time": 0.1143486499786377, "wallclock_time": 0.11935591697692871, "evaluations": 4, "cost": 0.0015, "incumbent": ["colsample_bytree='0.7864414579235017'", "eta='0.06876373473778273'", "max_depth='5'", "reg_lambda='2.180661802430785'"], "origin": "Sobol"}
{"cpu_time": 0.9948089122772217, "wallclock_time": 1.035221815109253, "evaluations": 36, "cost": 0.0, "incumbent": ["colsample_bytree='0.9384917790070176'", "eta='0.0010440472213029146'", "max_depth='7'", "reg_lambda='0.013769361653309416'"], "origin": "Sobol"}
