{
  "mean_cost": 0.3017206298655344,
  "finished_ta_runs": 157,
  "inc_changed": 4,
  "n_configs": 124,
  "submitted_ta_runs": 157,
  "ta_time_used": 9.792469024658203,
  "wallclock_time_used": 60.873745918273926,
  "dataset_id": 3913
}