"CPU Time Used","Estimated Training Performance","Wallclock Time","Incumbent ID","Automatic Configurator (CPU) Time","Configuration..."
0.000000, 2147483648.000000, 0.000577, 1, 0.000577, alpha='0.0004126639093412234',eta0='0.0017613324954003418'
1.760984, 0.424200, 1.762568, 1, 0.001584, alpha='0.0004126639093412234',eta0='0.0017613324954003418'
12.100342, 0.419900, 12.108938, 2, 0.008596, alpha='0.10693804138470717',eta0='1.4701197301483249e-05'
71.831602, 0.416800, 71.900234, 3, 0.068632, alpha='0.018945593349589073',eta0='5.647121368167538e-05'
114.173082, 0.416600, 115.695994, 4, 1.522913, alpha='0.0018457252433890243',eta0='1.2823676224821543e-05'
173.431204, 0.414700, 181.103561, 5, 7.672358, alpha='0.00010037630053390481',eta0='0.004978115907024059'
246.312941, 0.411100, 264.593182, 6, 18.280241, alpha='4.812022624254796e-05',eta0='0.00015272005407903751'
