"CPU Time Used","Estimated Training Performance","Wallclock Time","Incumbent ID","Automatic Configurator (CPU) Time","Configuration..."
0.000000, 2147483648.000000, 0.000551, 1, 0.000551, C='1.3600811985592882',gamma='0.09352602871548096'
0.011994, 0.460600, 0.013304, 1, 0.001310, C='1.3600811985592882',gamma='0.09352602871548096'
0.127508, 0.425800, 0.137499, 2, 0.009991, C='102.59827344587585',gamma='0.0039228031036218506'
0.302191, 0.373200, 0.332872, 3, 0.030681, C='4.729862452035014',gamma='0.0020153549174183696'
0.513588, 0.365200, 1.825929, 4, 1.312341, C='8.88394300579675',gamma='0.001091643682300049'
