"CPU Time Used","Estimated Training Performance","Wallclock Time","Incumbent ID","Automatic Configurator (CPU) Time","Configuration..."
0.000000, 2147483648.000000, 0.000533, 1, 0.000533, C='0.08611366210550205',gamma='0.4942679928374453'
2.598518, 0.900000, 2.599790, 1, 0.001272, C='0.08611366210550205',gamma='0.4942679928374453'
10.571324, 0.899200, 10.575241, 2, 0.003917, C='19.433598606658386',gamma='9.232350409327609'
16.742820, 0.897300, 16.748617, 3, 0.005797, C='1.0',gamma='0.1'
25.132198, 0.040600, 25.143145, 4, 0.010947, C='69.38389384208695',gamma='0.0015531477828170245'
78.830885, 0.016200, 79.169865, 5, 0.338980, C='8.687826905721948',gamma='0.0010386563873113089'
103.200623, 0.015800, 104.622715, 6, 1.422092, C='2.162504509425091',gamma='0.001018301846871821'
