"CPU Time Used","Estimated Training Performance","Wallclock Time","Incumbent ID","Automatic Configurator (CPU) Time","Configuration..."
0.000000, 2147483648.000000, 0.000036, 1, 0.000036, alpha='0.001',eta0='0.01'
0.072089, 0.474300, 0.072715, 1, 0.000626, alpha='0.001',eta0='0.01'
12.807835, 0.476800, 13.343434, 2, 0.535599, alpha='9.586747635425087e-05',eta0='0.07876339630852833'
31.673296, 0.476200, 34.380166, 3, 2.706870, alpha='0.00997660306709504',eta0='0.0006929578401476733'
