{
  "mean_cost": 0.1450106837606838,
  "finished_ta_runs": 300,
  "inc_changed": 1,
  "n_configs": 94,
  "submitted_ta_runs": 300,
  "ta_time_used": 8.754487037658691,
  "wallclock_time_used": 34.903321981430054,
  "dataset_id": 146819,
  "perf_time": 34.91562754199549
}