{
  "mean_cost": 0.5,
  "finished_ta_runs": 2,
  "inc_changed": 1,
  "n_configs": 1,
  "submitted_ta_runs": 2,
  "ta_time_used": 1.9550340175628662,
  "wallclock_time_used": 1.9575529098510742,
  "dataset_id": 9976,
  "perf_time": 1.965627417000178
}