{
  "mean_cost": 0.3900373098583404,
  "finished_ta_runs": 1,
  "inc_changed": 1,
  "n_configs": 1,
  "submitted_ta_runs": 1,
  "ta_time_used": 0.42764711380004883,
  "wallclock_time_used": 0.42914295196533203,
  "dataset_id": 3021,
  "perf_time": 0.43669795899995734
}