"CPU Time Used","Estimated Training Performance","Wallclock Time","Incumbent ID","Automatic Configurator (CPU) Time","Configuration..."
0.000000, 2147483648.000000, 0.000558, 1, 0.000558, C='1.3600811985592882',gamma='0.09352602871548096'
0.058634, 0.474600, 0.059957, 1, 0.001323, C='1.3600811985592882',gamma='0.09352602871548096'
0.643562, 0.470900, 0.655171, 2, 0.011609, C='102.59827344587585',gamma='0.0039228031036218506'
2.377122, 0.468300, 3.919352, 3, 1.542230, C='948.4165048152818',gamma='0.006098634715700771'
2.697668, 0.468300, 4.650612, 4, 1.952944, C='956.0367953296666',gamma='0.028721607674368255'
2.931116, 0.467000, 4.892650, 5, 1.961534, C='952.3610671180774',gamma='0.04097889468008685'
6.936406, 0.465800, 15.789886, 6, 8.853480, C='418.60175568596355',gamma='0.008152228295322294'
