{"cpu_time": 0.0, "wallclock_time": 0.0006060600280761719, "evaluations": 0, "cost": 2147483648.0, "incumbent": {"C": 1.3600811985592882, "gamma": 0.09352602871548096}, "budget": 0, "origin": "Sobol"}
{"cpu_time": 0.007834911346435547, "wallclock_time": 0.00919795036315918, "evaluations": 1, "cost": 0.4287, "incumbent": {"C": 1.3600811985592882, "gamma": 0.09352602871548096}, "budget": 0, "origin": "Sobol"}
{"cpu_time": 0.10564589500427246, "wallclock_time": 0.11711907386779785, "evaluations": 13, "cost": 0.4188, "incumbent": {"C": 102.59827344587585, "gamma": 0.0039228031036218506}, "budget": 0, "origin": "Sobol"}
{"cpu_time": 0.185774564743042, "wallclock_time": 0.20966577529907227, "evaluations": 25, "cost": 0.415, "incumbent": {"C": 15.199688790550503, "gamma": 0.014931473822877205}, "budget": 0, "origin": "Sobol"}
{"cpu_time": 0.40320253372192383, "wallclock_time": 2.725739002227783, "evaluations": 52, "cost": 0.4062, "incumbent": {"C": 60.178628619400875, "gamma": 0.008913250679142639}, "budget": 0, "origin": "Random Search"}
{"cpu_time": 0.4721827507019043, "wallclock_time": 3.291461944580078, "evaluations": 58, "cost": 0.3856, "incumbent": {"C": 38.262331424098775, "gamma": 0.008874739399188782}, "budget": 0, "origin": "Local Search"}
{"cpu_time": 0.6909873485565186, "wallclock_time": 5.976738929748535, "evaluations": 80, "cost": 0.3842, "incumbent": {"C": 34.53093045587289, "gamma": 0.008826727297556623}, "budget": 0, "origin": "Local Search"}
