"CPU Time Used","Estimated Training Performance","Wallclock Time","Incumbent ID","Automatic Configurator (CPU) Time","Configuration..."
0.000000, 2147483648.000000, 0.000606, 1, 0.000606, C='1.3600811985592882',gamma='0.09352602871548096'
0.007835, 0.428700, 0.009198, 1, 0.001363, C='1.3600811985592882',gamma='0.09352602871548096'
0.105646, 0.418800, 0.117119, 2, 0.011473, C='102.59827344587585',gamma='0.0039228031036218506'
0.185775, 0.415000, 0.209666, 3, 0.023891, C='15.199688790550503',gamma='0.014931473822877205'
0.403203, 0.406200, 2.725739, 4, 2.322536, C='60.178628619400875',gamma='0.008913250679142639'
0.472183, 0.385600, 3.291462, 5, 2.819279, C='38.262331424098775',gamma='0.008874739399188782'
0.690987, 0.384200, 5.976739, 6, 5.285752, C='34.53093045587289',gamma='0.008826727297556623'
