"CPU Time Used","Estimated Training Performance","Wallclock Time","Incumbent ID","Automatic Configurator (CPU) Time","Configuration..."
0.000000, 2147483648.000000, 0.000562, 1, 0.000562, C='0.017961675793542162',gamma='0.9046232030638993'
0.017722, 0.833300, 0.019046, 1, 0.001324, C='0.017961675793542162',gamma='0.9046232030638993'
0.053454, 0.792800, 0.056905, 2, 0.003451, C='61.71933670840937',gamma='1.0864412265106145'
0.075746, 0.764600, 0.080661, 3, 0.004915, C='1.0',gamma='0.1'
0.425129, 0.730200, 0.441137, 4, 0.016008, C='198.6613474689375',gamma='0.09318781769031856'
1.084957, 0.728300, 2.514866, 5, 1.429910, C='198.37184302006946',gamma='0.08114637875649273'
1.330053, 0.721400, 2.772212, 6, 1.442159, C='198.37184302006946',gamma='0.07809521625343797'
