{
  "mean_cost": 0.37169311032830243,
  "finished_ta_runs": 2,
  "inc_changed": 1,
  "n_configs": 1,
  "submitted_ta_runs": 2,
  "ta_time_used": 0.5043759346008301,
  "wallclock_time_used": 0.5064027309417725,
  "dataset_id": 3903,
  "perf_time": 0.5119357499997932
}