{"cpu_time": 0.0, "wallclock_time": 0.0002129077911376953, "evaluations": 0, "cost": 2147483648.0, "incumbent": {"alpha": 0.0004126639093412234, "eta0": 0.0017613324954003418}, "budget": 0, "origin": "Sobol"}
{"cpu_time": 0.16594886779785156, "wallclock_time": 0.1667771339416504, "evaluations": 1, "cost": 0.7695, "incumbent": {"alpha": 0.0004126639093412234, "eta0": 0.0017613324954003418}, "budget": 0, "origin": "Sobol"}
