"CPU Time Used","Estimated Training Performance","Wallclock Time","Incumbent ID","Automatic Configurator (CPU) Time","Configuration..."
0.000000, 2147483648.000000, 0.000213, 1, 0.000213, alpha='0.0004126639093412234',eta0='0.0017613324954003418'
0.165949, 0.769500, 0.166777, 1, 0.000828, alpha='0.0004126639093412234',eta0='0.0017613324954003418'
