{
  "mean_cost": 0.07073947893627368,
  "finished_ta_runs": 300,
  "inc_changed": 11,
  "n_configs": 184,
  "submitted_ta_runs": 300,
  "ta_time_used": 163.60654640197754,
  "wallclock_time_used": 326.9244809150696,
  "dataset_id": 146822,
  "perf_time": 326.93655237500207
}