"CPU Time Used","Estimated Training Performance","Wallclock Time","Incumbent ID","Automatic Configurator (CPU) Time","Configuration..."
0.000000, 2147483648.000000, 0.000616, 1, 0.000616, alpha='0.00011227070295712931',eta0='0.0029096933833365197'
2.528817, 0.047500, 2.532904, 1, 0.004087, alpha='0.00011227070295712931',eta0='0.0029096933833365197'
42.325261, 0.040400, 42.355934, 2, 0.030673, alpha='1.715136253541309e-05',eta0='0.0001288871339815063'
54.628795, 0.038000, 54.667304, 3, 0.038509, alpha='0.001',eta0='0.01'
143.600899, 0.037600, 146.242791, 4, 2.641892, alpha='0.0010865171830303521',eta0='0.009015848530394258'
320.981917, 0.036700, 330.618744, 5, 9.636827, alpha='0.0030613218324289657',eta0='0.0009577117251829323'
451.497094, 0.036500, 469.704178, 6, 18.207084, alpha='0.00331092160557926',eta0='0.001242036100314747'
