{"cpu_time": 0.0, "wallclock_time": 0.0014319419860839844, "evaluations": 0, "cost": 2147483648.0, "incumbent": {"colsample_bytree": 0.569966175314039, "eta": 0.009556882986489993, "max_depth": 3, "reg_lambda": 0.0020776820882921045}, "budget": 0, "origin": "Sobol"}
{"cpu_time": 0.048970937728881836, "wallclock_time": 0.051323890686035156, "evaluations": 1, "cost": 0.4233, "incumbent": {"colsample_bytree": 0.569966175314039, "eta": 0.009556882986489993, "max_depth": 3, "reg_lambda": 0.0020776820882921045}, "budget": 0, "origin": "Sobol"}
{"cpu_time": 0.2899177074432373, "wallclock_time": 0.29964303970336914, "evaluations": 10, "cost": 0.3235, "incumbent": {"colsample_bytree": 0.7997161545790732, "eta": 0.8167090504942917, "max_depth": 1, "reg_lambda": 7.369638786139326}, "budget": 0, "origin": "Sobol"}
{"cpu_time": 0.8724310398101807, "wallclock_time": 0.893286943435669, "evaluations": 21, "cost": 0.3215, "incumbent": {"colsample_bytree": 0.5071276918053628, "eta": 0.18054041228993647, "max_depth": 4, "reg_lambda": 0.7014077911957106}, "budget": 0, "origin": "Sobol"}
{"cpu_time": 1.429887294769287, "wallclock_time": 1.475027084350586, "evaluations": 38, "cost": 0.3037, "incumbent": {"colsample_bytree": 0.6345239883288741, "eta": 0.33181775125056084, "max_depth": 2, "reg_lambda": 0.043291333432912055}, "budget": 0, "origin": "Sobol"}
{"cpu_time": 3.5739035606384277, "wallclock_time": 16.57985496520996, "evaluations": 110, "cost": 0.2932, "incumbent": {"colsample_bytree": 0.7752795614951512, "eta": 0.7671129369492906, "max_depth": 2, "reg_lambda": 14.757911961015283}, "budget": 0, "origin": "Local Search"}
{"cpu_time": 4.892031908035278, "wallclock_time": 31.74320912361145, "evaluations": 150, "cost": 0.2932, "incumbent": {"colsample_bytree": 0.7755690793680736, "eta": 0.35549380741108716, "max_depth": 2, "reg_lambda": 12.12538807945336}, "budget": 0, "origin": "Local Search"}
{"cpu_time": 5.994596004486084, "wallclock_time": 42.79919505119324, "evaluations": 186, "cost": 0.2923, "incumbent": {"colsample_bytree": 0.7679068306028821, "eta": 0.3766990374761747, "max_depth": 2, "reg_lambda": 12.102001569762264}, "budget": 0, "origin": "Local Search"}
{"cpu_time": 8.043225526809692, "wallclock_time": 63.449981927871704, "evaluations": 245, "cost": 0.2911, "incumbent": {"colsample_bytree": 0.6834115630237658, "eta": 0.357108291803267, "max_depth": 2, "reg_lambda": 12.000400087383062}, "budget": 0, "origin": "Local Search"}
