"CPU Time Used","Estimated Training Performance","Wallclock Time","Incumbent ID","Automatic Configurator (CPU) Time","Configuration..."
0.000000, 2147483648.000000, 0.001432, 1, 0.001432, colsample_bytree='0.569966175314039',eta='0.009556882986489993',max_depth='3',reg_lambda='0.0020776820882921045'
0.048971, 0.423300, 0.051324, 1, 0.002353, colsample_bytree='0.569966175314039',eta='0.009556882986489993',max_depth='3',reg_lambda='0.0020776820882921045'
0.289918, 0.323500, 0.299643, 2, 0.009725, colsample_bytree='0.7997161545790732',eta='0.8167090504942917',max_depth='1',reg_lambda='7.369638786139326'
0.872431, 0.321500, 0.893287, 3, 0.020856, colsample_bytree='0.5071276918053628',eta='0.18054041228993647',max_depth='4',reg_lambda='0.7014077911957106'
1.429887, 0.303700, 1.475027, 4, 0.045140, colsample_bytree='0.6345239883288741',eta='0.33181775125056084',max_depth='2',reg_lambda='0.043291333432912055'
3.573904, 0.293200, 16.579855, 5, 13.005951, colsample_bytree='0.7752795614951512',eta='0.7671129369492906',max_depth='2',reg_lambda='14.757911961015283'
4.892032, 0.293200, 31.743209, 6, 26.851177, colsample_bytree='0.7755690793680736',eta='0.35549380741108716',max_depth='2',reg_lambda='12.12538807945336'
5.994596, 0.292300, 42.799195, 7, 36.804599, colsample_bytree='0.7679068306028821',eta='0.3766990374761747',max_depth='2',reg_lambda='12.102001569762264'
8.043226, 0.291100, 63.449982, 8, 55.406756, colsample_bytree='0.6834115630237658',eta='0.357108291803267',max_depth='2',reg_lambda='12.000400087383062'
